{
"type": "FeatureCollection",
"name": "pelham_bay",
"crs": { "type": "name", "properties": { "name": "urn:ogc:def:crs:OGC:1.3:CRS84" } },
"features": [
{ "type": "Feature", "properties": { "name": "Pelham Bay Park", "site_id": "pelham_bay", "area_acres": 778.0, "source": "NYC Parks Properties (enfh-gkve)" }, "geometry": { "type": "MultiPolygon", "coordinates": [ [ [ [ -73.824341436201237, 40.854735683686961 ], [ -73.824269798407514, 40.85476005538483 ], [ -73.824244111988449, 40.854722594478922 ], [ -73.824423112580746, 40.854658978877566 ], [ -73.824634348655209, 40.854557582301808 ], [ -73.824816588325703, 40.854446300726345 ], [ -73.824957771164719, 40.854359541829197 ], [ -73.82503091347003, 40.854300377844076 ], [ -73.825130642649299, 40.854458152210825 ], [ -73.825064321634315, 40.854483616654548 ], [ -73.82465878565668, 40.854627717403396 ], [ -73.824341436201237, 40.854735683686961 ] ] ], [ [ [ -73.826917782244578, 40.855438367149056 ], [ -73.826847943676569, 40.855466423457003 ], [ -73.826782990828505, 40.855500584293424 ], [ -73.826782452921563, 40.855499925225715 ], [ -73.826760355121607, 40.855514695242867 ], [ -73.826720816184675, 40.855542673600546 ], [ -73.826684408026551, 40.855573001530523 ], [ -73.826686506554751, 40.85557507851744 ], [ -73.826641718495765, 40.855623484740285 ], [ -73.8266044474247, 40.855675431273738 ], [ -73.82657517185902, 40.855730251579288 ], [ -73.826516750066247, 40.855728867935298 ], [ -73.826540332633073, 40.855208955375169 ], [ -73.826539782408474, 40.855208928433591 ], [ -73.826568860487797, 40.854559812383584 ], [ -73.826559296458385, 40.85429571950263 ], [ -73.82655632123857, 40.854157778446378 ], [ -73.826574891823284, 40.853943242341266 ], [ -73.826593840951304, 40.85374631503155 ], [ -73.826639531955749, 40.85353437706231 ], [ -73.826666343051983, 40.853460532807098 ], [ -73.827149697818129, 40.853389385182901 ], [ -73.828128885311457, 40.855109901384822 ], [ -73.828127965541029, 40.855109230048072 ], [ -73.828186101686072, 40.855210432956738 ], [ -73.828431472653108, 40.855637564950506 ], [ -73.828515870638626, 40.855784481514235 ], [ -73.828516617996556, 40.855785790140168 ], [ -73.82874099856059, 40.856178880426853 ], [ -73.82874135984207, 40.856179514909805 ], [ -73.82874311549061, 40.85618259449857 ], [ -73.827540520075729, 40.856325234866674 ], [ -73.827562214562761, 40.856315561786893 ], [ -73.827625110927841, 40.856279249769017 ], [ -73.827681878971006, 40.856237521106493 ], [ -73.827731710682315, 40.856190966225277 ], [ -73.827773903439535, 40.85614024234534 ], [ -73.827807857635818, 40.856086073476426 ], [ -73.827833090983347, 40.856029222523567 ], [ -73.827849247981334, 40.855970498504689 ], [ -73.827856099977467, 40.855910732236879 ], [ -73.82785354636404, 40.855850771835563 ], [ -73.827841627666402, 40.855791465624414 ], [ -73.827820508951092, 40.85573365670799 ], [ -73.82779049174016, 40.855678161377412 ], [ -73.827752000963812, 40.855625769091702 ], [ -73.827705583828944, 40.855577220864575 ], [ -73.827651894405093, 40.855533207440928 ], [ -73.827591698423987, 40.855494347692847 ], [ -73.82752584479465, 40.855461196682406 ], [ -73.827455270408308, 40.855434222256335 ], [ -73.827380974040679, 40.855413807709311 ], [ -73.827304009260317, 40.855400242769051 ], [ -73.827225464282392, 40.855393718163313 ], [ -73.827146457224288, 40.855394326514016 ], [ -73.82706810527381, 40.855402061390379 ], [ -73.826991518775444, 40.855416811897285 ], [ -73.826917782244578, 40.855438367149056 ] ] ], [ [ [ -73.825667281847061, 40.854926059862088 ], [ -73.825715988943813, 40.855014661788928 ], [ -73.825755994088468, 40.8551057404133 ], [ -73.825787080318136, 40.855198803747655 ], [ -73.825766653563051, 40.855395525136039 ], [ -73.825763725675372, 40.855527603167772 ], [ -73.825752032724466, 40.855735056295302 ], [ -73.825753585775928, 40.855863848885903 ], [ -73.82575564244668, 40.856034455703593 ], [ -73.825772453096505, 40.856307776959625 ], [ -73.825793872391742, 40.856502428234933 ], [ -73.825528173666498, 40.856529850147695 ], [ -73.825475178151905, 40.856535319726859 ], [ -73.825414561261837, 40.856539473835809 ], [ -73.825353704358292, 40.856540179564028 ], [ -73.825285722521798, 40.856533892052212 ], [ -73.825219061280265, 40.856521975721691 ], [ -73.825154525568905, 40.85650457407241 ], [ -73.825102650018508, 40.856481482457816 ], [ -73.825055658427516, 40.856452993469979 ], [ -73.825014519409251, 40.85641969300351 ], [ -73.8249800779667, 40.856382265820301 ], [ -73.824953043666042, 40.856341482923945 ], [ -73.824933971711047, 40.856298182620037 ], [ -73.824910348038088, 40.85619356627376 ], [ -73.824890874347759, 40.856088458247186 ], [ -73.824825092683412, 40.855761694808301 ], [ -73.824765537522381, 40.855434243788515 ], [ -73.824712221639999, 40.855106173654384 ], [ -73.824711297701597, 40.855056696481142 ], [ -73.824718589404412, 40.855007525350615 ], [ -73.824733980815125, 40.854959442613257 ], [ -73.824757225585529, 40.854913215111523 ], [ -73.824787954107919, 40.854869579782886 ], [ -73.824825677109388, 40.854829230158458 ], [ -73.824869792785236, 40.854792810070634 ], [ -73.824919599883103, 40.854760899265834 ], [ -73.824974303651743, 40.85473400620986 ], [ -73.825033033654023, 40.854712559110801 ], [ -73.825091183387386, 40.854698438411468 ], [ -73.825151218048077, 40.854690013454643 ], [ -73.82521217428183, 40.854687421453775 ], [ -73.82527307238523, 40.854690703246732 ], [ -73.8253329352751, 40.854699805125733 ], [ -73.82539080152371, 40.85471458245884 ], [ -73.82544574196541, 40.854734797914105 ], [ -73.825494289253498, 40.854757577281092 ], [ -73.825538953375499, 40.854784549752949 ], [ -73.825579110316937, 40.854815337984647 ], [ -73.825614199055195, 40.85484951159782 ], [ -73.825643727477896, 40.854886591691759 ], [ -73.825667281847061, 40.854926059862088 ] ] ], [ [ [ -73.825090858715171, 40.854612193226949 ], [ -73.825021907358561, 40.854625819382242 ], [ -73.824955703706166, 40.854645815248652 ], [ -73.824893264927468, 40.854671873505659 ], [ -73.824835549142435, 40.854703593994309 ], [ -73.824783443544021, 40.854740490902557 ], [ -73.824737746597066, 40.854781997239883 ], [ -73.824703839367857, 40.854810449020619 ], [ -73.824675091213052, 40.8548420054261 ], [ -73.824651988610114, 40.854876131406407 ], [ -73.824634923278253, 40.854912247643021 ], [ -73.824616312232337, 40.854961097195407 ], [ -73.824603632929851, 40.855011030050484 ], [ -73.824596989657934, 40.855061631241604 ], [ -73.824596439275268, 40.855112482127126 ], [ -73.824613018543985, 40.855245878401256 ], [ -73.824651031736963, 40.855619202984848 ], [ -73.824654774419102, 40.855643157273846 ], [ -73.824667128422021, 40.855653669489691 ], [ -73.824784891754419, 40.856320164251571 ], [ -73.824819769212596, 40.856517552035193 ], [ -73.824831488958807, 40.856583877591277 ], [ -73.824815401183969, 40.856585984629575 ], [ -73.824828744433404, 40.856644710693253 ], [ -73.824750484916251, 40.85665496191374 ], [ -73.824462542886963, 40.856692678032552 ], [ -73.82438808981027, 40.856703129305117 ], [ -73.824273014539258, 40.856716365119873 ], [ -73.82343800622796, 40.856812401974587 ], [ -73.822889782817512, 40.856901582109479 ], [ -73.822099924294761, 40.857055156116303 ], [ -73.822004573033354, 40.85706953849305 ], [ -73.8219080273565, 40.857078184611538 ], [ -73.821810885181932, 40.85708104136269 ], [ -73.821713747892062, 40.857078090763956 ], [ -73.821631203171933, 40.85706944721948 ], [ -73.821549532358873, 40.857056902233417 ], [ -73.821523006828301, 40.857053494260953 ], [ -73.821456066191402, 40.85703746907933 ], [ -73.821451584757199, 40.857036395960932 ], [ -73.821424689039134, 40.857029957235845 ], [ -73.821414420218716, 40.857026985024376 ], [ -73.821345799868567, 40.85700712468266 ], [ -73.821315326437897, 40.856998305793276 ], [ -73.821183881340929, 40.856950424665932 ], [ -73.821104180200081, 40.856908090524101 ], [ -73.821050501029092, 40.856861487835118 ], [ -73.821941189875531, 40.856092357697158 ], [ -73.822773651850881, 40.855468108697899 ], [ -73.822896692171327, 40.855405191117455 ], [ -73.823623207926289, 40.855060878718362 ], [ -73.823919640730807, 40.854962748288585 ], [ -73.824044365506523, 40.854917754559175 ], [ -73.824224951764847, 40.854852608145627 ], [ -73.824343251263272, 40.854812274258379 ], [ -73.824770291247034, 40.854667965952586 ], [ -73.824943769591542, 40.854611454148227 ], [ -73.825169034642173, 40.854539864380023 ], [ -73.825194604185796, 40.854572328969589 ], [ -73.82521519103291, 40.854606775192984 ], [ -73.82516150054326, 40.854605146791364 ], [ -73.825090858715171, 40.854612193226949 ] ] ], [ [ [ -73.826829661453061, 40.855584958470025 ], [ -73.826885488828225, 40.855551465587965 ], [ -73.826946589336416, 40.855523784263134 ], [ -73.827011924012467, 40.855502390190516 ], [ -73.827080374731423, 40.85548764548605 ], [ -73.827150772651621, 40.855479805933882 ], [ -73.827221914866342, 40.855479002101376 ], [ -73.827292590469952, 40.85548524838326 ], [ -73.827361587683555, 40.855498438509933 ], [ -73.827427730613962, 40.855518347403198 ], [ -73.827489891097642, 40.85554463659679 ], [ -73.827547005305618, 40.855576853360006 ], [ -73.827598099784694, 40.855614449646609 ], [ -73.827642300938024, 40.855656784809696 ], [ -73.827678852791294, 40.855703134632385 ], [ -73.827707133557325, 40.85575270666039 ], [ -73.827726660338769, 40.855804656417192 ], [ -73.827737098596472, 40.855858095522073 ], [ -73.827738269213413, 40.855912112411659 ], [ -73.827730155584121, 40.855965783156158 ], [ -73.827712891703456, 40.856018192152895 ], [ -73.827686775181505, 40.856068444752822 ], [ -73.827652250601815, 40.856115682544363 ], [ -73.827609909480671, 40.856159099562753 ], [ -73.8275604724505, 40.856197953069689 ], [ -73.82750478447187, 40.856231580656726 ], [ -73.827443797025097, 40.856259407422677 ], [ -73.827345454768519, 40.85629154654886 ], [ -73.82725341153234, 40.856315362766509 ], [ -73.827174676084709, 40.856333343844824 ], [ -73.827067536110306, 40.856349411973653 ], [ -73.826641641178583, 40.856398916721417 ], [ -73.82660142433582, 40.856057101384721 ], [ -73.826605952619488, 40.855990169180501 ], [ -73.826624474489222, 40.855879990240773 ], [ -73.826675582035904, 40.855764098003753 ], [ -73.82667649577364, 40.855764351514402 ], [ -73.826702821508562, 40.855714162488262 ], [ -73.826737540839659, 40.855667008114608 ], [ -73.826780063409728, 40.855623692539858 ], [ -73.826829661453061, 40.855584958470025 ] ] ], [ [ [ -73.826150830777877, 40.856463462976073 ], [ -73.826130081973218, 40.856232876824848 ], [ -73.826125456425487, 40.85608912423892 ], [ -73.826150830777877, 40.856463462976073 ] ] ], [ [ [ -73.824927790348553, 40.856483337004249 ], [ -73.824968064852726, 40.856515703279491 ], [ -73.825012726169291, 40.856544560671693 ], [ -73.825061247422212, 40.856569567990704 ], [ -73.825113056541412, 40.856590430804047 ], [ -73.825167541004078, 40.856606902344652 ], [ -73.825102528789927, 40.856613725892501 ], [ -73.824962884305762, 40.85662929884468 ], [ -73.82494906375419, 40.856568476626435 ], [ -73.824937215040762, 40.856570029106734 ], [ -73.824918289798219, 40.856487644950789 ], [ -73.824927790348553, 40.856483337004249 ] ] ], [ [ [ -73.827651079392908, 40.856709078278804 ], [ -73.827594438136472, 40.856683889724309 ], [ -73.827530240553301, 40.856657911820541 ], [ -73.827463009600478, 40.856636815416174 ], [ -73.827393388748106, 40.856620800477465 ], [ -73.827450947297152, 40.856605513370525 ], [ -73.82750928271841, 40.856592030182163 ], [ -73.827509390705131, 40.856592006930839 ], [ -73.827536723771601, 40.85658636478572 ], [ -73.827536824632958, 40.856586345125649 ], [ -73.827616085854046, 40.856572873351709 ], [ -73.827696356502486, 40.856563456147057 ], [ -73.827777277127481, 40.85655813439574 ], [ -73.827838383874536, 40.856849438524378 ], [ -73.827831869518008, 40.856851577377931 ], [ -73.827794690100021, 40.856810503562585 ], [ -73.827751810428964, 40.856772768354681 ], [ -73.827703747622678, 40.856738823666902 ], [ -73.827651079392908, 40.856709078278804 ] ] ], [ [ [ -73.828968092386617, 40.856577275466876 ], [ -73.828887979324932, 40.856624156072769 ], [ -73.828578543624701, 40.856838961214599 ], [ -73.828079048518561, 40.857202880435331 ], [ -73.827878790928565, 40.857354579540797 ], [ -73.827858899567048, 40.857331001090522 ], [ -73.827895367612783, 40.857286402787011 ], [ -73.827924569494201, 40.857238819308606 ], [ -73.827946084799962, 40.85718893080589 ], [ -73.827959609267779, 40.857137450019295 ], [ -73.82796494887873, 40.857085112364473 ], [ -73.827956259952742, 40.856997155528227 ], [ -73.827941650499099, 40.856909651813154 ], [ -73.827867651496604, 40.856538561092655 ], [ -73.828881577209032, 40.856425500662283 ], [ -73.828955166324235, 40.856554599916052 ], [ -73.828956120313791, 40.856556272644255 ], [ -73.828958010579498, 40.856559588358074 ], [ -73.828968092386617, 40.856577275466876 ] ] ], [ [ [ -73.823026408978151, 40.85696883973192 ], [ -73.823142854263466, 40.856950892281958 ], [ -73.823221404152164, 40.856939603428209 ], [ -73.82333784933607, 40.856921654880914 ], [ -73.82346515985698, 40.856903571559329 ], [ -73.823676540841106, 40.856878255088368 ], [ -73.823896026649408, 40.856850775912591 ], [ -73.824083006016821, 40.856827826662965 ], [ -73.824310772731948, 40.856806432245648 ], [ -73.824408431468711, 40.856794599869055 ], [ -73.824499069129914, 40.856783617600392 ], [ -73.82463533818499, 40.856768228281709 ], [ -73.825025107215595, 40.856723850383169 ], [ -73.825810947066998, 40.856637910588674 ], [ -73.825817152042106, 40.856676935591508 ], [ -73.824390522531402, 40.856850826371812 ], [ -73.824390529934689, 40.856851166769182 ], [ -73.824311927394987, 40.856860053824711 ], [ -73.824116888574594, 40.856887229776682 ], [ -73.823691898472845, 40.856960581764035 ], [ -73.823461947031561, 40.85700675767054 ], [ -73.823121114936612, 40.857076999931536 ], [ -73.822834518318118, 40.857142442913521 ], [ -73.822466739141419, 40.857235577399699 ], [ -73.822466967274707, 40.85723364349311 ], [ -73.822005054296341, 40.857359019626912 ], [ -73.821872576095259, 40.857389542666404 ], [ -73.821810100457355, 40.857390316967219 ], [ -73.821761162088933, 40.857388860917801 ], [ -73.8217120465862, 40.857379155163201 ], [ -73.821681945983499, 40.857369214033717 ], [ -73.821654428618842, 40.857353050885244 ], [ -73.821645571883067, 40.857320154813841 ], [ -73.821677456211461, 40.857286752608211 ], [ -73.821847431358123, 40.857231009977525 ], [ -73.822498951824215, 40.857078527960326 ], [ -73.822498215349981, 40.857076290904608 ], [ -73.822642205916793, 40.857043745229348 ], [ -73.823026408978151, 40.85696883973192 ] ] ], [ [ [ -73.827156883098382, 40.856667642104966 ], [ -73.827238802429193, 40.856672396936141 ], [ -73.827319736093457, 40.856683131304216 ], [ -73.827398928886211, 40.856699745027178 ], [ -73.827475638791398, 40.856722082114281 ], [ -73.82754915475897, 40.856749935294779 ], [ -73.827618786035387, 40.856783044200839 ], [ -73.827618759021021, 40.856782942404841 ], [ -73.827668697914334, 40.856817409514221 ], [ -73.827712279645326, 40.856856533459862 ], [ -73.827748755200787, 40.856899644965175 ], [ -73.827777499085656, 40.85694600560003 ], [ -73.827798021155914, 40.856994818603255 ], [ -73.827809965375437, 40.857045251392954 ], [ -73.827813131165271, 40.857096435597846 ], [ -73.827807462659294, 40.857147494956322 ], [ -73.827793058170315, 40.857197554335279 ], [ -73.827770163033975, 40.85724575592868 ], [ -73.827739168389343, 40.857291272763092 ], [ -73.827700608766165, 40.857333324903642 ], [ -73.82765514188641, 40.857371193831938 ], [ -73.827603549839154, 40.857404226951203 ], [ -73.827546716490488, 40.857431859164876 ], [ -73.827485614427857, 40.857453616459658 ], [ -73.827421290696591, 40.857469127591195 ], [ -73.827354852566884, 40.857478124063441 ], [ -73.827287434286319, 40.857480454487053 ], [ -73.827220193541336, 40.857476076469872 ], [ -73.827154281779258, 40.857465066478035 ], [ -73.82709082999348, 40.857447612610798 ], [ -73.827030925001068, 40.857424014564351 ], [ -73.826975594042352, 40.857394676404759 ], [ -73.826925783445475, 40.857360101132357 ], [ -73.826882352719309, 40.857320881667349 ], [ -73.826846040186823, 40.857277689991612 ], [ -73.826844493299689, 40.857275535493429 ], [ -73.826830381810154, 40.857254225775122 ], [ -73.826830562128507, 40.857254208936439 ], [ -73.826795261181857, 40.857176920720867 ], [ -73.826766053088662, 40.857098182844531 ], [ -73.826743039115073, 40.857018268313205 ], [ -73.826726300340155, 40.856937459106561 ], [ -73.826708002407969, 40.85686013606179 ], [ -73.826696330293899, 40.856782076457854 ], [ -73.826691334123694, 40.85670360635045 ], [ -73.826695043026334, 40.856702141417799 ], [ -73.827075772409799, 40.85666616712043 ], [ -73.827074740565877, 40.856668911175106 ], [ -73.827156883098382, 40.856667642104966 ] ] ], [ [ [ -73.821510355173103, 40.857096972074949 ], [ -73.821663000288822, 40.857119835702193 ], [ -73.821793560332878, 40.857126468759517 ], [ -73.821884555576545, 40.85712534048357 ], [ -73.821886269109058, 40.857141823040614 ], [ -73.821494669629033, 40.857274803163463 ], [ -73.82113691943276, 40.856985928525361 ], [ -73.821179646821975, 40.857006175695012 ], [ -73.821286468022365, 40.857046110561527 ], [ -73.821398545564122, 40.857077728413337 ], [ -73.821510355173103, 40.857096972074949 ] ] ], [ [ [ -73.821649170909595, 40.857503458302205 ], [ -73.821649517750757, 40.857503705573272 ], [ -73.821649362230488, 40.857503762063878 ], [ -73.821649170909595, 40.857503458302205 ] ] ], [ [ [ -73.821394461709474, 40.857307095519509 ], [ -73.821125593905222, 40.857398799348921 ], [ -73.820861522760154, 40.857501090784744 ], [ -73.820581374362519, 40.857613895076796 ], [ -73.82034446596677, 40.857715849359231 ], [ -73.820121093076324, 40.857815571226787 ], [ -73.81990346249097, 40.857929663577195 ], [ -73.819701359506894, 40.858031636643659 ], [ -73.819699148711393, 40.85803121175833 ], [ -73.819492292690896, 40.858141043730626 ], [ -73.819442733633977, 40.858110713242759 ], [ -73.819442947597324, 40.858109663603535 ], [ -73.819657073442528, 40.857969844982151 ], [ -73.820847419202792, 40.857036350863886 ], [ -73.82084812874362, 40.857036237603147 ], [ -73.82085371719235, 40.857031410636402 ], [ -73.820956693120593, 40.856950653137254 ], [ -73.821394461709474, 40.857307095519509 ] ] ], [ [ [ -73.8271567806664, 40.858555813872108 ], [ -73.827150995443418, 40.85853699572646 ], [ -73.827131386201188, 40.858410316636395 ], [ -73.827132861855588, 40.858394716020683 ], [ -73.827134761983856, 40.858374600973448 ], [ -73.827139621063878, 40.858310302310791 ], [ -73.827152468960961, 40.858236079585794 ], [ -73.827172973632813, 40.858162856168214 ], [ -73.827201012901114, 40.85809108571916 ], [ -73.827236410049039, 40.858021215513112 ], [ -73.827278944514617, 40.857953679250592 ], [ -73.827328355452025, 40.857888896162613 ], [ -73.82738433106249, 40.85782726919458 ], [ -73.827446527580278, 40.857769181432523 ], [ -73.827748029123867, 40.857537185212394 ], [ -73.82900440653863, 40.856640982398112 ], [ -73.829242802770793, 40.857059199038567 ], [ -73.829498288061814, 40.857507389877426 ], [ -73.828989876939914, 40.857735035546838 ], [ -73.827370828541646, 40.858459973492181 ], [ -73.8271567806664, 40.858555813872108 ] ] ], [ [ [ -73.826859000819027, 40.857412150238424 ], [ -73.826906154627011, 40.857449957022062 ], [ -73.826958827980334, 40.857483301120674 ], [ -73.827016287926952, 40.857511722176774 ], [ -73.827015503712644, 40.857513187902832 ], [ -73.827071005239063, 40.857532619982962 ], [ -73.82709651247788, 40.857540578942071 ], [ -73.827095858661167, 40.857539789131017 ], [ -73.827166344791024, 40.857555433638254 ], [ -73.827238736588441, 40.857564802724156 ], [ -73.827312068938042, 40.857567770672524 ], [ -73.827385362263968, 40.857564299095955 ], [ -73.827457639145152, 40.857554433358331 ], [ -73.827527937353437, 40.857538306196517 ], [ -73.827595315798789, 40.857516132325891 ], [ -73.827628521915386, 40.857536767194546 ], [ -73.827442419742567, 40.85766474250584 ], [ -73.827366890184166, 40.857721398345234 ], [ -73.82729812151679, 40.857782819754753 ], [ -73.827236635620039, 40.857848541072798 ], [ -73.827182897525816, 40.857918067736769 ], [ -73.827137313053043, 40.857990873577329 ], [ -73.827100222853247, 40.858066409814398 ], [ -73.827071913084325, 40.858144105072334 ], [ -73.827052590481799, 40.858223373447018 ], [ -73.827042407261899, 40.858303615443262 ], [ -73.827032403655721, 40.858302927778787 ], [ -73.826933803648942, 40.858034070358144 ], [ -73.826843191785485, 40.857597779199573 ], [ -73.826787685369993, 40.857354807002771 ], [ -73.826783767729069, 40.8573252919889 ], [ -73.826818016320544, 40.857370403136805 ], [ -73.826859000819027, 40.857412150238424 ] ] ], [ [ [ -73.817225445253939, 40.860130906147042 ], [ -73.817373432281656, 40.859969760604436 ], [ -73.817876088351639, 40.859555564273528 ], [ -73.818044257875542, 40.859415269994166 ], [ -73.818236387297091, 40.859251987632057 ], [ -73.818471491630007, 40.859065479539254 ], [ -73.818693719834982, 40.858912139270359 ], [ -73.818695132367438, 40.858910851985264 ], [ -73.818784838193508, 40.858853251556702 ], [ -73.818951083490134, 40.858750110832759 ], [ -73.819122627906594, 40.85864071705349 ], [ -73.819402119903017, 40.85849698067566 ], [ -73.819595749164293, 40.858403817011919 ], [ -73.819824377768683, 40.858295778423745 ], [ -73.820031500304523, 40.85819831993944 ], [ -73.820284443261741, 40.858083791594538 ], [ -73.820532130144983, 40.857977578669164 ], [ -73.820532381776388, 40.857977067580919 ], [ -73.820631792148731, 40.85793714846595 ], [ -73.820863489995403, 40.857845573586204 ], [ -73.82110070910089, 40.857758055415751 ], [ -73.821378451059644, 40.857659719753741 ], [ -73.8214484289349, 40.857635832653671 ], [ -73.821448586986264, 40.857636158876524 ], [ -73.821729997778888, 40.857562487128149 ], [ -73.82198288553532, 40.8574745582156 ], [ -73.822239036926987, 40.857392255550799 ], [ -73.822498234776631, 40.857315649916892 ], [ -73.822760259557782, 40.857244804891273 ], [ -73.823024889380164, 40.857179782248338 ], [ -73.823291900008627, 40.857120634755908 ], [ -73.823561064839041, 40.857067415180012 ], [ -73.823879600865482, 40.857010499092269 ], [ -73.824199801927449, 40.856959255963616 ], [ -73.824521494872656, 40.856913713432036 ], [ -73.824844501813416, 40.856873896428894 ], [ -73.825168647243046, 40.856839827189432 ], [ -73.825493753295945, 40.856811523444847 ], [ -73.825524716831453, 40.85680820513489 ], [ -73.825519303925773, 40.856809546786948 ], [ -73.825834830135406, 40.856788095648582 ], [ -73.825847373167704, 40.856866980606256 ], [ -73.825908427623261, 40.857158830472436 ], [ -73.825992148584632, 40.857475636503203 ], [ -73.82609194093871, 40.857785208713466 ], [ -73.826215224175371, 40.858107261907641 ], [ -73.826318587392734, 40.858343224031714 ], [ -73.826418898135728, 40.858550687188526 ], [ -73.826572086404667, 40.858835654952969 ], [ -73.826622417463739, 40.858933904941765 ], [ -73.826604382653258, 40.858939736440064 ], [ -73.826566410183744, 40.858952015205809 ], [ -73.826031053708149, 40.859125134739891 ], [ -73.825655206747555, 40.859246669620333 ], [ -73.825584734622524, 40.859269457216541 ], [ -73.825400570515441, 40.859329008254377 ], [ -73.825363086669896, 40.859341128876757 ], [ -73.82526992363934, 40.859371253360003 ], [ -73.825041563340505, 40.859445094327739 ], [ -73.824780794377418, 40.8595294150821 ], [ -73.824611225049125, 40.859584245933057 ], [ -73.824658267193627, 40.859668105510046 ], [ -73.824167023876882, 40.859893711862362 ], [ -73.823822544280361, 40.860051913374413 ], [ -73.823801154714175, 40.860060882028236 ], [ -73.823798391185946, 40.860055954818591 ], [ -73.823384374291038, 40.860181953471447 ], [ -73.823201667923016, 40.860237556372098 ], [ -73.821852533156445, 40.860648125243145 ], [ -73.821322564162273, 40.860816758492462 ], [ -73.821176584686739, 40.860868024257407 ], [ -73.820953189165664, 40.860953740509494 ], [ -73.820753256378936, 40.861037185721493 ], [ -73.820733843246757, 40.861045287902179 ], [ -73.820655569378346, 40.861080695164546 ], [ -73.820518810495514, 40.861142557008399 ], [ -73.820308352129985, 40.861245431194881 ], [ -73.820102719911574, 40.861353783909614 ], [ -73.819902162051548, 40.861467487695741 ], [ -73.819706919677159, 40.861586405181072 ], [ -73.819670015616055, 40.861552697032181 ], [ -73.819526652655497, 40.861646169944621 ], [ -73.819497698650721, 40.86166504758561 ], [ -73.819480612357495, 40.86167618785236 ], [ -73.819458950304067, 40.861690311489738 ], [ -73.819254463848807, 40.861832563492307 ], [ -73.819253823330499, 40.861833009132823 ], [ -73.819154335477918, 40.861906825032086 ], [ -73.819054847402072, 40.861980641745106 ], [ -73.818862228127429, 40.862133056597308 ], [ -73.818696835602793, 40.862272650387631 ], [ -73.818676034968092, 40.862290009796745 ], [ -73.818476250957289, 40.862464172219219 ], [ -73.818426343053346, 40.862435920008672 ], [ -73.818159100468208, 40.862284634372259 ], [ -73.817791250869647, 40.862076393463283 ], [ -73.817121425494562, 40.861697195629802 ], [ -73.816662759146396, 40.861437534904837 ], [ -73.816425925165333, 40.861303456004322 ], [ -73.816832643908526, 40.8606814347552 ], [ -73.817167186484156, 40.860201764509512 ], [ -73.817225445253939, 40.860130906147042 ] ] ], [ [ [ -73.814896912317494, 40.852161513644681 ], [ -73.814896897268895, 40.852161381248017 ], [ -73.814590224372125, 40.849376698618109 ], [ -73.816016636056233, 40.84780057240885 ], [ -73.816158228712837, 40.847728924321771 ], [ -73.816236513935394, 40.847689311157865 ], [ -73.816172098534494, 40.84869863612056 ], [ -73.820049552337238, 40.848138053822922 ], [ -73.820401685896158, 40.848666401837562 ], [ -73.825436609721578, 40.845937818026322 ], [ -73.825450591293631, 40.845976372226744 ], [ -73.825466437726078, 40.846020067466121 ], [ -73.825477762163857, 40.846051295724926 ], [ -73.825494886004975, 40.846098512923795 ], [ -73.825510777614582, 40.846132692703598 ], [ -73.825539484452435, 40.846194428071449 ], [ -73.825563633842606, 40.846246364567463 ], [ -73.825593021240579, 40.84631450796482 ], [ -73.825617835122529, 40.846375359443371 ], [ -73.82563645263501, 40.846421014718146 ], [ -73.825665147684248, 40.846485077810499 ], [ -73.825692804193068, 40.846542281163323 ], [ -73.825730470632109, 40.846620183978658 ], [ -73.825781453624074, 40.846720421133924 ], [ -73.82581760132058, 40.8467914922782 ], [ -73.825836179121822, 40.846827954314314 ], [ -73.825845078120736, 40.846845418422205 ], [ -73.825877689321644, 40.84690942433415 ], [ -73.825884664130783, 40.846923113365072 ], [ -73.825884816126504, 40.846923033450516 ], [ -73.825913763485687, 40.846978312537374 ], [ -73.825978626149251, 40.847091654720543 ], [ -73.826031677533194, 40.847184353239918 ], [ -73.826115418319318, 40.847330678284216 ], [ -73.826174169292642, 40.847433339384061 ], [ -73.8262680897857, 40.847597450895016 ], [ -73.826298618390055, 40.847653675976836 ], [ -73.826379987572082, 40.847820861685321 ], [ -73.826387167220332, 40.847836109746424 ], [ -73.826393627645487, 40.847849770955072 ], [ -73.826415663354737, 40.847896475808056 ], [ -73.826415755862399, 40.847896471444784 ], [ -73.826426143622072, 40.847918394288065 ], [ -73.826453829201938, 40.847976297169723 ], [ -73.826516621907089, 40.848123804248331 ], [ -73.826576398942294, 40.848287351751857 ], [ -73.826605855660418, 40.848366039749628 ], [ -73.826647337896205, 40.848493096918453 ], [ -73.826698229798197, 40.848668976762838 ], [ -73.826741327252961, 40.848833935392371 ], [ -73.826764678548287, 40.848945340810559 ], [ -73.826782934976663, 40.849056006470256 ], [ -73.826796593295512, 40.849141832310011 ], [ -73.826805384813895, 40.849194870172894 ], [ -73.826815284323402, 40.849254597663688 ], [ -73.82681744659574, 40.849267643658465 ], [ -73.826830838841047, 40.849358226398763 ], [ -73.826837597040267, 40.849463039582545 ], [ -73.82684327468553, 40.84955108935592 ], [ -73.826842641368117, 40.849665452880586 ], [ -73.826842185966711, 40.849747459238024 ], [ -73.826839514250494, 40.849791160678386 ], [ -73.826837443618558, 40.849815789668533 ], [ -73.826834018168682, 40.849856567875555 ], [ -73.826830246499753, 40.849901421195874 ], [ -73.826826976533752, 40.849940323007168 ], [ -73.826822383627487, 40.849994969760836 ], [ -73.826811255194187, 40.850069235658076 ], [ -73.826806979913997, 40.850095710049672 ], [ -73.826799316439377, 40.850143174358053 ], [ -73.826794064838879, 40.850175693195766 ], [ -73.826786536355314, 40.850222316644512 ], [ -73.826779101861277, 40.850268363917735 ], [ -73.826775382621719, 40.850283499228937 ], [ -73.826767808701504, 40.850314318948406 ], [ -73.826762265197488, 40.850336876087582 ], [ -73.826749352727646, 40.850389413091754 ], [ -73.826746936347206, 40.850399248253403 ], [ -73.826741491118113, 40.850421403918837 ], [ -73.82673242251316, 40.850458305123638 ], [ -73.826704757763864, 40.850530292231738 ], [ -73.826701196096579, 40.850539556559902 ], [ -73.826690188692112, 40.850568195523117 ], [ -73.826678460094541, 40.850598715432696 ], [ -73.826661450455546, 40.850642973436706 ], [ -73.826650272260522, 40.850672062385691 ], [ -73.826633211240846, 40.850716454481329 ], [ -73.82661914236273, 40.850753060002958 ], [ -73.826598927211251, 40.850798660316933 ], [ -73.826567144848966, 40.85085649895148 ], [ -73.826530007569886, 40.850924080966585 ], [ -73.826507869590685, 40.850964364561079 ], [ -73.826496292387517, 40.850985432199906 ], [ -73.826463665263191, 40.85103608179643 ], [ -73.826438719493368, 40.851074805100843 ], [ -73.826418022220167, 40.851106934176684 ], [ -73.826397480912462, 40.851138821250721 ], [ -73.826373013689604, 40.851188633033999 ], [ -73.826354796186095, 40.85122572034409 ], [ -73.826332758694079, 40.851270587565061 ], [ -73.826310105978521, 40.851316704640375 ], [ -73.826293617981037, 40.85136131366253 ], [ -73.826278670671584, 40.85140175571847 ], [ -73.826205379778116, 40.851633808686671 ], [ -73.826203843532895, 40.851633539826288 ], [ -73.826169192143013, 40.851748382443937 ], [ -73.825970772790484, 40.852405973664958 ], [ -73.825870065051944, 40.852739729027078 ], [ -73.825851928889833, 40.852799833873604 ], [ -73.825837711835732, 40.8528469514197 ], [ -73.825829348360216, 40.852874669475497 ], [ -73.825833632964375, 40.852950830637113 ], [ -73.825788977698721, 40.853102469265124 ], [ -73.825700391989386, 40.85332080585588 ], [ -73.825598657928296, 40.853506248200596 ], [ -73.825447484810852, 40.853706472890053 ], [ -73.825351421887049, 40.85382281166001 ], [ -73.825289888522406, 40.853897331527968 ], [ -73.825113232183341, 40.854069537060852 ], [ -73.824966748370201, 40.854198865210449 ], [ -73.824775075975495, 40.854377409417353 ], [ -73.824466930319019, 40.854547651899026 ], [ -73.824209372908427, 40.854653788928978 ], [ -73.823956478890196, 40.854766727617623 ], [ -73.823851343400506, 40.854816069927516 ], [ -73.823675409964238, 40.85488549660689 ], [ -73.823509048434872, 40.854958399155308 ], [ -73.823305580648281, 40.855041207689979 ], [ -73.823065820295938, 40.855171689026001 ], [ -73.822868874639951, 40.855268582392974 ], [ -73.822457951401105, 40.855538140876504 ], [ -73.822029183099815, 40.855845696364355 ], [ -73.821624370084976, 40.856110453557854 ], [ -73.821373688164698, 40.856311904808408 ], [ -73.820663965304064, 40.85694230747049 ], [ -73.819469255755166, 40.857980917260882 ], [ -73.819469781014263, 40.857978351679662 ], [ -73.818947117204033, 40.858438659460234 ], [ -73.81843093311042, 40.858868818460863 ], [ -73.81796364490387, 40.859287563807975 ], [ -73.817651705696889, 40.859532008682393 ], [ -73.81740670309928, 40.859753146764994 ], [ -73.817092699851699, 40.860076369997515 ], [ -73.816793572575762, 40.860449201576152 ], [ -73.816698420205455, 40.860587188618211 ], [ -73.816615267083847, 40.860689013785112 ], [ -73.816259082769477, 40.861208999878905 ], [ -73.816216927563232, 40.861185134539419 ], [ -73.816052455386853, 40.861090311785567 ], [ -73.815902261299385, 40.861020504731279 ], [ -73.815839511062819, 40.860979977905508 ], [ -73.815794643912213, 40.860947428239832 ], [ -73.814917902902351, 40.860873419398132 ], [ -73.813955096113602, 40.860560209725243 ], [ -73.813803183090272, 40.86051078969772 ], [ -73.813801845230131, 40.86051035440201 ], [ -73.813803081547107, 40.860510625644295 ], [ -73.812815102269582, 40.858910566907618 ], [ -73.812078879884524, 40.852917518806557 ], [ -73.814896912317494, 40.852161513644681 ] ] ], [ [ [ -73.820240922675296, 40.857828528774128 ], [ -73.820386185390944, 40.857760716512004 ], [ -73.820620511733622, 40.857664983233718 ], [ -73.820822462141308, 40.857579965489307 ], [ -73.821027173561092, 40.857496975980865 ], [ -73.821307763427299, 40.857404794366325 ], [ -73.821450443945807, 40.85736194201391 ], [ -73.821541170623675, 40.85742654953652 ], [ -73.821640117694173, 40.857507113813142 ], [ -73.821490452718749, 40.857561374736449 ], [ -73.821271894441111, 40.857632159954058 ], [ -73.821072348314289, 40.857702707698614 ], [ -73.820832501790946, 40.857794384707233 ], [ -73.820673569297426, 40.857858240231977 ], [ -73.820444541811028, 40.857947718938384 ], [ -73.820445486837215, 40.857950004057628 ], [ -73.820409584119986, 40.857964655917939 ], [ -73.820126851980206, 40.858083679282238 ], [ -73.819903476339633, 40.858183401620607 ], [ -73.819658770311477, 40.858301953698401 ], [ -73.81932268093415, 40.858467020290803 ], [ -73.819106855492308, 40.858568489957008 ], [ -73.8189253348459, 40.858669823059607 ], [ -73.818645411236673, 40.858825923161433 ], [ -73.818637688130551, 40.858827509395105 ], [ -73.818629732344249, 40.858828739568068 ], [ -73.818621314366169, 40.858827661052324 ], [ -73.818617696633581, 40.858824725163252 ], [ -73.818614078901376, 40.858821789274025 ], [ -73.818613392483584, 40.858816459982421 ], [ -73.818615404830098, 40.858807898564628 ], [ -73.818690223958129, 40.858749211322525 ], [ -73.818858831689141, 40.858629540504282 ], [ -73.819035367355738, 40.858499455973948 ], [ -73.819228466644518, 40.858381543865463 ], [ -73.819394710071563, 40.858278403394173 ], [ -73.819598628288716, 40.858158294188854 ], [ -73.819729597180299, 40.858088279411731 ], [ -73.819730266448204, 40.858088589326329 ], [ -73.819872638427626, 40.858012561606024 ], [ -73.820001648377939, 40.85794701440512 ], [ -73.820240922675296, 40.857828528774128 ] ] ], [ [ [ -73.814185158050876, 40.864248375996823 ], [ -73.814187859212041, 40.864250809872658 ], [ -73.814189997294335, 40.864253547207767 ], [ -73.814191514383211, 40.864256514068643 ], [ -73.814192366815604, 40.864259630241257 ], [ -73.814192532293731, 40.864262810143032 ], [ -73.814192005128405, 40.864265967317593 ], [ -73.814190802164461, 40.864269016245437 ], [ -73.813999179900932, 40.864581501306667 ], [ -73.813996899106385, 40.864585682213509 ], [ -73.813993764024644, 40.864589532163336 ], [ -73.813989854414345, 40.864592948628541 ], [ -73.81398527489263, 40.864595847131625 ], [ -73.813980140739631, 40.864598147714567 ], [ -73.813974587334414, 40.864599793864578 ], [ -73.813968758321195, 40.864600742589666 ], [ -73.813962803229785, 40.864600967116068 ], [ -73.813956878638734, 40.864600464994801 ], [ -73.813951135160693, 40.864599246374084 ], [ -73.813945725714945, 40.864597344818776 ], [ -73.813917229228835, 40.86458945738655 ], [ -73.813890391813118, 40.864578730672413 ], [ -73.81386570162654, 40.864565356369198 ], [ -73.813861672206542, 40.864561993737603 ], [ -73.813858424546268, 40.86455817581782 ], [ -73.813856041388291, 40.864554005399519 ], [ -73.813854592399707, 40.864549595156539 ], [ -73.813854112831862, 40.864545064010578 ], [ -73.813854616575526, 40.864540534451002 ], [ -73.813856092612411, 40.86453612892678 ], [ -73.813858497911056, 40.864531965332873 ], [ -73.813861768097041, 40.864528158828257 ], [ -73.813865815118589, 40.86452480832483 ], [ -73.813974861592115, 40.864410583952534 ], [ -73.814150807031254, 40.864247229277211 ], [ -73.814154225890718, 40.864245388776425 ], [ -73.814157995776768, 40.864243998186176 ], [ -73.814162018124392, 40.864243098770253 ], [ -73.814166178996615, 40.86424271465841 ], [ -73.814170366871636, 40.864242854675886 ], [ -73.814174467890467, 40.86424351503743 ], [ -73.814178369415529, 40.864244679352716 ], [ -73.814181963601584, 40.864246314130007 ], [ -73.814185158050876, 40.864248375996823 ] ] ], [ [ [ -73.819122689045244, 40.865296225213939 ], [ -73.819136052362126, 40.865311477068907 ], [ -73.81914868623528, 40.86533238466447 ], [ -73.819156910544336, 40.865351335784226 ], [ -73.819161484583006, 40.865372199228709 ], [ -73.819167446523352, 40.865464131609386 ], [ -73.81917234329967, 40.865551267203742 ], [ -73.819172266173439, 40.865560000946324 ], [ -73.819171883583522, 40.865568526196753 ], [ -73.819170160205132, 40.865579823759056 ], [ -73.819167668209857, 40.865591550551507 ], [ -73.819165704084526, 40.865601086375804 ], [ -73.819164023931009, 40.865606084169841 ], [ -73.819161934664848, 40.865610167324178 ], [ -73.819158706178058, 40.865614870932419 ], [ -73.81915189417569, 40.865623103351687 ], [ -73.819074330734395, 40.86570769726108 ], [ -73.818997231362104, 40.865856614824281 ], [ -73.818996971415345, 40.865857115089547 ], [ -73.818996808932638, 40.865857542567916 ], [ -73.818996635514608, 40.865858065481206 ], [ -73.818996466708953, 40.865858637028261 ], [ -73.818996249981026, 40.865859819033048 ], [ -73.818981885102502, 40.865930106841759 ], [ -73.818974723804217, 40.865948983407201 ], [ -73.818966145734336, 40.865965856858168 ], [ -73.818954701344495, 40.865980743830342 ], [ -73.818949589288593, 40.865985844295103 ], [ -73.818944009438937, 40.865990235339162 ], [ -73.818938301534985, 40.865993735596319 ], [ -73.818921291131304, 40.866003571081038 ], [ -73.818907534296372, 40.866009958286362 ], [ -73.818857474602027, 40.866034209177734 ], [ -73.818646671794198, 40.866156723943384 ], [ -73.8186240771374, 40.866168171491182 ], [ -73.818605677283358, 40.866176829604377 ], [ -73.818599979213985, 40.866178886373049 ], [ -73.818594193991842, 40.866180279342544 ], [ -73.818589434512958, 40.866181347046172 ], [ -73.81858450732723, 40.866182147040107 ], [ -73.818580679727262, 40.866182512024523 ], [ -73.818577294033901, 40.866182639073436 ], [ -73.818572178038792, 40.866182645437348 ], [ -73.818566709343543, 40.866182365790827 ], [ -73.818560911585593, 40.866181831688117 ], [ -73.818555392158387, 40.8661810170696 ], [ -73.818555336437782, 40.866181006176113 ], [ -73.818555273610059, 40.866180991669466 ], [ -73.818555196555607, 40.86618097443894 ], [ -73.818415239815891, 40.866139205618069 ], [ -73.818414333391488, 40.866138839492763 ], [ -73.818413670323764, 40.866138403512117 ], [ -73.818413152943549, 40.866138045202973 ], [ -73.818412697526981, 40.866137583434877 ], [ -73.81831936080971, 40.866032998458955 ], [ -73.818313689678433, 40.866028235837135 ], [ -73.81825656252245, 40.865989990264161 ], [ -73.81825013927525, 40.865986996819956 ], [ -73.818245870445551, 40.865985619548468 ], [ -73.818240918358981, 40.865984250205507 ], [ -73.818112166036343, 40.8659575089493 ], [ -73.818108558503923, 40.865956347932546 ], [ -73.818104839386791, 40.865954784220236 ], [ -73.818101071288297, 40.865952914263666 ], [ -73.818098790575689, 40.865951505001689 ], [ -73.818096695287025, 40.865949956455829 ], [ -73.818088349032166, 40.86594271235461 ], [ -73.818087221583511, 40.865941625485377 ], [ -73.818086048537054, 40.865940296312147 ], [ -73.8180788432078, 40.865929213414418 ], [ -73.818075103301041, 40.86592050787354 ], [ -73.818073587931124, 40.86591206608179 ], [ -73.818073378264415, 40.865902856428789 ], [ -73.818076169645337, 40.865887997323753 ], [ -73.818105825037335, 40.865834247836929 ], [ -73.818170126781538, 40.865764597141805 ], [ -73.818251094422592, 40.865707828073539 ], [ -73.818346146638106, 40.865671840144373 ], [ -73.818424228662295, 40.865634404458312 ], [ -73.81844154608757, 40.86562419852698 ], [ -73.818455880467525, 40.865612193220862 ], [ -73.818479832971747, 40.865591241356285 ], [ -73.818749720961662, 40.865329348939611 ], [ -73.818765168494167, 40.865317104011524 ], [ -73.81878759040525, 40.865304511639266 ], [ -73.818858758507929, 40.865275895916334 ], [ -73.818927667699271, 40.865257011814791 ], [ -73.818963430204562, 40.865251859489426 ], [ -73.819000936720244, 40.865252239805045 ], [ -73.819040051470267, 40.865257923822249 ], [ -73.819075649336256, 40.865267940878262 ], [ -73.819099934535174, 40.865280237341018 ], [ -73.819122689045244, 40.865296225213939 ] ] ], [ [ [ -73.812846066243054, 40.866822522672415 ], [ -73.813052589339478, 40.86646911214055 ], [ -73.813216541355942, 40.866190670244571 ], [ -73.813407326700812, 40.865853909764184 ], [ -73.813497181625024, 40.865701599169697 ], [ -73.813590222642645, 40.865532619252555 ], [ -73.813724252906027, 40.865292242446891 ], [ -73.813905233952056, 40.864995442582092 ], [ -73.814068296128426, 40.864694564937935 ], [ -73.814174369175817, 40.864531836023119 ], [ -73.814527089995408, 40.864067452796448 ], [ -73.814817890886644, 40.863644454745199 ], [ -73.814874541625969, 40.863682825546491 ], [ -73.814917942220191, 40.863712219678192 ], [ -73.815196201071657, 40.863900684708987 ], [ -73.815327534445387, 40.863989636617035 ], [ -73.815740183413595, 40.864269121790954 ], [ -73.815964246770861, 40.864420877201646 ], [ -73.816114700290612, 40.864522775344824 ], [ -73.816002705872123, 40.864620390169307 ], [ -73.815861541030259, 40.864747239612257 ], [ -73.815725480359035, 40.864877263159634 ], [ -73.815771326818052, 40.864904071055363 ], [ -73.815670880797924, 40.865007694058995 ], [ -73.815576453603271, 40.865114530541923 ], [ -73.815488222553441, 40.865224376390692 ], [ -73.815406356668774, 40.86533702747829 ], [ -73.815331007210901, 40.865452268842638 ], [ -73.815049284095622, 40.865907714698636 ], [ -73.814457921093762, 40.866863715391148 ], [ -73.81445178965042, 40.866919418910811 ], [ -73.814433822226889, 40.866954351580745 ], [ -73.814296219663987, 40.867221872293463 ], [ -73.814224380214981, 40.867361541667101 ], [ -73.814192106399418, 40.86742428543787 ], [ -73.813879882329203, 40.867929485335374 ], [ -73.813610178027588, 40.868288314325568 ], [ -73.813478763569776, 40.868500947385748 ], [ -73.813347348274121, 40.868713579387695 ], [ -73.81308715582297, 40.868623941197619 ], [ -73.812361742104599, 40.869797634983847 ], [ -73.812219394334946, 40.869746827374883 ], [ -73.8121337023953, 40.869705800220061 ], [ -73.812052513349485, 40.869659797920725 ], [ -73.811985140763042, 40.869615389432298 ], [ -73.811921970116998, 40.869567555082483 ], [ -73.811863303261234, 40.869516521393322 ], [ -73.811809421825885, 40.869462532863921 ], [ -73.811767445176429, 40.86940321841616 ], [ -73.81173371061854, 40.869340945780493 ], [ -73.811720101297738, 40.869321558523765 ], [ -73.811693106286199, 40.869267912766432 ], [ -73.811675112544407, 40.869212134022582 ], [ -73.811666396360494, 40.86915508901938 ], [ -73.811667095173362, 40.869097664966567 ], [ -73.811677196949091, 40.86904075152929 ], [ -73.811692729672316, 40.868983270639248 ], [ -73.811713848934872, 40.868926823620768 ], [ -73.811740436395453, 40.86887172544948 ], [ -73.811872930931258, 40.86862420211579 ], [ -73.812021209943651, 40.868343353756991 ], [ -73.812174204655079, 40.868058939723731 ], [ -73.812388725164283, 40.867654329842956 ], [ -73.812573252839258, 40.867313985692604 ], [ -73.812702566807559, 40.86707955742488 ], [ -73.812846066243054, 40.866822522672415 ] ] ], [ [ [ -73.816900227476324, 40.871825640306618 ], [ -73.816789023466356, 40.871791212763213 ], [ -73.816680886279102, 40.871751554534292 ], [ -73.816682890933166, 40.871750318644345 ], [ -73.816655227264903, 40.871741183346487 ], [ -73.816607166139022, 40.871720670351699 ], [ -73.816554317692649, 40.871696982702559 ], [ -73.816485946132261, 40.871658094382688 ], [ -73.815869033073696, 40.871222282938675 ], [ -73.815876965784199, 40.871226084859209 ], [ -73.815678501816492, 40.87111326707182 ], [ -73.81547548427173, 40.871005219660091 ], [ -73.815268110937836, 40.870902049174738 ], [ -73.815056585547055, 40.870803855873653 ], [ -73.81484111539605, 40.870710736419284 ], [ -73.81470502504105, 40.870649216190159 ], [ -73.814500540741761, 40.87056327353487 ], [ -73.814291955092258, 40.870483211321265 ], [ -73.814079563115072, 40.87040914166348 ], [ -73.81390555133504, 40.8703478664494 ], [ -73.813905488524583, 40.870347844736301 ], [ -73.813883575309163, 40.870340075983229 ], [ -73.813883512798597, 40.870339947112278 ], [ -73.81381798854531, 40.870316832079396 ], [ -73.813584550631688, 40.870234079237747 ], [ -73.813091187768947, 40.870057990791544 ], [ -73.81302681433398, 40.870035014946446 ], [ -73.813052735989757, 40.869985286832119 ], [ -73.81389768518153, 40.868618159888172 ], [ -73.813897699481643, 40.86861813649849 ], [ -73.813974077143484, 40.868494553835838 ], [ -73.813986358314992, 40.86846986506778 ], [ -73.814167933034071, 40.868166199662262 ], [ -73.814325375450778, 40.867918061717653 ], [ -73.815378986887765, 40.866257444151259 ], [ -73.815485259441559, 40.86609608404418 ], [ -73.815597782892567, 40.86593718676307 ], [ -73.815716454821455, 40.865780888100524 ], [ -73.815841169253957, 40.865627323842865 ], [ -73.815971816658276, 40.865476630670692 ], [ -73.816108282776469, 40.865328939853875 ], [ -73.816250454535435, 40.865184384464548 ], [ -73.816295530502984, 40.865210730771842 ], [ -73.8164181695454, 40.865093537018595 ], [ -73.816545397808738, 40.864979200484754 ], [ -73.816637043412911, 40.864899283478366 ], [ -73.816760131913526, 40.864971105894099 ], [ -73.816663429752992, 40.866063407481271 ], [ -73.816663423655797, 40.86606346780453 ], [ -73.816647439136773, 40.866244025087212 ], [ -73.816611032910387, 40.86665525210546 ], [ -73.817330134355316, 40.867567849839347 ], [ -73.818947583068393, 40.869620410097042 ], [ -73.819727246786798, 40.870005151427385 ], [ -73.819599176679318, 40.870160232744098 ], [ -73.819390912926622, 40.870400110972177 ], [ -73.819392334866691, 40.870400685909566 ], [ -73.819168840610132, 40.870688929537664 ], [ -73.819055141744713, 40.870866694493387 ], [ -73.818947072394195, 40.87106271389829 ], [ -73.818947241673598, 40.871062844735 ], [ -73.818935539728855, 40.87109052725522 ], [ -73.818892341966148, 40.871177625120474 ], [ -73.818840663713218, 40.871262020791491 ], [ -73.818780798065461, 40.871343237457538 ], [ -73.818713078400194, 40.871420819081258 ], [ -73.818637887872256, 40.871494328612961 ], [ -73.818572017850542, 40.871551268421626 ], [ -73.818496579430388, 40.87160770327629 ], [ -73.818415695206227, 40.871659608151056 ], [ -73.818329834580098, 40.871706683009847 ], [ -73.818239496546852, 40.871748653077617 ], [ -73.818145206122949, 40.871785273337558 ], [ -73.818148404014792, 40.871784952399615 ], [ -73.818043164649083, 40.871821825468494 ], [ -73.817934480846233, 40.871852403083423 ], [ -73.817823002031801, 40.871876500759029 ], [ -73.817709401254433, 40.871893972770522 ], [ -73.817594358569863, 40.871904714829284 ], [ -73.817478565787709, 40.871908663189899 ], [ -73.817362718170983, 40.871905792836216 ], [ -73.817247510864306, 40.871896121978189 ], [ -73.817247799854556, 40.871896289927058 ], [ -73.817130068568375, 40.871878282719194 ], [ -73.817014058549731, 40.871854702285482 ], [ -73.816900227476324, 40.871825640306618 ] ] ], [ [ [ -73.814220405020336, 40.870546063846056 ], [ -73.814227494839415, 40.870531778173458 ], [ -73.814575672143675, 40.870671759300791 ], [ -73.814575145094366, 40.870674012381365 ], [ -73.81477115920238, 40.870754261012991 ], [ -73.814962945554115, 40.870840195430652 ], [ -73.815150217463867, 40.870931687326312 ], [ -73.815332695378444, 40.871028601200692 ], [ -73.816175576876503, 40.871559281267864 ], [ -73.816105360082389, 40.871617246509693 ], [ -73.815882130852927, 40.871467263302726 ], [ -73.815874073538069, 40.871463467487381 ], [ -73.815635976080429, 40.871300431780568 ], [ -73.81544350100404, 40.871181472809518 ], [ -73.815241717657273, 40.871066909212487 ], [ -73.81510270781267, 40.870985831536579 ], [ -73.814935284549591, 40.870895110701134 ], [ -73.814824993417503, 40.870837945337442 ], [ -73.814612116577209, 40.870732083175717 ], [ -73.814612046346099, 40.870732595441936 ], [ -73.81448384732002, 40.870667607233997 ], [ -73.814353264672476, 40.870605413771983 ], [ -73.814220405020336, 40.870546063846056 ] ] ], [ [ [ -73.819133704327797, 40.871653840692801 ], [ -73.819129513081364, 40.871653892655473 ], [ -73.819145858888092, 40.871546110692933 ], [ -73.819170413552513, 40.87143922947314 ], [ -73.819203094202066, 40.871333609957674 ], [ -73.819243790699403, 40.87122960676043 ], [ -73.819292366821841, 40.871127570850874 ], [ -73.819314864023127, 40.871085772004186 ], [ -73.819369709283265, 40.870994232084598 ], [ -73.81937102804676, 40.870992181031134 ], [ -73.819370890692952, 40.870992088065627 ], [ -73.819501200643259, 40.87075556658337 ], [ -73.819572983533106, 40.870638814112702 ], [ -73.819660682393547, 40.870509281497533 ], [ -73.819662948023904, 40.870510198135428 ], [ -73.819642939981293, 40.870576057542692 ], [ -73.819629428828407, 40.870642862710433 ], [ -73.819622490319702, 40.870710244558246 ], [ -73.819622162255143, 40.870777832144377 ], [ -73.819619328172038, 40.870774375234575 ], [ -73.819625404424741, 40.870849067793408 ], [ -73.819640657288147, 40.870923002073312 ], [ -73.819664953319702, 40.870995528608603 ], [ -73.819698080742384, 40.871066012217106 ], [ -73.819739747063593, 40.871133834698028 ], [ -73.819909963146529, 40.871448692115329 ], [ -73.819911810078139, 40.871453981775382 ], [ -73.819946865027816, 40.87156019255891 ], [ -73.819956208305911, 40.871587282173756 ], [ -73.819968753105556, 40.871676676291294 ], [ -73.819973960875586, 40.871766489394311 ], [ -73.819971809985773, 40.871856374761471 ], [ -73.819962310837596, 40.871945984819369 ], [ -73.819940553323065, 40.871946412823796 ], [ -73.819933226759062, 40.871900893324394 ], [ -73.819918502125347, 40.871856417653881 ], [ -73.819896606513367, 40.871813677740242 ], [ -73.819867882163237, 40.871773335073307 ], [ -73.819832772239906, 40.87173601618062 ], [ -73.819791823239029, 40.871702300024495 ], [ -73.819745670773528, 40.871672709875888 ], [ -73.819695028918872, 40.871647705193837 ], [ -73.819688780167297, 40.8716396324415 ], [ -73.819621735698675, 40.871619898779336 ], [ -73.819552144700495, 40.871606152957497 ], [ -73.819480931957912, 40.871598575615664 ], [ -73.819409043821707, 40.87159726818625 ], [ -73.819337436359476, 40.871602248373648 ], [ -73.819267058748849, 40.871613450128258 ], [ -73.819198846161427, 40.871630723635199 ], [ -73.819133704327797, 40.871653840692801 ] ] ], [ [ [ -73.8167177257925, 40.871833855719089 ], [ -73.816822917602863, 40.871870932034497 ], [ -73.816931126862983, 40.871902610099653 ], [ -73.817041874675496, 40.871928751371968 ], [ -73.817154669033869, 40.871949238000923 ], [ -73.817154511796758, 40.871949042345435 ], [ -73.817270042614766, 40.871962751606084 ], [ -73.817386585322325, 40.871970001335569 ], [ -73.817503513644155, 40.871970750018491 ], [ -73.817620201193165, 40.871964996663664 ], [ -73.817736021493729, 40.871952772700055 ], [ -73.817850350359862, 40.871934140179398 ], [ -73.817962572986801, 40.871909201692553 ], [ -73.818072087535128, 40.871878091370412 ], [ -73.818178308688118, 40.871840975789532 ], [ -73.818175011410361, 40.87184120021923 ], [ -73.818273470038875, 40.87180560675467 ], [ -73.818367937071827, 40.871764247388519 ], [ -73.818457829328068, 40.871717379653695 ], [ -73.818542588454875, 40.871665293541142 ], [ -73.818621692793357, 40.871608310617511 ], [ -73.818694650263652, 40.871546783113381 ], [ -73.818780395420887, 40.871543647219113 ], [ -73.818762179506521, 40.871623120186278 ], [ -73.818740789137351, 40.871702136117307 ], [ -73.818670132561081, 40.871941277234363 ], [ -73.818608704323836, 40.872181882593843 ], [ -73.818556552533209, 40.872423746973915 ], [ -73.818513727676816, 40.872666663353669 ], [ -73.818480262447636, 40.872910425582297 ], [ -73.818378050713676, 40.872912329584736 ], [ -73.818275973670922, 40.872907920373635 ], [ -73.818174705085156, 40.872897226926163 ], [ -73.818074917414393, 40.872880322343626 ], [ -73.817977271155698, 40.872857314829901 ], [ -73.817882410062339, 40.87282836119099 ], [ -73.817790963567234, 40.872793647928511 ], [ -73.8177035384265, 40.872753410136234 ], [ -73.817619295402636, 40.872704385822537 ], [ -73.817539185402126, 40.872651521988765 ], [ -73.817463508012949, 40.872595018125651 ], [ -73.817392554473528, 40.872535089019195 ], [ -73.816600852188074, 40.871803465792098 ], [ -73.816614090968969, 40.87179273587931 ], [ -73.816616019575065, 40.871791546695178 ], [ -73.8167177257925, 40.871833855719089 ] ] ], [ [ [ -73.819724147924191, 40.87176426150257 ], [ -73.819763301011903, 40.871798376495967 ], [ -73.819795493000839, 40.871836455368815 ], [ -73.819820040420225, 40.871877684817782 ], [ -73.819836418925377, 40.871921188752616 ], [ -73.81984427869142, 40.871966039125894 ], [ -73.819843453841571, 40.872011279359903 ], [ -73.81982447764004, 40.872092005681999 ], [ -73.81979689288984, 40.872171288579104 ], [ -73.819760884865588, 40.872248600647346 ], [ -73.819716693382546, 40.872323426272828 ], [ -73.819664611591378, 40.872395268834005 ], [ -73.819604985984085, 40.872463648900705 ], [ -73.819538215193489, 40.872528109635937 ], [ -73.819464742853924, 40.872588224889164 ], [ -73.819385057623506, 40.872643591092576 ], [ -73.819299690770166, 40.872693842565994 ], [ -73.819209211448481, 40.872738643405249 ], [ -73.819114220745675, 40.872777695578037 ], [ -73.819015351686403, 40.872810737123054 ], [ -73.818913260903386, 40.872837551142133 ], [ -73.818808633401488, 40.872857958604449 ], [ -73.819033572416615, 40.871934886963246 ], [ -73.819047359323889, 40.871890868313592 ], [ -73.819069441170868, 40.871848842845552 ], [ -73.819099346931523, 40.871809704903193 ], [ -73.819136440854294, 40.87177428913899 ], [ -73.819179932009774, 40.87174334981794 ], [ -73.819228892124187, 40.871717546438489 ], [ -73.819282280532661, 40.871697428463968 ], [ -73.819338957254587, 40.871683425438341 ], [ -73.819397717430846, 40.87167583353343 ], [ -73.819457306738997, 40.871674817374291 ], [ -73.819516457016249, 40.871680396587884 ], [ -73.81957390521849, 40.871692453036957 ], [ -73.81962843138119, 40.871710729978261 ], [ -73.819678869280011, 40.8717348374824 ], [ -73.819724147924191, 40.87176426150257 ] ] ], [ [ [ -73.816172276068286, 40.87165776172381 ], [ -73.816173692296672, 40.871650533043507 ], [ -73.81617667955868, 40.871643586017719 ], [ -73.816181149534799, 40.871637114111081 ], [ -73.816186980717546, 40.871631300829897 ], [ -73.816194008958576, 40.871626306199666 ], [ -73.816202035755481, 40.871622273082053 ], [ -73.81621083659509, 40.871619312780012 ], [ -73.816220165691277, 40.871617507747047 ], [ -73.816229759543774, 40.871616911592852 ], [ -73.816239352386617, 40.871617539202354 ], [ -73.816248669058552, 40.871619371227261 ], [ -73.816257454644301, 40.871622359535742 ], [ -73.816968913462233, 40.872250371786222 ], [ -73.8171607074256, 40.872425008904727 ], [ -73.817218843640021, 40.872475566265514 ], [ -73.817254485898602, 40.872506563552093 ], [ -73.817400237619069, 40.87263331402216 ], [ -73.817411529557617, 40.872643816294485 ], [ -73.817490839757426, 40.872702345735789 ], [ -73.817575706491326, 40.872756193253359 ], [ -73.81766565724277, 40.872805060026245 ], [ -73.817760179101796, 40.872848666981291 ], [ -73.81785874600304, 40.872886771945865 ], [ -73.817858981850421, 40.872886854262724 ], [ -73.817863443982276, 40.872888413750161 ], [ -73.817863522203481, 40.87288844088831 ], [ -73.817952716848211, 40.872914644511923 ], [ -73.818043916407944, 40.872936511766518 ], [ -73.818136755720374, 40.872953957425885 ], [ -73.818135274242351, 40.872972532198837 ], [ -73.818115732803435, 40.872970204250876 ], [ -73.818001071910544, 40.872950456727779 ], [ -73.817888668425326, 40.872924278652242 ], [ -73.817779145967009, 40.872891816894793 ], [ -73.817673113828945, 40.872853249822661 ], [ -73.817586530357573, 40.872812363118207 ], [ -73.817482652784548, 40.872754773723223 ], [ -73.817382661537124, 40.872693350694597 ], [ -73.817286799394893, 40.872628245708945 ], [ -73.81719530319026, 40.872559614936399 ], [ -73.817193498614287, 40.872560561194234 ], [ -73.81622396792811, 40.871711423224156 ], [ -73.816172468215896, 40.871665066806443 ], [ -73.816172276068286, 40.87165776172381 ] ] ], [ [ [ -73.818262648863893, 40.874470565315761 ], [ -73.818211278052573, 40.874323257938265 ], [ -73.818153613920174, 40.874177298555573 ], [ -73.818089717768956, 40.874032842139066 ], [ -73.818098698971639, 40.874049465829934 ], [ -73.818024308036939, 40.87387629332013 ], [ -73.817941721301466, 40.873705276206323 ], [ -73.817851047355916, 40.873536635262404 ], [ -73.817752403090992, 40.873370591274188 ], [ -73.817645917263519, 40.873207362343251 ], [ -73.817649689950144, 40.873207271952353 ], [ -73.817418433790124, 40.872895682564298 ], [ -73.817499051539613, 40.872846610016097 ], [ -73.817598390595677, 40.872893786159437 ], [ -73.817702019537478, 40.872935302210166 ], [ -73.817809384952525, 40.872970936663116 ], [ -73.817919904883837, 40.873000493183447 ], [ -73.818032983023699, 40.873023815937756 ], [ -73.818148012305528, 40.873040777893294 ], [ -73.818264368956036, 40.873051287112645 ], [ -73.818381427912712, 40.873055288578676 ], [ -73.818498559278495, 40.873052759686857 ], [ -73.818489114388527, 40.873170375829559 ], [ -73.818486509101248, 40.873170438367964 ], [ -73.818428619797061, 40.874008528646947 ], [ -73.818396913000896, 40.874932886361435 ], [ -73.818382250625206, 40.874933067698301 ], [ -73.818343899725775, 40.874767315442057 ], [ -73.81834629379361, 40.874768597905877 ], [ -73.818307669800035, 40.874619063922076 ], [ -73.818262648863893, 40.874470565315761 ] ] ], [ [ [ -73.818006129664724, 40.874017335384259 ], [ -73.817999093210588, 40.874001017317731 ], [ -73.817995823918139, 40.873993145482864 ], [ -73.818006129664724, 40.874017335384259 ] ] ], [ [ [ -73.816084485071556, 40.884107124395904 ], [ -73.817063202805144, 40.88128424127207 ], [ -73.8170641678594, 40.881284069007421 ], [ -73.818087955079619, 40.878316919609169 ], [ -73.818086976346819, 40.878316904559128 ], [ -73.818501035627961, 40.877060918436293 ], [ -73.818548037333045, 40.876874392055164 ], [ -73.81858716654493, 40.876686820412807 ], [ -73.818618378905072, 40.876498397052529 ], [ -73.818641644300158, 40.876309312836959 ], [ -73.818656937358355, 40.876119760435628 ], [ -73.818664243380951, 40.875929934334174 ], [ -73.818663558351631, 40.875740027232403 ], [ -73.818662955346724, 40.875741457162718 ], [ -73.818669316812404, 40.875461646347105 ], [ -73.818670122077435, 40.875003241691047 ], [ -73.81867120713062, 40.8750029687466 ], [ -73.818686660791869, 40.874492914268423 ], [ -73.81870198006267, 40.874250039341646 ], [ -73.818711086064653, 40.874038211633291 ], [ -73.818713019204395, 40.874038415479347 ], [ -73.818725956809899, 40.873885376854034 ], [ -73.818730149227733, 40.873835774556383 ], [ -73.818771107024503, 40.873351209663888 ], [ -73.818781455301277, 40.873214043484708 ], [ -73.818781820768976, 40.873214011640982 ], [ -73.81880093256926, 40.873016197714577 ], [ -73.818914547964525, 40.872997440553867 ], [ -73.819025966099815, 40.872972208914831 ], [ -73.819134548330723, 40.872940644980844 ], [ -73.819239668957948, 40.87290293057918 ], [ -73.819340727103423, 40.872859282697121 ], [ -73.819437141962908, 40.872809954374574 ], [ -73.819528358767855, 40.872755223907369 ], [ -73.819613854680043, 40.872695408363384 ], [ -73.8196931400078, 40.872630852778194 ], [ -73.819765758222985, 40.8725619238513 ], [ -73.81983129186554, 40.872489019860424 ], [ -73.819889366133964, 40.872412558960356 ], [ -73.819939647698519, 40.872332979180683 ], [ -73.819981847070849, 40.872250739329751 ], [ -73.82001572218924, 40.872166309094553 ], [ -73.820041078402866, 40.872080174443361 ], [ -73.820057772052152, 40.871992829526626 ], [ -73.820065704536191, 40.871904776667812 ], [ -73.820065063661559, 40.87190444338767 ], [ -73.820070107462342, 40.871807213630802 ], [ -73.820065869896126, 40.871709961296006 ], [ -73.820052372160944, 40.871613196993053 ], [ -73.820029687659655, 40.871517427809152 ], [ -73.81999793251326, 40.871423155493041 ], [ -73.819957276244011, 40.871330873770333 ], [ -73.819907928725286, 40.871241068323428 ], [ -73.819850150881493, 40.871154207803478 ], [ -73.819806728789516, 40.871093380330677 ], [ -73.819770227266744, 40.871029988247692 ], [ -73.81974090011731, 40.870964484003565 ], [ -73.81971896077043, 40.870897334391167 ], [ -73.819704563303134, 40.870829019616615 ], [ -73.819697810764751, 40.870760026108591 ], [ -73.819698753993606, 40.870690845615535 ], [ -73.8197073833215, 40.870621972491328 ], [ -73.819723639265518, 40.870553898309147 ], [ -73.819722947645928, 40.870553473097729 ], [ -73.819728608656234, 40.870536769741882 ], [ -73.81973019294, 40.870537410664497 ], [ -73.819766314550932, 40.870459002864038 ], [ -73.819807645594182, 40.870382091696563 ], [ -73.819854076380736, 40.870306875993784 ], [ -73.819905487743398, 40.870233550969957 ], [ -73.819982882565753, 40.870131299485706 ], [ -73.821843149341305, 40.871049241318005 ], [ -73.821977345789946, 40.874803382698374 ], [ -73.820709685539541, 40.879251931560781 ], [ -73.820549221636952, 40.879904565375888 ], [ -73.820418444645043, 40.880336851388421 ], [ -73.820166813936666, 40.881811039338963 ], [ -73.819939419300596, 40.88304242140493 ], [ -73.819938045312412, 40.883043315247221 ], [ -73.819872197380036, 40.883086100954024 ], [ -73.819819920382386, 40.883106968313982 ], [ -73.819761911413025, 40.883120856019723 ], [ -73.819723933739766, 40.883140430952544 ], [ -73.819681287547709, 40.883153334065746 ], [ -73.819608435519271, 40.883164210683844 ], [ -73.819569788925406, 40.883169676571079 ], [ -73.81951199336072, 40.883184895406451 ], [ -73.819483616107888, 40.883195901818802 ], [ -73.819468172265616, 40.883203122091061 ], [ -73.819456143670465, 40.883208824978048 ], [ -73.819443746184334, 40.883214051828915 ], [ -73.819270177289326, 40.883259414214322 ], [ -73.81916826515959, 40.883288841028993 ], [ -73.819043210241304, 40.883329737009824 ], [ -73.819011723569972, 40.883349715398126 ], [ -73.818975619920153, 40.883385946652254 ], [ -73.818932268446503, 40.883420707733883 ], [ -73.818888956765832, 40.883448684583335 ], [ -73.818859378319388, 40.883468493930813 ], [ -73.818843810242058, 40.883491649864212 ], [ -73.81883982874605, 40.883519824393218 ], [ -73.818849499654945, 40.883546435491191 ], [ -73.81887388084975, 40.883603015408767 ], [ -73.818802650474822, 40.883626387436244 ], [ -73.818756507970633, 40.883557191712605 ], [ -73.818738100472274, 40.883562978158224 ], [ -73.818721854957047, 40.88357173420475 ], [ -73.818578835694211, 40.883664414654866 ], [ -73.818538317632189, 40.883683790698043 ], [ -73.81847884131804, 40.883697270231956 ], [ -73.818434147477163, 40.883702049061185 ], [ -73.818398398565634, 40.883710738359873 ], [ -73.818355467799051, 40.883716397908664 ], [ -73.818313331198368, 40.883717999290894 ], [ -73.818273504221935, 40.883718903714481 ], [ -73.818163573893315, 40.883733559816136 ], [ -73.818052555088087, 40.883742298790395 ], [ -73.818012044957257, 40.883762604865687 ], [ -73.817976815843153, 40.883767753233442 ], [ -73.817941252844491, 40.883777841141985 ], [ -73.817904890271748, 40.883794378875344 ], [ -73.817880989842067, 40.883809886292688 ], [ -73.817858517045451, 40.883823553559218 ], [ -73.817832312285816, 40.883832617939035 ], [ -73.817802401958076, 40.883841303661391 ], [ -73.817774135103804, 40.883851218435609 ], [ -73.817745839475364, 40.883862970153331 ], [ -73.817719787476221, 40.883875593478045 ], [ -73.817687110378913, 40.883884652105444 ], [ -73.817653893176129, 40.88389250141519 ], [ -73.817576412692475, 40.883904671544471 ], [ -73.817554721086154, 40.883908618316234 ], [ -73.817532467580449, 40.883909788891117 ], [ -73.817481051652095, 40.883915143842387 ], [ -73.81743424624112, 40.883926614975394 ], [ -73.817386514844841, 40.88394604493967 ], [ -73.817349689548337, 40.883968109862657 ], [ -73.817278657490903, 40.884025184733957 ], [ -73.817224180590188, 40.884058916310451 ], [ -73.817160329626788, 40.884081250841554 ], [ -73.817085527726832, 40.884095223159385 ], [ -73.817054814110733, 40.884100823242989 ], [ -73.817022705578793, 40.884102395024513 ], [ -73.816991425863264, 40.884099853780995 ], [ -73.816960361757467, 40.88409312470052 ], [ -73.816855638512664, 40.884058081769098 ], [ -73.816820436735213, 40.884051066033393 ], [ -73.816781264804746, 40.884053145218545 ], [ -73.816744093269193, 40.884065566971501 ], [ -73.816718244600779, 40.884083527586249 ], [ -73.816652361369179, 40.884139276625049 ], [ -73.816618873888416, 40.884167163770222 ], [ -73.81658918373553, 40.884197427024667 ], [ -73.816471852758767, 40.884314119373215 ], [ -73.816436717256806, 40.884350531466822 ], [ -73.816421326408872, 40.884370568962908 ], [ -73.816412415756645, 40.884390344817028 ], [ -73.816408555926742, 40.88441058975453 ], [ -73.816410258634463, 40.88443419245511 ], [ -73.816422823982606, 40.884447406392852 ], [ -73.816442886966911, 40.884457997425038 ], [ -73.816465750307657, 40.884462497502859 ], [ -73.816487963190724, 40.884461073131227 ], [ -73.816538887858329, 40.884457208148966 ], [ -73.816559652964841, 40.884458880942297 ], [ -73.816577506131594, 40.884467100155213 ], [ -73.816602930663024, 40.884494139890883 ], [ -73.816621700889598, 40.884538535861729 ], [ -73.816622757307826, 40.884557736846453 ], [ -73.816611724939278, 40.884575033902614 ], [ -73.816559659632446, 40.884619436176635 ], [ -73.816497679532944, 40.88465577230091 ], [ -73.816529801266569, 40.884686922621242 ], [ -73.816730687088935, 40.884564826722816 ], [ -73.817982320390385, 40.885778847903254 ], [ -73.81871807658483, 40.885350306525304 ], [ -73.819150239125548, 40.885756155383859 ], [ -73.817004627303604, 40.886274323518798 ], [ -73.816070563784578, 40.886456470816668 ], [ -73.815957877593547, 40.886483718250453 ], [ -73.815843330181821, 40.886506054946359 ], [ -73.815727294346559, 40.886523408554545 ], [ -73.815632502659128, 40.886533770376069 ], [ -73.815537182667001, 40.886540806674603 ], [ -73.815441537326663, 40.8865445015646 ], [ -73.815528937895408, 40.886132270096589 ], [ -73.815566682724011, 40.885931664801227 ], [ -73.815683090844459, 40.88547967795315 ], [ -73.815800351571482, 40.885067552415052 ], [ -73.815917184311843, 40.884635495543556 ], [ -73.816024960951836, 40.884271332599276 ], [ -73.816080672778384, 40.884108011605335 ], [ -73.816084485071556, 40.884107124395904 ] ] ], [ [ [ -73.815343440812669, 40.885810815384396 ], [ -73.81526056143619, 40.886160693390607 ], [ -73.815197439835501, 40.886457072554649 ], [ -73.815179087792146, 40.886543234258774 ], [ -73.815169681516807, 40.886587398927823 ], [ -73.815048844298531, 40.886604867532348 ], [ -73.814926994845621, 40.886617666258772 ], [ -73.814804447712959, 40.886625760489565 ], [ -73.814750170736033, 40.886627833660334 ], [ -73.81437355330668, 40.886642210907141 ], [ -73.814385577204447, 40.886649618745786 ], [ -73.81414013787105, 40.886654594299465 ], [ -73.813894614715977, 40.886655166711364 ], [ -73.814002209248059, 40.886627554692055 ], [ -73.814107006132986, 40.886594317221963 ], [ -73.81420849586452, 40.88655561827786 ], [ -73.81430618667541, 40.886511644378608 ], [ -73.814399599778739, 40.886462609080034 ], [ -73.814488282415667, 40.886408754796385 ], [ -73.814571803149349, 40.886350338384872 ], [ -73.814649755382163, 40.886287646459195 ], [ -73.814721763315987, 40.886220985493651 ], [ -73.814787470104548, 40.886150675500289 ], [ -73.814846562737671, 40.88607706177492 ], [ -73.815753386961291, 40.884152670707898 ], [ -73.81580392423821, 40.88415751495306 ], [ -73.815679298086707, 40.884566661691146 ], [ -73.815502936527338, 40.885162926232574 ], [ -73.815343440812669, 40.885810815384396 ] ] ], [ [ [ -73.815527593476389, 40.88757629815597 ], [ -73.815489854436635, 40.887535460154808 ], [ -73.815458677324841, 40.887491549362721 ], [ -73.815434486426341, 40.887445170690597 ], [ -73.815417618130567, 40.887396960424979 ], [ -73.815408304325345, 40.887347584400267 ], [ -73.815399682298136, 40.887070882270109 ], [ -73.815392120219329, 40.886848339853593 ], [ -73.815691604996104, 40.886806100220845 ], [ -73.815767207945868, 40.886794999941053 ], [ -73.815844026565301, 40.886790937962346 ], [ -73.815920927564434, 40.886793973708144 ], [ -73.815996776756435, 40.886804062146737 ], [ -73.816070453298821, 40.88682105201304 ], [ -73.816140875766195, 40.886844696655942 ], [ -73.816207000984249, 40.8868746459314 ], [ -73.816267853662382, 40.886910457055286 ], [ -73.816322538235738, 40.886951602725816 ], [ -73.816360395129635, 40.886990218242779 ], [ -73.816388461305976, 40.887032041018138 ], [ -73.816400302095687, 40.88705301149983 ], [ -73.81642523899788, 40.887108727414542 ], [ -73.816441840311114, 40.887166203127776 ], [ -73.816449899147017, 40.887224726928778 ], [ -73.816449315459181, 40.887283567464337 ], [ -73.816440098370336, 40.887341990851432 ], [ -73.816432844444549, 40.887384291427267 ], [ -73.816420325365868, 40.887425876745631 ], [ -73.816407416624742, 40.887473642389388 ], [ -73.816386114286814, 40.887519644131523 ], [ -73.816356811047896, 40.887563037034504 ], [ -73.816320046611352, 40.887603023218567 ], [ -73.816276494584542, 40.887638870751971 ], [ -73.81622695416138, 40.887669918140766 ], [ -73.816172338192018, 40.887695597722981 ], [ -73.816113647073479, 40.88771543742876 ], [ -73.81605196041555, 40.887729070673061 ], [ -73.815988412087265, 40.887736248923126 ], [ -73.815924166491513, 40.887736838959803 ], [ -73.815860406675611, 40.887730830962752 ], [ -73.815798303486602, 40.887718335760368 ], [ -73.815738996594391, 40.887699581196863 ], [ -73.815683576689821, 40.887674913004432 ], [ -73.815678068395172, 40.887672019946685 ], [ -73.815674573974007, 40.887675016592013 ], [ -73.815620593239458, 40.88764655961463 ], [ -73.815571375110338, 40.887613501526239 ], [ -73.815527593476389, 40.88757629815597 ] ] ], [ [ [ -73.815391208186682, 40.887546795347419 ], [ -73.815421080286214, 40.887597891762447 ], [ -73.815459339965827, 40.887645659869996 ], [ -73.815505349866626, 40.887689312517388 ], [ -73.815558352593584, 40.887728129896161 ], [ -73.815617474244803, 40.887761470354079 ], [ -73.815681739794357, 40.887788785728993 ], [ -73.815750088510541, 40.887809624075373 ], [ -73.815821392907026, 40.887823642302259 ], [ -73.815894477721343, 40.887830608905425 ], [ -73.815968135329584, 40.887830408494622 ], [ -73.816041150656034, 40.887823045435809 ], [ -73.816112320169822, 40.88780864027904 ], [ -73.816180470869512, 40.887787430689414 ], [ -73.81620387173237, 40.887775168194338 ], [ -73.816265012141798, 40.887746668750928 ], [ -73.816321878469637, 40.887713459227278 ], [ -73.816373843184607, 40.887675909632115 ], [ -73.816420330858975, 40.887634429679153 ], [ -73.816460832377103, 40.887589479614959 ], [ -73.816494900231589, 40.887541554903045 ], [ -73.816522156838715, 40.887491182634399 ], [ -73.816542304037554, 40.887438918841269 ], [ -73.81655511836567, 40.887385340384732 ], [ -73.816570243139893, 40.88731877156166 ], [ -73.816576955034549, 40.887251413146778 ], [ -73.816575194252152, 40.88718387467658 ], [ -73.816564975735574, 40.88711677030701 ], [ -73.816546391567414, 40.887050708911737 ], [ -73.816548599055892, 40.887059554308649 ], [ -73.816546098476323, 40.887049853883134 ], [ -73.816529561881978, 40.887001150837577 ], [ -73.816505627194587, 40.886953306799931 ], [ -73.816474880174923, 40.886907758974878 ], [ -73.816437696616873, 40.886865064455975 ], [ -73.816394531903256, 40.886825746244384 ], [ -73.816345911540353, 40.886790283328551 ], [ -73.816292432344227, 40.886759110686619 ], [ -73.816234743488508, 40.886732607550279 ], [ -73.816432401204992, 40.88669270178616 ], [ -73.81662908479808, 40.88665011878701 ], [ -73.816790935525873, 40.886612893000432 ], [ -73.816952042355055, 40.88657385492634 ], [ -73.816562892289525, 40.889198407689051 ], [ -73.8165605414559, 40.88920450205309 ], [ -73.816557111898433, 40.889211068359096 ], [ -73.816548868989472, 40.889222134854613 ], [ -73.816537985396778, 40.889232101259402 ], [ -73.816527587343941, 40.889238975261023 ], [ -73.816518559062388, 40.889243536286237 ], [ -73.816510638188731, 40.889246690708973 ], [ -73.816503426923589, 40.889248974587581 ], [ -73.816497162141474, 40.889250548585402 ], [ -73.816492550866911, 40.889251478661762 ], [ -73.816488719999839, 40.889252111917401 ], [ -73.816194782799272, 40.88928186908916 ], [ -73.815703964600203, 40.889159083954219 ], [ -73.815453543372811, 40.889096436764454 ], [ -73.815439624903817, 40.88909295483834 ], [ -73.815397646243596, 40.888818505606665 ], [ -73.815364742464865, 40.888543343267777 ], [ -73.815340941450771, 40.888267641668122 ], [ -73.815326252098274, 40.887991574621779 ], [ -73.815320684497934, 40.887715313241181 ], [ -73.815324242789359, 40.887439034930473 ], [ -73.815358432603944, 40.887438035156819 ], [ -73.815370207790139, 40.887493216963662 ], [ -73.815391208186682, 40.887546795347419 ] ] ], [ [ [ -73.811184146515231, 40.863588441553901 ], [ -73.811162346400081, 40.863580586008361 ], [ -73.811140528411272, 40.863572761046157 ], [ -73.811118688982731, 40.863564969362912 ], [ -73.811096830494392, 40.863557208261021 ], [ -73.811074952943613, 40.863549478640984 ], [ -73.811053055141713, 40.863541781401274 ], [ -73.811031139460894, 40.863534116545821 ], [ -73.811009203531469, 40.863526483170261 ], [ -73.810987247350852, 40.863518882174994 ], [ -73.810965273291274, 40.863511313563954 ], [ -73.8109432801742, 40.863503774633685 ], [ -73.810921266798218, 40.86349627078522 ], [ -73.810899235550849, 40.863488796619464 ], [ -73.81087718642442, 40.863481354837845 ], [ -73.810855117044028, 40.863473946337024 ], [ -73.810833029789706, 40.863466568419334 ], [ -73.8108109234675, 40.863459223784361 ], [ -73.810788798079955, 40.86345191153157 ], [ -73.81076665600196, 40.863444630764334 ], [ -73.810744493669887, 40.863437383277812 ], [ -73.810722314649794, 40.863430166376368 ], [ -73.810700116564291, 40.863422981857028 ], [ -73.810677900594371, 40.863415831522786 ], [ -73.810655666750208, 40.863408711771577 ], [ -73.810633415024142, 40.863401625304938 ], [ -73.810611145418648, 40.863394571222372 ], [ -73.810588857936324, 40.863387548623301 ], [ -73.81056655257197, 40.863380559308766 ], [ -73.810544229325558, 40.86337360327876 ], [ -73.810521889390941, 40.863366677833682 ], [ -73.810499531574195, 40.863359785673126 ], [ -73.810477157064042, 40.863352925898468 ], [ -73.810454764671704, 40.863346099408275 ], [ -73.810432354399779, 40.863339305302063 ], [ -73.810409928620459, 40.863332543583702 ], [ -73.810387484961439, 40.863325814249286 ], [ -73.810365023420189, 40.863319118199279 ], [ -73.810342546371444, 40.863312454537102 ], [ -73.810320052631639, 40.863305822360289 ], [ -73.81029754100696, 40.863299224368376 ], [ -73.810275013872072, 40.863292659664751 ], [ -73.810252470048638, 40.863286125545962 ], [ -73.810229909523741, 40.863279626514441 ], [ -73.81020733230767, 40.863273158968255 ], [ -73.810150337216825, 40.86325758845237 ], [ -73.810093327824134, 40.863242051202825 ], [ -73.81003630295362, 40.863226543615824 ], [ -73.809979263788833, 40.863211066593671 ], [ -73.809922210321972, 40.863195622837921 ], [ -73.809865141377074, 40.863180208744545 ], [ -73.809808058127402, 40.863164828817993 ], [ -73.809750959399594, 40.863149478553829 ], [ -73.809693846377115, 40.86313415885445 ], [ -73.809636719054794, 40.863118871520854 ], [ -73.809579577429929, 40.863103617453426 ], [ -73.80952242032923, 40.863088392147851 ], [ -73.809465248925875, 40.863073200108431 ], [ -73.809408063224936, 40.863058039534174 ], [ -73.809350863228957, 40.863042909524587 ], [ -73.809293647749058, 40.863027810978224 ], [ -73.809236420338493, 40.863012745701859 ], [ -73.809179176262944, 40.862997710085686 ], [ -73.809121919073007, 40.862982706837016 ], [ -73.809064646396337, 40.862967735951983 ], [ -73.809007358235519, 40.862952796529989 ], [ -73.808950059337405, 40.862937887678406 ], [ -73.808905595276556, 40.862926341780863 ], [ -73.808861121680152, 40.86291481746219 ], [ -73.808859097840227, 40.862917405724872 ], [ -73.808784093696815, 40.862900478272572 ], [ -73.808709101551145, 40.862883516572602 ], [ -73.808634123775477, 40.862866520628934 ], [ -73.808559157992633, 40.862849492238617 ], [ -73.808484206574832, 40.862832431405671 ], [ -73.808409267155184, 40.862815336325099 ], [ -73.808334342103436, 40.862798207901413 ], [ -73.808259429047439, 40.862781046130678 ], [ -73.808184530356897, 40.862763851917407 ], [ -73.808109644851044, 40.862746623458612 ], [ -73.808034771338669, 40.862729362553353 ], [ -73.807959912194661, 40.862712068305122 ], [ -73.807885066233055, 40.862694740711909 ], [ -73.807810232265169, 40.862677380672324 ], [ -73.807735415043439, 40.862659985492812 ], [ -73.807660608629533, 40.862642557865016 ], [ -73.807585816581977, 40.862625097794776 ], [ -73.807511036531153, 40.862607604377807 ], [ -73.807436273224255, 40.862590076721467 ], [ -73.80736151953954, 40.862572516614946 ], [ -73.807286781407569, 40.862554924068164 ], [ -73.807212057645017, 40.862537298178609 ], [ -73.807137345882367, 40.862519638041931 ], [ -73.807062649672858, 40.862501945465077 ], [ -73.806987966644272, 40.862484220444067 ], [ -73.80691329443242, 40.862466460273488 ], [ -73.80683863895743, 40.862448668565264 ], [ -73.80676399666639, 40.862430843512513 ], [ -73.806689367561944, 40.86241298421475 ], [ -73.806614751636346, 40.862395093373458 ], [ -73.806540151272401, 40.862377167390726 ], [ -73.806465564087503, 40.862359209864479 ], [ -73.806390991273119, 40.862341218995823 ], [ -73.806390958085885, 40.862341210835737 ], [ -73.806371597382309, 40.862336275168325 ], [ -73.806352252205755, 40.862331303504078 ], [ -73.806332921362426, 40.862326298542399 ], [ -73.80631360603833, 40.86232126028537 ], [ -73.806294307422235, 40.862316187834423 ], [ -73.806275023144622, 40.862311080285117 ], [ -73.80625575438637, 40.862305939440454 ], [ -73.8062364999614, 40.8623007652984 ], [ -73.806217263433268, 40.862295556064069 ], [ -73.806198041235803, 40.862290314432869 ], [ -73.806178836935246, 40.862285037709292 ], [ -73.806159648154178, 40.862279727690357 ], [ -73.806140474892615, 40.862274384376136 ], [ -73.806121319525445, 40.862269006870122 ], [ -73.80610217968038, 40.862263595168265 ], [ -73.806083057724507, 40.862258151075594 ], [ -73.806063950104729, 40.862252672785139 ], [ -73.806044859193278, 40.862247160300889 ], [ -73.806025787359857, 40.862241614527342 ], [ -73.806006731043425, 40.862236036359036 ], [ -73.805987692621557, 40.862230423998952 ], [ -73.805968670905486, 40.862224778345599 ], [ -73.805949665900528, 40.862219097598064 ], [ -73.805930679971013, 40.862213384461704 ], [ -73.805911709558686, 40.862207638930634 ], [ -73.805892758229675, 40.862201858309334 ], [ -73.805873823604031, 40.862196045295292 ], [ -73.805854908053945, 40.862190199892552 ], [ -73.805836010401165, 40.86218431939762 ], [ -73.805817128265687, 40.862178406507994 ], [ -73.805798266391918, 40.86217246123163 ], [ -73.805779422415597, 40.862166480863145 ], [ -73.805760596326152, 40.862160469004444 ], [ -73.805741789317679, 40.862154422956039 ], [ -73.805723000198768, 40.862148344517038 ], [ -73.805704230158227, 40.862142232788891 ], [ -73.805685478007376, 40.862136088670056 ], [ -73.805666744937554, 40.862129910361617 ], [ -73.805648032126911, 40.862123700567018 ], [ -73.805629337211315, 40.86211745658084 ], [ -73.805610661371531, 40.86211118020605 ], [ -73.805592004607618, 40.862104871442668 ], [ -73.805573366922189, 40.862098529390174 ], [ -73.805554749501425, 40.862092154050615 ], [ -73.805536151156559, 40.862085746322464 ], [ -73.805517573073772, 40.862079306207782 ], [ -73.80549901406691, 40.862072833704495 ], [ -73.80548047413869, 40.86206632791221 ], [ -73.805461955658686, 40.862059789735333 ], [ -73.805443456254693, 40.862053219169972 ], [ -73.805424977112835, 40.862046616218052 ], [ -73.805406518233184, 40.862039980879679 ], [ -73.80538807962094, 40.862033311353763 ], [ -73.805369661265701, 40.862026611242356 ], [ -73.805351263175325, 40.862019877843998 ], [ -73.805332886527992, 40.862013113862091 ], [ -73.805314530150838, 40.862006314792303 ], [ -73.805296194028074, 40.861999486037512 ], [ -73.805277879361654, 40.861992622196816 ], [ -73.805259586138376, 40.861985727772655 ], [ -73.805241313174875, 40.861978801862548 ], [ -73.805223061662389, 40.86197184266755 ], [ -73.805204831595788, 40.861964851988624 ], [ -73.805186622977743, 40.861957828925355 ], [ -73.805168435808142, 40.861950773477659 ], [ -73.805150271267991, 40.861943687448573 ], [ -73.80513212699293, 40.861936568132613 ], [ -73.805114004163826, 40.861929417332803 ], [ -73.805095903964087, 40.86192223595166 ], [ -73.805077826404428, 40.861915020387173 ], [ -73.805059770285411, 40.861907775139855 ], [ -73.805041735620421, 40.861900495707211 ], [ -73.805023723584853, 40.861893185693276 ], [ -73.805005734176234, 40.861885845998486 ], [ -73.80498776741031, 40.861878471219981 ], [ -73.804969823271307, 40.861871066760671 ], [ -73.804951901764525, 40.861863630819613 ], [ -73.804934002887308, 40.861856164297251 ], [ -73.804916126647626, 40.861848664492157 ], [ -73.804898273040237, 40.86184113320536 ], [ -73.804880443248564, 40.861833571339297 ], [ -73.804862636089155, 40.861825977991522 ], [ -73.804844852748218, 40.86181835316409 ], [ -73.80482709203693, 40.861810697755395 ], [ -73.80480935514673, 40.861803009966572 ], [ -73.804791642072345, 40.861795291598533 ], [ -73.804773951630366, 40.861787541748861 ], [ -73.804756286190312, 40.861779761322005 ], [ -73.804738643380034, 40.861771950314008 ], [ -73.804721024390943, 40.861764106925904 ], [ -73.804703430403819, 40.861756232960694 ], [ -73.804685860229966, 40.861748329316825 ], [ -73.804668313874686, 40.861740394193411 ], [ -73.804650791338005, 40.861732427590368 ], [ -73.804633293806049, 40.861724429509778 ], [ -73.804615821273458, 40.861716401752616 ], [ -73.80459837255691, 40.861708343416375 ], [ -73.804580948842442, 40.861700254503127 ], [ -73.804563548949289, 40.861692133209836 ], [ -73.804546175239039, 40.861683983142548 ], [ -73.804528825347532, 40.861675801595737 ], [ -73.804511501641599, 40.86166759037441 ], [ -73.804494201751751, 40.861659348574101 ], [ -73.80447692805285, 40.861651075298298 ], [ -73.804459679353485, 40.861642772346052 ], [ -73.804434445331722, 40.861629810217934 ], [ -73.804409236317738, 40.861616817509919 ], [ -73.804384054678366, 40.861603796026976 ], [ -73.804358898044171, 40.861590744864664 ], [ -73.804333768782016, 40.861577665828015 ], [ -73.804308664524996, 40.861564557111997 ], [ -73.804283587642729, 40.861551419621144 ], [ -73.804258536949163, 40.86153825335348 ], [ -73.804233512446871, 40.861525057408535 ], [ -73.804208514130579, 40.861511833587279 ], [ -73.804183543191797, 40.86149858009081 ], [ -73.804158598439045, 40.861485298718058 ], [ -73.804133679880294, 40.86147198676759 ], [ -73.804108788693796, 40.861458646942921 ], [ -73.80408392487945, 40.861445279244101 ], [ -73.804059087259276, 40.861431880967565 ], [ -73.804034275825174, 40.861418454814888 ], [ -73.804009491763367, 40.861405000788061 ], [ -73.803984735079084, 40.861391517086112 ], [ -73.803960005769724, 40.86137800460962 ], [ -73.803935303832745, 40.861364464258997 ], [ -73.803910628084608, 40.861350895131793 ], [ -73.803885979708753, 40.861337298130515 ], [ -73.803861358707934, 40.861323672354757 ], [ -73.803836765084739, 40.861310016903943 ], [ -73.803812200020047, 40.861296333581194 ], [ -73.803787661141612, 40.861282622382411 ], [ -73.803763149635643, 40.861268883309663 ], [ -73.80373866669342, 40.86125511456401 ], [ -73.803714211120948, 40.861241318844854 ], [ -73.803689782923612, 40.861227494351375 ], [ -73.803665383287495, 40.861213641085456 ], [ -73.803641009837719, 40.861199759943702 ], [ -73.803616666132569, 40.86118585093206 ], [ -73.803592348613861, 40.861171914044576 ], [ -73.803568060842494, 40.861157948386797 ], [ -73.803543800443606, 40.861143954855223 ], [ -73.803519566231202, 40.86112993344782 ], [ -73.80349536294959, 40.861115884172698 ], [ -73.803471187043186, 40.861101806123322 ], [ -73.803447039692784, 40.861087701102718 ], [ -73.803422919714961, 40.861073568208347 ], [ -73.803398828298469, 40.861059406541834 ], [ -73.803374765437994, 40.861045217904149 ], [ -73.803350732322315, 40.861031001396789 ], [ -73.803326726581886, 40.861016756115291 ], [ -73.803302749397574, 40.861002483862684 ], [ -73.803278800771963, 40.860988183738478 ], [ -73.80327603007072, 40.860985781003635 ], [ -73.803273224909475, 40.860983399821762 ], [ -73.803270388843814, 40.860981041099407 ], [ -73.803267520687712, 40.860978704834629 ], [ -73.80326462044107, 40.860976391027307 ], [ -73.803261686915192, 40.86097410057598 ], [ -73.803258724854359, 40.86097183348874 ], [ -73.803255730700442, 40.860969589759492 ], [ -73.803252705636751, 40.860967370290744 ], [ -73.803249650849381, 40.860965175084473 ], [ -73.80324656515225, 40.860963004138746 ], [ -73.803243450920263, 40.860960856557064 ], [ -73.803240306961854, 40.860958734138393 ], [ -73.803236457384727, 40.860955375040952 ], [ -73.803232643459523, 40.860951992591396 ], [ -73.803228865186341, 40.860948586789739 ], [ -73.803225122565095, 40.860945157635925 ], [ -73.803221417965347, 40.860941706034524 ], [ -73.803217749014891, 40.8609382319815 ], [ -73.803214118085918, 40.860934735480917 ], [ -73.803210523992306, 40.860931216530759 ], [ -73.803206966728737, 40.860927676931951 ], [ -73.803203448672704, 40.860924114887609 ], [ -73.803199966265964, 40.860920530391631 ], [ -73.803196523058759, 40.860916926151589 ], [ -73.803193120245155, 40.860913299468066 ], [ -73.80318975425628, 40.860909653936915 ], [ -73.80318642747487, 40.860905985960223 ], [ -73.803183139893008, 40.860902298239473 ], [ -73.803179891510695, 40.860898590774639 ], [ -73.803176681141736, 40.860894863563765 ], [ -73.8031735123418, 40.860891117513368 ], [ -73.803170382741428, 40.860887351718929 ], [ -73.803167293526585, 40.860883566182423 ], [ -73.803164244691942, 40.860879762704947 ], [ -73.803161236240243, 40.86087594038591 ], [ -73.803158268166129, 40.860872101026338 ], [ -73.803155341666326, 40.860868241026267 ], [ -73.803152455541337, 40.860864364886147 ], [ -73.803149610982686, 40.860860470807026 ], [ -73.803146806801564, 40.860856559687406 ], [ -73.803144045370203, 40.86085263153128 ], [ -73.803141326688433, 40.86084868633867 ], [ -73.803138649570343, 40.860844724107544 ], [ -73.803136014007848, 40.860840747539399 ], [ -73.803133420011577, 40.860836753032224 ], [ -73.803130868759652, 40.860832743289627 ], [ -73.803128361438127, 40.860828718313499 ], [ -73.803125895677539, 40.860824677199382 ], [ -73.803123473842007, 40.860820622652824 ], [ -73.803121095936874, 40.860816552872762 ], [ -73.803118759589907, 40.860812467855233 ], [ -73.803116467168053, 40.860808369405156 ], [ -73.803114218673841, 40.86080425662216 ], [ -73.803112014104698, 40.860800130406687 ], [ -73.803109853460569, 40.860795990758739 ], [ -73.803107735552672, 40.86079183857678 ], [ -73.803105663942006, 40.860787672966396 ], [ -73.803103636253596, 40.860783494824041 ], [ -73.803101652487527, 40.860779304149709 ], [ -73.803099712641142, 40.860775101843899 ], [ -73.803097817900465, 40.860770887908615 ], [ -73.803095968265481, 40.860766662343927 ], [ -73.803094163733576, 40.860762426050194 ], [ -73.803092403121269, 40.860758178125032 ], [ -73.803090688795365, 40.860753920373405 ], [ -73.803089019572511, 40.860749651892817 ], [ -73.80308739545265, 40.860745372683283 ], [ -73.803085817613862, 40.860741085448261 ], [ -73.803084284880782, 40.860736786583821 ], [ -73.803082797245267, 40.860732478791405 ], [ -73.803081354704815, 40.860728162971441 ], [ -73.80307995963409, 40.860723838227599 ], [ -73.803078612033147, 40.86071950455981 ], [ -73.803077308341059, 40.860715162862576 ], [ -73.803076050927345, 40.860710814040324 ], [ -73.803074839794661, 40.86070645719262 ], [ -73.803073674940265, 40.860702093219956 ], [ -73.803072557550252, 40.860697722124307 ], [ -73.803071485252531, 40.860693343901715 ], [ -73.803070460416521, 40.860688959456667 ], [ -73.803069480667375, 40.860684569685588 ], [ -73.803068549565964, 40.860680173694107 ], [ -73.803067664740212, 40.860675771478164 ], [ -73.803066826184732, 40.86067136483868 ], [ -73.803066033902127, 40.86066695287527 ], [ -73.803065289078589, 40.860662535589888 ], [ -73.803064592894685, 40.860658114785515 ], [ -73.803063941794989, 40.86065368955564 ], [ -73.803063338151645, 40.860649259904328 ], [ -73.803062781959184, 40.86064482763252 ], [ -73.803062270848187, 40.860640391835652 ], [ -73.803061809562948, 40.860635952521875 ], [ -73.803061394542567, 40.860631510585598 ], [ -73.803061025784359, 40.860627066927321 ], [ -73.803060705663142, 40.860622620650489 ], [ -73.803060431804099, 40.860618172651705 ], [ -73.803060205390565, 40.860613723833396 ], [ -73.803060026427971, 40.860609272394612 ], [ -73.803059894908188, 40.860604821036794 ], [ -73.803059810833929, 40.860600368859451 ], [ -73.803060390247168, 40.860592553575472 ], [ -73.803060923408822, 40.860584736411568 ], [ -73.803061412688407, 40.860576918272258 ], [ -73.803061855719093, 40.860569097352453 ], [ -73.803062253679059, 40.860561276355753 ], [ -73.803062607759585, 40.86055345348317 ], [ -73.803062916772078, 40.860545629633144 ], [ -73.803063180719164, 40.860537803905196 ], [ -73.803063399595587, 40.860529978100331 ], [ -73.803063572215208, 40.860522152216454 ], [ -73.803063700952862, 40.860514325357187 ], [ -73.803063784619894, 40.860506498421032 ], [ -73.803063822032811, 40.860498670505343 ], [ -73.803063815558559, 40.860490843415306 ], [ -73.803063762830206, 40.860483015345736 ], [ -73.803063665028674, 40.860475188099777 ], [ -73.803063524525996, 40.860467361681359 ], [ -73.803063335394512, 40.860459535179984 ], [ -73.803063103559268, 40.860451710406657 ], [ -73.803062826653559, 40.860443885556393 ], [ -73.803062503488519, 40.860436061527622 ], [ -73.803062135247671, 40.860428239222919 ], [ -73.803061724305778, 40.860420417745779 ], [ -73.803061264729891, 40.860412597986638 ], [ -73.8030607624504, 40.860404779955587 ], [ -73.803060216281125, 40.860396963650565 ], [ -73.803059622663966, 40.86038914906549 ], [ -73.803058983971042, 40.860381336204497 ], [ -73.803058302571884, 40.860373525972044 ], [ -73.803057574908323, 40.860365718362097 ], [ -73.80305680098293, 40.860357912474115 ], [ -73.803055984348688, 40.860350110115213 ], [ -73.803055120266649, 40.860342309476323 ], [ -73.803054214661813, 40.860334512368425 ], [ -73.80305326160385, 40.860326718781522 ], [ -73.803052264653701, 40.860318927821183 ], [ -73.803051222622614, 40.860311140385811 ], [ -73.803051113841946, 40.860306620629132 ], [ -73.803050958802089, 40.860302101694003 ], [ -73.803050755128197, 40.860297584476804 ], [ -73.803050502822998, 40.860293068077112 ], [ -73.803050206628015, 40.860288553403464 ], [ -73.8030498606131, 40.860284040445734 ], [ -73.80304946951965, 40.860279530112564 ], [ -73.803049029789648, 40.86027502239785 ], [ -73.803048543797814, 40.860270516405123 ], [ -73.803048009164002, 40.860266014831787 ], [ -73.803047427079719, 40.86026151587896 ], [ -73.803046799914341, 40.860257020451158 ], [ -73.803046125293122, 40.860252529444757 ], [ -73.803045403216089, 40.860248042859794 ], [ -73.803044632497162, 40.860243560694315 ], [ -73.803043816694526, 40.860239082954244 ], [ -73.803042953436133, 40.860234609635711 ], [ -73.803042045088702, 40.860230142543564 ], [ -73.80304108809672, 40.860225680771364 ], [ -73.803040084829789, 40.860221225223569 ], [ -73.803039034101701, 40.860216775898209 ], [ -73.803037938284618, 40.860212332799307 ], [ -73.803036796189872, 40.860207896825351 ], [ -73.803035606634069, 40.860203467073767 ], [ -73.803034371983998, 40.860199045349624 ], [ -73.803033089870212, 40.860194630748374 ], [ -73.803031761473363, 40.860190225073026 ], [ -73.80303038679898, 40.860185826522603 ], [ -73.803028965841548, 40.860181436898038 ], [ -73.803027499789906, 40.860177055300916 ], [ -73.803025988638737, 40.860172683532184 ], [ -73.803024431204605, 40.860168320689368 ], [ -73.803022827487581, 40.86016396677239 ], [ -73.803021177482236, 40.860159623582291 ], [ -73.803019484749512, 40.860155290224625 ], [ -73.803017744545159, 40.860150966691315 ], [ -73.803015959236006, 40.860146654787329 ], [ -73.803014130013352, 40.860142352713815 ], [ -73.80301225449719, 40.86013806316808 ], [ -73.803010333881517, 40.860133783450728 ], [ -73.803008369344425, 40.860129516265268 ], [ -73.803006359699893, 40.860125261609653 ], [ -73.803004306136629, 40.860121018585382 ], [ -73.803002208651989, 40.860116788092981 ], [ -73.803000066057209, 40.860112571030882 ], [ -73.802997879541039, 40.86010836650069 ], [ -73.802995649100836, 40.860104175402753 ], [ -73.802993375922682, 40.860099997739255 ], [ -73.802991058820538, 40.860095833508076 ], [ -73.80298869660291, 40.860091684508163 ], [ -73.80298629046132, 40.860087548940569 ], [ -73.802983843948596, 40.860083428612405 ], [ -73.802981352323116, 40.860079322614972 ], [ -73.802978819140407, 40.860075231854928 ], [ -73.802976242025778, 40.86007115722866 ], [ -73.802973623353907, 40.860067097839725 ], [ -73.802970960750088, 40.860063054584565 ], [ -73.802968256586382, 40.86005902746723 ], [ -73.802965509676838, 40.860055016485703 ], [ -73.802962722390845, 40.860051022544503 ], [ -73.802959893545008, 40.860047044741151 ], [ -73.802957020761838, 40.860043084872487 ], [ -73.80295410878567, 40.860039142946675 ], [ -73.802951155247058, 40.86003521805916 ], [ -73.802948160143274, 40.860031311110411 ], [ -73.802942361130164, 40.860024217933152 ], [ -73.802936602497681, 40.860017106814716 ], [ -73.802930880684997, 40.860009978649515 ], [ -73.80292520044172, 40.860002831644685 ], [ -73.8029195570209, 40.859995666692562 ], [ -73.802913952791982, 40.859988484697787 ], [ -73.802908387757611, 40.85998128475989 ], [ -73.802902863101252, 40.859974067781238 ], [ -73.802897375267236, 40.859966832855413 ], [ -73.802891930180621, 40.859959581793476 ], [ -73.802886521916449, 40.859952312784372 ], [ -73.802881155213541, 40.859945027637089 ], [ -73.802875826516384, 40.859937725445135 ], [ -73.802870538194526, 40.859930407113076 ], [ -73.802865290250509, 40.859923071740361 ], [ -73.802860081498324, 40.859915719325045 ], [ -73.802854911932613, 40.859908351668054 ], [ -73.80284978392811, 40.859900967872939 ], [ -73.802844696301491, 40.859893567037254 ], [ -73.802839646675238, 40.859886150957905 ], [ -73.802834638607507, 40.859878719640967 ], [ -73.802829673287093, 40.859871272187981 ], [ -73.802824747153039, 40.859863809493397 ], [ -73.802819860208061, 40.859856330656662 ], [ -73.802815016004985, 40.859848837484911 ], [ -73.802810209804875, 40.85984132816899 ], [ -73.802805447532734, 40.859833804520093 ], [ -73.802800724444282, 40.859826266530064 ], [ -73.802796041730858, 40.859818712399999 ], [ -73.80279140175665, 40.859811144835383 ], [ -73.802782705391166, 40.859807996257111 ], [ -73.80277398876747, 40.859804880061247 ], [ -73.802765251882747, 40.85980179714835 ], [ -73.802756493556387, 40.859798745715324 ], [ -73.80274771734112, 40.859795727569306 ], [ -73.802738922050978, 40.859792742708166 ], [ -73.802730105316385, 40.859789790227495 ], [ -73.802721271881666, 40.85978687013526 ], [ -73.802712418185919, 40.85978398332594 ], [ -73.802703546601222, 40.859781129803551 ], [ -73.802694655941593, 40.859778309566124 ], [ -73.802685747395671, 40.859775521715065 ], [ -73.802676820960812, 40.859772767151 ], [ -73.802667879006378, 40.859770046778422 ], [ -73.802658917976956, 40.859767359690693 ], [ -73.802649937875202, 40.859764704987427 ], [ -73.802640942253831, 40.859762084475555 ], [ -73.802631931112884, 40.859759498155185 ], [ -73.802622902085631, 40.859756944221232 ], [ -73.802613855166626, 40.859754424474701 ], [ -73.802604793914128, 40.859751938921598 ], [ -73.802595717144655, 40.859749486659467 ], [ -73.802586623669541, 40.859747068586749 ], [ -73.802577514674695, 40.859744684705504 ], [ -73.802568388976894, 40.859742334113108 ], [ -73.802559251317533, 40.859740017718273 ], [ -73.802550095766478, 40.859737735510805 ], [ -73.802540928253819, 40.859735487500835 ], [ -73.802531744035392, 40.859733273680277 ], [ -73.802522547852774, 40.859731094957716 ], [ -73.802513336153098, 40.859728949526058 ], [ -73.80250411011977, 40.859726838287841 ], [ -73.802494870936073, 40.859724762145589 ], [ -73.802485619790787, 40.859722720200786 ], [ -73.802476353125726, 40.859720712447434 ], [ -73.802467076868481, 40.859718739796122 ], [ -73.802457786277458, 40.859716801338223 ], [ -73.802448482536079, 40.859714897976232 ], [ -73.802439168016392, 40.859713029714278 ], [ -73.802429839165626, 40.859711194745231 ], [ -73.802420501905928, 40.859709395780726 ], [ -73.802411150312452, 40.859707631009599 ], [ -73.802401789126691, 40.859705901340575 ], [ -73.80239241597647, 40.859704206769422 ], [ -73.802383032047928, 40.859702547298305 ], [ -73.80237363615494, 40.859700922925072 ], [ -73.802364233044386, 40.859699332757451 ], [ -73.802354817966673, 40.85969777858827 ], [ -73.80234539211321, 40.859696258618605 ], [ -73.802335957850744, 40.859694774653406 ], [ -73.802326513995894, 40.859693325790211 ], [ -73.802317059362565, 40.85969191202701 ], [ -73.802307598694995, 40.859690533371861 ], [ -73.802298127248903, 40.859689189816692 ], [ -73.802288646210329, 40.85968788136352 ], [ -73.802279159134798, 40.859686608918913 ], [ -73.802269662466784, 40.859685371576255 ], [ -73.802260159761744, 40.85968417024224 ], [ -73.802250647466877, 40.859683003109673 ], [ -73.802241127946246, 40.859681872884124 ], [ -73.80223160239386, 40.859680776866142 ], [ -73.8022220684323, 40.859679716852696 ], [ -73.802212528433685, 40.859678692847773 ], [ -73.802205463042611, 40.859678303429178 ], [ -73.802198395172354, 40.859677950025556 ], [ -73.802191323636933, 40.859677632634899 ], [ -73.802184249624943, 40.859677350358858 ], [ -73.80217717431988, 40.859677104099781 ], [ -73.802170096535548, 40.859676893855728 ], [ -73.802163016272075, 40.859676719626705 ], [ -73.802155934715415, 40.859676581414725 ], [ -73.802148854240329, 40.859676478323337 ], [ -73.802141770099951, 40.859676411244962 ], [ -73.802134687035831, 40.859676381088164 ], [ -73.802127603867177, 40.859676386050005 ], [ -73.802120520594087, 40.859676426130385 ], [ -73.802113437211119, 40.859676503130373 ], [ -73.802106357279101, 40.859676616155525 ], [ -73.802099276056495, 40.859676764297234 ], [ -73.802092195912763, 40.859676948460034 ], [ -73.802085118033887, 40.859677168646016 ], [ -73.802078043605945, 40.859677424857153 ], [ -73.802070970259464, 40.859677716188941 ], [ -73.802063900363876, 40.859678043545905 ], [ -73.802056832733157, 40.859678406926015 ], [ -73.802049769739355, 40.859678806333363 ], [ -73.802042710196432, 40.859679241765875 ], [ -73.802035652921006, 40.859679712321068 ], [ -73.802028600282412, 40.85968021890347 ], [ -73.802021554655568, 40.859680760616719 ], [ -73.802014511293436, 40.859681338353056 ], [ -73.802007473754273, 40.85968195211872 ], [ -73.802000443226703, 40.859682601015166 ], [ -73.801993416149926, 40.859683285936782 ], [ -73.801986398456904, 40.85968400599328 ], [ -73.801979384214661, 40.859684762074991 ], [ -73.801972378170007, 40.859685553289587 ], [ -73.801965377950921, 40.859686379632905 ], [ -73.801958387112876, 40.859687242011603 ], [ -73.801951402100315, 40.859688139519122 ], [ -73.801944426471437, 40.859689072161487 ], [ -73.801937459037418, 40.859690040837187 ], [ -73.801930499803731, 40.859691043745308 ], [ -73.801923551137008, 40.859692082690842 ], [ -73.801916610667902, 40.859693156769232 ], [ -73.801909679582394, 40.859694265982505 ], [ -73.801902757883127, 40.859695409430209 ], [ -73.801895845564829, 40.859696588913273 ], [ -73.801888946190928, 40.85969780263688 ], [ -73.801882056197897, 40.859699052395882 ], [ -73.801875177965883, 40.859700335492896 ], [ -73.801868310300833, 40.859701654627351 ], [ -73.8018614543941, 40.859703008000288 ], [ -73.801854612615145, 40.859704396516264 ], [ -73.801847780222374, 40.859705819266729 ], [ -73.801840961960025, 40.859707276259741 ], [ -73.80183415663933, 40.859708768393723 ], [ -73.801827364265648, 40.859710293867835 ], [ -73.801820587205725, 40.85971185448706 ], [ -73.801813821904048, 40.859713449344738 ], [ -73.801807071918816, 40.859715078447131 ], [ -73.80180033487791, 40.859716741789995 ], [ -73.801793614339402, 40.859718439379556 ], [ -73.801786906745221, 40.85972017120973 ], [ -73.801780216842232, 40.859721936388048 ], [ -73.801773539886128, 40.859723734906495 ], [ -73.801766880615844, 40.859725568574127 ], [ -73.801760237853387, 40.859727434687457 ], [ -73.801753611593256, 40.859729335047504 ], [ -73.801747001838251, 40.85973126875372 ], [ -73.801740410960392, 40.859733235810246 ], [ -73.801733834215554, 40.859735236208898 ], [ -73.801728684951243, 40.859736223304743 ], [ -73.801723522739522, 40.859737177059955 ], [ -73.80171835114389, 40.859738095679539 ], [ -73.80171317016169, 40.859738980064122 ], [ -73.801707976237495, 40.859739829306967 ], [ -73.801702774112783, 40.859740644316794 ], [ -73.801697564973637, 40.859741425095606 ], [ -73.801692342892451, 40.859742170732744 ], [ -73.801687114985612, 40.859742881240422 ], [ -73.801681880064393, 40.859743557517085 ], [ -73.801676635759264, 40.859744198658163 ], [ -73.801671384439842, 40.859744805568262 ], [ -73.801666124925305, 40.859745376444309 ], [ -73.801660860768465, 40.859745913093448 ], [ -73.801655589599989, 40.859746414611102 ], [ -73.801650313794624, 40.859746880100815 ], [ -73.801645033347057, 40.859747311363613 ], [ -73.801639748259888, 40.859747707498947 ], [ -73.801634457349834, 40.859748067604357 ], [ -73.801629161797564, 40.859748393482846 ], [ -73.801623865166619, 40.859748683339504 ], [ -73.801618565079565, 40.859748938971329 ], [ -73.801613259169599, 40.859749158573152 ], [ -73.801607953367053, 40.859749342155204 ], [ -73.801602645294423, 40.859749491514435 ], [ -73.801597336143189, 40.859749604851807 ], [ -73.801592027096703, 40.859749683069985 ], [ -73.801586714596866, 40.859749726162725 ], [ -73.801581402201734, 40.85974973413623 ], [ -73.801576091100102, 40.859749706091961 ], [ -73.801570780103319, 40.859749642928456 ], [ -73.801565470397378, 40.859749544647755 ], [ -73.801560161984952, 40.859749410349281 ], [ -73.801554854860697, 40.859749241834102 ], [ -73.80154955021608, 40.859749037303224 ], [ -73.801544246862335, 40.859748797655122 ], [ -73.801538948360374, 40.859748521995428 ], [ -73.801533652332665, 40.85974821212104 ], [ -73.801528359970646, 40.859747866233008 ], [ -73.801523072457726, 40.859747485233854 ], [ -73.801517788607825, 40.859747069121582 ], [ -73.801512511976483, 40.859746618802767 ], [ -73.801507237824836, 40.859746132468274 ], [ -73.801501972080416, 40.859745611028778 ], [ -73.801496709999128, 40.859745054476186 ], [ -73.801491456325095, 40.859744462818568 ], [ -73.801486208683585, 40.859743836952404 ], [ -73.801480969449443, 40.859743175981258 ], [ -73.801475737436519, 40.859742479903069 ], [ -73.801470513830935, 40.859741748719927 ], [ -73.801465298630006, 40.859740983332294 ], [ -73.801460091836418, 40.859740182839666 ], [ -73.801454895819617, 40.859739348146647 ], [ -73.801449710582318, 40.859738478352781 ], [ -73.801444533749688, 40.859737574354391 ], [ -73.801439366507807, 40.859736636153535 ], [ -73.801434211228766, 40.859735663754385 ], [ -73.801429069101403, 40.859734656258361 ], [ -73.801423936562031, 40.859733615460428 ], [ -73.801418817171694, 40.859732540466212 ], [ -73.801413710932948, 40.859731430375177 ], [ -73.80140861665177, 40.859730287886741 ], [ -73.801403536708264, 40.859729110303576 ], [ -73.801398469911035, 40.859727899424612 ], [ -73.801393418634902, 40.859726654353381 ], [ -73.801388381688454, 40.859725376888932 ], [ -73.80138335789097, 40.859724065228136 ], [ -73.801378349611937, 40.859722720275634 ], [ -73.801373359226147, 40.859721341135 ], [ -73.801368381981291, 40.859719930499523 ], [ -73.801363423815687, 40.859718485678002 ], [ -73.80135848235463, 40.859717007566786 ], [ -73.801353556406653, 40.859715497964814 ], [ -73.801348648351919, 40.859713954174751 ], [ -73.801343759368436, 40.859712378900049 ], [ -73.801338888275566, 40.859710770337749 ], [ -73.801334037439958, 40.859709130292885 ], [ -73.801329204495019, 40.859707456960408 ], [ -73.801324389435223, 40.859705752141281 ], [ -73.801319597004905, 40.859704015843683 ], [ -73.801314822462516, 40.859702247158964 ], [ -73.801310069366266, 40.859700446093235 ], [ -73.801305338896682, 40.859698614449549 ], [ -73.80130062631244, 40.859696751319227 ], [ -73.801295937543657, 40.85969485671248 ], [ -73.801291271404367, 40.859692930627261 ], [ -73.801286627891898, 40.859690973964149 ], [ -73.801282004636789, 40.859688985818451 ], [ -73.801277407563916, 40.859686968001412 ], [ -73.801272830748488, 40.859684918701888 ], [ -73.801268280115295, 40.859682839730979 ], [ -73.801263753294975, 40.859680730184145 ], [ -73.801259250284886, 40.859678590961963 ], [ -73.801254774645784, 40.859676421169958 ], [ -73.801250321628089, 40.859674222601043 ], [ -73.801245894795457, 40.859671993460267 ], [ -73.801241492956322, 40.859669735546611 ], [ -73.801237118485588, 40.859667447963709 ], [ -73.801232770194446, 40.859665131609958 ], [ -73.80122844926899, 40.859662786487448 ], [ -73.801224155706521, 40.859660413496641 ], [ -73.801219889512438, 40.859658010836604 ], [ -73.801215650681328, 40.859655580308242 ], [ -73.801211441588009, 40.859653121015235 ], [ -73.801207259854991, 40.859650634754402 ], [ -73.801172304272825, 40.859628820423588 ], [ -73.801137320170227, 40.859607032147167 ], [ -73.801102308730492, 40.859585270827623 ], [ -73.801067267584344, 40.859563535560433 ], [ -73.801032199101002, 40.859541827250105 ], [ -73.800997102094499, 40.859520145894578 ], [ -73.800961975381455, 40.85949849059125 ], [ -73.800926821333945, 40.859476861344277 ], [ -73.800891638760476, 40.859455259952462 ], [ -73.800856427666531, 40.859433684614864 ], [ -73.800821189238022, 40.859412135333514 ], [ -73.800785919911476, 40.859390613903216 ], [ -73.800750624436432, 40.859369118531077 ], [ -73.800715300440785, 40.859347649213085 ], [ -73.80067994791915, 40.859326207750129 ], [ -73.800644568062907, 40.859304792343309 ], [ -73.800609160869385, 40.859283403892995 ], [ -73.800573722777671, 40.859262043293576 ], [ -73.800538258540115, 40.859240707851754 ], [ -73.800502765776429, 40.85921940026487 ], [ -73.800467246861444, 40.859198119636481 ], [ -73.800431697053639, 40.859176865057876 ], [ -73.800396121091765, 40.859155638338201 ], [ -73.800360516606432, 40.859134438572902 ], [ -73.80032488478642, 40.859113264863439 ], [ -73.800289224440178, 40.8590921190088 ], [ -73.800253536756458, 40.859071000110426 ], [ -73.800217821737974, 40.859049907267838 ], [ -73.800182079379312, 40.859028842282036 ], [ -73.800146308497062, 40.85900780425041 ], [ -73.800110510277264, 40.858986793174957 ], [ -73.800074684717273, 40.858965809956196 ], [ -73.800038831822349, 40.85894485279308 ], [ -73.800005477001605, 40.858925394766771 ], [ -73.799972098406428, 40.858905961002748 ], [ -73.799931915391539, 40.858882614495784 ], [ -73.799931848826986, 40.858882663006987 ], [ -73.799907201641417, 40.85886845551537 ], [ -73.79988252591744, 40.858854275884205 ], [ -73.799857821652338, 40.858840125013963 ], [ -73.799833090037481, 40.858826001105712 ], [ -73.7998083298761, 40.85881190775936 ], [ -73.799783541176183, 40.85879784227334 ], [ -73.79975872512388, 40.858783804649747 ], [ -73.799733880530312, 40.858769795786991 ], [ -73.799709008581601, 40.858755815687104 ], [ -73.799684109280349, 40.858741863449616 ], [ -73.799659181435189, 40.858727940873372 ], [ -73.799634226237458, 40.858714046159477 ], [ -73.7996092436845, 40.858700180208373 ], [ -73.79958423259022, 40.858686343017965 ], [ -73.799559195324008, 40.858672535492914 ], [ -73.799534129521916, 40.858658754927568 ], [ -73.799509036359012, 40.858645004925876 ], [ -73.799483915843552, 40.858631282786469 ], [ -73.799458767970037, 40.858617590310224 ], [ -73.799433593929891, 40.858603925698269 ], [ -73.799408391348337, 40.858590289846916 ], [ -73.799383162592036, 40.858576684561186 ], [ -73.799357905299686, 40.858563106235074 ], [ -73.799332623018557, 40.858549558476646 ], [ -73.799307312195978, 40.858536039478793 ], [ -73.799281975203954, 40.858522549245549 ], [ -73.799256610853789, 40.858509088675312 ], [ -73.799231220334093, 40.858495656869721 ], [ -73.799205802458928, 40.858482253826672 ], [ -73.799180358414276, 40.858468879548163 ], [ -73.799154888194707, 40.858455535835169 ], [ -73.799129390619555, 40.858442220884655 ], [ -73.799103866872144, 40.858428935599143 ], [ -73.799078316957917, 40.858415678177657 ], [ -73.799052739679865, 40.858402452220041 ], [ -73.799027136232255, 40.858389255026871 ], [ -73.799001507801066, 40.858376086600195 ], [ -73.79897585201148, 40.858362947836419 ], [ -73.798950170049523, 40.858349838737539 ], [ -73.798924463101216, 40.858336759305551 ], [ -73.798898728797184, 40.858323708635936 ], [ -73.798872969504032, 40.858310688533678 ], [ -73.798847184041165, 40.858297697195788 ], [ -73.79882137240584, 40.858284735522716 ], [ -73.798795535781309, 40.858271804416994 ], [ -73.798769672987021, 40.858258902075541 ], [ -73.798743784022918, 40.858246028498371 ], [ -73.798717870064138, 40.858233187289485 ], [ -73.798691929938229, 40.858220373944341 ], [ -73.798665964823044, 40.85820759116649 ], [ -73.798639974721297, 40.858194838055383 ], [ -73.79861395844965, 40.858182113708452 ], [ -73.798587917183212, 40.858169421729762 ], [ -73.798561849749532, 40.858156757614665 ], [ -73.7985357585125, 40.858144124068879 ], [ -73.798509641100068, 40.858131521088168 ], [ -73.798483499889613, 40.858118946875699 ], [ -73.798457332501016, 40.858106404128769 ], [ -73.798431140128415, 40.858093890147984 ], [ -73.798404923952347, 40.858081406736382 ], [ -73.798378681600724, 40.858068953889813 ], [ -73.79835241426224, 40.858056530709774 ], [ -73.798326124306342, 40.858044138100951 ], [ -73.798299808177504, 40.858031775156597 ], [ -73.798273468247856, 40.858019441880828 ], [ -73.798247103325835, 40.858007140072594 ], [ -73.798220712228115, 40.857994868829223 ], [ -73.798194299701592, 40.857982627258586 ], [ -73.798167860999285, 40.857970416252805 ], [ -73.798141397310062, 40.857958234913447 ], [ -73.798114912189092, 40.857946084147251 ], [ -73.798088400892411, 40.857933963945854 ], [ -73.798061865791922, 40.857921874313469 ], [ -73.798035306884969, 40.857909816150482 ], [ -73.798008724176896, 40.857897787655929 ], [ -73.797982115292967, 40.857885789726126 ], [ -73.797955486163204, 40.857873822371431 ], [ -73.797928830857543, 40.85786188558145 ], [ -73.797902151747991, 40.857849979360374 ], [ -73.79787545002057, 40.857838103710215 ], [ -73.797848724491871, 40.85782625772837 ], [ -73.797821975151038, 40.857814445016835 ], [ -73.797795202011642, 40.85780266107308 ], [ -73.797768406251535, 40.857790908600684 ], [ -73.797741586690051, 40.857779185796559 ], [ -73.797714743319077, 40.857767495362147 ], [ -73.797687877330006, 40.857755835498544 ], [ -73.797660988725553, 40.857744205305266 ], [ -73.797634073939477, 40.857732607477473 ], [ -73.797607138907267, 40.857721040224654 ], [ -73.797579740942894, 40.857709211910809 ], [ -73.797552317985947, 40.857697415063853 ], [ -73.797524871219665, 40.857685650586262 ], [ -73.797497400652219, 40.857673915776587 ], [ -73.797469908647457, 40.857662213340454 ], [ -73.797442392838761, 40.857650541472722 ], [ -73.797414854406611, 40.857638901976387 ], [ -73.797387292167727, 40.857627293948845 ], [ -73.797359706124823, 40.857615716489661 ], [ -73.797332098644389, 40.857604171403899 ], [ -73.797304468543217, 40.857592657789013 ], [ -73.797276814635183, 40.857581175642935 ], [ -73.797249139292362, 40.857569724969728 ], [ -73.797221440142565, 40.857558305765238 ], [ -73.797193717185905, 40.857546918029477 ], [ -73.797165975163608, 40.857535562671259 ], [ -73.797138208151026, 40.857524237879126 ], [ -73.797110419703486, 40.857512944559836 ], [ -73.797082608632167, 40.857501683611744 ], [ -73.797054773748343, 40.857490455933316 ], [ -73.797026919804168, 40.85747925883129 ], [ -73.796999042052931, 40.857468093197916 ], [ -73.796971141677801, 40.857456959935689 ], [ -73.796943221053539, 40.857445858148274 ], [ -73.796915275433278, 40.857434788727815 ], [ -73.796887310749867, 40.857423750784264 ], [ -73.796859324633957, 40.857412743412908 ], [ -73.796831313519249, 40.857401769308943 ], [ -73.796803283338505, 40.857390827582272 ], [ -73.796775231722478, 40.857379917328259 ], [ -73.796747157479558, 40.857369040345816 ], [ -73.796719061804041, 40.85735819393544 ], [ -73.796690943501545, 40.857347380796604 ], [ -73.79666280732441, 40.857336598236095 ], [ -73.796634646148291, 40.857325848942871 ], [ -73.79660646590591, 40.857315132026905 ], [ -73.796578264228003, 40.857304446583441 ], [ -73.796550041109043, 40.857293794413479 ], [ -73.79652179537122, 40.857283172813432 ], [ -73.796493531750272, 40.857272584493167 ], [ -73.79646524550769, 40.857262027643273 ], [ -73.796436937826641, 40.857251503166331 ], [ -73.796408608701626, 40.857241012863284 ], [ -73.796380260518376, 40.857230552235897 ], [ -73.796351890891117, 40.857220125782362 ], [ -73.796323502197282, 40.857209731705922 ], [ -73.796295092067595, 40.85719936910187 ], [ -73.796266660493814, 40.857189040671649 ], [ -73.796238209861613, 40.857178741916997 ], [ -73.796209737782462, 40.857168478236659 ], [ -73.79618124663935, 40.857158246032796 ], [ -73.796152734060271, 40.857148045301287 ], [ -73.796124200036829, 40.857137878743515 ], [ -73.796095648135392, 40.857127743664286 ], [ -73.796067077164338, 40.85711764186253 ], [ -73.796038484751662, 40.857107573333991 ], [ -73.796009870900008, 40.857097537178142 ], [ -73.795981237981479, 40.857087533399238 ], [ -73.79595258599592, 40.857077561997201 ], [ -73.795923914943401, 40.85706762297206 ], [ -73.795895223637828, 40.857057716321663 ], [ -73.795866512070901, 40.857047844747456 ], [ -73.795837782625611, 40.857038004651713 ], [ -73.795809031741186, 40.857028196928596 ], [ -73.795780264158836, 40.85701842248691 ], [ -73.79575147395397, 40.857008679515303 ], [ -73.795722667045652, 40.856998971626084 ], [ -73.795693839886823, 40.856989295211037 ], [ -73.795664994846646, 40.856979651174839 ], [ -73.795636128361608, 40.856970041312181 ], [ -73.795607243992421, 40.856960464728807 ], [ -73.795578341741844, 40.856950920524199 ], [ -73.79554942042104, 40.856941409596814 ], [ -73.795520477660716, 40.856931931041856 ], [ -73.795491518199398, 40.856922486668779 ], [ -73.795462540856477, 40.85691307467448 ], [ -73.795433543260003, 40.856903695054648 ], [ -73.795404528965179, 40.856894348716168 ], [ -73.795375494413861, 40.856885035652631 ], [ -73.795346441972583, 40.856875757669272 ], [ -73.795317371655145, 40.856866510263643 ], [ -73.795288283450375, 40.856857297037642 ], [ -73.795259176175023, 40.856848117088674 ], [ -73.795230051015068, 40.856838970418842 ], [ -73.79520090915652, 40.856829857030213 ], [ -73.795171747041252, 40.856820776916479 ], [ -73.795142567044067, 40.856811729181352 ], [ -73.795113370345376, 40.856802715627914 ], [ -73.79508415694508, 40.856793736256066 ], [ -73.79505492329082, 40.856784789258626 ], [ -73.795025672934869, 40.856775876442796 ], [ -73.794996404696818, 40.856766996005497 ], [ -73.794966895645217, 40.856755442469314 ], [ -73.794937365167087, 40.85674391770322 ], [ -73.794907814434367, 40.856732426211785 ], [ -73.794878243460957, 40.856720963492528 ], [ -73.794848649866537, 40.856709532242704 ], [ -73.794819037208981, 40.856698132468573 ], [ -73.794789403119154, 40.856686763265479 ], [ -73.794759751154899, 40.856675424639654 ], [ -73.794730075389083, 40.856664115680125 ], [ -73.794700380557273, 40.856652839096739 ], [ -73.794670665479003, 40.856641593086408 ], [ -73.794640930151488, 40.856630378549596 ], [ -73.794611174580226, 40.856619193685304 ], [ -73.794581398759618, 40.856608040294496 ], [ -73.794551603875661, 40.856596918379275 ], [ -73.794521787559077, 40.856585827034941 ], [ -73.794491952184671, 40.856574765365181 ], [ -73.794462096557993, 40.85656373606934 ], [ -73.794432221865065, 40.856552739149464 ], [ -73.79440232574774, 40.856541770098964 ], [ -73.794372411744519, 40.856530835227581 ], [ -73.794342476314085, 40.856519929125916 ], [ -73.794312523000457, 40.856509056302833 ], [ -73.794282548256703, 40.856498213149983 ], [ -73.794252555638096, 40.856487400574203 ], [ -73.794222542764174, 40.856476621272726 ], [ -73.794192510834876, 40.856465870745211 ], [ -73.794162458653005, 40.856455152591387 ], [ -73.794132388590569, 40.856444466815624 ], [ -73.794102298281004, 40.856433811612554 ], [ -73.794072188913205, 40.856423186083902 ], [ -73.79404206047866, 40.856412592931065 ], [ -73.794011912977382, 40.85640203215403 ], [ -73.7939817464177, 40.856391501051327 ], [ -73.793951560791228, 40.856381002324348 ], [ -73.793921357289477, 40.85637053417431 ], [ -73.7938911335348, 40.856360098397921 ], [ -73.793860891902099, 40.856349694098888 ], [ -73.793830631207967, 40.856339320374559 ], [ -73.7993882535458, 40.845508515176171 ], [ -73.801782090874354, 40.846658449170356 ], [ -73.811297677085093, 40.861260050938348 ], [ -73.812864969015024, 40.862321685589933 ], [ -73.813502064951876, 40.862753217014038 ], [ -73.814203249159831, 40.863228150031098 ], [ -73.814219989273639, 40.863239488060984 ], [ -73.814228330919974, 40.863245137668741 ], [ -73.814653480860287, 40.863533098921025 ], [ -73.814664821385321, 40.863540779420006 ], [ -73.814563615434835, 40.863690326232238 ], [ -73.814385895078019, 40.863866636766751 ], [ -73.814174849097299, 40.864076528515135 ], [ -73.813980487753824, 40.864261221304723 ], [ -73.813926744956063, 40.864298062903188 ], [ -73.813868012074792, 40.864330213871412 ], [ -73.813804991204591, 40.864357289023872 ], [ -73.813738444778821, 40.864378960004629 ], [ -73.813669172999653, 40.864394966957278 ], [ -73.813598006725485, 40.864405116713073 ], [ -73.813525806266099, 40.864409289092457 ], [ -73.813453435299223, 40.864407432360828 ], [ -73.813381771531866, 40.864399567748293 ], [ -73.813311671105041, 40.864385792993829 ], [ -73.813258365391647, 40.864369035936512 ], [ -73.813207365331309, 40.864348562656929 ], [ -73.812509024072014, 40.864079866983346 ], [ -73.811340637839479, 40.863645986810205 ], [ -73.81132347017396, 40.863639576054169 ], [ -73.811306290599404, 40.863633183285891 ], [ -73.811289097924586, 40.86362681030446 ], [ -73.811271893330456, 40.863620458912713 ], [ -73.811227735160415, 40.863604060763421 ], [ -73.811227684808969, 40.86360424888381 ], [ -73.811205925195779, 40.863596328577422 ], [ -73.811184146515231, 40.863588441553901 ] ] ], [ [ [ -73.78110775311346, 40.854995955469946 ], [ -73.781175195140051, 40.855038066227863 ], [ -73.781218039706957, 40.855087128939275 ], [ -73.78121489898642, 40.855108115292012 ], [ -73.781266966313154, 40.855154862295102 ], [ -73.781257574872896, 40.855208489598411 ], [ -73.781285159758895, 40.855227201026224 ], [ -73.781238760076704, 40.855325073254981 ], [ -73.78124163229495, 40.855385722445661 ], [ -73.781155336523014, 40.855471856689014 ], [ -73.780900164956464, 40.855534348390449 ], [ -73.780826593419405, 40.855487559473573 ], [ -73.780713496471947, 40.855317079221585 ], [ -73.780703788365841, 40.855279203114272 ], [ -73.780674734779211, 40.855147382246358 ], [ -73.780720363846186, 40.855097845476237 ], [ -73.78066511641417, 40.855083745881963 ], [ -73.780649887656381, 40.855044066389659 ], [ -73.780720832915193, 40.854955569262358 ], [ -73.780693254801847, 40.854934526332805 ], [ -73.780724142947165, 40.854883272210941 ], [ -73.780742558707843, 40.854887970868781 ], [ -73.780773430229999, 40.854841382159854 ], [ -73.781000638319384, 40.854874466489498 ], [ -73.78110775311346, 40.854995955469946 ] ] ], [ [ [ -73.801262554038672, 40.859777625609482 ], [ -73.801263862895922, 40.859777811564449 ], [ -73.801265162157094, 40.859778033522574 ], [ -73.801266451827559, 40.8597782896829 ], [ -73.801267728349174, 40.859778580039276 ], [ -73.801268989347122, 40.859778905488085 ], [ -73.801270234826788, 40.859779264228344 ], [ -73.801271462416082, 40.859779656256045 ], [ -73.801272672117662, 40.859780080670639 ], [ -73.801273860373385, 40.859780537466001 ], [ -73.801275027183209, 40.859781026642125 ], [ -73.801280617196184, 40.859782977731996 ], [ -73.801286226280595, 40.859784897337171 ], [ -73.801291854436371, 40.859786785457707 ], [ -73.801297500480146, 40.859788641191024 ], [ -73.801303164411962, 40.859790464537163 ], [ -73.801308848603881, 40.859792255500196 ], [ -73.801314548311709, 40.859794014071902 ], [ -73.801320264718825, 40.85979574115489 ], [ -73.801325997833175, 40.8597974340476 ], [ -73.801331748832865, 40.859799095453617 ], [ -73.801337516537146, 40.85980072356989 ], [ -73.801343299757278, 40.859802319294857 ], [ -73.801349096123829, 40.859803881723963 ], [ -73.801354909194984, 40.859805410863302 ], [ -73.801360738967972, 40.859806907613375 ], [ -73.801366580701369, 40.859808371065483 ], [ -73.801372437955948, 40.859809800325365 ], [ -73.801378310726292, 40.85981119719392 ], [ -73.801384194273609, 40.859812559861986 ], [ -73.801390092153369, 40.8598138892362 ], [ -73.801396004365571, 40.859815185316577 ], [ -73.801401928537999, 40.859816448099018 ], [ -73.801407863487356, 40.859817676681018 ], [ -73.801413811585789, 40.859818871066601 ], [ -73.801419771644433, 40.859820032154232 ], [ -73.80142574366603, 40.859821159043463 ], [ -73.801431724092438, 40.859822251728104 ], [ -73.801437716479029, 40.859823311114837 ], [ -73.801443720831301, 40.859824335402607 ], [ -73.801449732399533, 40.859825326384282 ], [ -73.801455754747295, 40.859826282264962 ], [ -73.801461786685834, 40.859827203943162 ], [ -73.801467827026428, 40.859828092317244 ], [ -73.801473875774377, 40.859828945586308 ], [ -73.801479932929766, 40.859829763750298 ], [ -73.801485998487138, 40.859830548610176 ], [ -73.801492072451879, 40.859831298365059 ], [ -73.801498152449142, 40.859832013911209 ], [ -73.801504238481655, 40.859832694348256 ], [ -73.8015103317328, 40.859833340578696 ], [ -73.801516432205162, 40.859833951702036 ], [ -73.801517417689794, 40.859833996620999 ], [ -73.80151840306695, 40.859834077559498 ], [ -73.801519378850841, 40.859834193600676 ], [ -73.801520347413586, 40.859834344748627 ], [ -73.801521306383023, 40.859834530999251 ], [ -73.801522252203796, 40.859834751445959 ], [ -73.801523181317606, 40.859835006082655 ], [ -73.801524094913233, 40.859835294010878 ], [ -73.801524989435208, 40.859835614323984 ], [ -73.80152586251144, 40.859835967017936 ], [ -73.801526711775139, 40.859836350287658 ], [ -73.801527537226349, 40.859836764133135 ], [ -73.801528336495608, 40.859837207649832 ], [ -73.801529104844121, 40.859837679028608 ], [ -73.801529843457871, 40.85983817827146 ], [ -73.801530549970167, 40.859838703573409 ], [ -73.801531223197628, 40.859839254031868 ], [ -73.801531860773466, 40.859839827841839 ], [ -73.801532462703136, 40.859840423202236 ], [ -73.801533026611793, 40.859841041009588 ], [ -73.801533548951994, 40.859841677655737 ], [ -73.801534032095915, 40.859842333144819 ], [ -73.801534474865477, 40.859843004773346 ], [ -73.801534873705293, 40.859843691634623 ], [ -73.801535228617951, 40.859844392828229 ], [ -73.801535538425526, 40.859845105650706 ], [ -73.801535804319414, 40.85984582830298 ], [ -73.801536026299573, 40.859846560785172 ], [ -73.801536199632622, 40.859847299487129 ], [ -73.801536327876661, 40.859848044414946 ], [ -73.801536406295511, 40.859848792859097 ], [ -73.801536442010956, 40.859849543030677 ], [ -73.801536426723175, 40.859850294015068 ], [ -73.801536367556693, 40.859851043123022 ], [ -73.801536259769861, 40.859851789445841 ], [ -73.801536104554231, 40.8598525311846 ], [ -73.801535904287121, 40.859853266542423 ], [ -73.801535657788023, 40.859853993716328 ], [ -73.80153536624826, 40.859854710907271 ], [ -73.801535030856542, 40.859855417216949 ], [ -73.801534649248936, 40.859856109939692 ], [ -73.80153422498357, 40.859856789081668 ], [ -73.801533761629301, 40.859857451047063 ], [ -73.801533253255897, 40.859858095825658 ], [ -73.801532706985057, 40.859858721628662 ], [ -73.801532121633457, 40.859859327553686 ], [ -73.801531499581202, 40.859859910903225 ], [ -73.801530842017058, 40.859860470778898 ], [ -73.801530148941112, 40.859861007180662 ], [ -73.801529423919462, 40.859861517413179 ], [ -73.801528668140904, 40.859862000577991 ], [ -73.8015278804194, 40.859862456673142 ], [ -73.801527066693325, 40.859862883007246 ], [ -73.801526228148674, 40.859863279582399 ], [ -73.801525363602138, 40.859863645496112 ], [ -73.801521576153135, 40.859865748834508 ], [ -73.801517815899899, 40.859867880134864 ], [ -73.801514084025868, 40.859870040299633 ], [ -73.801510379347562, 40.859872228426362 ], [ -73.801506705425908, 40.85987444362064 ], [ -73.801503059883387, 40.859876687679417 ], [ -73.801499445097519, 40.85987895880573 ], [ -73.801495859882252, 40.859881256997589 ], [ -73.801492304237527, 40.85988358225498 ], [ -73.801488779352084, 40.859885933679486 ], [ -73.801485284037298, 40.85988831216951 ], [ -73.801481821851169, 40.859890717731226 ], [ -73.801478390427107, 40.859893148559529 ], [ -73.801474992137159, 40.859895604658568 ], [ -73.801471626978611, 40.859898086928759 ], [ -73.801468292579401, 40.859900595366057 ], [ -73.801464993691795, 40.8599031272772 ], [ -73.801461725563513, 40.859905685355415 ], [ -73.801458491758126, 40.859908267805935 ], [ -73.801455292278263, 40.859910873728211 ], [ -73.801452127121266, 40.859913504022792 ], [ -73.801448997473202, 40.859916158691675 ], [ -73.801445900964623, 40.859918836830289 ], [ -73.801442841156444, 40.859921537544302 ], [ -73.801439816859826, 40.859924261732111 ], [ -73.801436828077584, 40.859927008493329 ], [ -73.801433875995684, 40.859929777829919 ], [ -73.801430959430775, 40.859932568839348 ], [ -73.801428081938383, 40.859935382428326 ], [ -73.801425238776886, 40.859938217688082 ], [ -73.801422433507227, 40.859941073724336 ], [ -73.801419667312757, 40.859943951439561 ], [ -73.801416936637978, 40.859946849927205 ], [ -73.801414246229825, 40.859949768294918 ], [ -73.801411592527472, 40.859952707437081 ], [ -73.801408980277785, 40.859955666461367 ], [ -73.801406404739225, 40.859958644459113 ], [ -73.801403867095217, 40.859961642332856 ], [ -73.801401370906547, 40.859964659188243 ], [ -73.801398913801179, 40.85996769502119 ], [ -73.80139649815392, 40.859970748935282 ], [ -73.801394120406528, 40.859973820924402 ], [ -73.801391784117271, 40.859976910994703 ], [ -73.801389489288766, 40.8599800182457 ], [ -73.801387234735046, 40.859983142675354 ], [ -73.801385020455967, 40.859986284283622 ], [ -73.801382847640497, 40.859989442172065 ], [ -73.801380717474515, 40.859992616342758 ], [ -73.801378628771985, 40.859995806793691 ], [ -73.801369548502805, 40.860015577681395 ], [ -73.801369235084294, 40.860016471330788 ], [ -73.801368877811157, 40.860017354999243 ], [ -73.801368474313875, 40.860018227782241 ], [ -73.801368028156062, 40.860019087884886 ], [ -73.801367538157066, 40.860019933504191 ], [ -73.801367005500182, 40.860020765542636 ], [ -73.801366429010145, 40.86002158039625 ], [ -73.801365813431204, 40.860022378073232 ], [ -73.801365157582666, 40.860023156770545 ], [ -73.801364462653254, 40.860023915589757 ], [ -73.801363728642997, 40.86002465453079 ], [ -73.801362960306875, 40.860025369999974 ], [ -73.801362152897966, 40.860026062889553 ], [ -73.8013613123493, 40.860026732309294 ], [ -73.801360439854975, 40.860027375559689 ], [ -73.801359531854104, 40.860027993535191 ], [ -73.801358595468457, 40.860028584447086 ], [ -73.801357628328589, 40.860029147390726 ], [ -73.801356636370201, 40.860029680575366 ], [ -73.801355614843615, 40.860030185793839 ], [ -73.801354568503896, 40.860030659452342 ], [ -73.801353499720435, 40.860031102455444 ], [ -73.801352409682039, 40.86003151390473 ], [ -73.801351298388624, 40.860031893800162 ], [ -73.801350169406533, 40.86003223944639 ], [ -73.801349023916416, 40.86003255264648 ], [ -73.801347864295735, 40.86003283160354 ], [ -73.801346689355782, 40.860033077215945 ], [ -73.801345502660112, 40.860033287688942 ], [ -73.801344307766911, 40.860033463028572 ], [ -73.801343103490126, 40.860033603232885 ], [ -73.801341893387928, 40.860033708307874 ], [ -73.801340678649069, 40.860033777355213 ], [ -73.801339461643039, 40.860033811279443 ], [ -73.801338245930594, 40.86003380918617 ], [ -73.801337027953636, 40.860033771069297 ], [ -73.801335813639795, 40.860033697839491 ], [ -73.801334604177839, 40.860033588598384 ], [ -73.801333400751005, 40.860033444248373 ], [ -73.801332206917607, 40.86003326479571 ], [ -73.801331022674958, 40.860033051140853 ], [ -73.801329850397778, 40.860032802387394 ], [ -73.80132869008618, 40.860032518535284 ], [ -73.801327545290178, 40.86003220229216 ], [ -73.801326419573442, 40.860031851863148 ], [ -73.801325310558354, 40.860031469045182 ], [ -73.801324221803156, 40.860031053844395 ], [ -73.801323156863376, 40.860030607167303 ], [ -73.801322113364151, 40.860030129910427 ], [ -73.801321097235814, 40.860029622083957 ], [ -73.801320104917437, 40.860029084582166 ], [ -73.801319142336737, 40.86002851831585 ], [ -73.801318208302177, 40.860027925083898 ], [ -73.801317305188618, 40.860027303989966 ], [ -73.801316436548859, 40.860026656841072 ], [ -73.801315598819357, 40.860025985432117 ], [ -73.801314796744308, 40.860025289771265 ], [ -73.801314030320995, 40.860024570758974 ], [ -73.801313301916295, 40.860023830200355 ], [ -73.801312611527379, 40.860023068995851 ], [ -73.801311960337685, 40.860022288048015 ], [ -73.80131134953055, 40.860021488259392 ], [ -73.801310779100604, 40.860020671430952 ], [ -73.80131024904513, 40.86001983846316 ], [ -73.801309764105753, 40.860018990264699 ], [ -73.801309321904881, 40.860018128632412 ], [ -73.80130892481202, 40.860017254470932 ], [ -73.801308572821767, 40.860016369581238 ], [ -73.801308264742644, 40.860015475762211 ], [ -73.801308001763431, 40.860014572115468 ], [ -73.80130778505945, 40.860013662244931 ], [ -73.801307617, 40.860012747055194 ], [ -73.801307494024414, 40.860011827440658 ], [ -73.801307418501963, 40.860010904305902 ], [ -73.801305510754943, 40.86000473714995 ], [ -73.801303557911083, 40.859998578921228 ], [ -73.801301562347916, 40.859992427822803 ], [ -73.801299520501829, 40.859986285649583 ], [ -73.80129743474501, 40.85998015240564 ], [ -73.801295303891422, 40.859974028088857 ], [ -73.801293129127117, 40.85996791270135 ], [ -73.801290910452067, 40.859961806243078 ], [ -73.801288646680263, 40.859955708712057 ], [ -73.801286338992398, 40.859949621911227 ], [ -73.801283986207807, 40.859943544037577 ], [ -73.801281591881974, 40.859937475997803 ], [ -73.801279151268005, 40.859931418684063 ], [ -73.801276666740648, 40.859925371200092 ], [ -73.801274139483397, 40.859919334448371 ], [ -73.801271565937995, 40.85991330842279 ], [ -73.801268950848694, 40.859907293131464 ], [ -73.80126629184079, 40.859901289470869 ], [ -73.801263588916839, 40.859895296540401 ], [ -73.801260842076957, 40.859889314340172 ], [ -73.801258052501822, 40.859883344673143 ], [ -73.801255220194065, 40.859877386638829 ], [ -73.801252343967747, 40.859871440235189 ], [ -73.801249425006105, 40.859865506364741 ], [ -73.801246460939879, 40.859859584122923 ], [ -73.80124345651052, 40.85985367441841 ], [ -73.801240408157184, 40.859847778145472 ], [ -73.80123731706864, 40.859841894405754 ], [ -73.801234183242201, 40.859836024099707 ], [ -73.801231007866647, 40.859830166328862 ], [ -73.801227787381137, 40.859824321987574 ], [ -73.80122693930349, 40.85982354250104 ], [ -73.801226124500062, 40.859822741459993 ], [ -73.801225350089894, 40.859821917976234 ], [ -73.801224614878862, 40.859821074749121 ], [ -73.801223920050234, 40.859820212681306 ], [ -73.801223264418098, 40.859819331770609 ], [ -73.801222649163037, 40.859818433820124 ], [ -73.801222077840563, 40.85981751973646 ], [ -73.801221550445248, 40.859816591320588 ], [ -73.801221064605002, 40.859815648568507 ], [ -73.801220625055976, 40.85981469418968 ], [ -73.801220230612159, 40.85981372818221 ], [ -73.801219878895964, 40.859812752342918 ], [ -73.801219575835077, 40.859811767582563 ], [ -73.801219316682506, 40.859810774793374 ], [ -73.80121910499102, 40.859809775782558 ], [ -73.801218940755305, 40.859808772351002 ], [ -73.801218823975347, 40.85980776449874 ], [ -73.801218752270913, 40.859806754923177 ], [ -73.801218728014135, 40.859805743628343 ], [ -73.801218752388365, 40.859804731516824 ], [ -73.801218823013429, 40.859803721285992 ], [ -73.801218941072761, 40.859802713838363 ], [ -73.80121910774956, 40.859801710076425 ], [ -73.801219318294315, 40.859800711793078 ], [ -73.801219578637316, 40.859799718998417 ], [ -73.80121988165412, 40.859798734381748 ], [ -73.801220233272332, 40.85979775885373 ], [ -73.801220628747757, 40.859796792406179 ], [ -73.801221069258247, 40.859795837742652 ], [ -73.801221554801245, 40.859794895763571 ], [ -73.801222083001903, 40.859793967365384 ], [ -73.801222653857536, 40.859793053448556 ], [ -73.801223269734834, 40.859792155818177 ], [ -73.801223924700849, 40.859791275364501 ], [ -73.801224619938935, 40.859790412990002 ], [ -73.801225356632429, 40.859789569597297 ], [ -73.801226131217831, 40.859788746981195 ], [ -73.801226944881179, 40.859787945143715 ], [ -73.801227796428378, 40.859787166784329 ], [ -73.80122868111782, 40.859786410994303 ], [ -73.80122960131628, 40.859785679578764 ], [ -73.801230555835005, 40.859784973436163 ], [ -73.801231542299192, 40.859784293462845 ], [ -73.801232559520045, 40.859783640557289 ], [ -73.801233607494964, 40.859783015619932 ], [ -73.801234682663008, 40.859782419545219 ], [ -73.801235786210299, 40.859781852335139 ], [ -73.801236916948014, 40.85978131488811 ], [ -73.801238068943249, 40.85978080809447 ], [ -73.801239244562723, 40.859780333759197 ], [ -73.80124044381175, 40.859779890081427 ], [ -73.801241661938164, 40.859779479754302 ], [ -73.801242896569747, 40.859779102773871 ], [ -73.801244150081303, 40.859778758243706 ], [ -73.801245417720651, 40.859778448857021 ], [ -73.801246699492992, 40.859778172812902 ], [ -73.801247994207046, 40.859777931910259 ], [ -73.801249298304597, 40.859777726143001 ], [ -73.801250611785633, 40.859777555511101 ], [ -73.801251932278063, 40.85977742001046 ], [ -73.801253257407012, 40.859777320537447 ], [ -73.801254587175265, 40.85977725619167 ], [ -73.801255919205317, 40.859777228769943 ], [ -73.801257252316475, 40.859777236469284 ], [ -73.801258582947852, 40.85977728018397 ], [ -73.801259911099521, 40.859777359914133 ], [ -73.80126123440202, 40.859777474755148 ], [ -73.801262554038672, 40.859777625609482 ] ] ], [ [ [ -73.801973755421685, 40.860911943390995 ], [ -73.801967983656695, 40.86091084478948 ], [ -73.80196222622935, 40.860909711093157 ], [ -73.801956480764815, 40.860908543198363 ], [ -73.801950746079811, 40.860907340202587 ], [ -73.801945024546441, 40.86090610210988 ], [ -73.801939317348072, 40.860904829822765 ], [ -73.801933623298709, 40.860903523339289 ], [ -73.801927941212242, 40.860902182657306 ], [ -73.801922275835679, 40.860900806884608 ], [ -73.801916623605393, 40.860899397815935 ], [ -73.801910988085069, 40.860897953656476 ], [ -73.801905365710994, 40.860896476201127 ], [ -73.801899761230331, 40.860894964557467 ], [ -73.801894171081997, 40.860893419619956 ], [ -73.801888598829763, 40.86089183959372 ], [ -73.801883040907242, 40.860890227174124 ], [ -73.801877500878049, 40.860888580566225 ], [ -73.801871979922936, 40.860886901573117 ], [ -73.801866476863893, 40.860885187491249 ], [ -73.801860989315358, 40.860883442819066 ], [ -73.801855522037698, 40.860881662161702 ], [ -73.801850072645365, 40.860879850017596 ], [ -73.801844643515864, 40.860878004589793 ], [ -73.801839234646607, 40.860876126778834 ], [ -73.801833843665378, 40.860874216580598 ], [ -73.80182847294968, 40.860872272198186 ], [ -73.80182312486096, 40.860870297237689 ], [ -73.801817794662981, 40.860868288989451 ], [ -73.801812488280831, 40.860866249264632 ], [ -73.801807203344907, 40.860864177158696 ], [ -73.801801939855309, 40.860862072671665 ], [ -73.801796696620556, 40.860859937602406 ], [ -73.801791478390413, 40.860857770158155 ], [ -73.801786281603853, 40.860855571233287 ], [ -73.801781109819174, 40.860853340833913 ], [ -73.801775960661459, 40.860851079856424 ], [ -73.801770834133578, 40.860848787400386 ], [ -73.801765732607521, 40.860846463469805 ], [ -73.801760656077988, 40.860844109865702 ], [ -73.801755603364271, 40.860841724785089 ], [ -73.801750578019238, 40.860839310035018 ], [ -73.801745575301211, 40.86083686470689 ], [ -73.801740601138007, 40.86083438971135 ], [ -73.801735650787947, 40.860831884139742 ], [ -73.801730727809272, 40.860829347998298 ], [ -73.801725832196553, 40.86082678308788 ], [ -73.80172096395259, 40.860824188508019 ], [ -73.801716120705166, 40.860821564254692 ], [ -73.801711307195887, 40.860818911236457 ], [ -73.801706521052623, 40.860816229449362 ], [ -73.801701763464195, 40.86081351799487 ], [ -73.801697033239066, 40.86081077867199 ], [ -73.80169233393552, 40.860808011486746 ], [ -73.801687662003388, 40.860805213731624 ], [ -73.801683020990154, 40.860802389014736 ], [ -73.801678408523642, 40.860799537331914 ], [ -73.8016738269841, 40.860796655985808 ], [ -73.801669275177346, 40.860793747675913 ], [ -73.801664755475571, 40.860790812406229 ], [ -73.801660264317903, 40.860787851071159 ], [ -73.801655806459308, 40.86078486007689 ], [ -73.80165137951424, 40.860781843921849 ], [ -73.801646983488055, 40.860778800804972 ], [ -73.801642619566891, 40.860775730728413 ], [ -73.80163828774802, 40.860772634592529 ], [ -73.801633989217493, 40.860769512399479 ], [ -73.80162972397261, 40.86076636504972 ], [ -73.801625492016143, 40.860763191642747 ], [ -73.801621293345377, 40.860759993079022 ], [ -73.801617127965613, 40.860756767557682 ], [ -73.801612995868851, 40.860753517780076 ], [ -73.801608899427293, 40.860750243750374 ], [ -73.801604836271338, 40.860746944563921 ], [ -73.801600807584478, 40.860743621123341 ], [ -73.801596814552752, 40.860740273430636 ], [ -73.801592857173546, 40.860736902386321 ], [ -73.801588934265993, 40.860733506187344 ], [ -73.80158504819704, 40.860730086638746 ], [ -73.801581197777807, 40.860726644639072 ], [ -73.801577383013708, 40.860723178387268 ], [ -73.801573603896685, 40.86071969058483 ], [ -73.801569863993024, 40.860716178536393 ], [ -73.801566158547672, 40.860712645835804 ], [ -73.801562492315639, 40.86070908888923 ], [ -73.801558861730697, 40.860705510392023 ], [ -73.801555271537126, 40.860701910352368 ], [ -73.801551716990602, 40.860698288762066 ], [ -73.801548199274507, 40.860694646523733 ], [ -73.801544721952425, 40.860690981842396 ], [ -73.801541283832933, 40.860687296517092 ], [ -73.801537883729978, 40.860683590545769 ], [ -73.801534521640804, 40.860679864828882 ], [ -73.801531198751562, 40.860676119368492 ], [ -73.80152791625359, 40.860672352365668 ], [ -73.801524671766771, 40.860668566517795 ], [ -73.801521468854673, 40.860664760030055 ], [ -73.801518305137023, 40.860660935599753 ], [ -73.801515181802671, 40.860657092328552 ], [ -73.801512098854232, 40.860653229315851 ], [ -73.801509056286335, 40.86064934836272 ], [ -73.801506054101665, 40.860645448568611 ], [ -73.801503094667027, 40.860641531738658 ], [ -73.801500174426835, 40.860637596966185 ], [ -73.801497298125412, 40.860633644259366 ], [ -73.801494461018436, 40.860629673610099 ], [ -73.801491665472653, 40.860625686823376 ], [ -73.801488913862968, 40.860621683002847 ], [ -73.801486201439616, 40.860617663941298 ], [ -73.801483534141084, 40.86061362694744 ], [ -73.801480908401032, 40.860609574716669 ], [ -73.801478323036108, 40.860605506346445 ], [ -73.801475782787918, 40.860601422745439 ], [ -73.801473285286988, 40.860597323009074 ], [ -73.801470829339152, 40.860593209836736 ], [ -73.801468419696775, 40.860589080535192 ], [ -73.801466050421411, 40.860584937795643 ], [ -73.80146372626001, 40.860580780725762 ], [ -73.801461443654432, 40.860576609319537 ], [ -73.801459208532279, 40.860572424487522 ], [ -73.801457014963162, 40.860568226219591 ], [ -73.8014548653166, 40.860564015420309 ], [ -73.801452759595193, 40.86055979118921 ], [ -73.801450698982379, 40.860555554428799 ], [ -73.801448682292076, 40.860551305137001 ], [ -73.801446710707651, 40.860547044216439 ], [ -73.801444784231776, 40.860542770766543 ], [ -73.801442904045075, 40.860538486590379 ], [ -73.801441065406053, 40.860534190779283 ], [ -73.801439274242313, 40.860529884243924 ], [ -73.801437526995642, 40.860525566978247 ], [ -73.801435827224253, 40.860521238988312 ], [ -73.801434170181167, 40.860516901166463 ], [ -73.801432561796702, 40.860512553522923 ], [ -73.801430996140539, 40.860508196047462 ], [ -73.80142947795423, 40.860503829648806 ], [ -73.801428003682261, 40.860499453420246 ], [ -73.801426578063541, 40.860495069170952 ], [ -73.801425195170339, 40.860490675990263 ], [ -73.801423860930342, 40.860486274788848 ], [ -73.801422571785366, 40.860481865560615 ], [ -73.801421330104816, 40.860477449210144 ], [ -73.80142013351923, 40.860473024832778 ], [ -73.801418983212002, 40.86046859333117 ], [ -73.801417881552553, 40.860464155609797 ], [ -73.801416824985395, 40.860459710762065 ], [ -73.80141581469114, 40.860455260591046 ], [ -73.801414850675215, 40.860450803295684 ], [ -73.801413935304339, 40.860446340681129 ], [ -73.801413063834275, 40.860441872739138 ], [ -73.801412241006489, 40.860437400378402 ], [ -73.801411466823794, 40.86043292269845 ], [ -73.80141073654184, 40.860428439691084 ], [ -73.801410054899563, 40.860423953165458 ], [ -73.801409420710783, 40.860419463119534 ], [ -73.801408832792205, 40.860414968650787 ], [ -73.801408292327139, 40.860410470661769 ], [ -73.80140779931294, 40.860405970052902 ], [ -73.801407352566201, 40.860401465921719 ], [ -73.801406954453654, 40.860396960073246 ], [ -73.801406602605795, 40.86039245160292 ], [ -73.801406298206118, 40.8603879414133 ], [ -73.801406041257238, 40.860383428603839 ], [ -73.80140583056766, 40.860378914973538 ], [ -73.80140566850956, 40.860374400526446 ], [ -73.801405553896828, 40.860369885260489 ], [ -73.801405486729507, 40.86036536917571 ], [ -73.801405467007513, 40.86036085227213 ], [ -73.801405492353368, 40.860356336346577 ], [ -73.801405567514067, 40.860351820506814 ], [ -73.801405688931311, 40.860347304746618 ], [ -73.801405857788552, 40.860342789968598 ], [ -73.801406075269043, 40.860338277075194 ], [ -73.801406339003407, 40.860333765161954 ], [ -73.801406650175053, 40.860329255131326 ], [ -73.801407007597845, 40.860324746981277 ], [ -73.801407413643872, 40.860320240715943 ], [ -73.801407867124439, 40.860315737233684 ], [ -73.801408366850765, 40.860311237433024 ], [ -73.801408914014274, 40.860306739514961 ], [ -73.801409508606895, 40.860302246181021 ], [ -73.801410150633984, 40.860297755630157 ], [ -73.801410838904076, 40.860293269661362 ], [ -73.801411574603293, 40.860288788276662 ], [ -73.801412357731522, 40.860284311476065 ], [ -73.801413187102824, 40.860279839257494 ], [ -73.801414062717072, 40.860275371620958 ], [ -73.801414985754946, 40.860270910369493 ], [ -73.801415957407997, 40.860266453704163 ], [ -73.801416974109799, 40.860262004320305 ], [ -73.801418037051931, 40.860257560418972 ], [ -73.801419147414961, 40.860253123803155 ], [ -73.801420301643404, 40.860248693566277 ], [ -73.801421504481567, 40.860244269716524 ], [ -73.801422753551847, 40.860239854050732 ], [ -73.801424048854358, 40.860235446568915 ], [ -73.801425391577695, 40.860231046372625 ], [ -73.801426779347096, 40.860226654358314 ], [ -73.801428212159891, 40.860222271426423 ], [ -73.801429691204817, 40.860217896678513 ], [ -73.801431218848535, 40.860213531919619 ], [ -73.801432789166228, 40.860209175338611 ], [ -73.801434404524542, 40.860204828740486 ], [ -73.801436067292954, 40.860200493029808 ], [ -73.801437775104645, 40.860196166401579 ], [ -73.80143952914041, 40.860191850658779 ], [ -73.801441325841893, 40.860187545795277 ], [ -73.801443169956173, 40.86018325091878 ], [ -73.801445059103003, 40.860178968726593 ], [ -73.801446990915565, 40.860174697413733 ], [ -73.801448968949387, 40.860170437886801 ], [ -73.801450992018474, 40.86016619014368 ], [ -73.801453058933959, 40.860161955082894 ], [ -73.80145516969587, 40.860157732704423 ], [ -73.80145732667367, 40.860153523912835 ], [ -73.801459525125779, 40.860149327799469 ], [ -73.80146176979639, 40.860145144372417 ], [ -73.801464055935952, 40.860140975424606 ], [ -73.801466387105251, 40.860136820061619 ], [ -73.801468762115576, 40.860132679181895 ], [ -73.801471178594809, 40.860128552781354 ], [ -73.801473640101079, 40.86012444086613 ], [ -73.801476145445662, 40.860120344334653 ], [ -73.801478692259138, 40.860116262282311 ], [ -73.801481280536066, 40.86011219651013 ], [ -73.801483912651292, 40.860108146121718 ], [ -73.801486587416051, 40.860104112015463 ], [ -73.801489304830355, 40.860100094191367 ], [ -73.801492062519358, 40.860096093545884 ], [ -73.801494865232684, 40.860092108286153 ], [ -73.801497705845904, 40.860088141101407 ], [ -73.801500590292008, 40.860084191101357 ], [ -73.801503516198892, 40.860080258281933 ], [ -73.801506482377761, 40.860076343541543 ], [ -73.801509490014666, 40.860072446882256 ], [ -73.8015125379236, 40.860068568302026 ], [ -73.801515627287856, 40.860064708703348 ], [ -73.801518727256408, 40.860060872535676 ], [ -73.801521865124897, 40.860057054442947 ], [ -73.801525044445953, 40.860053256232213 ], [ -73.801528264036349, 40.860049477001056 ], [ -73.801531523893303, 40.860045717649896 ], [ -73.801534821644779, 40.860041978174657 ], [ -73.801538159662798, 40.860038258579436 ], [ -73.801541535575325, 40.860034558860079 ], [ -73.801544951751652, 40.86003087992124 ], [ -73.801548405817158, 40.860027222659298 ], [ -73.80155189777706, 40.860023585273268 ], [ -73.801555426439975, 40.860019969562039 ], [ -73.801558995364061, 40.860016375531757 ], [ -73.80156260099119, 40.86001280317636 ], [ -73.80156624450467, 40.860009253398282 ], [ -73.80156992353777, 40.860005724392515 ], [ -73.801573641640687, 40.860002218866619 ], [ -73.801577396443847, 40.859998735916015 ], [ -73.801581185575188, 40.859995275536654 ], [ -73.801585012592952, 40.859991837734626 ], [ -73.801588875122249, 40.859988423406321 ], [ -73.80159277316038, 40.859985033452261 ], [ -73.8015967067128, 40.859981666071462 ], [ -73.801600676960135, 40.859978323066919 ], [ -73.801604680344241, 40.859975004432521 ], [ -73.801608720423218, 40.859971710174356 ], [ -73.801612793638967, 40.859968440286316 ], [ -73.801616899988801, 40.85996519566887 ], [ -73.801621041847454, 40.859961975425669 ], [ -73.801625218026302, 40.859958780455067 ], [ -73.801629424967032, 40.859955610751044 ], [ -73.80163366859999, 40.85995246632374 ], [ -73.801637941806177, 40.859949348061363 ], [ -73.80164224932976, 40.859946255972105 ], [ -73.801646589984742, 40.859943190053968 ], [ -73.80165096021291, 40.85994015030073 ], [ -73.801655364755831, 40.859937137621145 ], [ -73.801659798871981, 40.859934151106472 ], [ -73.801664266116788, 40.859931191663357 ], [ -73.801668762932096, 40.859928259285674 ], [ -73.801673290501313, 40.859925354875962 ], [ -73.801677848827111, 40.859922477533686 ], [ -73.801682437909506, 40.859919627258897 ], [ -73.801687055370977, 40.859916805848442 ], [ -73.801691702403005, 40.859914011503385 ], [ -73.801696379000148, 40.859911246024701 ], [ -73.801701086348544, 40.859908509414488 ], [ -73.801705819706569, 40.859905800764018 ], [ -73.801710581443743, 40.85990312097789 ], [ -73.801715373932097, 40.859900470060182 ], [ -73.801720192427467, 40.859897848002703 ], [ -73.801725038113219, 40.859895255708004 ], [ -73.80172990861989, 40.859892692271529 ], [ -73.801734809875128, 40.859890158603939 ], [ -73.801739734762577, 40.859887654692969 ], [ -73.801744686837736, 40.859885181445279 ], [ -73.801749666105962, 40.859882737059827 ], [ -73.801754669003671, 40.859880323331538 ], [ -73.801759696717014, 40.859877940262415 ], [ -73.80176475161808, 40.8598755878565 ], [ -73.801769828962648, 40.85987326610568 ], [ -73.801774932311531, 40.859870974115552 ], [ -73.801780058098572, 40.859868714581481 ], [ -73.801785206331814, 40.859866484801969 ], [ -73.801790380561343, 40.859864287484655 ], [ -73.801795577234387, 40.85986212082237 ], [ -73.801800793976142, 40.859859985711608 ], [ -73.801806035530845, 40.859857882160426 ], [ -73.80181129952372, 40.859855811065309 ], [ -73.801816583585335, 40.859853771521649 ], [ -73.80182188890177, 40.859851763531466 ], [ -73.801827214281531, 40.859849788893754 ], [ -73.80183256210222, 40.859847845811572 ], [ -73.80183792998892, 40.859845935181319 ], [ -73.801843315569641, 40.859844056998909 ], [ -73.801848722399768, 40.85984221217101 ], [ -73.801854149298691, 40.859840398894505 ], [ -73.801859593886249, 40.859838619866892 ], [ -73.801865057353865, 40.859836873289126 ], [ -73.801870539698811, 40.859835160061785 ], [ -73.801876038551754, 40.859833479280205 ], [ -73.801881555093317, 40.859831832747496 ], [ -73.801887090512267, 40.859830219565104 ], [ -73.801892641250475, 40.859828639726999 ], [ -73.8018982073079, 40.859827093233172 ], [ -73.801903791053988, 40.859825580988158 ], [ -73.801909390119334, 40.859824102087352 ], [ -73.801915004501254, 40.859822657431316 ], [ -73.80192063419976, 40.859821247020015 ], [ -73.801926276842735, 40.859819870849371 ], [ -73.801931935988421, 40.859818528925487 ], [ -73.801937608078561, 40.859817221242253 ], [ -73.801943294301921, 40.859815946901229 ], [ -73.801948992278369, 40.859814708599799 ], [ -73.801954703202043, 40.859813503638534 ], [ -73.801960427067556, 40.85981233381839 ], [ -73.801966163874908, 40.859811199139386 ], [ -73.801971913626829, 40.859810098701033 ], [ -73.801977672765062, 40.859809032497211 ], [ -73.801983441284392, 40.859808002328926 ], [ -73.801989222748233, 40.859807006401248 ], [ -73.801995015967947, 40.859806045612693 ], [ -73.802000816199254, 40.859805119955027 ], [ -73.802006625814343, 40.85980422943242 ], [ -73.802012445996553, 40.859803374947369 ], [ -73.802018276751241, 40.859802554698824 ], [ -73.802024112142774, 40.859801770477681 ], [ -73.802029956918105, 40.85980102139154 ], [ -73.802035811077218, 40.859800307440395 ], [ -73.802041671061971, 40.859799628618177 ], [ -73.802047539241784, 40.859798985829364 ], [ -73.802053413244536, 40.859798379070028 ], [ -73.802059293072958, 40.859797807439506 ], [ -73.802065178727034, 40.859797270937932 ], [ -73.802071069018069, 40.859796770463689 ], [ -73.802076966318126, 40.859796306020868 ], [ -73.802082865885737, 40.859795876700872 ], [ -73.802088771276317, 40.859795483410267 ], [ -73.802094681303927, 40.859795126146935 ], [ -73.802100594785102, 40.859794804008494 ], [ -73.802106509342437, 40.859794518791752 ], [ -73.802112427353407, 40.859794268699872 ], [ -73.802118350004051, 40.859794053734831 ], [ -73.802124272544816, 40.859793875689469 ], [ -73.802130198536503, 40.859793733669413 ], [ -73.802136123237688, 40.859793626766084 ], [ -73.802142051389822, 40.859793555888032 ], [ -73.802147978248755, 40.859793521027179 ], [ -73.802153906186604, 40.859793522187545 ], [ -73.802159835203312, 40.859793559369173 ], [ -73.802165762929562, 40.8597936316675 ], [ -73.802171689359909, 40.859793740883475 ], [ -73.802177614499783, 40.859793885216149 ], [ -73.802183537160388, 40.859794065563925 ], [ -73.802189457341768, 40.859794281926888 ], [ -73.802195376230088, 40.859794534307021 ], [ -73.802201291453088, 40.859794822700231 ], [ -73.802207204199604, 40.859795146208135 ], [ -73.802213113280871, 40.859795505729132 ], [ -73.802219018696931, 40.859795901263219 ], [ -73.802224920447756, 40.859796332810468 ], [ -73.80223081616397, 40.859796799466245 ], [ -73.802236705842859, 40.859797302131078 ], [ -73.802242590673174, 40.85979783990647 ], [ -73.802248471838325, 40.85979841369501 ], [ -73.802254345780128, 40.859799023490574 ], [ -73.802260211315215, 40.859799668390615 ], [ -73.802266070815705, 40.859800348399233 ], [ -73.802271924279012, 40.859801064416892 ], [ -73.802277769335603, 40.859801815539065 ], [ -73.80228360598278, 40.859802602666235 ], [ -73.802289434223368, 40.859803424897869 ], [ -73.802295254057313, 40.859804282234037 ], [ -73.802301063112481, 40.85980517467064 ], [ -73.802306864947042, 40.859806102213767 ], [ -73.802312654816816, 40.859807064855346 ], [ -73.802318435093952, 40.859808062599356 ], [ -73.802324204592324, 40.859809095443836 ], [ -73.802329963314705, 40.859810162488294 ], [ -73.802335710069599, 40.859811265531633 ], [ -73.802341447234539, 40.85981240277696 ], [ -73.802347168879251, 40.859813574214158 ], [ -73.80235288211739, 40.859814780755833 ], [ -73.802358579832628, 40.859816022389921 ], [ -73.80236426439977, 40.859817298219824 ], [ -73.802369935821531, 40.859818607345197 ], [ -73.802375591720335, 40.859819951562876 ], [ -73.80238123565718, 40.859821329978523 ], [ -73.802386865259891, 40.859822742588058 ], [ -73.802392478156349, 40.859824189387396 ], [ -73.802398075532665, 40.859825670378612 ], [ -73.802403658577504, 40.859827184663217 ], [ -73.802409223730109, 40.859828733135615 ], [ -73.802414773365228, 40.859830314899412 ], [ -73.802420306296852, 40.859831929952513 ], [ -73.80242582252491, 40.859833578295017 ], [ -73.802431322046857, 40.859835260827332 ], [ -73.802436802493119, 40.859836976644935 ], [ -73.802442263866496, 40.859838724847364 ], [ -73.802447707350296, 40.859840506337115 ], [ -73.802453132944578, 40.859842321114193 ], [ -73.802458538279907, 40.859844168274044 ], [ -73.802463924542323, 40.859846047818749 ], [ -73.802469289357006, 40.859847960644686 ], [ -73.80247463628487, 40.85984990585743 ], [ -73.80247996058435, 40.859851882548469 ], [ -73.802485266997024, 40.859853891626358 ], [ -73.802490549592591, 40.859855933080972 ], [ -73.802495809557087, 40.859858006914294 ], [ -73.802501049265345, 40.859860112229953 ], [ -73.802506267531314, 40.859862249025888 ], [ -73.802511460796779, 40.859864417296052 ], [ -73.802516632619984, 40.859866617046521 ], [ -73.80252178300087, 40.859868848277294 ], [ -73.802526907197944, 40.859871110079737 ], [ -73.802532008766718, 40.859873403360425 ], [ -73.802537085337633, 40.859875727214892 ], [ -73.802542135724806, 40.859878081641057 ], [ -73.802547163486253, 40.859880466645009 ], [ -73.802552166250024, 40.859882882222749 ], [ -73.80255714283264, 40.859885327471652 ], [ -73.802562093231415, 40.859887803292288 ], [ -73.802567016262984, 40.85989030878217 ], [ -73.802571915485558, 40.859892843947314 ], [ -73.802576786154887, 40.859895408779636 ], [ -73.802581630643132, 40.859898003283199 ], [ -73.802586446580776, 40.85990062655349 ], [ -73.802591236337335, 40.859903279495001 ], [ -73.802595997543293, 40.859905961203225 ], [ -73.802600729012667, 40.859908671676152 ], [ -73.802605431934168, 40.8599114100153 ], [ -73.802610107491176, 40.859914177123152 ], [ -73.802614754497654, 40.859916972997816 ], [ -73.802619370584068, 40.859919796734587 ], [ -73.802623956939314, 40.859922647435106 ], [ -73.802628512371896, 40.859925526898287 ], [ -73.802633038073196, 40.859928433325209 ], [ -73.802637534040542, 40.859931367616312 ], [ -73.802641997907244, 40.859934327966648 ], [ -73.802646430853969, 40.85993731617917 ], [ -73.802650834069425, 40.85994033135546 ], [ -73.802655202812048, 40.859943372586898 ], [ -73.802659541826117, 40.859946439881554 ], [ -73.802663847553475, 40.859949533233447 ], [ -73.802668118805329, 40.859952653540937 ], [ -73.802672357959153, 40.85995579900716 ], [ -73.802676565014991, 40.859958969632139 ], [ -73.802680739970086, 40.859962166316336 ], [ -73.802684879269023, 40.859965388153171 ], [ -73.802688984100499, 40.859968634244247 ], [ -73.802693054461812, 40.859971905489999 ], [ -73.802697091539059, 40.85997520189246 ], [ -73.802701094151516, 40.859978521648635 ], [ -73.802705061107801, 40.85998186655749 ], [ -73.802708992413201, 40.859985234818041 ], [ -73.802712889253783, 40.859988626432333 ], [ -73.802716749254827, 40.859992042296795 ], [ -73.802720574793682, 40.859995480614529 ], [ -73.802724362309576, 40.859998942279894 ], [ -73.802728112988575, 40.860002427294937 ], [ -73.802731829205413, 40.860005934763279 ], [ -73.802735507404591, 40.860009463778297 ], [ -73.802739148769518, 40.860013015242522 ], [ -73.802742750928061, 40.860016589151925 ], [ -73.802746316255011, 40.860020184610057 ], [ -73.802749845936447, 40.860023801618944 ], [ -73.802753303062914, 40.860027487841577 ], [ -73.802756722171708, 40.860031195610972 ], [ -73.802760100893394, 40.8600349240225 ], [ -73.802763441602721, 40.860038672179797 ], [ -73.802766743113665, 40.860042440080797 ], [ -73.802770003051435, 40.860046228621982 ], [ -73.802773226165627, 40.860050036010485 ], [ -73.80277640770926, 40.860053863138624 ], [ -73.802779550057167, 40.860057709110052 ], [ -73.802782649651121, 40.860061573918578 ], [ -73.802785710049378, 40.860065457570435 ], [ -73.802788730065771, 40.86006936006347 ], [ -73.802791709703044, 40.860073280497311 ], [ -73.802794646591707, 40.86007721796733 ], [ -73.802797541915183, 40.860081173376052 ], [ -73.802800396859496, 40.860085146725559 ], [ -73.802803210241223, 40.860089137113306 ], [ -73.802805979690945, 40.860093143634771 ], [ -73.802808708764161, 40.8600971671965 ], [ -73.802811396274791, 40.860101207796454 ], [ -73.802814038670022, 40.860105263627631 ], [ -73.802816641877442, 40.86010933560064 ], [ -73.802819199969449, 40.860113422804872 ], [ -73.802821716501498, 40.86011752614683 ], [ -73.802824189106843, 40.860121643821593 ], [ -73.802826617782799, 40.860125776729554 ], [ -73.802829002532022, 40.860129923970284 ], [ -73.802831346912711, 40.860134085549873 ], [ -73.802833644997179, 40.860138260557633 ], [ -73.802835899154843, 40.860142449898206 ], [ -73.802838110571912, 40.860146653573537 ], [ -73.802840278070178, 40.860150868880176 ], [ -73.802842399269522, 40.860155098515548 ], [ -73.802844478922268, 40.860159339786286 ], [ -73.802846512278734, 40.86016359448525 ], [ -73.802848500533045, 40.860167859913005 ], [ -73.802850446049277, 40.86017213877512 ], [ -73.80285234527723, 40.860176428363978 ], [ -73.802854199400343, 40.86018072958214 ], [ -73.802856008421216, 40.860185041529085 ], [ -73.802857771153825, 40.860189364202832 ], [ -73.802859491153683, 40.860193698509946 ], [ -73.802861162498445, 40.860198041738848 ], [ -73.802862791113085, 40.860202395700547 ], [ -73.802864373444748, 40.860206758588127 ], [ -73.802865909488119, 40.860211132202451 ], [ -73.802867399251085, 40.860215513842142 ], [ -73.80286884391721, 40.860219904409668 ], [ -73.80287023992814, 40.860224303898967 ], [ -73.802871593216906, 40.860228711419651 ], [ -73.802872897850534, 40.860233127862166 ], [ -73.802874157392537, 40.860237551431524 ], [ -73.802875370656835, 40.860241982125743 ], [ -73.8028765376434, 40.860246419944836 ], [ -73.802877657166221, 40.860250864886737 ], [ -73.802878730411251, 40.86025531695352 ], [ -73.80287975738122, 40.860259775244685 ], [ -73.802880735706694, 40.860264238855642 ], [ -73.802881670129139, 40.860268708695067 ], [ -73.802882554718323, 40.860273184752721 ], [ -73.802883395409864, 40.860277665237916 ], [ -73.802884186273417, 40.860282150140357 ], [ -73.80288493086455, 40.860286640366752 ], [ -73.802885630371904, 40.860291135018549 ], [ -73.802886280051283, 40.86029563408767 ], [ -73.802886884652224, 40.86030013578128 ], [ -73.802887440611229, 40.860304641894196 ], [ -73.802887949116993, 40.860309151528035 ], [ -73.802888412546935, 40.860313662885822 ], [ -73.80288882733764, 40.860318177762487 ], [ -73.802889193491595, 40.860322695257558 ], [ -73.802889514569813, 40.860327214476577 ], [ -73.802889787013996, 40.86033173541346 ], [ -73.802890010826829, 40.860336257167816 ], [ -73.802890189561197, 40.860340781546597 ], [ -73.802890319666815, 40.860345305842309 ], [ -73.802890402327122, 40.860349830957404 ], [ -73.80289043754216, 40.860354356892003 ], [ -73.802890426503197, 40.860358881847063 ], [ -73.802890365646789, 40.860363407617513 ], [ -73.802890259722517, 40.860367932410441 ], [ -73.802890105169453, 40.86037245712027 ], [ -73.802889903179079, 40.860376979948143 ], [ -73.802889654934646, 40.860381501796475 ], [ -73.802889356880726, 40.860386021758693 ], [ -73.802889013761586, 40.860390539842939 ], [ -73.802888622021584, 40.860395055142668 ], [ -73.802888182844228, 40.860399568560354 ], [ -73.802887698604223, 40.860404079199569 ], [ -73.802887165743357, 40.860408587054238 ], [ -73.802886585450423, 40.860413091225887 ], [ -73.80288595772538, 40.86041759171453 ], [ -73.802885282568155, 40.860422088520181 ], [ -73.802884559981536, 40.86042658074232 ], [ -73.802883792337539, 40.860431068384983 ], [ -73.802882976077996, 40.860435551442144 ], [ -73.80288211357508, 40.860440029917854 ], [ -73.802881203647928, 40.860444502009045 ], [ -73.802880246291338, 40.860448969516753 ], [ -73.802879242696548, 40.860453430642018 ], [ -73.802878191677621, 40.860457885382793 ], [ -73.80287709679267, 40.860462333745126 ], [ -73.80287595211405, 40.860466774818448 ], [ -73.802874762383382, 40.860471209511353 ], [ -73.802873526417201, 40.860475636921322 ], [ -73.802872243032127, 40.860480056145818 ], [ -73.802870914597577, 40.860484468089389 ], [ -73.802869538744162, 40.860488871847501 ], [ -73.802868117843943, 40.860493267424175 ], [ -73.802866650716226, 40.860497653016445 ], [ -73.802865137355553, 40.860502030425252 ], [ -73.802863577764725, 40.86050639875014 ], [ -73.802861973132423, 40.860510757092605 ], [ -73.802860322269893, 40.860515106351166 ], [ -73.802858626368533, 40.860519444726805 ], [ -73.802856885425641, 40.860523773120057 ], [ -73.802855098257837, 40.860528090628392 ], [ -73.802853266051187, 40.860532397253834 ], [ -73.802851388808364, 40.860536692095891 ], [ -73.802849465340572, 40.860540976052988 ], [ -73.802847500394833, 40.860545248232775 ], [ -73.802845486854622, 40.860549508623123 ], [ -73.802843431839094, 40.860553756335655 ], [ -73.802841331787306, 40.860557992264795 ], [ -73.802839186704631, 40.860562214609566 ], [ -73.802836996588425, 40.860566424270402 ], [ -73.802834762627313, 40.860570620348938 ], [ -73.802832487196184, 40.860574801948665 ], [ -73.802830165545387, 40.860578970862434 ], [ -73.802827801238507, 40.860583125295442 ], [ -73.802825393089378, 40.860587265245549 ], [ -73.802822939911991, 40.860591390710802 ], [ -73.802820447639334, 40.860595500800819 ], [ -73.802817909155038, 40.860599595503423 ], [ -73.802815329200627, 40.860603675727241 ], [ -73.802812705409337, 40.860607739667188 ], [ -73.802810040153247, 40.860611787327343 ], [ -73.802807332246374, 40.86061581870571 ], [ -73.802804582872042, 40.860619834704771 ], [ -73.8028017908522, 40.860623832620995 ], [ -73.802798954995438, 40.860627814253348 ], [ -73.802796081234803, 40.860631778711557 ], [ -73.802793162456481, 40.860635725082837 ], [ -73.802790205774215, 40.860639654279943 ], [ -73.802787206446482, 40.860643565394227 ], [ -73.802784165659304, 40.860647458427714 ], [ -73.802781084601364, 40.860651332481929 ], [ -73.802777962086594, 40.86065518755489 ], [ -73.802774801670594, 40.860659024553115 ], [ -73.802771598614427, 40.860662841667491 ], [ -73.802768356473536, 40.860666639804691 ], [ -73.802765074067239, 40.860670417161593 ], [ -73.802761753762368, 40.860674175543295 ], [ -73.802758393189379, 40.860677914045255 ], [ -73.802754994725817, 40.860681630870488 ], [ -73.802751555994121, 40.860685327815972 ], [ -73.802748079369195, 40.860689003985243 ], [ -73.802744563664888, 40.860692659376255 ], [ -73.80274101007268, 40.860696292190077 ], [ -73.802737418584485, 40.860699905128186 ], [ -73.802733789211018, 40.860703494588584 ], [ -73.802730123132989, 40.860707062374324 ], [ -73.802726416792225, 40.860710608479287 ], [ -73.802722677307798, 40.860714132015126 ], [ -73.802718898749291, 40.860717632971763 ], [ -73.8027150846777, 40.86072111045474 ], [ -73.802711232720796, 40.860724564459986 ], [ -73.802707346434133, 40.860727995894116 ], [ -73.802703423448278, 40.860731403852498 ], [ -73.802699463765819, 40.860734787434779 ], [ -73.80269547094511, 40.860738146646938 ], [ -73.802691442611206, 40.86074148238545 ], [ -73.802687378766819, 40.860744793749731 ], [ -73.802683280600732, 40.860748079841457 ], [ -73.802679148110229, 40.860751341561027 ], [ -73.802674980111917, 40.860754578005938 ], [ -73.802670781350074, 40.860757789184255 ], [ -73.802666545897026, 40.860760974185446 ], [ -73.802662279677804, 40.860764134820563 ], [ -73.802657977956102, 40.86076726838003 ], [ -73.802653646656935, 40.860770376674935 ], [ -73.802649281041425, 40.860773457896208 ], [ -73.802644882290267, 40.860776513846865 ], [ -73.802640453967001, 40.860779542732011 ], [ -73.802635992516059, 40.860782543645072 ], [ -73.802631499118263, 40.860785518389022 ], [ -73.802626976148346, 40.860788466067383 ], [ -73.802622422422928, 40.860791385777759 ], [ -73.802617839125404, 40.860794278422588 ], [ -73.802613223886382, 40.860797143097315 ], [ -73.802608579077912, 40.860799979806018 ], [ -73.802603904700078, 40.860802788548696 ], [ -73.802599200755481, 40.860805568424809 ], [ -73.802594468427557, 40.86080832033695 ], [ -73.802589707718951, 40.860811043384551 ], [ -73.802584917443696, 40.860813737565643 ], [ -73.802580099976481, 40.860816401983762 ], [ -73.802575252939903, 40.860819038435771 ], [ -73.802570381083541, 40.860821645128937 ], [ -73.802565480849296, 40.860824222057055 ], [ -73.802560554609144, 40.860826769224182 ], [ -73.802555601177161, 40.860829286628366 ], [ -73.802550619367238, 40.860831774267524 ], [ -73.80254561392367, 40.860834232149791 ], [ -73.802540582479622, 40.860836658470056 ], [ -73.802535527401943, 40.860839055033473 ], [ -73.80253044394901, 40.860841420931315 ], [ -73.80252533805384, 40.860843755273365 ], [ -73.802520208525038, 40.860846059858439 ], [ -73.80251505418191, 40.86084833288357 ], [ -73.802509876210522, 40.860850574350863 ], [ -73.802504674608187, 40.860852785160667 ], [ -73.802499449377535, 40.860854964412574 ], [ -73.802494202890855, 40.860857112110651 ], [ -73.802488932778544, 40.860859227350311 ], [ -73.802483641410163, 40.860861311036125 ], [ -73.802478328788382, 40.860863362267573 ], [ -73.802472993724436, 40.860865381943121 ], [ -73.802467637407105, 40.86086736916436 ], [ -73.802462261022384, 40.860869323933258 ], [ -73.802456865756497, 40.86087124625184 ], [ -73.80245144805113, 40.860873136114023 ], [ -73.802446011467183, 40.860874992625412 ], [ -73.802440556002068, 40.86087681668652 ], [ -73.802435081658359, 40.860878607396799 ], [ -73.802429588436155, 40.860880364756284 ], [ -73.802424078704917, 40.860882089669573 ], [ -73.802418548911717, 40.86088378032948 ], [ -73.802413002609526, 40.860885438543129 ], [ -73.802407438617578, 40.860887062507523 ], [ -73.802401858119225, 40.860888653125187 ], [ -73.802396259931172, 40.86089020949354 ], [ -73.802390646422921, 40.860891732517182 ], [ -73.802385017597018, 40.860893221295633 ], [ -73.802379373453562, 40.860894675828867 ], [ -73.802373713992608, 40.860896096116853 ], [ -73.802368039211402, 40.860897483060121 ], [ -73.802362350301394, 40.860898834859697 ], [ -73.802356648446036, 40.860900152418118 ], [ -73.802350930084359, 40.860901436629803 ], [ -73.802345202343588, 40.860902683904889 ], [ -73.802339459279992, 40.860903898735785 ], [ -73.802333703276389, 40.860905077524514 ], [ -73.802327936702255, 40.86090622117564 ], [ -73.8023221571828, 40.860907330585562 ], [ -73.802316368278909, 40.86090840485997 ], [ -73.802310565243644, 40.860909444891156 ], [ -73.802304754012752, 40.860910448888298 ], [ -73.802298931022648, 40.860911418646346 ], [ -73.802293097464727, 40.860912352366235 ], [ -73.802287255708578, 40.860913250952599 ], [ -73.802281403381926, 40.860914114401382 ], [ -73.802275544043113, 40.860914942718622 ], [ -73.802269675319934, 40.860915735900363 ], [ -73.802263797217776, 40.860916492145464 ], [ -73.802257913286837, 40.86091721416156 ], [ -73.802252021160314, 40.860917900143662 ], [ -73.802246122024329, 40.860918550093785 ], [ -73.802240217062291, 40.860919164914364 ], [ -73.802234305090778, 40.860919743702979 ], [ -73.802228387293255, 40.860920287362077 ], [ -73.802222463672337, 40.86092079499123 ], [ -73.802216534225408, 40.860921267490866 ], [ -73.802210602518713, 40.860921702165697 ], [ -73.802204663799913, 40.860922101708937 ], [ -73.802198722813358, 40.860922466128848 ], [ -73.80219277718686, 40.860922795421267 ], [ -73.802186829300666, 40.860923086888818 ], [ -73.802180877960652, 40.860923343230958 ], [ -73.802174923169488, 40.860923563547203 ], [ -73.80216896729938, 40.860923747841547 ], [ -73.802163010350284, 40.860923896114102 ], [ -73.802157051136177, 40.86092400836278 ], [ -73.802151090843083, 40.860924084589577 ], [ -73.802145129468471, 40.860924125695007 ], [ -73.802139169392376, 40.860924128981679 ], [ -73.802133208232007, 40.860924098047484 ], [ -73.802127247181517, 40.860924030193026 ], [ -73.802121287424313, 40.860923926320766 ], [ -73.802115328957697, 40.860923787331195 ], [ -73.802109374159173, 40.860923611427452 ], [ -73.80210341828176, 40.860923399501857 ], [ -73.802097466069824, 40.860923151562531 ], [ -73.802091516337285, 40.860922867607499 ], [ -73.802085571453588, 40.86092254854124 ], [ -73.802079629052017, 40.860922192558768 ], [ -73.80207369031325, 40.860921801463064 ], [ -73.80206775523996, 40.860921374353651 ], [ -73.802061826201651, 40.860920912135128 ], [ -73.802055900834247, 40.860920412101848 ], [ -73.802049982687933, 40.860919876961532 ], [ -73.802044068204424, 40.860919306707949 ], [ -73.802038160944747, 40.860918700446788 ], [ -73.802032260906145, 40.860918059078514 ], [ -73.802026366905295, 40.860917381700567 ], [ -73.802020481314329, 40.86091666831711 ], [ -73.802014601758387, 40.860915919824492 ], [ -73.802008730612343, 40.860915135326373 ], [ -73.802002867870897, 40.860914316623578 ], [ -73.801997014725416, 40.860913461917306 ], [ -73.801991171175942, 40.860912571207521 ], [ -73.801985334847643, 40.86091164539063 ], [ -73.801985327729184, 40.860914036185349 ], [ -73.801979536777452, 40.860913007789932 ], [ -73.801973755421685, 40.860911943390995 ] ] ], [ [ [ -73.802956506757553, 40.860689349321461 ], [ -73.802957933302935, 40.86068985333192 ], [ -73.802959341958584, 40.860690390630012 ], [ -73.802960727985464, 40.860690959406682 ], [ -73.80296208901143, 40.860691559657852 ], [ -73.80296342741137, 40.8606921904871 ], [ -73.802964740813067, 40.86069285189042 ], [ -73.80296602684713, 40.86069354296319 ], [ -73.80296728432738, 40.860694263703429 ], [ -73.802968513259273, 40.860695012310202 ], [ -73.802969711273221, 40.860695787878868 ], [ -73.802970877180528, 40.860696591308006 ], [ -73.802972013358698, 40.860697420800655 ], [ -73.802973113877343, 40.860698276346632 ], [ -73.802974181113925, 40.860699156149032 ], [ -73.802975211510272, 40.860700060201864 ], [ -73.802976208627257, 40.86070098761062 ], [ -73.802977165353767, 40.860701936562229 ], [ -73.802978085245343, 40.860702907963208 ], [ -73.802978967123934, 40.860703899110156 ], [ -73.802979808617351, 40.860704909998915 ], [ -73.802980608539571, 40.86070594062749 ], [ -73.802981369268053, 40.860706989199024 ], [ -73.802982087252573, 40.860708053005929 ], [ -73.802982762490515, 40.860709132948678 ], [ -73.802983394979094, 40.86071022992779 ], [ -73.802983983548387, 40.860711338538316 ], [ -73.802984527006856, 40.860712460579165 ], [ -73.802985026543311, 40.860713595151879 ], [ -73.802985480977028, 40.86071474045351 ], [ -73.802985890313252, 40.860715894683068 ], [ -73.802986253363343, 40.860717058739027 ], [ -73.802986568946508, 40.860718230818314 ], [ -73.802986839440194, 40.860719409124073 ], [ -73.802987061288917, 40.860720592749736 ], [ -73.802987238050861, 40.860721781701322 ], [ -73.802987367361837, 40.86072297327339 ], [ -73.802987449221931, 40.860724167465918 ], [ -73.802987482447662, 40.860725363376382 ], [ -73.802987468230455, 40.860726559205816 ], [ -73.802987408942471, 40.86072775495829 ], [ -73.802987301033511, 40.860728947926276 ], [ -73.802987145686885, 40.860730139012276 ], [ -73.802989698278111, 40.860736094724231 ], [ -73.802992293597796, 40.860742040603675 ], [ -73.802994930462432, 40.860747975748119 ], [ -73.802997612433145, 40.860753899263038 ], [ -73.803000337134918, 40.860759812044975 ], [ -73.803003103384498, 40.860765713191391 ], [ -73.803005912367865, 40.860771602704332 ], [ -73.803008764085078, 40.860777480583714 ], [ -73.803011656164045, 40.8607833468255 ], [ -73.803014594537728, 40.860789200539408 ], [ -73.803017572089729, 40.860795041713196 ], [ -73.803020593564355, 40.860800870355028 ], [ -73.803023655400708, 40.860806687359272 ], [ -73.803026761165043, 40.860812490030526 ], [ -73.80302990728849, 40.860818281964725 ], [ -73.803033094973117, 40.86082405776088 ], [ -73.803036325389002, 40.860829822823973 ], [ -73.803039597366066, 40.860835571749078 ], [ -73.803042908518847, 40.860841309034583 ], [ -73.803046264785763, 40.860847031989081 ], [ -73.803049660236439, 40.860852740602517 ], [ -73.80305309724298, 40.860858434878857 ], [ -73.803056574619347, 40.860864114816145 ], [ -73.803060092365541, 40.860869780414404 ], [ -73.803063652853737, 40.860875431677556 ], [ -73.803067253714488, 40.860881067701165 ], [ -73.803070893761671, 40.860886688483191 ], [ -73.803074576553527, 40.86089229402964 ], [ -73.803078298534544, 40.860897883434021 ], [ -73.803082059699364, 40.86090345849729 ], [ -73.803082292022836, 40.860904309858938 ], [ -73.803082478070706, 40.86090516744504 ], [ -73.803082616659523, 40.860906030353149 ], [ -73.803082710166734, 40.860906896786268 ], [ -73.803082755039497, 40.860907764937373 ], [ -73.803082754835984, 40.860908634812489 ], [ -73.80308270719479, 40.86090950280569 ], [ -73.803082613296596, 40.860910370719928 ], [ -73.80308247316006, 40.860911232251823 ], [ -73.803082284405079, 40.860912090098772 ], [ -73.803082051786575, 40.860912940666914 ], [ -73.803081774118439, 40.860913783954224 ], [ -73.803081451406129, 40.860914618159747 ], [ -73.803081082471422, 40.860915440579994 ], [ -73.803080670869932, 40.860916252121498 ], [ -73.803080215426306, 40.860917049180266 ], [ -73.803079718509949, 40.860917832660895 ], [ -73.803079178945481, 40.860918598959408 ], [ -73.803078599105035, 40.860919348079804 ], [ -73.803077977805273, 40.860920079119538 ], [ -73.803077319795719, 40.860920790285832 ], [ -73.803076622709625, 40.860921479773623 ], [ -73.803075890105191, 40.86092214758898 ], [ -73.803075121985145, 40.860922792831381 ], [ -73.803074319540798, 40.86092341370194 ], [ -73.803073485152396, 40.860924007503186 ], [ -73.803072617628459, 40.860924576034023 ], [ -73.803071722907404, 40.860925116603269 ], [ -73.803070797428362, 40.860925630105186 ], [ -73.803069847129663, 40.860926113848542 ], [ -73.803068870825271, 40.860926567831243 ], [ -73.803067869706538, 40.860926990254335 ], [ -73.803066848512486, 40.860927382926889 ], [ -73.803065804881612, 40.860927742242943 ], [ -73.803064744739046, 40.860928070013593 ], [ -73.803063666903952, 40.860928364435829 ], [ -73.803062576123281, 40.860928624617237 ], [ -73.803061470022314, 40.860928851454268 ], [ -73.803060353350631, 40.86092904315408 ], [ -73.803059227288969, 40.860929201519596 ], [ -73.803058094220219, 40.860929322952956 ], [ -73.803056955325033, 40.860929409257174 ], [ -73.803055811786891, 40.86092946133477 ], [ -73.803054667169334, 40.860929477390798 ], [ -73.803053522655745, 40.860929458327853 ], [ -73.803052379434945, 40.860929403247368 ], [ -73.80305124106242, 40.860929313055969 ], [ -73.803039601850486, 40.860925769561391 ], [ -73.803027947127376, 40.860922257556368 ], [ -73.803016275701808, 40.860918778839853 ], [ -73.803004586392873, 40.860915331608872 ], [ -73.802992880381439, 40.860911917666414 ], [ -73.802981160047565, 40.86090853431503 ], [ -73.802969421827726, 40.86090518334963 ], [ -73.802957669277362, 40.860901865676745 ], [ -73.802945900027126, 40.860898580391883 ], [ -73.802934115260314, 40.860895328397511 ], [ -73.802922314982254, 40.860892107892667 ], [ -73.802910499190276, 40.860888919777842 ], [ -73.802898667881692, 40.860885764953508 ], [ -73.802886822245284, 40.860882642521169 ], [ -73.802874961092172, 40.860879553379384 ], [ -73.802863085611179, 40.860876496629572 ], [ -73.802851194616196, 40.860873472269745 ], [ -73.802839289290645, 40.860870481202397 ], [ -73.802827372009233, 40.860867522531116 ], [ -73.802826116382136, 40.860867376306565 ], [ -73.802824870347763, 40.860867194979249 ], [ -73.802823635092167, 40.860866978551087 ], [ -73.802822410607419, 40.860866729723625 ], [ -73.802821198092872, 40.860866443996429 ], [ -73.802820001093437, 40.860866125877997 ], [ -73.80281881842572, 40.860865774465829 ], [ -73.802817656020082, 40.86086538977009 ], [ -73.802816511499017, 40.860864973587645 ], [ -73.802815389606934, 40.860864525926637 ], [ -73.802814289157595, 40.860864046785082 ], [ -73.802813212523233, 40.860863536166931 ], [ -73.802812162068065, 40.860862996777769 ], [ -73.802811137791934, 40.860862428617615 ], [ -73.802810142064459, 40.86086183259097 ], [ -73.802809174888239, 40.860861207797349 ], [ -73.802808239813487, 40.860860556944324 ], [ -73.802807336840303, 40.860859880031882 ], [ -73.802806467149267, 40.860859178863009 ], [ -73.802805631923931, 40.860858454340274 ], [ -73.802804832352905, 40.860857705565152 ], [ -73.802804070797762, 40.860856936143669 ], [ -73.802803344886328, 40.860856146071768 ], [ -73.802802659362868, 40.860855335357627 ], [ -73.802802014219395, 40.860854506702573 ], [ -73.802801408269829, 40.860853660104745 ], [ -73.802800843881016, 40.86085279736902 ], [ -73.802800322236337, 40.860851919398016 ], [ -73.802799843333077, 40.86085102709216 ], [ -73.802799408351987, 40.860850122254469 ], [ -73.802799016101687, 40.860849206683973 ], [ -73.802798670143076, 40.860848279486142 ], [ -73.802798369282058, 40.860847343360483 ], [ -73.802798114699272, 40.860846400109978 ], [ -73.802797905206134, 40.860845450633093 ], [ -73.802797741988599, 40.860844494931833 ], [ -73.802797625038707, 40.860843535707694 ], [ -73.802797554353731, 40.860842573861149 ], [ -73.802797531114436, 40.860841611195241 ], [ -73.802797554132098, 40.860840648608352 ], [ -73.802797623404047, 40.860839687001061 ], [ -73.802797740113661, 40.86083872727577 ], [ -73.802797903066875, 40.860837772132022 ], [ -73.802798111077507, 40.860836821567744 ], [ -73.802798366509847, 40.860835878288476 ], [ -73.802798666991649, 40.860834942290097 ], [ -73.802799012514981, 40.860834016274111 ], [ -73.802799403079746, 40.860833100240562 ], [ -73.802799837499904, 40.860832194187367 ], [ -73.802800315762113, 40.860831302616958 ], [ -73.8028008378691, 40.860830424628908 ], [ -73.802801400259824, 40.860829561117569 ], [ -73.802802005298574, 40.860828714788468 ], [ -73.802802650610403, 40.86082788653804 ], [ -73.80280333501463, 40.860827074563275 ], [ -73.802804060867416, 40.860826284271148 ], [ -73.802804822243701, 40.860825513850564 ], [ -73.802805620321521, 40.860824766005045 ], [ -73.802806456289673, 40.860824039836068 ], [ -73.802807325393118, 40.860823338937486 ], [ -73.802808228823309, 40.860822661510376 ], [ -73.802809163011361, 40.860822011150617 ], [ -73.802810129148639, 40.860821386059186 ], [ -73.802811124854998, 40.860820788933587 ], [ -73.802812148941669, 40.86082022067221 ], [ -73.802813199039235, 40.860819680370533 ], [ -73.802817877102541, 40.860816026063496 ], [ -73.802822523213408, 40.860812347388361 ], [ -73.802827134996932, 40.86080864524159 ], [ -73.802831713642021, 40.860804918724668 ], [ -73.802836259143191, 40.860801169638691 ], [ -73.802840771505871, 40.860797396182583 ], [ -73.80284524953862, 40.860793600155283 ], [ -73.802849693246728, 40.860789779755926 ], [ -73.802854102619619, 40.860785938586396 ], [ -73.802858476484445, 40.860782072142221 ], [ -73.802862816014056, 40.860778184927881 ], [ -73.802867122402503, 40.860774274243987 ], [ -73.802871392086161, 40.86077034188537 ], [ -73.802875626251208, 40.860766387854113 ], [ -73.802879824897531, 40.860762412150194 ], [ -73.802883986841806, 40.860758413871139 ], [ -73.802888114450823, 40.860754394821946 ], [ -73.802892205352435, 40.860750354998522 ], [ -73.802896259552014, 40.860746292600012 ], [ -73.802900278224925, 40.860742211230267 ], [ -73.802904259009708, 40.860738107283396 ], [ -73.802908203081756, 40.860733984363328 ], [ -73.802912109262991, 40.860729839766577 ], [ -73.8029159799176, 40.860725676198683 ], [ -73.802919811492671, 40.860721491852551 ], [ -73.80292360754116, 40.860717288535291 ], [ -73.802927363321331, 40.860713065338302 ], [ -73.802931082391495, 40.860708822267625 ], [ -73.802934763560188, 40.860704561122269 ], [ -73.802938405646699, 40.860700280099216 ], [ -73.802942009831824, 40.860695981001427 ], [ -73.802945574932096, 40.860691662926484 ], [ -73.802949100944872, 40.860687326774787 ], [ -73.802950612197563, 40.860687663438426 ], [ -73.802952110304773, 40.860688033397849 ], [ -73.802953591702931, 40.86068843844788 ], [ -73.802955058769513, 40.860688876791627 ], [ -73.802956506757553, 40.860689349321461 ] ] ], [ [ [ -73.803095179606089, 40.861032233265924 ], [ -73.803099342460925, 40.86103433851698 ], [ -73.803103492229226, 40.861036457252972 ], [ -73.803091004845356, 40.861030143302706 ], [ -73.803095179606089, 40.861032233265924 ] ] ], [ [ [ -73.784449713101083, 40.862584893461353 ], [ -73.784371009039944, 40.863043115933316 ], [ -73.784352654804707, 40.863149985379209 ], [ -73.784185588469313, 40.863137103042057 ], [ -73.784056142521266, 40.86312712112489 ], [ -73.783855174742726, 40.863111623760908 ], [ -73.783535902088644, 40.863087002793314 ], [ -73.782935378524058, 40.86304068970508 ], [ -73.782090665662963, 40.86297553982785 ], [ -73.78229791513148, 40.861890749351538 ], [ -73.784539325290879, 40.862063148018244 ], [ -73.784488347863004, 40.862359947881075 ], [ -73.784449713101083, 40.862584893461353 ] ] ], [ [ [ -73.813830437257479, 40.864752706142163 ], [ -73.813846060182442, 40.86476452328256 ], [ -73.813859027232539, 40.864778066880767 ], [ -73.813869009611267, 40.864792996021549 ], [ -73.813870187333649, 40.86480194070112 ], [ -73.813869975950311, 40.864810929064902 ], [ -73.813868376997149, 40.864819835947102 ], [ -73.813500668817071, 40.865513435454837 ], [ -73.813219488827883, 40.865990977591508 ], [ -73.813201271933067, 40.866004788651395 ], [ -73.813180174027636, 40.866015990823399 ], [ -73.813156836604946, 40.866024242958048 ], [ -73.813131966138187, 40.866029296762029 ], [ -73.81310631747138, 40.866030997671999 ], [ -73.813080671256415, 40.866029293823139 ], [ -73.813055800734489, 40.866024237796111 ], [ -73.813032465817457, 40.866015982105267 ], [ -73.813011369201732, 40.866004778226824 ], [ -73.812993156398079, 40.865990965792889 ], [ -73.812978374243599, 40.865974962618488 ], [ -73.812967475671499, 40.865957255704352 ], [ -73.812961504462265, 40.865941236192342 ], [ -73.812962348794144, 40.865939628383217 ], [ -73.812960667289289, 40.865920899042543 ], [ -73.812962745885685, 40.86590219200562 ], [ -73.812968534726664, 40.865883941228219 ], [ -73.813059965156441, 40.865709541775651 ], [ -73.813351179409935, 40.865195868713627 ], [ -73.813374298430617, 40.865151630751775 ], [ -73.813382851243134, 40.865139999431108 ], [ -73.813505816992162, 40.86497280770962 ], [ -73.813652282744755, 40.864773660250158 ], [ -73.813665585197711, 40.864761043336536 ], [ -73.813681328610599, 40.864750167410726 ], [ -73.813699125545853, 40.86474130109324 ], [ -73.813718531773077, 40.864734662485247 ], [ -73.813739072363958, 40.864730419211284 ], [ -73.813760233432319, 40.864728673097225 ], [ -73.813778446816698, 40.86473162188652 ], [ -73.813795980185361, 40.864736391269588 ], [ -73.813812513517377, 40.864742896084181 ], [ -73.813812550242488, 40.864742912352312 ], [ -73.813830437257479, 40.864752706142163 ] ] ], [ [ [ -73.811240978471346, 40.868594856861996 ], [ -73.811239285114965, 40.868594239957218 ], [ -73.811237757240548, 40.868593412608327 ], [ -73.811236437482634, 40.868592399198207 ], [ -73.811235364904675, 40.868591228606583 ], [ -73.811234572620762, 40.868589936006686 ], [ -73.811234079497993, 40.868588561051048 ], [ -73.811233905594534, 40.868587141593011 ], [ -73.811234054346272, 40.868585720861859 ], [ -73.811234519704655, 40.868584340270218 ], [ -73.811235289694977, 40.868583039420137 ], [ -73.811236340477876, 40.868581858794592 ], [ -73.81123764111986, 40.868580830760749 ], [ -73.811239154758809, 40.868579986775444 ], [ -73.811240837433246, 40.868579351980515 ], [ -73.811242636896125, 40.868578945200774 ], [ -73.811244499739658, 40.868578776254203 ], [ -73.811246374936303, 40.868578852261386 ], [ -73.811248205558073, 40.868579169527088 ], [ -73.811249938243179, 40.868579721660716 ], [ -73.811329324092313, 40.868562819604072 ], [ -73.811405785378795, 40.868539399462946 ], [ -73.81147839602329, 40.868509746986682 ], [ -73.811546273642065, 40.868474218236322 ], [ -73.811608603256829, 40.868433245025592 ], [ -73.81166462428024, 40.868387323192955 ], [ -73.811713663745223, 40.868337007252222 ], [ -73.81177652789836, 40.868250429463302 ], [ -73.811834743621773, 40.868161998953276 ], [ -73.811888215627761, 40.868071858751819 ], [ -73.812427654663068, 40.86695809837768 ], [ -73.812912288586887, 40.866034983084617 ], [ -73.812919466967585, 40.866034683153373 ], [ -73.81292661563198, 40.866035248545536 ], [ -73.812933557884307, 40.866036663666314 ], [ -73.812940118270646, 40.86603889311214 ], [ -73.81294613088221, 40.866041881684119 ], [ -73.812951448844458, 40.866045554403527 ], [ -73.812955934822668, 40.866049818297249 ], [ -73.812959475246188, 40.866054566022818 ], [ -73.812980992616232, 40.86606884486946 ], [ -73.813005036607507, 40.866080571312203 ], [ -73.813031087204266, 40.866089490568442 ], [ -73.813058582696286, 40.866095410822545 ], [ -73.813086922056939, 40.866098201429288 ], [ -73.813115495750637, 40.866097804669785 ], [ -73.813119260421473, 40.866096626621193 ], [ -73.813123225417556, 40.86609591985377 ], [ -73.813127287483923, 40.866095704911658 ], [ -73.813131341039039, 40.866095986126211 ], [ -73.813135285278733, 40.866096756130268 ], [ -73.813139015873404, 40.866097995844655 ], [ -73.813142436834468, 40.866099672696208 ], [ -73.813145458134485, 40.866101743315561 ], [ -73.813148006380317, 40.866104154454995 ], [ -73.813150012948626, 40.866106843869446 ], [ -73.813151427026398, 40.866109743039367 ], [ -73.812777133236921, 40.866765251275581 ], [ -73.812203685065128, 40.867815485062977 ], [ -73.811769391867472, 40.868617866705492 ], [ -73.811641201602257, 40.868899368861456 ], [ -73.811639457689708, 40.868901938716903 ], [ -73.811637164113506, 40.868904245632223 ], [ -73.811634391041608, 40.86890622578715 ], [ -73.811631214563079, 40.868907818972922 ], [ -73.811627727327931, 40.868908981216755 ], [ -73.811624032634356, 40.868909678468569 ], [ -73.811620234928341, 40.86890989018756 ], [ -73.811616444546317, 40.868909610250469 ], [ -73.811612774153645, 40.868908847846136 ], [ -73.811609324522905, 40.868907622949791 ], [ -73.811606197561986, 40.868905973548522 ], [ -73.811603485668385, 40.868903944817738 ], [ -73.811601265777995, 40.86890159631551 ], [ -73.811599600566566, 40.868898996581407 ], [ -73.811598539640926, 40.868896221337749 ], [ -73.811598114809541, 40.868893348078579 ], [ -73.811575037640623, 40.868844911721325 ], [ -73.811545179795473, 40.868798659681687 ], [ -73.81150889560854, 40.868755136429641 ], [ -73.811466608303249, 40.868714854129522 ], [ -73.811418818297398, 40.868678291753142 ], [ -73.811366089027075, 40.868645874345994 ], [ -73.811309042158584, 40.868617988327991 ], [ -73.811248349341142, 40.86859496166965 ], [ -73.811246525164208, 40.868595299071252 ], [ -73.811244651851339, 40.868595395060929 ], [ -73.811242783978486, 40.86859524612597 ], [ -73.811240978471346, 40.868594856861996 ] ] ], [ [ [ -73.811137864090412, 40.868654542864036 ], [ -73.811208127089131, 40.868684347924209 ], [ -73.811273566022678, 40.86871992169997 ], [ -73.811333364853823, 40.868760819823706 ], [ -73.811386774159018, 40.868806530500848 ], [ -73.811433126528357, 40.868856481738419 ], [ -73.811471843660073, 40.868910049460304 ], [ -73.811502437529597, 40.8689665638124 ], [ -73.811524529344084, 40.869025318197558 ], [ -73.811541445323471, 40.869083781370634 ], [ -73.811550191245416, 40.869143267663105 ], [ -73.811550671670688, 40.869203123164631 ], [ -73.811542882519049, 40.869262686908513 ], [ -73.811518906301458, 40.869326757282856 ], [ -73.81148596873193, 40.869388492447584 ], [ -73.811444456177568, 40.869447169932464 ], [ -73.811394852159196, 40.869502110648199 ], [ -73.811337735002624, 40.869552670778731 ], [ -73.811273052809241, 40.869592892582041 ], [ -73.811202811664273, 40.869627322303053 ], [ -73.811127904870105, 40.869655522854934 ], [ -73.811049287204497, 40.869677132894388 ], [ -73.810967963024098, 40.869691878508888 ], [ -73.810884967288274, 40.86969957138551 ], [ -73.810801357243989, 40.869700112399052 ], [ -73.810718200548791, 40.869693496095515 ], [ -73.810636556302299, 40.869679806158494 ], [ -73.810620831316513, 40.869675712836198 ], [ -73.810557464363285, 40.869659217192478 ], [ -73.810481935868538, 40.86963199110501 ], [ -73.81041093069814, 40.869598475268418 ], [ -73.810345353928554, 40.869559098011074 ], [ -73.810286043995134, 40.869514359592394 ], [ -73.810240038739266, 40.869467617818991 ], [ -73.810200645716819, 40.869417516366013 ], [ -73.81016828568373, 40.869364592624869 ], [ -73.81014330694947, 40.869309412682654 ], [ -73.810125975898572, 40.869252567704358 ], [ -73.81011647938152, 40.869194667633117 ], [ -73.81011491762446, 40.869136332173383 ], [ -73.810121307799037, 40.86907818719488 ], [ -73.810135582865655, 40.869020854825131 ], [ -73.810157588026087, 40.86896494984174 ], [ -73.810188865951687, 40.868909432009701 ], [ -73.810227953867297, 40.868856843702773 ], [ -73.810274383774995, 40.86880781538774 ], [ -73.810327596461704, 40.868762935958117 ], [ -73.810386955762567, 40.868722742852832 ], [ -73.810451749757519, 40.86868771845657 ], [ -73.810521199097806, 40.868658282009783 ], [ -73.810594473617599, 40.868634787835362 ], [ -73.810670692351408, 40.86861751903573 ], [ -73.810748941349075, 40.868606679418001 ], [ -73.810828283144176, 40.868602400713918 ], [ -73.810907765081623, 40.868604733588541 ], [ -73.810986434724171, 40.868613652168087 ], [ -73.811063657317973, 40.868630878954342 ], [ -73.811137864090412, 40.868654542864036 ] ] ], [ [ [ -73.811507454512096, 40.869550190833706 ], [ -73.811505668292497, 40.869547590900872 ], [ -73.811504461448934, 40.869544817219321 ], [ -73.811503858716037, 40.869541931963191 ], [ -73.811503870555356, 40.869539010790874 ], [ -73.81150450268612, 40.869536128452403 ], [ -73.811505733539093, 40.869533361454245 ], [ -73.811507535634377, 40.869530779089231 ], [ -73.81150985776749, 40.869528450611597 ], [ -73.811512645203365, 40.869526435364165 ], [ -73.811550198221383, 40.869493664809049 ], [ -73.811582920653549, 40.869458034500255 ], [ -73.811610437683228, 40.869419952652656 ], [ -73.811629025855083, 40.869386075021758 ], [ -73.811640899789225, 40.869365647863212 ], [ -73.811642796112778, 40.869364555061445 ], [ -73.811683918058051, 40.869429903248843 ], [ -73.811728815226772, 40.869493803287845 ], [ -73.811780279881788, 40.869544572260523 ], [ -73.811835560317178, 40.86959297553954 ], [ -73.811834993854461, 40.869595293379248 ], [ -73.811833940130683, 40.869597511370408 ], [ -73.811832430150972, 40.869599571932191 ], [ -73.811830500846455, 40.869601419294398 ], [ -73.811828203360122, 40.869603005814355 ], [ -73.811825598307095, 40.869604290168382 ], [ -73.811822754585592, 40.869605238250131 ], [ -73.811819746997088, 40.869605825868376 ], [ -73.811816653881408, 40.869606036041411 ], [ -73.811813555914995, 40.869605864398466 ], [ -73.811780044638297, 40.869589963808991 ], [ -73.811744165724718, 40.869577388461039 ], [ -73.811706489189092, 40.869568336489991 ], [ -73.811680352760973, 40.8695645928224 ], [ -73.811663979914528, 40.869562642653115 ], [ -73.811604991808366, 40.869558078127909 ], [ -73.811584490863225, 40.869557383695529 ], [ -73.811539215545864, 40.869557463744677 ], [ -73.811519216684943, 40.869557498617624 ], [ -73.811515726782346, 40.869556241235259 ], [ -73.811512550022556, 40.869554573740523 ], [ -73.811509768133021, 40.869552539490563 ], [ -73.811507454512096, 40.869550190833706 ] ] ], [ [ [ -73.797680203855393, 40.87695347926693 ], [ -73.797672240593855, 40.876956714273284 ], [ -73.797664297409327, 40.876959979030438 ], [ -73.797656377860804, 40.876963273544668 ], [ -73.797648477208341, 40.876966596006653 ], [ -73.797640599000076, 40.876969950024588 ], [ -73.797632743244179, 40.876973332897045 ], [ -73.797624907570736, 40.876976743719325 ], [ -73.797617094346904, 40.876980184296656 ], [ -73.797609303572727, 40.876983654628951 ], [ -73.797601536440013, 40.876987152917373 ], [ -73.797593791759624, 40.876990680060331 ], [ -73.797586068345254, 40.876994236055729 ], [ -73.797578369756025, 40.876997820909828 ], [ -73.797570694805444, 40.87700143462056 ], [ -73.797563041123595, 40.877005076283275 ], [ -73.7975578828556, 40.877006612475355 ], [ -73.797552738747015, 40.877008173905757 ], [ -73.7975448080402, 40.877012012288525 ], [ -73.797536902161085, 40.877015878629507 ], [ -73.797529019923331, 40.877019772926616 ], [ -73.797521162507763, 40.87702369698286 ], [ -73.797513331109045, 40.877027648098952 ], [ -73.797505522165295, 40.877031627169096 ], [ -73.797497738046488, 40.877035635097926 ], [ -73.797489981128095, 40.877039670989141 ], [ -73.797482247853765, 40.877043733935999 ], [ -73.797474541779835, 40.877047824845235 ], [ -73.797466859347224, 40.877051943710676 ], [ -73.797459202928607, 40.877056090536428 ], [ -73.797451573713118, 40.877060264424095 ], [ -73.797443969328071, 40.877064465369521 ], [ -73.797436392143368, 40.877068694277433 ], [ -73.797428840975428, 40.877072950245129 ], [ -73.797422366563097, 40.877075802437922 ], [ -73.7974159157842, 40.877078685288524 ], [ -73.797409489825071, 40.877081598798988 ], [ -73.797403087499404, 40.877084542967204 ], [ -73.797396711179914, 40.877087517797378 ], [ -73.797390357310249, 40.877090522382773 ], [ -73.797384030633125, 40.877093557632186 ], [ -73.797377727592107, 40.877096622638945 ], [ -73.797371450560007, 40.877099717407177 ], [ -73.797365198350477, 40.877102841934807 ], [ -73.797358974522538, 40.877105996228103 ], [ -73.79735277433069, 40.877109180278715 ], [ -73.797346601334141, 40.877112394092933 ], [ -73.797340454349182, 40.877115636768124 ], [ -73.797334335745802, 40.877118909209038 ], [ -73.797328243156784, 40.877122209610498 ], [ -73.797322178949358, 40.877125539777602 ], [ -73.797316141939888, 40.877128898807861 ], [ -73.79731013213113, 40.87713228580072 ], [ -73.797304150706694, 40.877135701658815 ], [ -73.797298198852957, 40.877139146384195 ], [ -73.797292275386269, 40.877142619074327 ], [ -73.797286377933887, 40.877146119724983 ], [ -73.797280511241283, 40.877149648344627 ], [ -73.797274674122136, 40.877153204931048 ], [ -73.797268866576388, 40.877156789484324 ], [ -73.797263088606798, 40.877160401103936 ], [ -73.797257342583364, 40.877164040694574 ], [ -73.797251624949709, 40.877167707349514 ], [ -73.797245935705831, 40.877171401068708 ], [ -73.797240278410811, 40.877175121858436 ], [ -73.797234653064734, 40.877178869718747 ], [ -73.797229058483879, 40.87718264374702 ], [ -73.797223495851881, 40.877186444845854 ], [ -73.797217962798811, 40.877190272110575 ], [ -73.797212462883707, 40.877194125547469 ], [ -73.797206993733866, 40.877198005152366 ], [ -73.797201557721991, 40.877201910929415 ], [ -73.79719615485088, 40.877205841978181 ], [ -73.797190782744977, 40.877209799194965 ], [ -73.797185443779853, 40.877213781683444 ], [ -73.796748609103801, 40.877720259917204 ], [ -73.796680958327286, 40.877802403184887 ], [ -73.795971680017644, 40.878645527924483 ], [ -73.795966651261494, 40.878651586532627 ], [ -73.795961661602831, 40.878657662318986 ], [ -73.79595671222269, 40.878663757086592 ], [ -73.795951801931722, 40.878669871733877 ], [ -73.795946931924803, 40.878676003561438 ], [ -73.795942101015413, 40.878682152567229 ], [ -73.795937310384446, 40.878688320554303 ], [ -73.7959325600347, 40.878694506622246 ], [ -73.795927848782611, 40.878700709868376 ], [ -73.795923178998052, 40.878706931197435 ], [ -73.795918549497557, 40.878713169706785 ], [ -73.795913960281041, 40.878719425396554 ], [ -73.795909412534982, 40.878725698268759 ], [ -73.795904905072945, 40.878731988321313 ], [ -73.795900437894929, 40.8787382955542 ], [ -73.795896012195655, 40.878744617268111 ], [ -73.795891627964053, 40.878750957065009 ], [ -73.795887285205637, 40.878757313143836 ], [ -73.795882982734099, 40.878763685502577 ], [ -73.795878721738532, 40.878770073242897 ], [ -73.795874503399858, 40.878776478167701 ], [ -73.795870325356319, 40.878782896671026 ], [ -73.795866189969686, 40.878789332358913 ], [ -73.795862096059125, 40.87879578342833 ], [ -73.795858043627348, 40.878802248978829 ], [ -73.795854033858035, 40.878808729912947 ], [ -73.795850065567521, 40.878815225328104 ], [ -73.795846139939499, 40.87882173612693 ], [ -73.795842256976712, 40.878828261408884 ], [ -73.795838415492767, 40.878834801171962 ], [ -73.795834617863306, 40.878841354519814 ], [ -73.795830861709931, 40.878847923249225 ], [ -73.795827148227332, 40.878854504660822 ], [ -73.795823478596475, 40.878861100557721 ], [ -73.795819850447259, 40.878867710035259 ], [ -73.795816266152585, 40.878874333097585 ], [ -73.795812724528716, 40.878880968842182 ], [ -73.795809225570181, 40.878887619069914 ], [ -73.795805770471716, 40.878894281081529 ], [ -73.79580235922775, 40.878900956677938 ], [ -73.795798990654717, 40.878907644956627 ], [ -73.795795664752589, 40.878914345917558 ], [ -73.795792383896924, 40.878921058664432 ], [ -73.795789145717748, 40.878927782292628 ], [ -73.795785951393142, 40.878934519505655 ], [ -73.795782800928649, 40.878941268502558 ], [ -73.795779694324338, 40.878948029283322 ], [ -73.795776631580125, 40.878954801848003 ], [ -73.795773612701595, 40.878961584395597 ], [ -73.795770638864127, 40.878968380530139 ], [ -73.795767707708748, 40.878975185745006 ], [ -73.795764821599946, 40.878982002745929 ], [ -73.795761979356897, 40.878988829729714 ], [ -73.795759182160424, 40.878995668499556 ], [ -73.795756428832519, 40.879002516351832 ], [ -73.795753720556775, 40.879009374189152 ], [ -73.795751056141285, 40.879016243810391 ], [ -73.795748436783512, 40.879023121615695 ], [ -73.795745861291579, 40.879030009403969 ], [ -73.795743332035499, 40.879036908079854 ], [ -73.795740846650759, 40.879043814937752 ], [ -73.795738406323849, 40.87905072997971 ], [ -73.795736011046415, 40.87905765590726 ], [ -73.795733659640376, 40.879064590016782 ], [ -73.795731354478576, 40.87907153231248 ], [ -73.795729094369122, 40.879078484593272 ], [ -73.79572687932297, 40.87908544325721 ], [ -73.795724709329178, 40.879092411906242 ], [ -73.79572258439606, 40.879099387838835 ], [ -73.795720504518059, 40.879106372856064 ], [ -73.795718470892595, 40.879113363358037 ], [ -73.795716482325105, 40.879120362044155 ], [ -73.795714538815531, 40.879127368914382 ], [ -73.795712641555838, 40.879134382169845 ], [ -73.795710789356903, 40.879141402708939 ], [ -73.795708982215928, 40.879148431432178 ], [ -73.79570722133036, 40.879155464739704 ], [ -73.795705506691988, 40.879162505332992 ], [ -73.795703837117173, 40.879169552309399 ], [ -73.795702581814709, 40.879174984541066 ], [ -73.795701354969083, 40.87918042222605 ], [ -73.795700154221365, 40.879185860857696 ], [ -73.795700371567548, 40.879186171010822 ], [ -73.79569837413041, 40.879196054848983 ], [ -73.795696422945781, 40.879205944171886 ], [ -73.795694518013647, 40.879215838979604 ], [ -73.795692659336851, 40.879225738371531 ], [ -73.795690846918177, 40.879235641447309 ], [ -73.795689080749284, 40.879245550908372 ], [ -73.795687359652177, 40.879255464051106 ], [ -73.795685685996858, 40.879265381780222 ], [ -73.795684058594162, 40.879275304994152 ], [ -73.795682477446931, 40.879285232792334 ], [ -73.795680942557937, 40.879295164274332 ], [ -73.795679453929964, 40.87930509853966 ], [ -73.795678012743863, 40.879315037391429 ], [ -73.795676616626892, 40.879324980825359 ], [ -73.795675266771028, 40.879334927042663 ], [ -73.795673964359835, 40.879344876945872 ], [ -73.795672708204307, 40.879354831433382 ], [ -73.795671498312643, 40.879364787803723 ], [ -73.795670334676558, 40.879374748758401 ], [ -73.795669218490872, 40.879384711598064 ], [ -73.795668147377214, 40.879394678119404 ], [ -73.795667123711183, 40.879404647426213 ], [ -73.795666146306402, 40.879414619516396 ], [ -73.79566521635482, 40.879424592591036 ], [ -73.795664331475336, 40.87943456934741 ], [ -73.795663494043566, 40.879444548889225 ], [ -73.795662702875902, 40.879454530313893 ], [ -73.795661959161521, 40.879464512723068 ], [ -73.795661260522095, 40.879474497913506 ], [ -73.795660609333211, 40.879484484988872 ], [ -73.795660005594925, 40.879494473949237 ], [ -73.795659446934451, 40.879504464790386 ], [ -73.795658935727388, 40.879514456615972 ], [ -73.795658471973681, 40.879524449426121 ], [ -73.795658053300627, 40.879534443216478 ], [ -73.795657682078257, 40.879544438891848 ], [ -73.795657357125734, 40.879554434649108 ], [ -73.795657079626665, 40.879564431390861 ], [ -73.795656848394785, 40.879574429115024 ], [ -73.795656663429995, 40.879584427821577 ], [ -73.795656525918758, 40.879594427512586 ], [ -73.795656434682982, 40.87960442548458 ], [ -73.795656389711681, 40.879614425339412 ], [ -73.795656392196747, 40.879624425278244 ], [ -73.795656440954588, 40.879634424398532 ], [ -73.795656535988002, 40.879644421799753 ], [ -73.795656678472355, 40.879654421085938 ], [ -73.795656867229496, 40.879664419553514 ], [ -73.79565710225674, 40.879674418103029 ], [ -73.795657384748864, 40.879684414035111 ], [ -73.795657713508263, 40.879694410949554 ], [ -73.795658088543419, 40.879704406144938 ], [ -73.795658511040699, 40.87971439962336 ], [ -73.795658979808124, 40.8797243931837 ], [ -73.795659494851321, 40.879734385024953 ], [ -73.795660057356699, 40.879744375149244 ], [ -73.795660664951441, 40.879754363552372 ], [ -73.795661321197585, 40.879764349340135 ], [ -73.795662022530394, 40.879774334307228 ], [ -73.795662771322711, 40.879784318457816 ], [ -73.795663566393699, 40.87979429998888 ], [ -73.795664407748831, 40.879804277099403 ], [ -73.795665296560827, 40.879814254293912 ], [ -73.795666231654252, 40.879824227968399 ], [ -73.795667213023592, 40.87983419992382 ], [ -73.795668240671773, 40.879844169259648 ], [ -73.79566931460144, 40.879854135075441 ], [ -73.7956704359963, 40.879864098273799 ], [ -73.795671603672758, 40.879874057952073 ], [ -73.795672817628017, 40.879884015010795 ], [ -73.795674077867716, 40.879893967648975 ], [ -73.795675384383458, 40.879903918568083 ], [ -73.795676738375604, 40.87991386326776 ], [ -73.795678137457529, 40.879923806246296 ], [ -73.795679584010273, 40.879933744806358 ], [ -73.795681076842001, 40.879943680746848 ], [ -73.795682615960956, 40.879953611366297 ], [ -73.795684201361738, 40.879963538465681 ], [ -73.795685833049816, 40.879973460244045 ], [ -73.795687511022408, 40.87998337760186 ], [ -73.795689235279681, 40.879993290539112 ], [ -73.795691004632346, 40.880003199954182 ], [ -73.795692821458786, 40.880013104050363 ], [ -73.79569468457548, 40.880023001924961 ], [ -73.795696593974043, 40.880032896279509 ], [ -73.795698549662845, 40.88004278441251 ], [ -73.795700550449908, 40.880052668122843 ], [ -73.795702598713675, 40.880062545613725 ], [ -73.795704692078559, 40.880072417781484 ], [ -73.795706831730953, 40.880082284628195 ], [ -73.795709017673701, 40.880092145253315 ], [ -73.795775689992809, 40.880509294232326 ], [ -73.795776386866933, 40.880515331444691 ], [ -73.79577703745953, 40.880521372177085 ], [ -73.795777642965305, 40.880527413730199 ], [ -73.795778200997532, 40.88053346060223 ], [ -73.795778713942866, 40.880539508294966 ], [ -73.795779180612158, 40.880545557706789 ], [ -73.795779599813329, 40.880551610636559 ], [ -73.795779973927679, 40.880557664387034 ], [ -73.795780301765845, 40.88056371985661 ], [ -73.795780583327911, 40.880569777045274 ], [ -73.795780818619363, 40.880575834152012 ], [ -73.795781007634687, 40.880581892977851 ], [ -73.795781150379327, 40.880587951721829 ], [ -73.79578124684781, 40.880594012184893 ], [ -73.795781299418493, 40.880600072570239 ], [ -73.795781302156499, 40.880606133767927 ], [ -73.795781259812969, 40.880612193985364 ], [ -73.795781171201497, 40.880618253220405 ], [ -73.795781036313812, 40.88062431417454 ], [ -73.795780855160942, 40.880630373245801 ], [ -73.795780627742829, 40.880636430434258 ], [ -73.795780355240424, 40.880642487542922 ], [ -73.795780035283599, 40.880648543667085 ], [ -73.795779669061531, 40.880654597908432 ], [ -73.795779256574164, 40.880660650266911 ], [ -73.795778799007991, 40.880666700744655 ], [ -73.795778293992896, 40.880672748436965 ], [ -73.795777743896167, 40.880678795148967 ], [ -73.795777147542424, 40.880684837276704 ], [ -73.795776504917825, 40.880690879322543 ], [ -73.795775814849819, 40.880696916781986 ], [ -73.795775080892028, 40.880702951462261 ], [ -73.795774299485231, 40.880708983357103 ], [ -73.795773471824177, 40.880715009767165 ], [ -73.795772599081374, 40.880721035196927 ], [ -73.795771680084229, 40.880727055141918 ], [ -73.795770714827242, 40.880733071403043 ], [ -73.795769704499534, 40.880739083082027 ], [ -73.795768647914741, 40.880745090176625 ], [ -73.795767545075549, 40.880751091786436 ], [ -73.795766397162893, 40.8807570897145 ], [ -73.795765202993053, 40.88076308305827 ], [ -73.795763962571542, 40.880769070016747 ], [ -73.795762677082067, 40.880775051492535 ], [ -73.795761346527314, 40.880781026585112 ], [ -73.795759969720919, 40.880786995292389 ], [ -73.795758546654525, 40.880792960315787 ], [ -73.795757079714804, 40.880798917157151 ], [ -73.795755566523368, 40.880804867613229 ], [ -73.795754007080234, 40.880810811683993 ], [ -73.795752403760929, 40.88081674847318 ], [ -73.795750754192682, 40.880822677976568 ], [ -73.795749059559071, 40.880828601096759 ], [ -73.795747319865669, 40.880834516032742 ], [ -73.79574553511523, 40.880840421884081 ], [ -73.795743705299387, 40.880846321352188 ], [ -73.79574183161013, 40.880852212638253 ], [ -73.795739911674644, 40.880858095738013 ], [ -73.795737946679225, 40.880863970653564 ], [ -73.795735939002341, 40.880869835588165 ], [ -73.795733882706259, 40.880875692332296 ], [ -73.795731786098798, 40.880881540000139 ], [ -73.795729640877624, 40.880887377676473 ], [ -73.795727452972201, 40.880893206272361 ], [ -73.795725221198751, 40.880899024885196 ], [ -73.795722944368151, 40.880904834413307 ], [ -73.795720623672381, 40.880910633057873 ], [ -73.795718257922104, 40.880916421717259 ], [ -73.795715848306628, 40.880922199493085 ], [ -73.79571339482861, 40.880927965484844 ], [ -73.795710897477093, 40.880933723294461 ], [ -73.795708356268563, 40.880939467519084 ], [ -73.795513187086755, 40.881269210586183 ], [ -73.794923766479585, 40.88226432175388 ], [ -73.794917364468418, 40.882277351259312 ], [ -73.794910918594695, 40.882290368079559 ], [ -73.794904430042109, 40.882303373117196 ], [ -73.794897897629696, 40.882316364569178 ], [ -73.794891321351855, 40.882329344236446 ], [ -73.794884701214144, 40.882342310318066 ], [ -73.794878038397485, 40.882355264617033 ], [ -73.79487133172087, 40.882368205330337 ], [ -73.794864582368064, 40.882381133360504 ], [ -73.794857789155245, 40.882394047804993 ], [ -73.794850952079742, 40.882406949564206 ], [ -73.794844072330676, 40.882419837739825 ], [ -73.79483714990522, 40.882432713232298 ], [ -73.794830184806287, 40.882445575141141 ], [ -73.794823175847242, 40.882458423464215 ], [ -73.794816123028085, 40.882471258201548 ], [ -73.794809028721815, 40.882484079357333 ], [ -73.794801890558162, 40.882496886026857 ], [ -73.79479470971809, 40.882509680013172 ], [ -73.794787486207042, 40.882522459515329 ], [ -73.794780220025103, 40.882535224533335 ], [ -73.794772911166618, 40.882547976868111 ], [ -73.794765559639984, 40.882560713818229 ], [ -73.794758165439504, 40.882573437184618 ], [ -73.794750727381597, 40.882586146064718 ], [ -73.794743247839108, 40.88259884046272 ], [ -73.794735725625515, 40.8826115203765 ], [ -73.794728161927367, 40.882624185808126 ], [ -73.794720554371594, 40.882636836753399 ], [ -73.794712905333981, 40.882649472316096 ], [ -73.794705213625264, 40.882662093394529 ], [ -73.79469748043185, 40.882674699990766 ], [ -73.794689703383511, 40.882687291200192 ], [ -73.794681886036983, 40.882699867929553 ], [ -73.79467402483553, 40.882712429272004 ], [ -73.794666123338544, 40.882724975233927 ], [ -73.794658177986705, 40.882737505808912 ], [ -73.794650192339247, 40.882750021003375 ], [ -73.794642164023287, 40.882762520812996 ], [ -73.794634093038781, 40.882775005237811 ], [ -73.794625981758699, 40.882787474282019 ], [ -73.794617827812885, 40.882799927040914 ], [ -73.794609632384919, 40.882812364417099 ], [ -73.7946013954748, 40.882824786410524 ], [ -73.794593117088141, 40.882837191220254 ], [ -73.794584797216501, 40.882849581547681 ], [ -73.794576434681815, 40.882861954689282 ], [ -73.794568031854155, 40.882874311549728 ], [ -73.794559587544299, 40.88288665302742 ], [ -73.794551101757804, 40.882898977321332 ], [ -73.794542574491828, 40.882911285331943 ], [ -73.794534006932793, 40.882923577061391 ], [ -73.79452539670784, 40.882935852505426 ], [ -73.794516746192642, 40.882948110767771 ], [ -73.794508055384384, 40.882960352748931 ], [ -73.794499323099345, 40.882972577546219 ], [ -73.794490549337482, 40.882984785159756 ], [ -73.794481735279803, 40.882996977392494 ], [ -73.79447287975087, 40.883009150640426 ], [ -73.789852292617084, 40.881746869396252 ], [ -73.787765165124355, 40.881174303966574 ], [ -73.783751509099645, 40.880986225188693 ], [ -73.78110136705709, 40.879762771347593 ], [ -73.781041162226003, 40.869002760817352 ], [ -73.792723660760757, 40.858496150958167 ], [ -73.793761657668796, 40.85647371186522 ], [ -73.793795944934118, 40.856485221122028 ], [ -73.79383025009335, 40.856496700684275 ], [ -73.793864573160462, 40.85650814604957 ], [ -73.793898915310251, 40.856519560821944 ], [ -73.79393327417344, 40.856530944096647 ], [ -73.793967652119221, 40.856542296778365 ], [ -73.794002049153136, 40.856553617066112 ], [ -73.794036462900323, 40.85656490585616 ], [ -73.794070894549535, 40.856576162250079 ], [ -73.794105345281224, 40.85658738805099 ], [ -73.79413981272603, 40.856598582354096 ], [ -73.794174298075561, 40.856609743360629 ], [ -73.79420880131859, 40.856620874672402 ], [ -73.794243322466258, 40.856631972687502 ], [ -73.794277861510182, 40.856643040107429 ], [ -73.794312418458631, 40.856654074230612 ], [ -73.794346992117198, 40.856665077756375 ], [ -73.79438158367185, 40.856676050686914 ], [ -73.794416193130957, 40.856686990320725 ], [ -73.794450819302895, 40.856697898456602 ], [ -73.794485463379104, 40.856708773295686 ], [ -73.794520124162503, 40.856719618437822 ], [ -73.794554802850186, 40.856730430283136 ], [ -73.794589498247646, 40.856741211530924 ], [ -73.794624210360553, 40.856751960380294 ], [ -73.794658940372031, 40.856762677733791 ], [ -73.794693687101542, 40.856773361788278 ], [ -73.794728451726755, 40.856784015247349 ], [ -73.794763233067243, 40.856794636307868 ], [ -73.794798029936842, 40.856805224967758 ], [ -73.794832844701986, 40.856815783032133 ], [ -73.794867676185049, 40.85682630779749 ], [ -73.794902524380348, 40.856836801064716 ], [ -73.794937389293423, 40.856847261032868 ], [ -73.794972270915949, 40.856857690403366 ], [ -73.795008481426237, 40.856870251790518 ], [ -73.795044671685446, 40.856882846448563 ], [ -73.795080844073951, 40.856895471680225 ], [ -73.7951169938367, 40.856908131079017 ], [ -73.795153126914798, 40.856920821053549 ], [ -73.795189237367268, 40.856933545195339 ], [ -73.795225329943662, 40.856946301711773 ], [ -73.795261402277518, 40.856959088797694 ], [ -73.795297455546574, 40.856971909156719 ], [ -73.795333487381697, 40.856984761884114 ], [ -73.79536949896611, 40.85699764788253 ], [ -73.79540549149695, 40.857010563552173 ], [ -73.795441463771652, 40.857023514293815 ], [ -73.7954774158041, 40.857036495605094 ], [ -73.795513347586009, 40.857049510187451 ], [ -73.795549259125735, 40.857062555339454 ], [ -73.795585150415022, 40.857075633762562 ], [ -73.795621021453854, 40.857088745456863 ], [ -73.795656872250674, 40.85710188772083 ], [ -73.795692702797112, 40.857115063255968 ], [ -73.795728513098808, 40.85712827026137 ], [ -73.795764301969797, 40.857141508734877 ], [ -73.795800069407363, 40.857154779577066 ], [ -73.795835817783455, 40.857168082792128 ], [ -73.795871544726253, 40.857181418375887 ], [ -73.795907252610462, 40.85719478543205 ], [ -73.795942936692143, 40.857208183952288 ], [ -73.795978602898586, 40.857221614847532 ], [ -73.796014246483011, 40.857235079009961 ], [ -73.79604986745106, 40.857248574638596 ], [ -73.796085469363447, 40.85726210083925 ], [ -73.796121051026034, 40.857275660311316 ], [ -73.796156611258311, 40.85728925125175 ], [ -73.796192148874326, 40.85730287365844 ], [ -73.796227666243396, 40.857316528436122 ], [ -73.796263163368224, 40.857330214684339 ], [ -73.796298636690878, 40.857343932396795 ], [ -73.796334089769488, 40.857357681579785 ], [ -73.79636952378722, 40.857371463135919 ], [ -73.796404932811384, 40.857385277955245 ], [ -73.796440322780384, 40.857399123346809 ], [ -73.796475690133377, 40.857413000204787 ], [ -73.796511036059186, 40.857426907630874 ], [ -73.796546360546841, 40.857440849226919 ], [ -73.796581663607427, 40.857454821391123 ], [ -73.796616944054861, 40.857468824121405 ], [ -73.796652201881074, 40.857482860119127 ], [ -73.796687439466282, 40.857496926687126 ], [ -73.796722655624492, 40.857511023823328 ], [ -73.796757849158794, 40.857525155127583 ], [ -73.796793020083001, 40.85753931609748 ], [ -73.796828168391514, 40.857553508534011 ], [ -73.796863297637017, 40.857567734244476 ], [ -73.79689840071444, 40.857581989614332 ], [ -73.796933483545615, 40.857596277355576 ], [ -73.796968546136128, 40.857610595667261 ], [ -73.797003582550431, 40.857624946339904 ], [ -73.797038598721315, 40.857639328483472 ], [ -73.797073593465612, 40.857653741195428 ], [ -73.79710856559457, 40.857668185374159 ], [ -73.797143513919465, 40.857682661918133 ], [ -73.797178439637364, 40.857697167227492 ], [ -73.79721334273178, 40.857711706705174 ], [ -73.79724822558849, 40.85772627585294 ], [ -73.797283083455326, 40.857740877363923 ], [ -73.797317918709766, 40.857755509441326 ], [ -73.797352732535103, 40.857770172987763 ], [ -73.797387521376109, 40.857784867096541 ], [ -73.797422289971379, 40.857799593576964 ], [ -73.797457033582376, 40.857814350619691 ], [ -73.797491754581173, 40.857829138228993 ], [ -73.797526452965002, 40.857843957305327 ], [ -73.797561128733946, 40.857858807848714 ], [ -73.797561170189923, 40.857858825931309 ], [ -73.797589567579209, 40.85787119359675 ], [ -73.797617941162741, 40.857883592730687 ], [ -73.797646290948734, 40.857896020631578 ], [ -73.79767461929552, 40.857908481806113 ], [ -73.797702922658814, 40.857920971745635 ], [ -73.797731203405164, 40.857933492255206 ], [ -73.797759461534639, 40.857946043334977 ], [ -73.797787697047241, 40.857958624984853 ], [ -73.797815906384884, 40.857971237198647 ], [ -73.79784409429449, 40.857983879084273 ], [ -73.797872257212489, 40.857996552436397 ], [ -73.797900396333219, 40.858009254555675 ], [ -73.797928512831703, 40.858021989046151 ], [ -73.797956603160827, 40.858034752299702 ], [ -73.797984672059314, 40.858047546125583 ], [ -73.798012715969108, 40.858060370517592 ], [ -73.798040734892879, 40.858073224575271 ], [ -73.798068732388828, 40.858086108304839 ], [ -73.798096704893396, 40.858099023501104 ], [ -73.798124652412042, 40.858111968363026 ], [ -73.798152576130832, 40.858124942892822 ], [ -73.798180474863798, 40.858137947088331 ], [ -73.79820834978878, 40.858150983653168 ], [ -73.798236200922176, 40.858164047184367 ], [ -73.798264027061634, 40.858177143082855 ], [ -73.798291828215284, 40.858190268647114 ], [ -73.798319605572019, 40.858203422978811 ], [ -73.798347356754277, 40.85821660787483 ], [ -73.798375084134136, 40.858229823339265 ], [ -73.798402788903104, 40.858243067573213 ], [ -73.798430467497653, 40.858256342371476 ], [ -73.798458121109391, 40.858269645935195 ], [ -73.798485749732762, 40.858282980065347 ], [ -73.79851335337051, 40.858296343861483 ], [ -73.798540932022789, 40.858309737323573 ], [ -73.798568485689501, 40.858323160451604 ], [ -73.79859601318465, 40.858336613243637 ], [ -73.798623516880397, 40.858350095703777 ], [ -73.798650995590648, 40.858363607829922 ], [ -73.798678448129394, 40.858377149620118 ], [ -73.798705875682785, 40.858390721076361 ], [ -73.79873327706467, 40.858404322196677 ], [ -73.79876065465001, 40.858417952084629 ], [ -73.798788004875163, 40.858431612535085 ], [ -73.798815331306471, 40.858445300852843 ], [ -73.798842631563687, 40.858459019735143 ], [ -73.798869905649596, 40.858472768281601 ], [ -73.798897153566898, 40.858486545591688 ], [ -73.798924376501645, 40.85850035166748 ], [ -73.798951573262471, 40.858514188307979 ], [ -73.798978745040714, 40.858528053714231 ], [ -73.79900589064782, 40.85854194878474 ], [ -73.799033008900352, 40.858555872616911 ], [ -73.799060102167729, 40.858569826115335 ], [ -73.799087169269399, 40.858583807477117 ], [ -73.799114210199861, 40.858597818503164 ], [ -73.799141224956557, 40.858611860094037 ], [ -73.799168213547489, 40.858625929548211 ], [ -73.799195175967412, 40.858640028666741 ], [ -73.799222111032904, 40.858654156547075 ], [ -73.799249021118797, 40.858668312292863 ], [ -73.799275903844915, 40.858682498601503 ], [ -73.799302760402711, 40.85869671367405 ], [ -73.799329589606216, 40.858710957508492 ], [ -73.799356392644114, 40.858725229206357 ], [ -73.799383169508417, 40.858739531469254 ], [ -73.799409919021102, 40.858753861593556 ], [ -73.799436641179597, 40.858768220479824 ], [ -73.799463337169854, 40.858782608130099 ], [ -73.799490005805893, 40.858797024542405 ], [ -73.799516648273766, 40.858811469718738 ], [ -73.799543263387491, 40.858825943657166 ], [ -73.799569851146998, 40.858840446357604 ], [ -73.79959641273841, 40.858854977822141 ], [ -73.799622945789679, 40.85886953804674 ], [ -73.799649452678267, 40.858884125234496 ], [ -73.799675931021355, 40.858898742983349 ], [ -73.799702383201762, 40.858913387695388 ], [ -73.799728808022707, 40.858928062970577 ], [ -73.799755204308951, 40.858942765204866 ], [ -73.799781574427229, 40.858957496203423 ], [ -73.799807916008106, 40.858972255061715 ], [ -73.799832187465327, 40.858985597449454 ], [ -73.799856433941343, 40.85899896770399 ], [ -73.799880653066836, 40.859012364920716 ], [ -73.799904844839119, 40.85902579000016 ], [ -73.799929010444203, 40.85903924294437 ], [ -73.7999531498849, 40.85905272285288 ], [ -73.799977263158496, 40.859066230626198 ], [ -73.800001349078869, 40.859079766262255 ], [ -73.800025408834884, 40.859093328862706 ], [ -73.800049440054437, 40.859106918423372 ], [ -73.800073446292927, 40.859120535850998 ], [ -73.800097425178365, 40.859134181141442 ], [ -73.800121376716049, 40.859147852493784 ], [ -73.800145300900709, 40.859161551708965 ], [ -73.800169197732288, 40.859175278787006 ], [ -73.800193068399551, 40.859189032829541 ], [ -73.800216911719176, 40.859202812934001 ], [ -73.800240727683104, 40.859216621801913 ], [ -73.800264515113355, 40.859230456729719 ], [ -73.800288276379376, 40.859244318622054 ], [ -73.80031201029233, 40.859258208377391 ], [ -73.800335716855074, 40.859272125095288 ], [ -73.800359396070235, 40.859286067875139 ], [ -73.80038304556038, 40.859300038513922 ], [ -73.800406670072348, 40.859314036119414 ], [ -73.800430264864659, 40.859328059782861 ], [ -73.80045383349011, 40.859342111311484 ], [ -73.800477373582041, 40.859356188900158 ], [ -73.800500886321061, 40.859370294351969 ], [ -73.80052437052656, 40.859384425863851 ], [ -73.800547826198539, 40.859398583435883 ], [ -73.800571254517592, 40.859412768871053 ], [ -73.800594656675287, 40.8594269803705 ], [ -73.800603965555666, 40.859432281449365 ], [ -73.800613245888684, 40.859437610393428 ], [ -73.800622500043644, 40.859442968107288 ], [ -73.800631725651229, 40.859448353686268 ], [ -73.800640920336647, 40.859453768026896 ], [ -73.800650087663385, 40.859459209334233 ], [ -73.80065922762607, 40.859464679409356 ], [ -73.800668336672004, 40.8594701764451 ], [ -73.800677417167876, 40.859475702246542 ], [ -73.800686467932948, 40.859481255010657 ], [ -73.800695490153402, 40.859486834739563 ], [ -73.800704483823807, 40.859492443234181 ], [ -73.800713445394038, 40.859498077786945 ], [ -73.800722377230898, 40.859503740202889 ], [ -73.800731280520381, 40.859509430484096 ], [ -73.800740154081865, 40.859515146827547 ], [ -73.800748994351807, 40.859520891028083 ], [ -73.800757806079801, 40.859526661292954 ], [ -73.800766588077067, 40.859532458520547 ], [ -73.800775337971544, 40.859538282706822 ], [ -73.800784058135363, 40.859544133855856 ], [ -73.800792746199036, 40.859550011063121 ], [ -73.800801405720833, 40.859555914334685 ], [ -73.80081003076765, 40.859561844560865 ], [ -73.800818624900486, 40.859567800847287 ], [ -73.800827188119271, 40.859573783193994 ], [ -73.800835720424033, 40.859579791600936 ], [ -73.800844219442652, 40.859585826064098 ], [ -73.800852688733329, 40.859591886589619 ], [ -73.800861122368403, 40.859597972266691 ], [ -73.80086952627552, 40.859604084006158 ], [ -73.800877898082561, 40.859610221803891 ], [ -73.800886235422794, 40.859616383854814 ], [ -73.800894543035028, 40.859622571968075 ], [ -73.800902813805678, 40.85962878523096 ], [ -73.800911054848385, 40.859635024556233 ], [ -73.800919261424283, 40.859641288134732 ], [ -73.800927435905493, 40.859647575970584 ], [ -73.800935577100589, 40.85965388986267 ], [ -73.800943682642838, 40.859660228005929 ], [ -73.800951758462475, 40.859666590410669 ], [ -73.80095979744047, 40.859672977965054 ], [ -73.800967803137794, 40.85967938977474 ], [ -73.800975774368311, 40.859685825837722 ], [ -73.800983712318043, 40.859692286156026 ], [ -73.80099161580101, 40.859698770727654 ], [ -73.800999486003192, 40.859705279554568 ], [ -73.801007320555215, 40.859711811732275 ], [ -73.801015120640457, 40.859718368163321 ], [ -73.801022886258878, 40.859724948847635 ], [ -73.801030617415861, 40.859731551984346 ], [ -73.801038312919971, 40.859738179372314 ], [ -73.801045973959944, 40.859744830113144 ], [ -73.801053600538523, 40.859751503306313 ], [ -73.80106119027819, 40.859758200748821 ], [ -73.801068744370312, 40.859764920641567 ], [ -73.80107626399834, 40.859771663887244 ], [ -73.801083747978865, 40.859778429583265 ], [ -73.801091193937054, 40.859785218626044 ], [ -73.801095057697907, 40.859789725047889 ], [ -73.801098879888059, 40.85979425120879 ], [ -73.801102662882258, 40.859798796212303 ], [ -73.801106407863941, 40.859803360961003 ], [ -73.801110110094271, 40.85980794364572 ], [ -73.80111377312592, 40.859812546073577 ], [ -73.801117394594968, 40.859817165539035 ], [ -73.801120976865363, 40.859821804747639 ], [ -73.801124516387034, 40.859826460991798 ], [ -73.801128015526729, 40.859831136076558 ], [ -73.801131475475842, 40.859835828203018 ], [ -73.801134892676217, 40.859840537365059 ], [ -73.801138265939144, 40.859845264461121 ], [ -73.801141601200158, 40.859850007700423 ], [ -73.801144892523737, 40.859854768873795 ], [ -73.801148142289961, 40.859859545283754 ], [ -73.801151350493441, 40.859864338731363 ], [ -73.801154517134293, 40.8598691492166 ], [ -73.80115763984827, 40.859873974033917 ], [ -73.80116072099959, 40.859878815888884 ], [ -73.801163758221392, 40.859883672976451 ], [ -73.801166753888552, 40.859888544400164 ], [ -73.801169706809574, 40.859893431958952 ], [ -73.801172615803793, 40.859898333849927 ], [ -73.801175482054617, 40.859903250975485 ], [ -73.801178305567305, 40.85990818153472 ], [ -73.801181085150475, 40.85991312732655 ], [ -73.801183821995622, 40.859918086552028 ], [ -73.801186512544461, 40.859923059205073 ], [ -73.801189161538545, 40.859928046194327 ], [ -73.801191766608483, 40.859933046615183 ], [ -73.801194327756932, 40.859938059567234 ], [ -73.801196842611802, 40.859943085046353 ], [ -73.801199314728535, 40.859948123959121 ], [ -73.801201742926409, 40.859953174502564 ], [ -73.801204126016714, 40.859958237575107 ], [ -73.801206465185516, 40.859963313178838 ], [ -73.801208759252091, 40.859968399510734 ], [ -73.801211009397164, 40.859973498373783 ], [ -73.801213213253916, 40.85997860796293 ], [ -73.8012153720084, 40.859983728280213 ], [ -73.80121748803009, 40.859988860230246 ], [ -73.801219555393999, 40.859994002001827 ], [ -73.801221580027828, 40.859999154505644 ], [ -73.80122355837328, 40.860004317735601 ], [ -73.801225491621864, 40.86000948989274 ], [ -73.801227378581999, 40.860014672775975 ], [ -73.801229220445308, 40.860019864586469 ], [ -73.801231017211634, 40.860025065324109 ], [ -73.801232767694955, 40.860030274986947 ], [ -73.801234471895285, 40.860035493574898 ], [ -73.801236130998632, 40.860040721090101 ], [ -73.801237742635607, 40.860045956627886 ], [ -73.801239309178271, 40.86005120019243 ], [ -73.801240829440559, 40.860056451781595 ], [ -73.801242305797288, 40.860061710499075 ], [ -73.80124373231547, 40.860066977235135 ], [ -73.801245114930722, 40.860072250198932 ], [ -73.801246448893451, 40.860077531183386 ], [ -73.801247738953293, 40.86008281839559 ], [ -73.801248980365969, 40.860088111827444 ], [ -73.801250175506254, 40.860093410582522 ], [ -73.801251324368849, 40.860098716461792 ], [ -73.801252425772901, 40.860104027662281 ], [ -73.801253482090672, 40.860109344188004 ], [ -73.80125448976122, 40.860114666933391 ], [ -73.801255453536811, 40.860119993205089 ], [ -73.801256367481813, 40.860125324793934 ], [ -73.801257235154409, 40.860130661705959 ], [ -73.801258057745969, 40.860136002142347 ], [ -73.801258830512239, 40.860141346094807 ], [ -73.801259558194815, 40.860146694472093 ], [ -73.80126023842152, 40.860152047270113 ], [ -73.801260872386479, 40.860157401789372 ], [ -73.801261456523477, 40.860162760725281 ], [ -73.801261995584738, 40.860168121384554 ], [ -73.801262488378882, 40.860173485566044 ], [ -73.801262931353037, 40.860178851462706 ], [ -73.801263329248798, 40.860184219983218 ], [ -73.801263678510608, 40.860189590220898 ], [ -73.801263981510616, 40.860194962179868 ], [ -73.801264238251449, 40.860200334959686 ], [ -73.801264445172322, 40.860205709454654 ], [ -73.801264605831349, 40.860211085670912 ], [ -73.801264721422598, 40.860216460909051 ], [ -73.801264787193787, 40.860221837862355 ], [ -73.80126480552245, 40.860227214733911 ], [ -73.801264776408544, 40.860232591523769 ], [ -73.801264701038107, 40.860237968233932 ], [ -73.801264578227759, 40.860243343961905 ], [ -73.801264409163537, 40.860248718709656 ], [ -73.801264191470651, 40.86025409337369 ], [ -73.80126392752662, 40.860259466157068 ], [ -73.801263614956525, 40.860264837956144 ], [ -73.801263392158432, 40.86026874570927 ], [ -73.801263214425447, 40.860272655341006 ], [ -73.801263080574159, 40.860276565948823 ], [ -73.801262991793365, 40.860280476634273 ], [ -73.801262945708174, 40.860284388293728 ], [ -73.801262945879557, 40.860288300032906 ], [ -73.801262989935353, 40.860292211847636 ], [ -73.801263077878303, 40.860296122837468 ], [ -73.801262396770454, 40.860300987024551 ], [ -73.801261760719555, 40.860305855791665 ], [ -73.801261173289205, 40.860310727343986 ], [ -73.80126063329331, 40.860315601679503 ], [ -73.801260138357122, 40.860320479694622 ], [ -73.801259690858117, 40.860325359592416 ], [ -73.801259291979619, 40.860330242275388 ], [ -73.801258938166285, 40.860335126837036 ], [ -73.801258632976172, 40.860340013283391 ], [ -73.801258374037246, 40.860344901610361 ], [ -73.801258163724327, 40.86034979092161 ], [ -73.80125799847923, 40.860354681211014 ], [ -73.801257881860124, 40.860359572484604 ], [ -73.801257812683673, 40.86036446383995 ], [ -73.8012577885751, 40.860369356173358 ], [ -73.801257811911825, 40.860374247688064 ], [ -73.801257883874655, 40.860379140187021 ], [ -73.80125800209953, 40.860384030964632 ], [ -73.801258167769774, 40.860388920923477 ], [ -73.801258382066052, 40.860393811866587 ], [ -73.801258640260372, 40.860398698382866 ], [ -73.801258948269563, 40.860403584984887 ], [ -73.801259303726866, 40.860408469867671 ], [ -73.801259703076809, 40.860413352124638 ], [ -73.801260151060973, 40.860418232664301 ], [ -73.801260647684728, 40.860423109685854 ], [ -73.801261189387247, 40.860427984083486 ], [ -73.801261778540578, 40.860432855861433 ], [ -73.8012624163336, 40.860437724121141 ], [ -73.801263099208086, 40.860442588856543 ], [ -73.801263829538811, 40.860447449171232 ], [ -73.801264604953673, 40.860452305061102 ], [ -73.801265427822202, 40.860457157430716 ], [ -73.801266298149741, 40.860462004479132 ], [ -73.801267217122344, 40.860466846208361 ], [ -73.801268179993087, 40.860471683510724 ], [ -73.801269191511594, 40.860476514593444 ], [ -73.801270248117049, 40.860481340350844 ], [ -73.801271350995464, 40.860486160784959 ], [ -73.801272500152251, 40.860490974094837 ], [ -73.801273696770835, 40.860495781182991 ], [ -73.801274938481754, 40.860500581144905 ], [ -73.801276228843207, 40.860505373986605 ], [ -73.801277561924849, 40.860510159697945 ], [ -73.801278943657067, 40.860514938289114 ], [ -73.801280370484349, 40.860519708853509 ], [ -73.801281843592761, 40.860524471393155 ], [ -73.801283361796294, 40.860529225906014 ], [ -73.801284927469666, 40.860533971495677 ], [ -73.801286537054779, 40.860538708156078 ], [ -73.80128819292382, 40.860543435891181 ], [ -73.801289895079336, 40.860548153800551 ], [ -73.801291642332728, 40.860552862782676 ], [ -73.801293433500518, 40.860557561934939 ], [ -73.80129527095761, 40.860562250361028 ], [ -73.801297153515208, 40.860566928959351 ], [ -73.801299081176069, 40.860571596829367 ], [ -73.801301053940136, 40.860576253971111 ], [ -73.801303071807482, 40.860580900384591 ], [ -73.801305134780762, 40.860585535169314 ], [ -73.801307240487802, 40.860590158321209 ], [ -73.801309391303533, 40.860594768943834 ], [ -73.801311588405937, 40.86059936974069 ], [ -73.801313827066892, 40.860603955300697 ], [ -73.8013161132059, 40.860608529236053 ], [ -73.801318440895429, 40.860613090635972 ], [ -73.801320812507569, 40.860617639504603 ], [ -73.801323228045021, 40.860622174941447 ], [ -73.801325687510484, 40.860626696046005 ], [ -73.801328192087325, 40.86063120372075 ], [ -73.801330737031336, 40.860635697957605 ], [ -73.801333327092124, 40.860640176963663 ], [ -73.801335959892199, 40.860644642535938 ], [ -73.801338636623015, 40.86064909287537 ], [ -73.80134135491241, 40.860653527977966 ], [ -73.80134411476044, 40.860657947843649 ], [ -73.801346918536538, 40.860662353377016 ], [ -73.80134976506541, 40.860666740974068 ], [ -73.801352653150204, 40.860671114234727 ], [ -73.801355585168508, 40.860675471362079 ], [ -73.801358557564697, 40.860679811449522 ], [ -73.80136157152225, 40.860684135399588 ], [ -73.801364625857758, 40.86068844230973 ], [ -73.801367724129491, 40.860692732186067 ], [ -73.801370862781823, 40.860697004121981 ], [ -73.801374042998233, 40.860701259020026 ], [ -73.801377262409261, 40.860705495975616 ], [ -73.801380523387053, 40.860709714992758 ], [ -73.80138382592888, 40.860713916972038 ], [ -73.801387167673411, 40.860718098307373 ], [ -73.801390549795926, 40.860722262602806 ], [ -73.801393972304496, 40.860726407156797 ], [ -73.801397435196463, 40.860730532869802 ], [ -73.801400938469158, 40.860734640642434 ], [ -73.801404478577794, 40.86073872596603 ], [ -73.801408060253195, 40.860742793351193 ], [ -73.801411679945232, 40.860746840090357 ], [ -73.801415338837316, 40.860750867086075 ], [ -73.801419036932117, 40.860754873437827 ], [ -73.801422773043555, 40.860758859143495 ], [ -73.801426548357711, 40.860762824205246 ], [ -73.801430359319113, 40.860766767716399 ], [ -73.80143420948589, 40.860770689683093 ], [ -73.801438098852728, 40.860774591906228 ], [ -73.801442023874827, 40.860778469877353 ], [ -73.801445988099687, 40.860782327204454 ], [ -73.801449986785627, 40.860786162978926 ], [ -73.801454023496404, 40.860789975405879 ], [ -73.801458098226448, 40.860793766286314 ], [ -73.801462207423086, 40.860797533813077 ], [ -73.801466354644432, 40.860801277992337 ], [ -73.801470536329617, 40.860804999718404 ], [ -73.801474754850787, 40.86080869899547 ], [ -73.801479006660458, 40.860812372215314 ], [ -73.801483295303456, 40.860816023886557 ], [ -73.80148761960443, 40.86081965040524 ], [ -73.801491978371914, 40.860823253570246 ], [ -73.80149637279473, 40.860826832483134 ], [ -73.801500800503348, 40.860830386239336 ], [ -73.801505261495109, 40.860833915739313 ], [ -73.801509756958779, 40.860837420084685 ], [ -73.801514286894317, 40.860840899275345 ], [ -73.801518848929675, 40.860844353307321 ], [ -73.801523445436899, 40.860847782184571 ], [ -73.801528075232682, 40.860851185004634 ], [ -73.801532735942146, 40.860854562663896 ], [ -73.80153743112885, 40.860857913367489 ], [ -73.801542157229264, 40.860861238910317 ], [ -73.801546915434784, 40.86086453749337 ], [ -73.801551704556687, 40.860867810015158 ], [ -73.801556525783766, 40.860871055577178 ], [ -73.801561379113224, 40.860874275079929 ], [ -73.80156626099496, 40.860877465815811 ], [ -73.801571176167897, 40.860880629593993 ], [ -73.80157611988237, 40.860883768207259 ], [ -73.801581094523897, 40.860886877157249 ], [ -73.801586097715031, 40.860889958240847 ], [ -73.801591131827905, 40.860893011462174 ], [ -73.801596194487658, 40.860896037717573 ], [ -73.80160128688577, 40.860899035208114 ], [ -73.801606347109811, 40.860902083070705 ], [ -73.801611433508597, 40.860905103963304 ], [ -73.801616549645686, 40.860908096091045 ], [ -73.801621696712559, 40.860911057655024 ], [ -73.801626871137614, 40.860913993151513 ], [ -73.80163207293684, 40.86091689717761 ], [ -73.801637302099493, 40.860919773335233 ], [ -73.801642561000548, 40.860922620728019 ], [ -73.801647844898284, 40.860925438447261 ], [ -73.801653158536993, 40.860928226501159 ], [ -73.801658497172355, 40.860930984881563 ], [ -73.801663861985134, 40.860933715391432 ], [ -73.801669255363606, 40.860936412631908 ], [ -73.801674673733316, 40.860939081999881 ], [ -73.801680115919041, 40.860941719891279 ], [ -73.801685584287455, 40.86094432811116 ], [ -73.80169107884133, 40.860946905759064 ], [ -73.801696597208405, 40.860949452830901 ], [ -73.801702140574861, 40.860951969328724 ], [ -73.801707707754616, 40.860954455250436 ], [ -73.801713298755629, 40.860956907894639 ], [ -73.801718912381077, 40.860959330861164 ], [ -73.801724551008562, 40.860961722353153 ], [ -73.801730212265909, 40.860964082366564 ], [ -73.801735894966981, 40.860966410899273 ], [ -73.801741600297902, 40.86096870795339 ], [ -73.801747329444737, 40.86097097353089 ], [ -73.801753078854574, 40.860973205824699 ], [ -73.80175884970545, 40.860975407538355 ], [ -73.801764642005438, 40.860977575970331 ], [ -73.801770453379646, 40.860979712017084 ], [ -73.801776286197594, 40.860981816583134 ], [ -73.80178214046461, 40.860983887867583 ], [ -73.801788014991956, 40.860985926768741 ], [ -73.801793907410115, 40.860987932382152 ], [ -73.801799820088561, 40.860989905612371 ], [ -73.80180575065512, 40.860991846455278 ], [ -73.8018117003013, 40.860993753111906 ], [ -73.801817667835508, 40.860995627381286 ], [ -73.801823653260598, 40.860997468362832 ], [ -73.801829656579073, 40.860999275156104 ], [ -73.801835677785718, 40.861001049562098 ], [ -73.80184171569968, 40.8610027897777 ], [ -73.801847770321046, 40.861004495803037 ], [ -73.801853839272212, 40.86100616943493 ], [ -73.801859927302885, 40.861007808880537 ], [ -73.80186602848535, 40.861009413229233 ], [ -73.801872146372517, 40.861010984288072 ], [ -73.801878279780865, 40.861012521154514 ], [ -73.801884426338333, 40.861014023824524 ], [ -73.801890588417038, 40.861015492302172 ], [ -73.801896763644791, 40.861016926583346 ], [ -73.801902954396439, 40.861018325771617 ], [ -73.801909155924946, 40.86101969075937 ], [ -73.801915372974705, 40.861021021554706 ], [ -73.801921601990045, 40.861022317251084 ], [ -73.801927841779587, 40.861023579647409 ], [ -73.801934094726207, 40.861024805145782 ], [ -73.80194035963035, 40.861025998246653 ], [ -73.801946635322068, 40.861027153544981 ], [ -73.801952921787944, 40.861028275543291 ], [ -73.80195921903065, 40.861029363341004 ], [ -73.801965527060858, 40.861030413336259 ], [ -73.801971845865211, 40.861031430031424 ], [ -73.801978174262928, 40.861032411623505 ], [ -73.801984511067928, 40.861033358110511 ], [ -73.801990855096889, 40.861034268589826 ], [ -73.801997211094005, 40.861035143069664 ], [ -73.802003573123585, 40.861035983340805 ], [ -73.802009944749173, 40.861036787608363 ], [ -73.802016323595936, 40.861037556768778 ], [ -73.802022707294384, 40.861038289917452 ], [ -73.802029100588811, 40.861038987062535 ], [ -73.802035499915618, 40.861039649998929 ], [ -73.802041905282906, 40.861040276025157 ], [ -73.802048315499093, 40.861040866940172 ], [ -73.802054732939126, 40.861041421847489 ], [ -73.802061155228103, 40.861041941643613 ], [ -73.802067579996503, 40.861042425423925 ], [ -73.80207401198868, 40.861042873196602 ], [ -73.802080446460323, 40.861043284953439 ], [ -73.802086885783524, 40.861043660698549 ], [ -73.802093329952953, 40.861044002232916 ], [ -73.802099154831112, 40.861044395833773 ], [ -73.802104984550169, 40.861044757024914 ], [ -73.802110816753995, 40.861045080399329 ], [ -73.802116654990002, 40.86104536956509 ], [ -73.802122492141876, 40.861045624510027 ], [ -73.802128334145266, 40.861045843443236 ], [ -73.802134177436571, 40.861046028159734 ], [ -73.802140024398668, 40.861046175061475 ], [ -73.802145871459913, 40.861046288644921 ], [ -73.802151718625637, 40.861046367109033 ], [ -73.80215756589854, 40.86104640955336 ], [ -73.80216341564811, 40.861046416882431 ], [ -73.802169265502087, 40.861046389092202 ], [ -73.802175111899658, 40.861046327077048 ], [ -73.80218096078184, 40.861046227245133 ], [ -73.802186806204915, 40.861046094088813 ], [ -73.802192650548989, 40.861045924910698 ], [ -73.802198493806017, 40.861045722412165 ], [ -73.802204332431231, 40.861045482084734 ], [ -73.80221017115818, 40.861045207538467 ], [ -73.802216006431223, 40.861044897866812 ], [ -73.802221835878328, 40.861044553065639 ], [ -73.802227664243645, 40.861044173143164 ], [ -73.802233487966419, 40.861043758993681 ], [ -73.802239304682388, 40.861043307911757 ], [ -73.80224512031667, 40.861042821708487 ], [ -73.802250927750009, 40.861042301272136 ], [ -73.802256729354625, 40.861041746606816 ], [ -73.802262527508006, 40.861041155915593 ], [ -73.802268317457788, 40.861040531891803 ], [ -73.802274101586875, 40.861039870937603 ], [ -73.802279878701086, 40.86103917575236 ], [ -73.802285647616998, 40.861038445433593 ], [ -73.802291409515377, 40.861037681784275 ], [ -73.802297162032048, 40.861036882098929 ], [ -73.802302906347819, 40.861036048180537 ], [ -73.802308642465221, 40.861035179128592 ], [ -73.802314369192914, 40.861034276742068 ], [ -73.802320086538856, 40.861033338319537 ], [ -73.802325793308995, 40.861032366560345 ], [ -73.802331489508617, 40.861031359663556 ], [ -73.802337175135065, 40.861030318529728 ], [ -73.802342848999615, 40.861029244057235 ], [ -73.802348513479629, 40.861028134449164 ], [ -73.802354165011678, 40.861026991500424 ], [ -73.802359803601007, 40.861025813410087 ], [ -73.80236543161179, 40.861024602883596 ], [ -73.802371044305033, 40.861023358111872 ], [ -73.802448443931624, 40.861017603243504 ], [ -73.802452084827351, 40.861015336635006 ], [ -73.802455756475226, 40.861013098894801 ], [ -73.802459458880676, 40.861010888221919 ], [ -73.802463187296695, 40.861008705508709 ], [ -73.802466946464932, 40.861006551663785 ], [ -73.802470734015827, 40.861004425782568 ], [ -73.802474546385895, 40.861002329659961 ], [ -73.802478388324801, 40.861000261503115 ], [ -73.802482257454969, 40.860998223108915 ], [ -73.802486152590376, 40.860996214475406 ], [ -73.802490073733708, 40.860994234701977 ], [ -73.802494023251739, 40.860992285593746 ], [ -73.802497994033359, 40.860990365337493 ], [ -73.802501993187064, 40.860988476646931 ], [ -73.802506015976476, 40.860986616812468 ], [ -73.802510061207556, 40.860984788533464 ], [ -73.802514132441246, 40.860982990915552 ], [ -73.802518226116561, 40.860981224853177 ], [ -73.802522342238916, 40.860979488545262 ], [ -73.802526483172485, 40.860977784697447 ], [ -73.802530645361614, 40.86097611240308 ], [ -73.802534828806344, 40.860974471662139 ], [ -73.802539033509333, 40.860972861574183 ], [ -73.80254325946531, 40.860971283940145 ], [ -73.802547506676945, 40.86096973785957 ], [ -73.802551772766648, 40.860968225129362 ], [ -73.802556057737178, 40.860966744848994 ], [ -73.802560365149375, 40.860965296124178 ], [ -73.802564687881542, 40.860963880743547 ], [ -73.802569031866653, 40.860962497816871 ], [ -73.802573392357772, 40.860961148236477 ], [ -73.802577770540992, 40.860959832004447 ], [ -73.80258216522752, 40.860958550019127 ], [ -73.802586577614136, 40.860957298680681 ], [ -73.802591006501416, 40.860956082489551 ], [ -73.802595449522656, 40.860954899640561 ], [ -73.802599909047174, 40.86095375103843 ], [ -73.802604381519529, 40.860952635776442 ], [ -73.80260887049252, 40.860951555661707 ], [ -73.802613374788208, 40.860950507990722 ], [ -73.802617889656929, 40.860949494556344 ], [ -73.802622419842891, 40.860948515366751 ], [ -73.802626961785279, 40.860947571316252 ], [ -73.802631514300685, 40.860946661502354 ], [ -73.80263608094738, 40.860945785931172 ], [ -73.802640658164378, 40.860944945497096 ], [ -73.802645245954437, 40.860944139299612 ], [ -73.802649844314885, 40.860943368239234 ], [ -73.802654452059599, 40.860942632313922 ], [ -73.802659069191336, 40.860941930623184 ], [ -73.802663695704638, 40.860941264967977 ], [ -73.802668331605005, 40.860940633547351 ], [ -73.802672975703572, 40.860940037259773 ], [ -73.802677625625591, 40.860939477001651 ], [ -73.802682282562486, 40.860938950974031 ], [ -73.80268694769498, 40.860938460979966 ], [ -73.802691619839635, 40.860938006116854 ], [ -73.802696295435638, 40.860937587279167 ], [ -73.802700978046502, 40.860937202672019 ], [ -73.802705664108686, 40.860936854090205 ], [ -73.802710355994378, 40.860936541537889 ], [ -73.802715050147967, 40.860936264108453 ], [ -73.802719747752917, 40.860936022704415 ], [ -73.802724449997996, 40.860935816427343 ], [ -73.802729154508341, 40.86093564617358 ], [ -73.802733860100531, 40.860935511040736 ], [ -73.802738565585884, 40.860935411927152 ], [ -73.802743274522669, 40.860935348838986 ], [ -73.802747984541284, 40.86093532087169 ], [ -73.80275269326701, 40.860935328921656 ], [ -73.802757400702532, 40.860935372088456 ], [ -73.802762110403378, 40.860935451278607 ], [ -73.802766816439146, 40.860935566481984 ], [ -73.802771521184781, 40.860935716802182 ], [ -73.802776224637483, 40.860935903139641 ], [ -73.802780924425178, 40.860936125490326 ], [ -73.802785621736575, 40.860936382955849 ], [ -73.802790313010846, 40.860936676430484 ], [ -73.802795002994955, 40.860937005021924 ], [ -73.802799686944567, 40.860937368722091 ], [ -73.802804367226528, 40.860937769335919 ], [ -73.802809040290654, 40.860938204156028 ], [ -73.802813709689772, 40.860938674989299 ], [ -73.802818371871069, 40.860939180028744 ], [ -73.802823026829174, 40.860939721075383 ], [ -73.802827674566757, 40.86094029722868 ], [ -73.802832313895152, 40.860940909387075 ], [ -73.80283694363348, 40.860941555747615 ], [ -73.802841567337438, 40.860942237216911 ], [ -73.802846180260048, 40.860942954687225 ], [ -73.802850784776069, 40.860943707262209 ], [ -73.802855378516085, 40.860944494037298 ], [ -73.802859960296686, 40.860945314110005 ], [ -73.802864533668028, 40.860946170187788 ], [ -73.802869095077369, 40.860947060463715 ], [ -73.802873643335815, 40.860947985836141 ], [ -73.802878179632259, 40.860948945406719 ], [ -73.802882702777865, 40.860949940073816 ], [ -73.802887211591909, 40.86095096803443 ], [ -73.802891709630003, 40.860952030195236 ], [ -73.802896192147813, 40.860953126548004 ], [ -73.802900659148023, 40.860954256192329 ], [ -73.802905110625289, 40.860955420929123 ], [ -73.802909548959747, 40.860956618061039 ], [ -73.802913970587952, 40.860957849382935 ], [ -73.802918374326396, 40.860959113992351 ], [ -73.802922762547254, 40.860960411893252 ], [ -73.802927132878423, 40.860961743081681 ], [ -73.802931484133779, 40.86096310755557 ], [ -73.802935818685469, 40.860964505318982 ], [ -73.802940136538922, 40.860965934570913 ], [ -73.802944431758348, 40.860967397102264 ], [ -73.802948710271465, 40.860968893823575 ], [ -73.802952967344666, 40.860970421124932 ], [ -73.802957205347496, 40.860971979910708 ], [ -73.802961423091091, 40.860973571079484 ], [ -73.802965618203416, 40.86097519462723 ], [ -73.802969791870467, 40.860976850555822 ], [ -73.802973944097644, 40.860978537064469 ], [ -73.802976686588025, 40.860980049171587 ], [ -73.802983226318872, 40.860982564607681 ], [ -73.802989746982277, 40.860985110627574 ], [ -73.802996243825902, 40.860987689924642 ], [ -73.803002720418718, 40.860990298902998 ], [ -73.80300917319444, 40.860992940258065 ], [ -73.803015605711323, 40.860995613995868 ], [ -73.803022014416499, 40.860998318309413 ], [ -73.803028398123828, 40.861001053196667 ], [ -73.803034761572391, 40.861003820466706 ], [ -73.803041100025808, 40.861006617409934 ], [ -73.803047413478808, 40.861009445827371 ], [ -73.803053705489603, 40.861012305725119 ], [ -73.803059970133063, 40.861015195291998 ], [ -73.803066213337033, 40.861018115438732 ], [ -73.80307243035719, 40.861021066157136 ], [ -73.803078622379559, 40.861024047449291 ], [ -73.803084787034734, 40.861027058410642 ], [ -73.803090927878202, 40.86103009994774 ], [ -73.803091004845356, 40.861030143302706 ], [ -73.803106339924639, 40.861040094698147 ], [ -73.803121704740491, 40.861050019127532 ], [ -73.803137100478963, 40.861059916592808 ], [ -73.803152527142714, 40.861069786193511 ], [ -73.803167983540305, 40.8610796297286 ], [ -73.803183469682438, 40.861089443596043 ], [ -73.803198987933172, 40.861099230501452 ], [ -73.80321453473438, 40.861108990438623 ], [ -73.803230112458181, 40.861118723411671 ], [ -73.803245719921108, 40.861128428518043 ], [ -73.803261357128534, 40.861138103956726 ], [ -73.803277022886377, 40.861147752427243 ], [ -73.803292720752822, 40.861157373935526 ], [ -73.803308445988918, 40.861166966672592 ], [ -73.803324202147579, 40.861176532445398 ], [ -73.803339986861914, 40.861186069449012 ], [ -73.80335580131532, 40.861195578585779 ], [ -73.803371645507866, 40.86120505985587 ], [ -73.803387518256088, 40.861214512356632 ], [ -73.803403420743365, 40.861223936990626 ], [ -73.803419350597622, 40.861233333753738 ], [ -73.80343531137963, 40.861242701751586 ], [ -73.803451299528561, 40.861252041878537 ], [ -73.803467317419219, 40.861261353238206 ], [ -73.803483362679444, 40.861270635826507 ], [ -73.803499437678681, 40.861279890547912 ], [ -73.8035155400501, 40.861289115597408 ], [ -73.803531670974451, 40.86129831277804 ], [ -73.803547831640458, 40.861307481191261 ], [ -73.803564019673345, 40.861316621733536 ], [ -73.803580233892262, 40.861325732601856 ], [ -73.80359647903893, 40.861334814704762 ], [ -73.803612751555065, 40.861343868036201 ], [ -73.803629051440623, 40.861352892596159 ], [ -73.803645378698334, 40.861361887484158 ], [ -73.80366173450625, 40.861370855403607 ], [ -73.803678116502809, 40.861379792748551 ], [ -73.803694527060202, 40.861388699522998 ], [ -73.803710964984319, 40.861397578426441 ], [ -73.803727429091737, 40.861406428556286 ], [ -73.803743922943426, 40.86141524901808 ], [ -73.803760441792292, 40.861424040704307 ], [ -73.803776988010526, 40.861432803618932 ], [ -73.803793561606042, 40.861441535060528 ], [ -73.803823372632067, 40.861458494291917 ], [ -73.803853202706392, 40.861475434637612 ], [ -73.803883050643023, 40.86149235609556 ], [ -73.803912917627997, 40.861509258667716 ], [ -73.803921035283551, 40.861514074787813 ], [ -73.803929179105822, 40.861518866638519 ], [ -73.803937347916758, 40.861523631516285 ], [ -73.80394554408322, 40.861528371226228 ], [ -73.803953764049567, 40.861533084861726 ], [ -73.803962011371425, 40.861537773329353 ], [ -73.803970282490596, 40.861542436622997 ], [ -73.803978579784399, 40.861547072945783 ], [ -73.803986900875486, 40.861551684094628 ], [ -73.803995248138591, 40.861556269173043 ], [ -73.804003619198923, 40.861560829077462 ], [ -73.804012015253221, 40.861565360208026 ], [ -73.804020436288127, 40.861569867067061 ], [ -73.804029074158152, 40.86157444903467 ], [ -73.804037738202865, 40.861579004031299 ], [ -73.804046426055464, 40.861583530251963 ], [ -73.804055140080152, 40.861588030402118 ], [ -73.804063879101406, 40.861592500877819 ], [ -73.804072641925274, 40.861596944378554 ], [ -73.804081429740336, 40.861601360005757 ], [ -73.804090241363227, 40.861605746856959 ], [ -73.804099077977412, 40.861610105834671 ], [ -73.804107938396783, 40.861614436936868 ], [ -73.804116822626611, 40.861618738362566 ], [ -73.804125730658939, 40.861623012813219 ], [ -73.804134662501667, 40.861627257587401 ], [ -73.804143616960857, 40.86163147538447 ], [ -73.804152595233091, 40.86163566260452 ], [ -73.804161597305196, 40.861639823750004 ], [ -73.80417062200425, 40.861643954316442 ], [ -73.804179669327638, 40.861648055204348 ], [ -73.804188739270018, 40.861652128214658 ], [ -73.804197830647993, 40.861656172444874 ], [ -73.804206945833698, 40.861660187899048 ], [ -73.804216082457657, 40.861664173672644 ], [ -73.804225241705851, 40.861668129767615 ], [ -73.804234422386912, 40.861672057982972 ], [ -73.804243624508842, 40.861675955617287 ], [ -73.804267312233009, 40.861687978652142 ], [ -73.804284054035364, 40.861696424852013 ], [ -73.804300820839984, 40.861704840475092 ], [ -73.804317615016345, 40.861713226425913 ], [ -73.804334434192356, 40.861721582700397 ], [ -73.804351278367903, 40.861729909298596 ], [ -73.804368148731697, 40.861738205321956 ], [ -73.804385045278508, 40.861746472571511 ], [ -73.804401966832771, 40.861754707443232 ], [ -73.804418913381227, 40.861762914439559 ], [ -73.804435886118, 40.861771090861026 ], [ -73.804452882670759, 40.861779236703647 ], [ -73.804469905411693, 40.861787351971387 ], [ -73.804486953154779, 40.861795436662227 ], [ -73.804504024711207, 40.861803491674614 ], [ -73.804521122453181, 40.861811517012619 ], [ -73.804538244016356, 40.861819509970715 ], [ -73.804555390576326, 40.861827474152804 ], [ -73.804572562138304, 40.86183540775798 ], [ -73.804589757518926, 40.86184330988371 ], [ -73.804606976712734, 40.861851182330923 ], [ -73.804624220911165, 40.861859023300688 ], [ -73.804641488925526, 40.861866833691465 ], [ -73.804658780753059, 40.861874614403654 ], [ -73.804676096401764, 40.861882362735912 ], [ -73.804693437049693, 40.861890081391614 ], [ -73.804710800327413, 40.86189776946626 ], [ -73.804728187423535, 40.861905426061355 ], [ -73.804745598335472, 40.861913052077412 ], [ -73.804763033063125, 40.861920647514381 ], [ -73.80478049161448, 40.861928209670822 ], [ -73.804797971604103, 40.861935743045109 ], [ -73.804815476600822, 40.861943244041342 ], [ -73.804833004227163, 40.861950714456427 ], [ -73.804850554483096, 40.861958154290406 ], [ -73.804868127373879, 40.861965561742224 ], [ -73.804885722894213, 40.861972938612908 ], [ -73.804903342232819, 40.86198028400397 ], [ -73.804920984200919, 40.861987598813819 ], [ -73.804938647617746, 40.861994881239553 ], [ -73.804956333666723, 40.862002132183562 ], [ -73.804974042342479, 40.862009353446872 ], [ -73.80499177365563, 40.862016541427501 ], [ -73.805009526414793, 40.862023697924407 ], [ -73.805027301805964, 40.862030822939609 ], [ -73.80504509864042, 40.862037917371524 ], [ -73.805062916926119, 40.862044978518725 ], [ -73.805080757838567, 40.862052009985163 ], [ -73.805098620202145, 40.862059008166852 ], [ -73.805116504014265, 40.862065973964292 ], [ -73.805134408083433, 40.862072909176433 ], [ -73.805152334787195, 40.862079812006236 ], [ -73.805170282934142, 40.862086684252795 ], [ -73.80518825134871, 40.862093522312009 ], [ -73.805206241206392, 40.86210032978795 ], [ -73.805224252512446, 40.862107104879506 ], [ -73.805242284075518, 40.862113849385764 ], [ -73.805260337092221, 40.862120559706611 ], [ -73.805278410365872, 40.862127239442167 ], [ -73.805296503904373, 40.862133885890849 ], [ -73.805314617705108, 40.862140499953149 ], [ -73.805332751762691, 40.862147083430017 ], [ -73.805350907273819, 40.86215363272153 ], [ -73.805369081855687, 40.862160151425627 ], [ -73.805387276702319, 40.862166636842829 ], [ -73.805405491813701, 40.862173088973123 ], [ -73.805423725995723, 40.862179510515972 ], [ -73.805441980442481, 40.862185898771891 ], [ -73.80546025515126, 40.862192254641322 ], [ -73.805478548935909, 40.862198578122317 ], [ -73.805496861796513, 40.862204869214835 ], [ -73.805515194921639, 40.862211127020458 ], [ -73.805533545933912, 40.862217353335986 ], [ -73.805551917213364, 40.862223545464083 ], [ -73.805570307566001, 40.862229706104188 ], [ -73.805588716997065, 40.862235833455294 ], [ -73.805607144315104, 40.862241929316333 ], [ -73.805625590714172, 40.862247990987875 ], [ -73.805644056186338, 40.862254021171381 ], [ -73.80566253955331, 40.862260017163351 ], [ -73.805681041998596, 40.862265979866237 ], [ -73.805699562328158, 40.862271911979619 ], [ -73.805718102927358, 40.862277809004922 ], [ -73.805736659043873, 40.862283673635652 ], [ -73.805755233049837, 40.862289505875758 ], [ -73.805773826136573, 40.862295303926338 ], [ -73.805792437112828, 40.862301069586302 ], [ -73.805811065978475, 40.862306802855663 ], [ -73.805829711555262, 40.862312501030907 ], [ -73.80584837620485, 40.862318167717994 ], [ -73.805867056374254, 40.862323801109987 ], [ -73.80588575562173, 40.862329401212854 ], [ -73.805904470388867, 40.862334968020576 ], [ -73.805923203053183, 40.862340499736142 ], [ -73.805941953604105, 40.862345999961562 ], [ -73.805960719674715, 40.862351466891816 ], [ -73.805979503637076, 40.86235690053087 ], [ -73.805998304305177, 40.862362300876775 ], [ -73.806017120498097, 40.862367666126481 ], [ -73.806035954577553, 40.862372999885977 ], [ -73.806054804181741, 40.862378298549324 ], [ -73.806073669302819, 40.862383564817911 ], [ -73.806092552320848, 40.862388795994335 ], [ -73.806111450855639, 40.862393994775985 ], [ -73.806130364909919, 40.862399160262427 ], [ -73.806149294486175, 40.862404291553148 ], [ -73.80616824076796, 40.862409389550578 ], [ -73.806187202569049, 40.862414454252807 ], [ -73.806206179894701, 40.86241948385878 ], [ -73.806225173923181, 40.862424481071969 ], [ -73.806244179915254, 40.862429444083432 ], [ -73.806263204987459, 40.862434372905078 ], [ -73.806282242020586, 40.862439268425447 ], [ -73.806301295764285, 40.862444128851564 ], [ -73.806320363841039, 40.862448955980376 ], [ -73.806339448623035, 40.862453749815828 ], [ -73.806381305925569, 40.862464520608626 ], [ -73.806423179944105, 40.862475258096012 ], [ -73.806465068306366, 40.862485962274043 ], [ -73.806506972195834, 40.862496634045115 ], [ -73.806548891622867, 40.862507269807352 ], [ -73.80659082420209, 40.862517874059087 ], [ -73.806632771127468, 40.862528444100896 ], [ -73.806674734771207, 40.86253897993678 ], [ -73.806716710380812, 40.862549484260143 ], [ -73.806758701525126, 40.862559953475035 ], [ -73.806800708196221, 40.862570390282954 ], [ -73.806842728027092, 40.862580792878838 ], [ -73.806884762206352, 40.862591160364182 ], [ -73.806926811909591, 40.862601496342933 ], [ -73.80696887476978, 40.862611799010168 ], [ -73.807010954350417, 40.8626220665708 ], [ -73.807053045901839, 40.862632300817872 ], [ -73.80709515179349, 40.862642502655802 ], [ -73.807137270844478, 40.862652670281605 ], [ -73.807179405429565, 40.862662802798802 ], [ -73.807221554352182, 40.862672903807344 ], [ -73.807263715247856, 40.862682970601732 ], [ -73.807305892863567, 40.862693002289383 ], [ -73.807348081260855, 40.862703001561918 ], [ -73.807390285184184, 40.862712968427203 ], [ -73.807432502269037, 40.862722900179769 ], [ -73.807474734887592, 40.862732796823586 ], [ -73.807516978284895, 40.86274266195268 ], [ -73.807559238401922, 40.862752491974987 ], [ -73.807601510488936, 40.86276228868352 ], [ -73.807643795731963, 40.862772052080267 ], [ -73.807686096505748, 40.862781781268701 ], [ -73.807728408063298, 40.862791477141329 ], [ -73.807770733965384, 40.862801138803661 ], [ -73.807813074212021, 40.862810766255556 ], [ -73.807855426428276, 40.862820360393663 ], [ -73.807897794172376, 40.862829921223828 ], [ -73.807940171519022, 40.862839446935212 ], [ -73.807982565576992, 40.862848940241101 ], [ -73.808024971606926, 40.862858399332616 ], [ -73.808067390794889, 40.862867824211683 ], [ -73.808109821957373, 40.862877213975906 ], [ -73.808152267456066, 40.862886572231069 ], [ -73.808194723743028, 40.86289589536937 ], [ -73.808237195557425, 40.862905185199587 ], [ -73.808279678157319, 40.862914440813384 ], [ -73.808322173914945, 40.862923662214648 ], [ -73.808364684016269, 40.862932849405375 ], [ -73.808407206086528, 40.862942003282122 ], [ -73.808449738942016, 40.862951122942334 ], [ -73.808492287327127, 40.862960208393943 ], [ -73.808534847683589, 40.862969259631001 ], [ -73.808577418822566, 40.862978277552052 ], [ -73.808620003118804, 40.862987261260486 ], [ -73.808662599383538, 40.862996211654789 ], [ -73.808705209996688, 40.863005126037457 ], [ -73.808747831389582, 40.863014008004534 ], [ -73.808790465939452, 40.863022855758963 ], [ -73.808833111274069, 40.863031669296774 ], [ -73.808860663213011, 40.863038428108005 ], [ -73.808888199644912, 40.863045219304624 ], [ -73.808915721748122, 40.863052045590138 ], [ -73.808943229525326, 40.86305890606404 ], [ -73.808970721787816, 40.86306580162482 ], [ -73.80899819854082, 40.863072730471579 ], [ -73.809025660970462, 40.863079692606284 ], [ -73.809053109069083, 40.863086690730313 ], [ -73.809080540477325, 40.863093720337488 ], [ -73.809107958740725, 40.863100785935991 ], [ -73.809135360308701, 40.863107884818533 ], [ -73.809162747548413, 40.863115018790033 ], [ -73.809190116911793, 40.863122184242691 ], [ -73.809217474313982, 40.863129386589165 ], [ -73.809244813837338, 40.863136621317338 ], [ -73.809272139037731, 40.863143889333521 ], [ -73.809299446351602, 40.863151192432788 ], [ -73.809326740526103, 40.863158529722597 ], [ -73.809354018010652, 40.863165898495517 ], [ -73.809381279975867, 40.86317330415654 ], [ -73.809408525251214, 40.863180741300702 ], [ -73.8094332473771, 40.863187031547163 ], [ -73.809457953992677, 40.863193355080952 ], [ -73.809482647467632, 40.863199712806399 ], [ -73.809507325429763, 40.863206104719595 ], [ -73.809531987884242, 40.863212529019663 ], [ -73.809556634828596, 40.863218986606981 ], [ -73.809581266260167, 40.863225478382134 ], [ -73.809605883370352, 40.863232002546063 ], [ -73.809630484965297, 40.863238561798326 ], [ -73.809655069869223, 40.863245152534965 ], [ -73.809679640444088, 40.863251778361935 ], [ -73.809704194320275, 40.863258438374793 ], [ -73.809728732689081, 40.863265130774501 ], [ -73.809753255553119, 40.863271854660638 ], [ -73.809777762902101, 40.863278613635146 ], [ -73.809802253552562, 40.86328540679559 ], [ -73.809826728695754, 40.863292232342971 ], [ -73.809851187143039, 40.863299091175811 ], [ -73.809875628891888, 40.863305984194646 ], [ -73.809900055133511, 40.863312909600403 ], [ -73.809924464679384, 40.863319868291669 ], [ -73.80994885872073, 40.863326858469442 ], [ -73.809973234872473, 40.863333884632219 ], [ -73.80999759551716, 40.863340943182031 ], [ -73.810021938285217, 40.863348033214443 ], [ -73.810046264352465, 40.863355158333334 ], [ -73.810070574915358, 40.863362314938826 ], [ -73.81009486759136, 40.863369506628899 ], [ -73.810119143576927, 40.863376729803562 ], [ -73.810143401683391, 40.863383985361423 ], [ -73.810167643091845, 40.863391275105322 ], [ -73.810191867804775, 40.863398598134879 ], [ -73.810216074638745, 40.863405953547627 ], [ -73.810240264774677, 40.863413343146441 ], [ -73.810264437034263, 40.863420764228053 ], [ -73.810288591412402, 40.863428218593313 ], [ -73.810312727914152, 40.863435704441336 ], [ -73.810336847718105, 40.863443224475546 ], [ -73.81036094845453, 40.863450777791527 ], [ -73.810385032498303, 40.863458363492754 ], [ -73.810409097479763, 40.863465980674768 ], [ -73.810433145766055, 40.863473631142554 ], [ -73.810457174982361, 40.863481315792654 ], [ -73.810481186325106, 40.863489031025068 ], [ -73.810505179784116, 40.8634967804418 ], [ -73.810529154175796, 40.863504563140381 ], [ -73.810553110691487, 40.863512377321818 ], [ -73.810577048145049, 40.863520222984185 ], [ -73.810600967714933, 40.863528102830927 ], [ -73.810624868222789, 40.863536014158534 ], [ -73.810648750849595, 40.863543958770066 ], [ -73.810672613225705, 40.863551935761116 ], [ -73.810696457720866, 40.863559946036048 ], [ -73.810720283154012, 40.863567987791939 ], [ -73.810744089522728, 40.863576061929351 ], [ -73.810767876827029, 40.863584168448256 ], [ -73.810791645069401, 40.863592306448226 ], [ -73.810815394244798, 40.863600477730138 ], [ -73.810839123169757, 40.863608681391646 ], [ -73.810862833030299, 40.86361691743474 ], [ -73.810886523829126, 40.863625184958892 ], [ -73.810910195561107, 40.863633485765114 ], [ -73.810933847045263, 40.863641818050446 ], [ -73.810957478281622, 40.86365018181494 ], [ -73.810981090451179, 40.863658578861546 ], [ -73.811004682370466, 40.863667008287855 ], [ -73.811028255228123, 40.863675469195293 ], [ -73.811051806654547, 40.863683960679481 ], [ -73.811075339009179, 40.863692487246801 ], [ -73.811098851121301, 40.863701043492362 ], [ -73.811122342983239, 40.863709632117683 ], [ -73.811145814594994, 40.86371825312272 ], [ -73.811169264773113, 40.863726905605112 ], [ -73.811192695884642, 40.863735591369725 ], [ -73.811609720390322, 40.863876551590145 ], [ -73.812023932898526, 40.864022213485484 ], [ -73.812435241046487, 40.864172546318791 ], [ -73.812843552473751, 40.864327517553129 ], [ -73.813248778385315, 40.864487091056382 ], [ -73.81329183726001, 40.864538847146179 ], [ -73.813328121053814, 40.864593515253766 ], [ -73.81335728957832, 40.864650584256573 ], [ -73.813379073865747, 40.864709523335534 ], [ -73.813393269050451, 40.864769782863654 ], [ -73.813399745026942, 40.864830800726821 ], [ -73.813398436946841, 40.864892007710829 ], [ -73.813389360621954, 40.864952833830074 ], [ -73.813168960530902, 40.865298461246944 ], [ -73.812662279174447, 40.866247892104425 ], [ -73.812272334288792, 40.867041939946994 ], [ -73.811932525080522, 40.867730949289616 ], [ -73.811813741651022, 40.867991433343079 ], [ -73.811687382236755, 40.86823931423703 ], [ -73.81164586437292, 40.868290131411726 ], [ -73.811597533533671, 40.868337349892123 ], [ -73.811542928543119, 40.868380449165564 ], [ -73.811482655729975, 40.868418949351607 ], [ -73.811417380595785, 40.868452421094602 ], [ -73.811347828975983, 40.86848049457052 ], [ -73.811274773987748, 40.868502860366817 ], [ -73.811199025359343, 40.868519267664325 ], [ -73.811121423464286, 40.868529535934151 ], [ -73.811042829849015, 40.868533548619091 ], [ -73.810964115338493, 40.868531263920097 ], [ -73.810883152016771, 40.868521799470415 ], [ -73.810801350383215, 40.86851847583732 ], [ -73.810719519317487, 40.868521327664091 ], [ -73.810638463128441, 40.868530328355355 ], [ -73.810558982754458, 40.868545385576645 ], [ -73.810481861499213, 40.868566352036659 ], [ -73.810407860295356, 40.868593022777993 ], [ -73.810337708220871, 40.868625133360112 ], [ -73.810272096543144, 40.868662368854203 ], [ -73.810211673987254, 40.868704359332774 ], [ -73.810161309467063, 40.868745056112928 ], [ -73.810117138727762, 40.868789706312413 ], [ -73.810079695931549, 40.868837769622445 ], [ -73.810049433514919, 40.868888664176694 ], [ -73.810026719792006, 40.868941774651383 ], [ -73.810005554997815, 40.868994141164642 ], [ -73.809991421828911, 40.869047857381545 ], [ -73.809984463021252, 40.869102377842204 ], [ -73.809984750146484, 40.86915715426688 ], [ -73.809992280065188, 40.869211631047548 ], [ -73.81000697607108, 40.869265259657567 ], [ -73.810028689081378, 40.869317496852901 ], [ -73.810052134459951, 40.869379133515842 ], [ -73.810084128405336, 40.869438512304868 ], [ -73.810124306330792, 40.869494953643027 ], [ -73.810172205100258, 40.869547808406651 ], [ -73.810227278409585, 40.869596471458628 ], [ -73.810288889663994, 40.869640383437847 ], [ -73.810356334484823, 40.869679041603177 ], [ -73.810428840704901, 40.869712001634497 ], [ -73.810487825312421, 40.869738209147087 ], [ -73.810549908234208, 40.869759903954566 ], [ -73.810554355207131, 40.869762070631928 ], [ -73.810558775995872, 40.8697642678828 ], [ -73.810563171789397, 40.869766494808658 ], [ -73.810567540217704, 40.869768750505159 ], [ -73.810571882461915, 40.869771036775127 ], [ -73.810576198527144, 40.869773351817713 ], [ -73.810580486040976, 40.86977569562896 ], [ -73.810584746187089, 40.869778069111305 ], [ -73.810588978967971, 40.869780471364244 ], [ -73.810593182013804, 40.869782901483468 ], [ -73.810597357694434, 40.869785360373285 ], [ -73.810601504826252, 40.869787847131342 ], [ -73.810605621036743, 40.869790361753715 ], [ -73.810609707512171, 40.869792904242317 ], [ -73.810613764252508, 40.869795474597197 ], [ -73.81061779126037, 40.86979807191782 ], [ -73.810621787349405, 40.869800696202319 ], [ -73.810625752519755, 40.869803347450627 ], [ -73.810629686771406, 40.869806025662804 ], [ -73.810633588918037, 40.869808730836844 ], [ -73.810637458962262, 40.869811462072306 ], [ -73.810641299279098, 40.869814218472605 ], [ -73.810645102746065, 40.869817001826995 ], [ -73.810648876485601, 40.86981981034625 ], [ -73.810652615752858, 40.86982264402257 ], [ -73.810656321731486, 40.869825503758356 ], [ -73.810659994426558, 40.869828387752641 ], [ -73.81066363502444, 40.869831296007376 ], [ -73.810667237591204, 40.869834229413385 ], [ -73.810670808060749, 40.869837187079817 ], [ -73.81067434287425, 40.869840169000881 ], [ -73.81067784203438, 40.86984317427612 ], [ -73.810681306727247, 40.869846202907475 ], [ -73.810684734577947, 40.869849255791479 ], [ -73.810688127964013, 40.869852331131121 ], [ -73.810691484512944, 40.869855428922527 ], [ -73.810694804222265, 40.86985855006612 ], [ -73.810698087097009, 40.869861692760928 ], [ -73.810701333134602, 40.869864857907515 ], [ -73.810704542337675, 40.869868044605397 ], [ -73.810707713517417, 40.869871253753011 ], [ -73.810710846678916, 40.869874483549516 ], [ -73.810713944194717, 40.869877733998685 ], [ -73.810717000130936, 40.869881005991402 ], [ -73.810720020421442, 40.869884298636805 ], [ -73.810722999137539, 40.869887611024772 ], [ -73.810725939835436, 40.869890944061545 ], [ -73.810728841333898, 40.869894295944256 ], [ -73.810731704816789, 40.869897667575323 ], [ -73.810734525538962, 40.869901058946972 ], [ -73.810737309434273, 40.869904469168482 ], [ -73.810740050571496, 40.869907898230061 ], [ -73.810742754884402, 40.86991134524105 ], [ -73.810745415255539, 40.86991481018967 ], [ -73.810748035241076, 40.869918293982288 ], [ -73.810750616032294, 40.869921794819888 ], [ -73.810753154070582, 40.869925312696651 ], [ -73.810755652914608, 40.869928847618425 ], [ -73.810758106633187, 40.869932399575418 ], [ -73.810760521160034, 40.869935967676909 ], [ -73.810762892936452, 40.869939551917078 ], [ -73.810765221962427, 40.86994315229596 ], [ -73.81076750942421, 40.869946768815431 ], [ -73.810769754138107, 40.869950400573074 ], [ -73.810771957292886, 40.869954046670387 ], [ -73.81077411532732, 40.869957708002026 ], [ -73.810776231802677, 40.869961383673278 ], [ -73.810778304348958, 40.869965072779884 ], [ -73.810780334147367, 40.869968777124654 ], [ -73.810782321205537, 40.869972494006142 ], [ -73.810784261962183, 40.869976224319068 ], [ -73.810786159976004, 40.869979968069217 ], [ -73.810788015249628, 40.869983724356125 ], [ -73.810789826596704, 40.869987493177838 ], [ -73.810791590461179, 40.869991273628024 ], [ -73.810793313960374, 40.869995065718413 ], [ -73.810794988788118, 40.86999887033577 ], [ -73.810796620883252, 40.870002684788531 ], [ -73.810798207868203, 40.870006510873594 ], [ -73.810799752117973, 40.870010347694489 ], [ -73.810801247703935, 40.870014194340975 ], [ -73.810802699368452, 40.870018051721281 ], [ -73.810804107116695, 40.870021918034524 ], [ -73.810805467387354, 40.87002579417522 ], [ -73.81080678374164, 40.87002967924888 ], [ -73.81080805380715, 40.870033573251519 ], [ -73.810809278772624, 40.870037475284562 ], [ -73.810810456265642, 40.870041385344202 ], [ -73.810811588658609, 40.870045303434317 ], [ -73.810812674767817, 40.870049228652448 ], [ -73.810813715777016, 40.870053161901055 ], [ -73.810814709318819, 40.870057101375252 ], [ -73.810815657763072, 40.870061047979469 ], [ -73.81081655874253, 40.870064999908742 ], [ -73.810817413438201, 40.87006895896608 ], [ -73.810818221857787, 40.870072922449978 ], [ -73.810818983996157, 40.870076892161428 ], [ -73.810819701044679, 40.870080866301421 ], [ -73.810820369442084, 40.870084845764552 ], [ -73.810820990379696, 40.870088828751868 ], [ -73.810821565041167, 40.870092816165744 ], [ -73.810822093426566, 40.870096808006231 ], [ -73.810822575540868, 40.870100802472273 ], [ -73.810823009011742, 40.870104799560103 ], [ -73.810823397395225, 40.870108800175949 ], [ -73.810823737135166, 40.870112803413505 ], [ -73.810824031792947, 40.870116808378121 ], [ -73.810824277809715, 40.870120815064006 ], [ -73.810824477555386, 40.870124824375488 ], [ -73.810824631037718, 40.870128833611147 ], [ -73.810824734695359, 40.87013284366558 ], [ -73.810824794456948, 40.870136855449019 ], [ -73.810824804398962, 40.870140866250296 ], [ -73.810824769261245, 40.870144877878197 ], [ -73.810824686676426, 40.87014888852778 ], [ -73.810824555458268, 40.870152898197162 ], [ -73.81082438034916, 40.870156907794573 ], [ -73.810824154236684, 40.870160915507419 ], [ -73.810823883052208, 40.870164921345363 ], [ -73.810823565609297, 40.870168925306501 ], [ -73.810823200721842, 40.870172927388829 ], [ -73.810822788394916, 40.870176925791483 ], [ -73.810822328623331, 40.870180922315349 ], [ -73.810821823784778, 40.870184915163335 ], [ -73.810821270320474, 40.87018890432968 ], [ -73.810820670602851, 40.870192889818206 ], [ -73.81082002463458, 40.8701968707284 ], [ -73.810819331226696, 40.870200847958934 ], [ -73.810818591570694, 40.870204819710686 ], [ -73.810817805666488, 40.870208785983657 ], [ -73.810816972325341, 40.870212747676376 ], [ -73.810816092738492, 40.870216702989815 ], [ -73.810815168092262, 40.870220651925983 ], [ -73.810814196014135, 40.870224594480945 ], [ -73.810813177690392, 40.870228530656632 ], [ -73.810812113123518, 40.870232459552547 ], [ -73.810811003497193, 40.870236382071177 ], [ -73.810809846446674, 40.870240295507109 ], [ -73.810808643152953, 40.870244201663276 ], [ -73.810807395991205, 40.870248099643135 ], [ -73.810806101405149, 40.870251988540268 ], [ -73.810804762951037, 40.870255869261079 ], [ -73.810803377075217, 40.870259739998716 ], [ -73.810801948520023, 40.870263601661485 ], [ -73.810800472543136, 40.870267453341029 ], [ -73.810798950330764, 40.870271295039394 ], [ -73.810797384257924, 40.870275125859898 ], [ -73.810795774322074, 40.870278946703088 ], [ -73.810794118155812, 40.870282755764073 ], [ -73.810792418129097, 40.870286553947203 ], [ -73.81069951817463, 40.87043448185176 ], [ -73.810689874607192, 40.870448832457299 ], [ -73.809269418360742, 40.872447453289872 ], [ -73.809103957702476, 40.872674977608213 ], [ -73.809005135962892, 40.872810866453293 ], [ -73.809000213866355, 40.872816290963968 ], [ -73.80899525268353, 40.872821693797974 ], [ -73.808990253595582, 40.872827076758206 ], [ -73.808985215418716, 40.872832438942268 ], [ -73.808980139339354, 40.872837780352079 ], [ -73.808975025359928, 40.872843100087167 ], [ -73.808969873477949, 40.87284839904801 ], [ -73.808964683695933, 40.872853676334117 ], [ -73.808959456008765, 40.87285893374645 ], [ -73.808954190426746, 40.872864167683034 ], [ -73.80894888812584, 40.87286938174784 ], [ -73.808943549118936, 40.872874571438402 ], [ -73.808938172206865, 40.87287974125514 ], [ -73.808932758586238, 40.872884887598104 ], [ -73.808927308249253, 40.872890013168771 ], [ -73.808921822392577, 40.872895114367097 ], [ -73.808916298638493, 40.872900192990166 ], [ -73.80891073935436, 40.872905250842877 ], [ -73.808905144550522, 40.872910284323254 ], [ -73.808899513038071, 40.872915294329793 ], [ -73.808893846000799, 40.872920281764976 ], [ -73.808888143446367, 40.872925243927376 ], [ -73.808882405361928, 40.872930185319362 ], [ -73.808876632946593, 40.872935101440447 ], [ -73.808870823822744, 40.872939994087737 ], [ -73.808864981551721, 40.872944862366552 ], [ -73.808859103758408, 40.872949707173504 ], [ -73.80885319163167, 40.872954527610034 ], [ -73.808847243987856, 40.872959322773752 ], [ -73.808841263194282, 40.872964094469488 ], [ -73.808835249256191, 40.872968840896249 ], [ -73.808829199798325, 40.872973562950662 ], [ -73.808823117198543, 40.872978258835616 ], [ -73.808817001451629, 40.87298293035208 ], [ -73.808810852560214, 40.872987576599613 ], [ -73.808804670524211, 40.872992197578128 ], [ -73.808798455343648, 40.872996793287726 ], [ -73.808792207021199, 40.87300136282785 ], [ -73.808785926740455, 40.873005907100925 ], [ -73.808773214446205, 40.873012480325634 ], [ -73.808760474950205, 40.873019023787734 ], [ -73.808747709436147, 40.873025538389591 ], [ -73.80873491672034, 40.873032023228781 ], [ -73.808722099177913, 40.873038477408727 ], [ -73.808709255617472, 40.873044902728417 ], [ -73.808696386041575, 40.873051298287386 ], [ -73.808683491639144, 40.873057663187105 ], [ -73.808670570032461, 40.87306399922457 ], [ -73.808657623601746, 40.873070303702299 ], [ -73.808644652339396, 40.873076579321712 ], [ -73.808631656247925, 40.873082825182273 ], [ -73.808618634143699, 40.873089040381636 ], [ -73.808605587215538, 40.873095224021156 ], [ -73.808592515453142, 40.873101379702767 ], [ -73.808579418866898, 40.873107503824613 ], [ -73.8085662986405, 40.873113597289091 ], [ -73.80855315358761, 40.873119660094225 ], [ -73.808539983703142, 40.873125694040965 ], [ -73.808526788997469, 40.873131695527348 ], [ -73.808513570649069, 40.873137667256877 ], [ -73.808500328660585, 40.873143608328931 ], [ -73.808487063032018, 40.873149518743588 ], [ -73.808473773763311, 40.873155398500842 ], [ -73.808460460859791, 40.873161245799658 ], [ -73.808447123124751, 40.873167064240057 ], [ -73.808433764124828, 40.873172851126455 ], [ -73.8084203803012, 40.87317860645291 ], [ -73.808406974023839, 40.873184331123888 ], [ -73.80839354410908, 40.873190024236905 ], [ -73.808380091740659, 40.87319568669443 ], [ -73.808366616921134, 40.873201317595914 ], [ -73.808353119647947, 40.873206917841891 ], [ -73.808339599923684, 40.873212486531806 ], [ -73.808326056562123, 40.873218023663767 ], [ -73.808312491935794, 40.873223529241663 ], [ -73.808298906044726, 40.873229003265465 ], [ -73.808285296516416, 40.873234445731235 ], [ -73.808271666909675, 40.873239856644894 ], [ -73.808258013665693, 40.873245236000542 ], [ -73.808244340343307, 40.873250583804008 ], [ -73.808230644570031, 40.873255900051404 ], [ -73.808216927534673, 40.873261183844214 ], [ -73.808203190421054, 40.873266436084847 ], [ -73.808189430856459, 40.87327165676939 ], [ -73.808175651216246, 40.87327684500125 ], [ -73.808161850313994, 40.873282000778481 ], [ -73.808148029330923, 40.873287125904028 ], [ -73.808134187088442, 40.873292217674418 ], [ -73.808120324765213, 40.873297278793103 ], [ -73.80810644236891, 40.873302306558628 ], [ -73.808092538708124, 40.873307302769931 ], [ -73.808078616160643, 40.873312265630048 ], [ -73.808064672348721, 40.873317196935908 ], [ -73.808050710833811, 40.87332209579305 ], [ -73.808036728057075, 40.873326962195478 ], [ -73.808022726393716, 40.873331795246635 ], [ -73.808008704649652, 40.873336597646023 ], [ -73.807994664018992, 40.87334136669417 ], [ -73.807980604499193, 40.873346103291546 ], [ -73.807966526090183, 40.873350807438115 ], [ -73.80795242879465, 40.873355478233343 ], [ -73.807938312610005, 40.873360116577814 ], [ -73.80792417753625, 40.873364722471514 ], [ -73.807910023576028, 40.873369295013852 ], [ -73.807895851913003, 40.873373835107351 ], [ -73.807881662549804, 40.873378341851556 ], [ -73.807867454297607, 40.873382816144876 ], [ -73.807853228345266, 40.873387257088837 ], [ -73.807838984690235, 40.873391665583931 ], [ -73.807824723337717, 40.873396039829181 ], [ -73.807810444282481, 40.873400381625572 ], [ -73.807796147524627, 40.873404690973011 ], [ -73.807781834253049, 40.873408966973074 ], [ -73.807767503284097, 40.873413208723235 ], [ -73.807753155798792, 40.873417418026442 ], [ -73.807738790613541, 40.873421593980311 ], [ -73.807724762404419, 40.873425336457551 ], [ -73.807710721220019, 40.873429052797242 ], [ -73.807691644608127, 40.873433846735196 ], [ -73.807672552667995, 40.873438607326278 ], [ -73.807653447772182, 40.87344333457451 ], [ -73.807634326359249, 40.873448029374416 ], [ -73.807615194365951, 40.873452689934823 ], [ -73.80759604703924, 40.873457318949399 ], [ -73.807576885573226, 40.873461913718565 ], [ -73.80755770996285, 40.873466476043298 ], [ -73.80753852139695, 40.873471005025145 ], [ -73.807519318689245, 40.87347550066206 ], [ -73.807500103023543, 40.873479963856568 ], [ -73.807480874404945, 40.873484392807605 ], [ -73.807461631642127, 40.873488789314209 ], [ -73.807442377110192, 40.873493152479824 ], [ -73.807423108436637, 40.873497482300472 ], [ -73.807403826810329, 40.873501777877692 ], [ -73.807384532226152, 40.873506041012412 ], [ -73.807365225872999, 40.87351027080615 ], [ -73.807345906564635, 40.873514467256868 ], [ -73.807326574301072, 40.873518630364572 ], [ -73.807307229084884, 40.873522759228841 ], [ -73.807287873283528, 40.873526855654497 ], [ -73.807268503340765, 40.873530918735192 ], [ -73.807249121631813, 40.873534947574342 ], [ -73.807229729340378, 40.873538943074443 ], [ -73.807210324093887, 40.873542905231496 ], [ -73.807190907078692, 40.873546834047509 ], [ -73.807171478294805, 40.873550729522393 ], [ -73.807152037744856, 40.873554590755809 ], [ -73.807132585426274, 40.873558418648102 ], [ -73.807113122525365, 40.873562213201296 ], [ -73.807093646672186, 40.873565973510942 ], [ -73.807078822400001, 40.873568483609034 ], [ -73.807064007517795, 40.873571027939505 ], [ -73.807049202028168, 40.873573605601926 ], [ -73.807034407117442, 40.873576216598295 ], [ -73.807019621599252, 40.873578860926628 ], [ -73.807004847846258, 40.873581538590798 ], [ -73.806990083483171, 40.873584250487461 ], [ -73.806975330887724, 40.873586994819547 ], [ -73.806960586498505, 40.873589772481608 ], [ -73.806945857430662, 40.873592584386074 ], [ -73.806931136571535, 40.873595428720009 ], [ -73.806916427474832, 40.873598307290358 ], [ -73.806901730145725, 40.873601218296194 ], [ -73.806887044581615, 40.873604162637953 ], [ -73.806872369596121, 40.873607140313709 ], [ -73.806857705189316, 40.873610151323405 ], [ -73.806843056108931, 40.873613194774578 ], [ -73.806828416418185, 40.873616272458165 ], [ -73.806813790867608, 40.873619382581268 ], [ -73.806799175895549, 40.873622526038382 ], [ -73.806784573877252, 40.873625701932909 ], [ -73.806769984810032, 40.873628911165468 ], [ -73.80675540750768, 40.873632153733965 ], [ -73.806740844345285, 40.873635428741977 ], [ -73.806726292947658, 40.873638737085962 ], [ -73.806711754501052, 40.873642078767986 ], [ -73.806697230194402, 40.873645452889448 ], [ -73.806682717655079, 40.873648859446497 ], [ -73.806668220439335, 40.873652299345494 ], [ -73.806653736177182, 40.87365577168201 ], [ -73.806639263682271, 40.873659276454099 ], [ -73.806624807697247, 40.873662814570139 ], [ -73.806610364665644, 40.873666385123734 ], [ -73.80659593577397, 40.873669988116845 ], [ -73.80658152101941, 40.873673624449999 ], [ -73.806567120404594, 40.873677293222705 ], [ -73.806552733932165, 40.873680993534471 ], [ -73.806538362783172, 40.87368472718827 ], [ -73.806524006960188, 40.873688493283552 ], [ -73.806509662904304, 40.873692291814486 ], [ -73.806495336546973, 40.873696122790932 ], [ -73.806481683951503, 40.873699974706291 ], [ -73.806468046682042, 40.873703859063312 ], [ -73.806454423552282, 40.873707775860105 ], [ -73.806440819310069, 40.873711724204114 ], [ -73.806427228018649, 40.873715705886369 ], [ -73.806413656800942, 40.873719719117865 ], [ -73.80640009972555, 40.873723763888641 ], [ -73.806386560346027, 40.873727842005628 ], [ -73.806373038670287, 40.873731950767421 ], [ -73.806359531131548, 40.87373609286945 ], [ -73.80634604366908, 40.873740265620278 ], [ -73.806332571529921, 40.873744471713394 ], [ -73.806319118280726, 40.873748708453284 ], [ -73.806305681543648, 40.873752977636961 ], [ -73.80629226250764, 40.873757278365936 ], [ -73.806278861170071, 40.873761611540679 ], [ -73.806265477536101, 40.873765975360314 ], [ -73.806252110414206, 40.873770371623714 ], [ -73.806238763365883, 40.873774799436418 ], [ -73.806225434018572, 40.873779258794457 ], [ -73.806212124744803, 40.873783749701836 ], [ -73.806198833171948, 40.873788272154542 ], [ -73.806185559302676, 40.873792825252124 ], [ -73.806172304317997, 40.873797410797536 ], [ -73.806159068223096, 40.873802026989829 ], [ -73.806145852199109, 40.873806675631947 ], [ -73.806132653881221, 40.873811354018464 ], [ -73.806119475634134, 40.873816064854829 ], [ -73.806106317463133, 40.873820806340078 ], [ -73.806093176992974, 40.873825579370767 ], [ -73.806080057785152, 40.873830383052287 ], [ -73.806066958653403, 40.873835217382755 ], [ -73.80605387840869, 40.873840083260653 ], [ -73.806040817050999, 40.873844980685909 ], [ -73.806027779330904, 40.873849907865612 ], [ -73.806014759311566, 40.873854866590747 ], [ -73.806001760554423, 40.873859855966849 ], [ -73.805988781870653, 40.873864876892306 ], [ -73.805975825638086, 40.87386992757029 ], [ -73.805962887108791, 40.873875008893236 ], [ -73.804586609084126, 40.874490128309375 ], [ -73.802906951875826, 40.875272705354099 ], [ -73.80260368212619, 40.875412178975949 ], [ -73.802419031946229, 40.875485542871509 ], [ -73.801379521547432, 40.87577553339716 ], [ -73.80045667232045, 40.876038787185244 ], [ -73.800456807001865, 40.876038579404984 ], [ -73.800430052052917, 40.876046198110281 ], [ -73.800403310074714, 40.876053841145037 ], [ -73.800376581067155, 40.876061508509231 ], [ -73.800349862657569, 40.876069200198813 ], [ -73.80032315839685, 40.876076918921385 ], [ -73.800292644904047, 40.876085771066158 ], [ -73.800262146722815, 40.876094657447958 ], [ -73.800231665042219, 40.876103577168372 ], [ -73.80020120105668, 40.876112527528029 ], [ -73.800170753571621, 40.876121511226366 ], [ -73.800140321403475, 40.8761305273608 ], [ -73.800109906924803, 40.87613957593549 ], [ -73.800079510135575, 40.876148656950448 ], [ -73.800049128663161, 40.876157770401598 ], [ -73.800018764880107, 40.876166916292995 ], [ -73.799988417597362, 40.876176095523149 ], [ -73.799958086822969, 40.876185305390564 ], [ -73.799927774918828, 40.876194549501349 ], [ -73.799897478333946, 40.87620382514789 ], [ -73.799867200627361, 40.876213132336332 ], [ -73.799836938237192, 40.876222471961057 ], [ -73.799806695903499, 40.876231845831221 ], [ -73.799776468894336, 40.876241249436234 ], [ -73.799746259568792, 40.876250687282628 ], [ -73.799716097620873, 40.87626014771557 ], [ -73.799685952178365, 40.876269639686463 ], [ -73.799655824422047, 40.876279164998245 ], [ -73.799625715543797, 40.876288721852077 ], [ -73.799595621984452, 40.87629831024185 ], [ -73.799565547300276, 40.876307931074145 ], [ -73.799535491491298, 40.876317584349074 ], [ -73.799505453376568, 40.876327268263516 ], [ -73.799475431758765, 40.876336986417435 ], [ -73.799445429018789, 40.876346736113497 ], [ -73.799415445156527, 40.876356517351709 ], [ -73.79938547898567, 40.876366330130004 ], [ -73.799355531689784, 40.876376175351005 ], [ -73.799325600898825, 40.876386052110064 ], [ -73.799295688982781, 40.876395961311793 ], [ -73.799265794757943, 40.876405902053698 ], [ -73.799235920594271, 40.876415875240419 ], [ -73.799206064124505, 40.876425879066815 ], [ -73.799176226526782, 40.876435916236439 ], [ -73.799146407811904, 40.876445983147342 ], [ -73.799116607968998, 40.876456083401571 ], [ -73.799086825814427, 40.876466216096517 ], [ -73.799057061350808, 40.876476380331695 ], [ -73.799027318142663, 40.876486574312381 ], [ -73.798997593803591, 40.876496802536913 ], [ -73.798967887158156, 40.876507061401192 ], [ -73.798938198203558, 40.876517351805859 ], [ -73.798908530501578, 40.876527672856525 ], [ -73.798878881674028, 40.876538026350097 ], [ -73.798849252904432, 40.87654841318912 ], [ -73.798819641831031, 40.876558829767603 ], [ -73.798790049631933, 40.876569278788921 ], [ -73.798760477498931, 40.87657975845439 ], [ -73.798730925426526, 40.876590270564861 ], [ -73.797915640513608, 40.876870154328522 ], [ -73.797720329627708, 40.876937748710823 ], [ -73.797712264794882, 40.876940834961083 ], [ -73.79770421766635, 40.876943950957973 ], [ -73.79769619298483, 40.876947097610298 ], [ -73.797688187196613, 40.8769502731109 ], [ -73.797680203855393, 40.87695347926693 ] ], [ [ -73.798309201621265, 40.876733946752424 ], [ -73.797898366701673, 40.87687571792204 ], [ -73.79769312198006, 40.876946542027667 ], [ -73.797915640513608, 40.876870154328522 ], [ -73.798309201621265, 40.876733946752424 ] ] ], [ [ [ -73.810918582998013, 40.870086271024363 ], [ -73.810917849980669, 40.8700816530081 ], [ -73.810917070684738, 40.87007704031894 ], [ -73.810916243926442, 40.870072432054421 ], [ -73.810915370892147, 40.870067828216548 ], [ -73.810914451576707, 40.870063230606249 ], [ -73.810913485985211, 40.870058637422559 ], [ -73.81091247292629, 40.870054050464482 ], [ -73.810911414772491, 40.870049469736003 ], [ -73.810910309151367, 40.870044895233079 ], [ -73.810909158435337, 40.870040326959739 ], [ -73.810907961435603, 40.87003576581445 ], [ -73.810906718152211, 40.870031211797254 ], [ -73.810905426212742, 40.870026664904195 ], [ -73.810904090359514, 40.870022126043551 ], [ -73.810902709406292, 40.87001759521349 ], [ -73.810901280980687, 40.870013072409932 ], [ -73.810899807452614, 40.870008558537386 ], [ -73.810898288824589, 40.870004052695315 ], [ -73.810896723907803, 40.869999555782265 ], [ -73.810895113886005, 40.869995068700689 ], [ -73.810893459947948, 40.869990590552021 ], [ -73.810891758532449, 40.869986122230934 ], [ -73.810890012009395, 40.86998166464172 ], [ -73.810888222753746, 40.869977216887918 ], [ -73.81088638601814, 40.869972779862088 ], [ -73.810884505361173, 40.869968353570179 ], [ -73.810882579596736, 40.869963938010208 ], [ -73.810880608722115, 40.869959534082611 ], [ -73.810878593923718, 40.869955141789355 ], [ -73.81087653520143, 40.869950761130461 ], [ -73.810874432552808, 40.869946393006444 ], [ -73.810872284791543, 40.869942037415264 ], [ -73.810870093103915, 40.869937694358939 ], [ -73.81086785748991, 40.869933363837454 ], [ -73.810865577946998, 40.869929046751267 ], [ -73.810863255661388, 40.869924743102303 ], [ -73.810860890630536, 40.869920453791138 ], [ -73.810858480484583, 40.869916177913261 ], [ -73.810856026409681, 40.869911915470738 ], [ -73.810853530773315, 40.869907668268354 ], [ -73.81085099120547, 40.869903435401739 ], [ -73.810848411262342, 40.869899217777217 ], [ -73.810845786198954, 40.869895015387058 ], [ -73.810843118387865, 40.869890828235057 ], [ -73.810840410201521, 40.869886656325185 ], [ -73.81083765926482, 40.869882500553985 ], [ -73.810834865575302, 40.869878361821925 ], [ -73.810832030324335, 40.86987423833002 ], [ -73.810829153506731, 40.869870131879203 ], [ -73.81082623630877, 40.8698660424715 ], [ -73.810823276357979, 40.869861970102868 ], [ -73.810820276024231, 40.869857915677819 ], [ -73.810817234123974, 40.869853878293867 ], [ -73.810814153026996, 40.869849858855346 ], [ -73.810811029174701, 40.869845857356488 ], [ -73.810807864936891, 40.869841874701571 ], [ -73.810804661502488, 40.869837909992185 ], [ -73.810801417682598, 40.869833964126748 ], [ -73.810798134660971, 40.869830038007763 ], [ -73.810794811253885, 40.869826130732754 ], [ -73.81079144864502, 40.869822243204183 ], [ -73.810788048023227, 40.869818374523426 ], [ -73.810784605824637, 40.869814526485705 ], [ -73.810781126794211, 40.869810699098792 ], [ -73.810777608562034, 40.869806891458246 ], [ -73.810774052311828, 40.869803104466541 ], [ -73.810770458043535, 40.869799338123677 ], [ -73.810766823382167, 40.869795593326238 ], [ -73.810854119088916, 40.869793422187406 ], [ -73.810958889880496, 40.869783954120727 ], [ -73.811062207767819, 40.869767710990125 ], [ -73.811162837203341, 40.869744918601683 ], [ -73.810921046398121, 40.870104779241593 ], [ -73.810920500847459, 40.870100147124674 ], [ -73.81091990902577, 40.870095517633402 ], [ -73.810919268555523, 40.870090892564818 ], [ -73.810918582998013, 40.870086271024363 ] ] ], [ [ [ -73.795062626437527, 40.882206268046843 ], [ -73.795072466960221, 40.882188176686739 ], [ -73.795082263617559, 40.88217007264101 ], [ -73.795092017598861, 40.882151955011274 ], [ -73.795103941615679, 40.882130371649161 ], [ -73.795115908295529, 40.882108801868839 ], [ -73.79512792000844, 40.882087246574947 ], [ -73.795139973197863, 40.882065704860672 ], [ -73.795152071420333, 40.882044177632785 ], [ -73.795164211119115, 40.882022663984579 ], [ -73.795176395850888, 40.882001164822732 ], [ -73.795188622059044, 40.88197967924048 ], [ -73.795200893300049, 40.881958208144567 ], [ -73.795213206014566, 40.881936751528691 ], [ -73.795225562578182, 40.881915308496566 ], [ -73.795237962988168, 40.881893879948699 ], [ -73.795250404868739, 40.881872466781282 ], [ -73.795262891784844, 40.881851067199683 ], [ -73.795275420174249, 40.881829682098036 ], [ -73.79528573030322, 40.881812013881067 ], [ -73.795296079540776, 40.881794358339299 ], [ -73.795306467884018, 40.881776716373253 ], [ -73.795316895332931, 40.881759087982928 ], [ -73.79532736070388, 40.881741472265688 ], [ -73.795337865180429, 40.881723870124169 ], [ -73.795348407576157, 40.881706281556205 ], [ -73.795358990266749, 40.881688705665503 ], [ -73.795369610876449, 40.881671143348377 ], [ -73.795380269402443, 40.881653595505227 ], [ -73.795390967036781, 40.881636060337271 ], [ -73.795401703776577, 40.881618538744902 ], [ -73.795412478435424, 40.881601030726074 ], [ -73.795423292199743, 40.881583536282811 ], [ -73.795434143880286, 40.881566056313559 ], [ -73.79544685111307, 40.881545508063745 ], [ -73.795459598635546, 40.881524973391173 ], [ -73.795472385255692, 40.881504454094731 ], [ -73.795485213351895, 40.881483948377628 ], [ -73.795498080548541, 40.881463457136135 ], [ -73.79551098802915, 40.881442981272897 ], [ -73.795523935799366, 40.881422518986817 ], [ -73.795536922667111, 40.881402072076824 ], [ -73.795549949824334, 40.881381638743981 ], [ -73.795563017265479, 40.881361220789302 ], [ -73.795576123806839, 40.881340817310161 ], [ -73.795589270634807, 40.881320428308669 ], [ -73.795602456557432, 40.881300055583623 ], [ -73.79561568276938, 40.881279696435669 ], [ -73.795628949267936, 40.88125935176533 ], [ -73.795642254860979, 40.881239023371442 ], [ -73.795655599556838, 40.881218708552538 ], [ -73.795668984533691, 40.881198410012132 ], [ -73.795682409799696, 40.88117812504877 ], [ -73.795695872970924, 40.881157857260156 ], [ -73.795709377617783, 40.881137603050696 ], [ -73.795722920175322, 40.881117364215001 ], [ -73.795736503013714, 40.881097141657783 ], [ -73.795750124951923, 40.881076933575898 ], [ -73.795754630340838, 40.881068671456887 ], [ -73.795759094244929, 40.881060395756961 ], [ -73.795763515477674, 40.881052106474044 ], [ -73.795767894036373, 40.881043804508593 ], [ -73.795772229918256, 40.881035490761036 ], [ -73.79577652312885, 40.881027163430481 ], [ -73.795780774851906, 40.881018823419517 ], [ -73.795784982714508, 40.881010470723929 ], [ -73.795789147900379, 40.881002106246299 ], [ -73.795793271598669, 40.880993729088217 ], [ -73.795797351433848, 40.880985340146054 ], [ -73.795801388592253, 40.88097693942187 ], [ -73.795805383076768, 40.880968526015138 ], [ -73.795809333692659, 40.880960102625323 ], [ -73.795813241634619, 40.880951666552974 ], [ -73.795817106899918, 40.880943218698654 ], [ -73.795820929483043, 40.88093476086329 ], [ -73.795824707019435, 40.88092629034125 ], [ -73.795828441873695, 40.880917809838159 ], [ -73.795832134051395, 40.88090931755309 ], [ -73.795835782360513, 40.88090081528496 ], [ -73.795839386803863, 40.880892302133176 ], [ -73.795842948567923, 40.880883778099921 ], [ -73.795846465279794, 40.880875243181016 ], [ -73.795849939306848, 40.880866699181546 ], [ -73.79585336946819, 40.880858144298521 ], [ -73.795856756947487, 40.880849579434496 ], [ -73.79586009937195, 40.880841004585314 ], [ -73.795862054289017, 40.880834930641718 ], [ -73.795863964140693, 40.880828850314963 ], [ -73.795865827748884, 40.88082276090153 ], [ -73.795867646299897, 40.880816662403397 ], [ -73.795869418596368, 40.880810558420535 ], [ -73.795871145838575, 40.880804444452522 ], [ -73.795872826826212, 40.880798324999795 ], [ -73.795874462751286, 40.880792198263372 ], [ -73.795876052427374, 40.880786064241256 ], [ -73.795877595854463, 40.880779922933414 ], [ -73.795879095402682, 40.880773775244442 ], [ -73.795880546323588, 40.880767622066578 ], [ -73.795881952181929, 40.880761461605033 ], [ -73.795883312972279, 40.880755295660833 ], [ -73.795884626321794, 40.880749124229787 ], [ -73.795885892230402, 40.880742947311873 ], [ -73.795887114260211, 40.880736764012887 ], [ -73.795888288846427, 40.880730576127554 ], [ -73.795889417175459, 40.88072438365797 ], [ -73.795890499250149, 40.880718185703607 ], [ -73.795891535064882, 40.880711984065492 ], [ -73.795892524622573, 40.88070577784309 ], [ -73.795893467923094, 40.880699567036416 ], [ -73.795894364966543, 40.880693351645462 ], [ -73.795895214558186, 40.880687134369602 ], [ -73.795896019081923, 40.880680911611115 ], [ -73.79589677615671, 40.880674686067238 ], [ -73.795897485779662, 40.880668458638425 ], [ -73.795898150329279, 40.880662227527992 ], [ -73.795898767429961, 40.880655993632125 ], [ -73.795899338268043, 40.880649756952963 ], [ -73.795899861659947, 40.880643516587931 ], [ -73.795900339967488, 40.880637276143162 ], [ -73.795900770826108, 40.880631032913016 ], [ -73.795901154233064, 40.880624787797984 ], [ -73.795901491372049, 40.880618541700599 ], [ -73.795901782242993, 40.88061229462091 ], [ -73.7959020256651, 40.880606044755865 ], [ -73.79590222281648, 40.880599794808965 ], [ -73.795902373697132, 40.880593544780233 ], [ -73.795902477126234, 40.880587292866579 ], [ -73.795902534284593, 40.880581040871128 ], [ -73.795902543983146, 40.880574789692226 ], [ -73.795902507411014, 40.88056853843144 ], [ -73.795902423381818, 40.880562287086768 ], [ -73.795902294268387, 40.880556035662366 ], [ -73.795902116508742, 40.880549785052388 ], [ -73.795901893656634, 40.88054353706417 ], [ -73.795901623353046, 40.880537287191011 ], [ -73.795901305578624, 40.880531041736347 ], [ -73.795900941533631, 40.880524796199879 ], [ -73.795900531212595, 40.880518552382533 ], [ -73.795900074615403, 40.880512310284317 ], [ -73.795899570555804, 40.880506069903156 ], [ -73.795899020217377, 40.880499832141567 ], [ -73.795898422416499, 40.880493596097025 ], [ -73.795897779517745, 40.880487364475172 ], [ -73.795897087970161, 40.88048113456825 ], [ -73.795896351330228, 40.880474907283087 ], [ -73.795895569592403, 40.880468684420521 ], [ -73.795894738013843, 40.880462465071808 ], [ -73.795893861343018, 40.8804562483448 ], [ -73.795892938390722, 40.880450035137898 ], [ -73.795891969151413, 40.880443827252051 ], [ -73.795890953630689, 40.880437622886276 ], [ -73.795889890636545, 40.880431423839482 ], [ -73.795888783728373, 40.880425230117908 ], [ -73.795887626979493, 40.880419039910166 ], [ -73.795886426316542, 40.880412855027664 ], [ -73.795885178182985, 40.880406674563638 ], [ -73.795883886129914, 40.880400501225807 ], [ -73.795882545419815, 40.880394332304363 ], [ -73.795881159603837, 40.88038817050704 ], [ -73.795879727503703, 40.880382013130266 ], [ -73.795878249111226, 40.880375862875518 ], [ -73.795876725615528, 40.880369718844392 ], [ -73.795875155824731, 40.880363582835763 ], [ -73.795823046493169, 40.880096674790948 ], [ -73.795825494976384, 40.880096771872964 ], [ -73.795823346038986, 40.880089149931926 ], [ -73.79582123152197, 40.880081523549244 ], [ -73.79581915262294, 40.880073889125121 ], [ -73.79581710695237, 40.880066252058285 ], [ -73.795814780289263, 40.880057394331288 ], [ -73.795812499919094, 40.880048529482217 ], [ -73.795810265844793, 40.880039656610606 ], [ -73.79580807924161, 40.880030779320428 ], [ -73.795805938931352, 40.880021894908225 ], [ -73.79580384491409, 40.880013003373946 ], [ -73.795801797189753, 40.880004104717592 ], [ -73.795799796936492, 40.879995201642735 ], [ -73.795797842973357, 40.879986292346331 ], [ -73.795795935300362, 40.879977376828322 ], [ -73.795794075101185, 40.879968455991346 ], [ -73.795792261189234, 40.8799595298333 ], [ -73.795790494756588, 40.879950596555297 ], [ -73.795788774605668, 40.879941659757165 ], [ -73.795787100744803, 40.879932716737493 ], [ -73.795785475538523, 40.879923770201906 ], [ -73.795783895433047, 40.879914818343174 ], [ -73.795782363990355, 40.879905860267094 ], [ -73.795780877640127, 40.879896899569239 ], [ -73.795779439949953, 40.879887933554564 ], [ -73.795778048544122, 40.879878963119303 ], [ -73.795776704609153, 40.879869988265561 ], [ -73.795775406955713, 40.879861009891734 ], [ -73.795774156767507, 40.879852028900359 ], [ -73.79577295405555, 40.879843041689597 ], [ -73.795771798808786, 40.879834051861323 ], [ -73.795770689838037, 40.879825060313905 ], [ -73.795769628337936, 40.879816064348056 ], [ -73.795768614305743, 40.879807064864174 ], [ -73.795767646552179, 40.879798062760742 ], [ -73.795766727452943, 40.879789057141409 ], [ -73.795765854629565, 40.879780049802967 ], [ -73.795765029276794, 40.879771038046044 ], [ -73.795764251380703, 40.879762026373072 ], [ -73.795763519768784, 40.879753010279586 ], [ -73.79576283679998, 40.879743994272104 ], [ -73.795762200115249, 40.879734973844123 ], [ -73.795761610889926, 40.879725952599607 ], [ -73.795761070313162, 40.879716929640161 ], [ -73.795760576006629, 40.879707906762569 ], [ -73.795760127981353, 40.87969888036492 ], [ -73.795759728601809, 40.879689853152868 ], [ -73.795759376681602, 40.879680825124289 ], [ -73.795759071034297, 40.879671796277094 ], [ -73.795758814035437, 40.879662765714997 ], [ -73.795758603309451, 40.879653734334269 ], [ -73.79575844122634, 40.879644703039624 ], [ -73.795758325413289, 40.879635671826868 ], [ -73.795758257059404, 40.879626639797557 ], [ -73.795758236164744, 40.879617606951705 ], [ -73.795758262720966, 40.879608575990872 ], [ -73.795758336739055, 40.879599543312963 ], [ -73.795758458208013, 40.879590512520025 ], [ -73.795758627138852, 40.87958148001011 ], [ -73.795758842334038, 40.879572449382984 ], [ -73.795759106166457, 40.879563420642924 ], [ -73.795759417457873, 40.879554391086309 ], [ -73.795759775016435, 40.879545362512076 ], [ -73.795760180022896, 40.879536336723262 ], [ -73.795760633674817, 40.879527310120046 ], [ -73.795761133590958, 40.879518285399634 ], [ -73.795761680954982, 40.879509263464655 ], [ -73.795762275772475, 40.879500242514105 ], [ -73.795762918040538, 40.879491223448504 ], [ -73.795763606572805, 40.879482206265763 ], [ -73.795764343742036, 40.87947319097001 ], [ -73.795765127169915, 40.87946417935806 ], [ -73.795765958048335, 40.879455169631051 ], [ -73.795766836380039, 40.879446160888456 ], [ -73.795767762151186, 40.879437157632744 ], [ -73.795768735378346, 40.879428154461003 ], [ -73.795769754858526, 40.879419156774013 ], [ -73.795770822978312, 40.879410160073562 ], [ -73.795771937353777, 40.879401167957411 ], [ -73.795773097990548, 40.879392178624542 ], [ -73.795774307258526, 40.87938319297966 ], [ -73.795775562784939, 40.879374211018572 ], [ -73.79577686575071, 40.879365234544323 ], [ -73.795778216169509, 40.879356259054525 ], [ -73.795779612838402, 40.879347289949955 ], [ -73.795781056952066, 40.879338324531233 ], [ -73.795782547321309, 40.879329363696819 ], [ -73.795784086321646, 40.87932040655037 ], [ -73.795785670385641, 40.87931145578704 ], [ -73.795787303080658, 40.879302508711703 ], [ -73.795788980844804, 40.879293566218479 ], [ -73.795790707228988, 40.879284631015224 ], [ -73.795792479871366, 40.879275699495672 ], [ -73.795794298766381, 40.879266773460913 ], [ -73.795796165103269, 40.879257852012458 ], [ -73.795798062067476, 40.879250160686709 ], [ -73.795800004092342, 40.879242476644599 ], [ -73.795801993559124, 40.879234797188793 ], [ -73.795804030456694, 40.879227125921297 ], [ -73.795806112409409, 40.879219463738352 ], [ -73.795808240614789, 40.879211807040114 ], [ -73.79581041625643, 40.879204156729188 ], [ -73.795812636953187, 40.879196515502841 ], [ -73.795814905080647, 40.879188882464717 ], [ -73.795817218266023, 40.879181257610682 ], [ -73.795819577701138, 40.879173639141825 ], [ -73.795821984564171, 40.87916602976177 ], [ -73.795824436482263, 40.879158429466209 ], [ -73.795826933458187, 40.879150837354729 ], [ -73.795829477859186, 40.879143255232428 ], [ -73.795832067323516, 40.879135679493231 ], [ -73.795834703023687, 40.879128114641631 ], [ -73.795837383778846, 40.879120558874561 ], [ -73.795840110775472, 40.879113012194132 ], [ -73.795842882821432, 40.879105476399147 ], [ -73.795845701114303, 40.879097947889846 ], [ -73.795848564453834, 40.87909043116651 ], [ -73.79585147403472, 40.879082923529793 ], [ -73.79585442866491, 40.879075426778542 ], [ -73.795857428347318, 40.87906794001227 ], [ -73.795860473079003, 40.879060464131463 ], [ -73.795863564043671, 40.879053000038709 ], [ -73.79586669887685, 40.879045545028411 ], [ -73.795869879945698, 40.879038100905589 ], [ -73.795873104874673, 40.879030668566664 ], [ -73.795876376039345, 40.879023247115235 ], [ -73.795879691061359, 40.879015838348181 ], [ -73.795883051132606, 40.879008440466556 ], [ -73.795886456247601, 40.87900105527131 ], [ -73.795889906414573, 40.878993680061072 ], [ -73.795893400436057, 40.878986318435587 ], [ -73.79589693832034, 40.878978967693406 ], [ -73.795900521245557, 40.87897163053816 ], [ -73.795904149214408, 40.878964306069285 ], [ -73.795907821040487, 40.87895699428465 ], [ -73.795911536726607, 40.878949694283882 ], [ -73.795915297447976, 40.87894240967092 ], [ -73.795919100845737, 40.878935135939194 ], [ -73.795922949284304, 40.878927875794261 ], [ -73.795926841574513, 40.878920630134608 ], [ -73.795930777721878, 40.878913397159188 ], [ -73.795934756534436, 40.878906178666931 ], [ -73.795938780385086, 40.878898974661965 ], [ -73.795942846906442, 40.878891783339135 ], [ -73.795946957276612, 40.878884607402043 ], [ -73.795951110314732, 40.878877445047564 ], [ -73.795955307204423, 40.87887029717831 ], [ -73.7959595479429, 40.878863164694714 ], [ -73.795963831346526, 40.878856046694196 ], [ -73.795968157412503, 40.878848944077269 ], [ -73.795972526143657, 40.878841855943477 ], [ -73.795976938720742, 40.878834784095773 ], [ -73.795981392776568, 40.878827726729057 ], [ -73.795985890678367, 40.878820685648513 ], [ -73.795990431242473, 40.87881365995149 ], [ -73.795995013279779, 40.878806650536447 ], [ -73.795999637979335, 40.878799656504889 ], [ -73.796004305338428, 40.878792678757414 ], [ -73.796009014167922, 40.878785718192276 ], [ -73.796013765656866, 40.878778773911222 ], [ -73.796018559805333, 40.878771845914095 ], [ -73.796023394240478, 40.878764934196816 ], [ -73.79602827132959, 40.878758040564527 ], [ -73.796033189891816, 40.878751163214119 ], [ -73.796038149921543, 40.878744303946533 ], [ -73.796043152613507, 40.878737460062496 ], [ -73.796048195583822, 40.878730635159677 ], [ -73.796053280021624, 40.878723828339723 ], [ -73.796058404740592, 40.878717039600446 ], [ -73.796063570935303, 40.878710266242578 ], [ -73.79606877859203, 40.878703512768531 ], [ -73.796074027716188, 40.878696777377264 ], [ -73.796079315932289, 40.878690060965141 ], [ -73.796084645613107, 40.878683363536275 ], [ -73.796090015580518, 40.878676682387209 ], [ -73.796125961364893, 40.878633655667585 ], [ -73.796798860651265, 40.877828196450025 ], [ -73.796803190434034, 40.877829143284131 ], [ -73.796809280140081, 40.877820992868422 ], [ -73.796815406572861, 40.877812858725882 ], [ -73.796821574475089, 40.877804741765296 ], [ -73.79682778266033, 40.877796641984538 ], [ -73.796834026383152, 40.877788559375354 ], [ -73.796840311572595, 40.877780494848579 ], [ -73.796846634672264, 40.877772447497527 ], [ -73.796852996868651, 40.877764417324222 ], [ -73.796859398158858, 40.877756405229185 ], [ -73.796865837356577, 40.877748411210284 ], [ -73.796867109061267, 40.877746501709112 ], [ -73.796879134317507, 40.877732107836181 ], [ -73.796879168851731, 40.877732065573959 ], [ -73.796879206953307, 40.877732020616527 ], [ -73.796876151075196, 40.877733105731039 ], [ -73.796880766471972, 40.877726383594585 ], [ -73.796885424527858, 40.877719677741908 ], [ -73.796890124053675, 40.877712989071313 ], [ -73.796894862679437, 40.877706316678086 ], [ -73.796899643961595, 40.877699661469094 ], [ -73.796904465527248, 40.87769302344006 ], [ -73.79690932856559, 40.877686401692628 ], [ -73.796914233071078, 40.877679798027721 ], [ -73.796919179043755, 40.877673212445394 ], [ -73.796924162927155, 40.877666644038818 ], [ -73.796929189464095, 40.877660093716898 ], [ -73.796934255098179, 40.877653560572838 ], [ -73.796939363383018, 40.877647046413948 ], [ -73.796944509575823, 40.877640550331236 ], [ -73.796949696049396, 40.877634072328966 ], [ -73.796954923987286, 40.877627613309706 ], [ -73.796960189833186, 40.877621172366659 ], [ -73.796965497143376, 40.877614750406622 ], [ -73.796970842356075, 40.877608348323797 ], [ -73.796976227849427, 40.877601964321357 ], [ -73.796981653620747, 40.877595599299795 ], [ -73.796987117291749, 40.877589255055888 ], [ -73.796992621243419, 40.877582928892409 ], [ -73.796998164281163, 40.877576623508638 ], [ -73.797003746410397, 40.87757033710367 ], [ -73.79700936525569, 40.877564070573783 ], [ -73.797015024373451, 40.877557824825686 ], [ -73.797020721393508, 40.877551598954753 ], [ -73.797026457499655, 40.877545393863542 ], [ -73.797032231508169, 40.877539208649445 ], [ -73.797038044602743, 40.877533044215077 ], [ -73.797043894410507, 40.877526900556276 ], [ -73.797049783304331, 40.87752077767712 ], [ -73.797055708911344, 40.877514675573508 ], [ -73.797061672415282, 40.877508595147951 ], [ -73.79706767500241, 40.877502536402574 ], [ -73.797073711930054, 40.877496498428499 ], [ -73.797079787940874, 40.877490482134625 ], [ -73.797085901848604, 40.877484487518785 ], [ -73.797092050094065, 40.877478514574719 ], [ -73.797098237419959, 40.877472564211331 ], [ -73.797104460269964, 40.877466635521749 ], [ -73.797110719827671, 40.877460729408639 ], [ -73.797117016095811, 40.877454844971496 ], [ -73.797123349071697, 40.877448983110703 ], [ -73.797129719938951, 40.877443144728964 ], [ -73.797136123957443, 40.87743732801686 ], [ -73.797142563494589, 40.877431534779589 ], [ -73.797149040925817, 40.877425764120787 ], [ -73.797155552689205, 40.877420016934686 ], [ -73.797162099971175, 40.877414293223381 ], [ -73.797168682774455, 40.877408592086347 ], [ -73.797175299907209, 40.877402915322563 ], [ -73.797181953744882, 40.877397262035579 ], [ -73.797188640728351, 40.877391632219165 ], [ -73.797195363230458, 40.877386025877563 ], [ -73.797202121248304, 40.877380443911164 ], [ -73.797208913595611, 40.877374886317895 ], [ -73.797215737899677, 40.877369353093634 ], [ -73.797222597722254, 40.877363843344099 ], [ -73.797229493057884, 40.877358358870239 ], [ -73.797236419163838, 40.877352898763284 ], [ -73.797243381971981, 40.877347463033551 ], [ -73.797250375547705, 40.877342052571237 ], [ -73.797257404636554, 40.877336667384547 ], [ -73.797264465682034, 40.877331306566802 ], [ -73.797271559867809, 40.877325971020532 ], [ -73.797278688377602, 40.877320661648348 ], [ -73.797285848844041, 40.877315376645043 ], [ -73.797293040075331, 40.877310117809543 ], [ -73.797300266819676, 40.877304884249632 ], [ -73.797307524328872, 40.877299676857575 ], [ -73.79731481260292, 40.877294495633244 ], [ -73.797322134017278, 40.877289339680388 ], [ -73.797329486196489, 40.877284209895286 ], [ -73.797336871510524, 40.877279107182609 ], [ -73.797344288778547, 40.877274029739269 ], [ -73.7973517356223, 40.877268979362086 ], [ -73.797359214414513, 40.877263956055167 ], [ -73.797366725160686, 40.87725895801757 ], [ -73.797374265479888, 40.877253987946631 ], [ -73.797381836561158, 40.877249044943888 ], [ -73.797389437220957, 40.877244128106796 ], [ -73.797397068642866, 40.877239238337843 ], [ -73.797404730824113, 40.877234376537587 ], [ -73.797412422581132, 40.877229541803445 ], [ -73.797420145100304, 40.877224734137471 ], [ -73.797427896006113, 40.877219954435972 ], [ -73.797435676487666, 40.877215201800531 ], [ -73.797443486539521, 40.877210478032204 ], [ -73.79745132498077, 40.877205781327831 ], [ -73.797459194181428, 40.877201112592083 ], [ -73.797467090582387, 40.877196471818699 ], [ -73.797475810961089, 40.877190453841003 ], [ -73.797484559739658, 40.877184459325221 ], [ -73.7974933357346, 40.877178487368774 ], [ -73.797502138940288, 40.877172539772552 ], [ -73.797510969362236, 40.877166614735728 ], [ -73.797519826997785, 40.877160713158702 ], [ -73.797528711844137, 40.877154835941909 ], [ -73.797537625093156, 40.877148981286517 ], [ -73.797546563180248, 40.87714315098723 ], [ -73.797555528480899, 40.877137344147741 ], [ -73.797564519806031, 40.877131561666374 ], [ -73.797573539533829, 40.877125801746402 ], [ -73.797582584096958, 40.877120067083005 ], [ -73.797591655873674, 40.877114355879343 ], [ -73.797598318143315, 40.87711058820846 ], [ -73.797605008800033, 40.877106848502173 ], [ -73.797611727841058, 40.877103137660932 ], [ -73.79761847289366, 40.8770994556806 ], [ -73.797625243960567, 40.877095801660644 ], [ -73.797632043411809, 40.877092176505741 ], [ -73.7976388688719, 40.877088581112233 ], [ -73.79764572153266, 40.877085013681203 ], [ -73.797652599015919, 40.877081476009423 ], [ -73.797659504880755, 40.877077968103137 ], [ -73.79766643438451, 40.877074489053591 ], [ -73.797673388713449, 40.877071038862795 ], [ -73.797680370234943, 40.877067619335882 ], [ -73.797687375395341, 40.877064228665695 ], [ -73.797694406564588, 40.877060867756825 ], [ -73.797701462553604, 40.877057537507731 ], [ -73.797708542178853, 40.877054237015727 ], [ -73.797715645440221, 40.877050966280919 ], [ -73.797722773521429, 40.877047726205795 ], [ -73.797729926425177, 40.877044515889921 ], [ -73.797737102962387, 40.877041336231656 ], [ -73.797744299573964, 40.877038187224777 ], [ -73.797751522191746, 40.877035068879707 ], [ -73.79775876607026, 40.877031981188068 ], [ -73.797766033579578, 40.877028925054518 ], [ -73.797773323538664, 40.877025898676024 ], [ -73.797780637128568, 40.877022903855618 ], [ -73.797787969606517, 40.877019939684494 ], [ -73.797795325715242, 40.87701700707143 ], [ -73.797802701895591, 40.877014106010236 ], [ -73.797810100523193, 40.877011235604527 ], [ -73.797894890688752, 40.876981082643823 ], [ -73.798212651525418, 40.876868078820877 ], [ -73.799732620309626, 40.876350638695747 ], [ -73.799977722590725, 40.876267197552266 ], [ -73.800005174181806, 40.876258753509532 ], [ -73.800032641109937, 40.876250335601057 ], [ -73.800060120999646, 40.876241944723127 ], [ -73.80008761622382, 40.876233580879962 ], [ -73.800115124412386, 40.876225243166893 ], [ -73.800145496583681, 40.876216073852007 ], [ -73.800175884074378, 40.876206936072755 ], [ -73.800206291624534, 40.876197831638414 ], [ -73.800236713305182, 40.876188759638111 ], [ -73.800267152678046, 40.876179719177543 ], [ -73.800297608548803, 40.87617071295611 ], [ -73.800328082111847, 40.876161738274433 ], [ -73.800358572178212, 40.876152796030851 ], [ -73.800389077564262, 40.876143885322882 ], [ -73.801427512133486, 40.875867940506367 ], [ -73.801427778716871, 40.87586845334382 ], [ -73.801467630711727, 40.875857280193379 ], [ -73.802148640183901, 40.875666334727825 ], [ -73.802576156339583, 40.875528547222963 ], [ -73.802986114062819, 40.875350320477054 ], [ -73.802988253935197, 40.875352418669664 ], [ -73.803078289182224, 40.875310247512118 ], [ -73.804718235731741, 40.87454211398714 ], [ -73.806113375176025, 40.873912228745851 ], [ -73.806123586366411, 40.87390796046914 ], [ -73.806133820008654, 40.873903721945375 ], [ -73.806144073724951, 40.873899514971548 ], [ -73.80615435226315, 40.873895338655196 ], [ -73.806164652061753, 40.873891193890827 ], [ -73.806174973123348, 40.873887079777859 ], [ -73.80618531544539, 40.873882997216846 ], [ -73.806195679027809, 40.873878946207782 ], [ -73.806206063873304, 40.87387492585011 ], [ -73.806216469979177, 40.873870937044394 ], [ -73.806226896161846, 40.873866978888081 ], [ -73.806237343602376, 40.873863053184181 ], [ -73.806247811117004, 40.873859159030211 ], [ -73.806258298708485, 40.873855295525622 ], [ -73.806268807557743, 40.873851464473404 ], [ -73.80627933529496, 40.873847664969126 ], [ -73.80628988192008, 40.873843897012705 ], [ -73.806300449803075, 40.873840161508681 ], [ -73.80631103776031, 40.873836457554511 ], [ -73.806321643419125, 40.87383278514622 ], [ -73.806332267963285, 40.873829145186299 ], [ -73.806342911395404, 40.873825536774277 ], [ -73.806353576082898, 40.873821961715031 ], [ -73.806364258474659, 40.873818417301194 ], [ -73.806374958562841, 40.873814906234166 ], [ -73.806385676352733, 40.873811426713004 ], [ -73.806396413025425, 40.873807980540697 ], [ -73.806407167399811, 40.873804565914185 ], [ -73.806417939473349, 40.873801183734038 ], [ -73.806428730429701, 40.873797834902682 ], [ -73.80643953671516, 40.873794517613192 ], [ -73.806450361883478, 40.873791233672492 ], [ -73.806461204750974, 40.873787982178087 ], [ -73.806472062945062, 40.873784763125997 ], [ -73.8064829388383, 40.873781576520216 ], [ -73.80649383005553, 40.873778423257235 ], [ -73.806504738969338, 40.873775303341098 ], [ -73.806515663209822, 40.873772215867206 ], [ -73.806526603963263, 40.873769160837575 ], [ -73.806537560038038, 40.873766140051302 ], [ -73.806548533812119, 40.873763151711238 ], [ -73.806559521726626, 40.873760195811464 ], [ -73.806570524962524, 40.873757274154968 ], [ -73.806581542338833, 40.873754384938785 ], [ -73.806592577411905, 40.873751529069317 ], [ -73.806603625436466, 40.873748706538692 ], [ -73.80661468759881, 40.873745917348757 ], [ -73.80662576626905, 40.873743162404061 ], [ -73.806636857893423, 40.873740439897688 ], [ -73.806647964841986, 40.873737750734023 ], [ -73.806659084739508, 40.873735095809607 ], [ -73.806670218774954, 40.873732474225967 ], [ -73.806681365761989, 40.873729885981064 ], [ -73.806692525700697, 40.873727331074939 ], [ -73.80670370214726, 40.873724810413954 ], [ -73.806714889172909, 40.873722323087783 ], [ -73.806726089147645, 40.873719870000819 ], [ -73.806737302074055, 40.873717450252592 ], [ -73.806748527949537, 40.873715064743607 ], [ -73.806759766774164, 40.873712713473772 ], [ -73.80677101499154, 40.873710395536762 ], [ -73.806782278533319, 40.873708110942466 ], [ -73.806793552649069, 40.873705861483813 ], [ -73.806804838530226, 40.873703645361921 ], [ -73.806816136174305, 40.873701463477275 ], [ -73.806827444397584, 40.873699314927322 ], [ -73.806838765567434, 40.873697201517068 ], [ -73.806850096127619, 40.87369512234006 ], [ -73.806861437267088, 40.873693076497737 ], [ -73.80687279016685, 40.873691065793096 ], [ -73.806884152459631, 40.873689088421223 ], [ -73.806894514358973, 40.873686408792935 ], [ -73.806904890398954, 40.873683761605015 ], [ -73.806915280579659, 40.873681146857457 ], [ -73.806925684901032, 40.87367856455031 ], [ -73.806936103363142, 40.873676014683461 ], [ -73.806946535963391, 40.873673498157501 ], [ -73.80695698151807, 40.873671014069906 ], [ -73.806967441210858, 40.873668563323136 ], [ -73.806977913858162, 40.873666145014717 ], [ -73.806988398273631, 40.873663759142701 ], [ -73.806998898013617, 40.873661406613486 ], [ -73.807009409519125, 40.873659087421117 ], [ -73.807019932792926, 40.873656800665131 ], [ -73.807030469018628, 40.873654547247959 ], [ -73.807041018198859, 40.873652326269116 ], [ -73.807051576769567, 40.87365013952364 ], [ -73.807062150667463, 40.873647985220487 ], [ -73.807072735144715, 40.873645864252175 ], [ -73.807083330201365, 40.873643776618714 ], [ -73.807093937026337, 40.873641721421585 ], [ -73.80710455442815, 40.873639700459776 ], [ -73.807115182409348, 40.873637712832867 ], [ -73.807125822158909, 40.873635757642241 ], [ -73.807136472485411, 40.873633836686921 ], [ -73.807147132205003, 40.873631949064482 ], [ -73.807157802506723, 40.873630093876343 ], [ -73.807168483382753, 40.873628273824082 ], [ -73.807179173651974, 40.873626487104588 ], [ -73.807189873317085, 40.873624732817461 ], [ -73.807200581186549, 40.873623012761669 ], [ -73.807211300819276, 40.873621326943187 ], [ -73.807222029847864, 40.873619673557023 ], [ -73.807232765894554, 40.873618054400211 ], [ -73.807243511331919, 40.873616469476708 ], [ -73.807254264976365, 40.873614917884034 ], [ -73.8072650280141, 40.873613399624219 ], [ -73.807275798070023, 40.87361191559372 ], [ -73.807286575146691, 40.873610464892067 ], [ -73.807297362803141, 40.873609047525207 ], [ -73.807312539460369, 40.873606519977649 ], [ -73.80732770672256, 40.873603959094282 ], [ -73.807342862224942, 40.873601362169708 ], [ -73.807358008334873, 40.873598731008833 ], [ -73.807373143868602, 40.873596064709211 ], [ -73.807388268823473, 40.873593364171299 ], [ -73.807403383199571, 40.873590629395117 ], [ -73.807418486999381, 40.873587859480253 ], [ -73.807433579031411, 40.873585056225593 ], [ -73.807448660487111, 40.873582217832229 ], [ -73.807463730177588, 40.873579345198607 ], [ -73.80747878810547, 40.87357643742429 ], [ -73.807493835451709, 40.873573496312247 ], [ -73.807508869848959, 40.873570520057513 ], [ -73.807523892478358, 40.873567510463026 ], [ -73.807538904531242, 40.873564465729878 ], [ -73.807553903629881, 40.87356138765503 ], [ -73.807568888593167, 40.87355827443556 ], [ -73.807583864161003, 40.873555127880365 ], [ -73.807598826779753, 40.873551946182481 ], [ -73.807613775257863, 40.87354873114095 ], [ -73.807628711970466, 40.87354548185926 ], [ -73.807643635731282, 40.873542198335443 ], [ -73.807658545353959, 40.873538880567487 ], [ -73.807673443211172, 40.873535528559408 ], [ -73.80768832692759, 40.873532143207647 ], [ -73.807703196505813, 40.873528723611834 ], [ -73.807718053129562, 40.873525270674378 ], [ -73.807732896803998, 40.873521782594288 ], [ -73.807747725148644, 40.873518262069148 ], [ -73.80776254054399, 40.873514706401409 ], [ -73.807777341795827, 40.873511118290558 ], [ -73.807792127725676, 40.873507495033188 ], [ -73.807806900698253, 40.873503839334674 ], [ -73.807821658346242, 40.873500149390168 ], [ -73.807836400669558, 40.873496425199605 ], [ -73.807851128851865, 40.873492667665481 ], [ -73.807865842895808, 40.873488875887311 ], [ -73.807880540420868, 40.873485052562621 ], [ -73.807883432253135, 40.873486006493472 ], [ -73.807905014770668, 40.873478601672019 ], [ -73.807982901800187, 40.87345187598001 ], [ -73.808141892552513, 40.873397322183322 ], [ -73.808151535562146, 40.873394605227432 ], [ -73.808161163250432, 40.873391853126101 ], [ -73.808170773239581, 40.87338906767642 ], [ -73.808180366715803, 40.873386248880379 ], [ -73.808189942495446, 40.873383395835454 ], [ -73.808199501759617, 40.87338051034466 ], [ -73.808209042138202, 40.873377591503576 ], [ -73.808218566001344, 40.873374640216639 ], [ -73.808228070978913, 40.873371655579355 ], [ -73.808237558259819, 40.873368636693229 ], [ -73.808247027838888, 40.873365585359309 ], [ -73.808256478532385, 40.8733625006751 ], [ -73.808265909151388, 40.873359383539096 ], [ -73.808275322068539, 40.873356233955263 ], [ -73.808284716100061, 40.873353051021169 ], [ -73.808294090059633, 40.873349834734839 ], [ -73.808303443942137, 40.873346586897249 ], [ -73.808312778941541, 40.873343304808884 ], [ -73.808322093858663, 40.873339992970244 ], [ -73.808331388706364, 40.873336646878904 ], [ -73.808340663479569, 40.87333326833582 ], [ -73.808349916991858, 40.87332985733908 ], [ -73.80835915042698, 40.873326414791023 ], [ -73.808368362598571, 40.873322940689846 ], [ -73.808377553511889, 40.873319433234442 ], [ -73.808386723161703, 40.873315894225833 ], [ -73.808395871548015, 40.873312323664095 ], [ -73.808404997487031, 40.873308720646683 ], [ -73.80841410216253, 40.873305086076094 ], [ -73.808423184390819, 40.873301419049866 ], [ -73.808432245350318, 40.87329772227146 ], [ -73.808441282676242, 40.873293993035496 ], [ -73.808450297552341, 40.873290232244372 ], [ -73.808459289978543, 40.873286439898102 ], [ -73.808468259954822, 40.873282615996764 ], [ -73.808477205105973, 40.873278761436843 ], [ -73.808486127807271, 40.873274875321805 ], [ -73.808495026869807, 40.873270958550179 ], [ -73.808503902298654, 40.873267009321061 ], [ -73.808512752897158, 40.873263031234302 ], [ -73.808521579859473, 40.873259021590556 ], [ -73.808530383182955, 40.873254981290223 ], [ -73.808539161681239, 40.873250910331329 ], [ -73.808547914168116, 40.873246808711976 ], [ -73.808556643016118, 40.873242676436057 ], [ -73.808565345852685, 40.873238513499722 ], [ -73.808574023861468, 40.873234320805338 ], [ -73.808582677042409, 40.873230098352913 ], [ -73.808591304214517, 40.873225844339572 ], [ -73.80859990536996, 40.873221561466771 ], [ -73.808608480511282, 40.87321724883396 ], [ -73.808617029641098, 40.873212905540775 ], [ -73.808625551570557, 40.873208532485613 ], [ -73.808634047483281, 40.873204130571025 ], [ -73.80864251738447, 40.873199697995986 ], [ -73.808650960082645, 40.873195236559525 ], [ -73.808659375577832, 40.87319074626172 ], [ -73.808667762686255, 40.873186226199998 ], [ -73.808676123783172, 40.873181675477937 ], [ -73.808684456485537, 40.873177097693429 ], [ -73.808692761987487, 40.873172490147063 ], [ -73.808701039100072, 40.873167853737357 ], [ -73.808709287823319, 40.873163188464325 ], [ -73.808717509340966, 40.873158495230413 ], [ -73.808725701282896, 40.873153773131207 ], [ -73.808733864838118, 40.873149021268176 ], [ -73.808741999998745, 40.873144242342839 ], [ -73.808750105586327, 40.873139433651694 ], [ -73.808758182776799, 40.873134598798721 ], [ -73.808766229207862, 40.873129734178036 ], [ -73.808774247246987, 40.873124841594588 ], [ -73.808782235702637, 40.873119922847295 ], [ -73.808790193396305, 40.873114975232781 ], [ -73.808798121511714, 40.873109999653543 ], [ -73.808806020048877, 40.873104996109547 ], [ -73.808813887818815, 40.87309996549935 ], [ -73.808821724824227, 40.873094906922468 ], [ -73.80882953105727, 40.873089823080328 ], [ -73.808837306528375, 40.873084710370989 ], [ -73.808845051229639, 40.873079571495957 ], [ -73.80885276516895, 40.873074403753755 ], [ -73.80886044714957, 40.873069210744397 ], [ -73.808868097174198, 40.873063991567413 ], [ -73.808875716431615, 40.873058745324229 ], [ -73.808883303735513, 40.873053472012906 ], [ -73.808890857899669, 40.873048171631488 ], [ -73.808898381288913, 40.873042846885362 ], [ -73.808905871540929, 40.873037494168713 ], [ -73.808913329831711, 40.873032117085415 ], [ -73.80892075616903, 40.873026712933978 ], [ -73.80892814817507, 40.873021283511569 ], [ -73.808935508225062, 40.873015827921485 ], [ -73.808942835130054, 40.873010347062376 ], [ -73.808950128890174, 40.873004840934151 ], [ -73.808957388321559, 40.87299930863449 ], [ -73.808964614608016, 40.872993751065692 ], [ -73.808971807749529, 40.872988168227927 ], [ -73.808978966554619, 40.872982561920075 ], [ -73.808986092214781, 40.872976930343199 ], [ -73.808993182359998, 40.872971272592885 ], [ -73.809000239355044, 40.872965591374545 ], [ -73.809007262021481, 40.872959883984713 ], [ -73.809014249159986, 40.872954154923853 ], [ -73.809021201972442, 40.87294839879111 ], [ -73.809028119259636, 40.872942620086917 ], [ -73.80903500221298, 40.87293681701221 ], [ -73.80904184964362, 40.872930990465555 ], [ -73.80904866274048, 40.872925139548443 ], [ -73.809055439130901, 40.872919264257021 ], [ -73.809062179998634, 40.872913365493616 ], [ -73.809068885341148, 40.872907444158784 ], [ -73.809075555158316, 40.872901500252517 ], [ -73.809081767562844, 40.872897448419472 ], [ -73.809086348905552, 40.872892949946056 ], [ -73.809090894710565, 40.872888433403872 ], [ -73.809095404988355, 40.87288389519091 ], [ -73.809099880919931, 40.872879337110206 ], [ -73.809104459342407, 40.872874615309691 ], [ -73.809109001053841, 40.872869870935972 ], [ -73.809113503668797, 40.872865108487623 ], [ -73.809117969570138, 40.872860324366592 ], [ -73.809122396385291, 40.872855518568947 ], [ -73.809126784109168, 40.872850692895703 ], [ -73.809131133922762, 40.872845849149783 ], [ -73.809135444652838, 40.872840982826844 ], [ -73.809139716288982, 40.872836097528733 ], [ -73.809143948828648, 40.872831194155985 ], [ -73.809148142282183, 40.872826269106717 ], [ -73.809152296634096, 40.872821327783782 ], [ -73.809156411902421, 40.872816363883828 ], [ -73.809160485693965, 40.872811384606756 ], [ -73.809164521583085, 40.872806384555609 ], [ -73.809168516005784, 40.872801365525454 ], [ -73.809172471329447, 40.872796329321176 ], [ -73.809176385181516, 40.872791275938873 ], [ -73.809180259942281, 40.872786202681027 ], [ -73.80918409323148, 40.872781112245129 ], [ -73.809187885046526, 40.872776005531733 ], [ -73.809191637770269, 40.872770878942752 ], [ -73.809195347831036, 40.872765736974799 ], [ -73.809199017606517, 40.872760577830839 ], [ -73.809202645907845, 40.872755402409297 ], [ -73.809206233923916, 40.872750209811741 ], [ -73.809209779282142, 40.872745000034215 ], [ -73.809213281977421, 40.872739774877743 ], [ -73.809216744382255, 40.872734534346186 ], [ -73.809220164129258, 40.872729276634708 ], [ -73.809223542399621, 40.872724003546224 ], [ -73.809226878004424, 40.872718715979211 ], [ -73.809230172135159, 40.872713412134779 ], [ -73.809233422416668, 40.872708092909392 ], [ -73.809236631216322, 40.872702760108005 ], [ -73.809239797353058, 40.872697411927668 ], [ -73.809242919637995, 40.872692049266853 ], [ -73.80924600044375, 40.87268667212961 ], [ -73.809249037395105, 40.87268128141239 ], [ -73.80948915581304, 40.87231492101278 ], [ -73.810820210534118, 40.870416728500381 ], [ -73.811254198280622, 40.869717599507908 ], [ -73.811257815957561, 40.869715216423501 ], [ -73.811261464402165, 40.869712859503586 ], [ -73.811265141242046, 40.869710528744186 ], [ -73.811268847658255, 40.869708225948244 ], [ -73.811272582469698, 40.869705949312873 ], [ -73.811276346860069, 40.869703699740484 ], [ -73.811280139640559, 40.869701478129585 ], [ -73.811283958441237, 40.869699283575862 ], [ -73.81128780681837, 40.869697116985549 ], [ -73.811291678840632, 40.869694978349017 ], [ -73.811295581622915, 40.869692868578312 ], [ -73.811299508050453, 40.869690786761431 ], [ -73.811303461681902, 40.869688732904059 ], [ -73.81130744132588, 40.869686708805297 ], [ -73.811311445801351, 40.869684712662156 ], [ -73.81131547391692, 40.869682746273831 ], [ -73.811319528045047, 40.869680809644009 ], [ -73.811323605815829, 40.86967890186839 ], [ -73.811327707226724, 40.869677023847522 ], [ -73.811331832277745, 40.869675175581314 ], [ -73.811335980966376, 40.869673357970314 ], [ -73.811340153297635, 40.869671569213494 ], [ -73.811344345705223, 40.869669812006528 ], [ -73.811348560566714, 40.869668084552288 ], [ -73.811352799063243, 40.869666388653719 ], [ -73.811357055268743, 40.86966472250014 ], [ -73.811361335109297, 40.869663087902232 ], [ -73.811365635026149, 40.869661484854134 ], [ -73.811369952649528, 40.869659912451496 ], [ -73.811374291535401, 40.869658371600643 ], [ -73.811378649311408, 40.86965686229766 ], [ -73.811383027163842, 40.869655384544508 ], [ -73.811387422720102, 40.869653938337322 ], [ -73.811391835977773, 40.869652524576502 ], [ -73.811396265753061, 40.869651142359743 ], [ -73.811400713227187, 40.869649793489849 ], [ -73.811405179591475, 40.869648476167853 ], [ -73.811409661284685, 40.869647191288415 ], [ -73.811414158306818, 40.869645938851519 ], [ -73.811464320157413, 40.869633599451319 ], [ -73.811516083125227, 40.869625964106234 ], [ -73.811568681781822, 40.869623144125541 ], [ -73.811621343778967, 40.869625181470688 ], [ -73.81167686924681, 40.869632702950589 ], [ -73.811730642798338, 40.869645619986784 ], [ -73.811781759959089, 40.869663715889004 ], [ -73.811861420957385, 40.869703844688971 ], [ -73.811980150222681, 40.869761400356758 ], [ -73.812096833267901, 40.869813555028912 ], [ -73.812215877772374, 40.869862537394866 ], [ -73.812301709873367, 40.869894763320161 ], [ -73.811939845610183, 40.870480228699662 ], [ -73.812198513602326, 40.870572356812673 ], [ -73.803052063521434, 40.885366878264378 ], [ -73.802782100875802, 40.885292861818243 ], [ -73.802360779672057, 40.88517734509923 ], [ -73.802356018507609, 40.885176039342788 ], [ -73.802186022735185, 40.885129429704577 ], [ -73.802031361053608, 40.885087023482406 ], [ -73.801966254446157, 40.885069171273535 ], [ -73.801795960464858, 40.885022478602885 ], [ -73.801773211068237, 40.885016241473529 ], [ -73.80141606426514, 40.884918314472834 ], [ -73.801220485899307, 40.884864687808779 ], [ -73.801024903103013, 40.88481106080458 ], [ -73.800803812672868, 40.884750438578855 ], [ -73.800548708557656, 40.884680489329327 ], [ -73.80017455777822, 40.884577895176285 ], [ -73.799834422034664, 40.88448462572844 ], [ -73.799559291751947, 40.884409182592968 ], [ -73.799488485300813, 40.884389765740671 ], [ -73.799443452106374, 40.884377416541774 ], [ -73.799357821978177, 40.884353936059647 ], [ -73.799269321773266, 40.884329667097319 ], [ -73.798729366514323, 40.88418160135889 ], [ -73.798188581439504, 40.884033302911163 ], [ -73.797593784894403, 40.883870190530274 ], [ -73.797423278926033, 40.883823430682575 ], [ -73.796596972209713, 40.883596822849441 ], [ -73.796530757709021, 40.883578664848827 ], [ -73.795992604738828, 40.883431075706469 ], [ -73.795909325498059, 40.883408236159802 ], [ -73.795822063083264, 40.883384304417632 ], [ -73.795349802256709, 40.883254781858788 ], [ -73.795134014151444, 40.88319560072145 ], [ -73.794900371978002, 40.883131520311622 ], [ -73.79483473336532, 40.883113517242279 ], [ -73.794734384083029, 40.883085995475469 ], [ -73.79468018775367, 40.883071131059836 ], [ -73.794554606992676, 40.883036689016137 ], [ -73.794652293441317, 40.882891042198388 ], [ -73.794663885525281, 40.882873298878593 ], [ -73.79467543612671, 40.882855539274985 ], [ -73.794686944056465, 40.882837764285924 ], [ -73.794698409317334, 40.882819973011024 ], [ -73.794709831906445, 40.882802166350679 ], [ -73.794721211823912, 40.882784344304987 ], [ -73.794732550259099, 40.882766505975518 ], [ -73.794743844836162, 40.882748652258627 ], [ -73.794755097928089, 40.882730783158472 ], [ -73.794766308348542, 40.882712898672956 ], [ -73.79477747491093, 40.882694998800034 ], [ -73.794788599988351, 40.882677083543932 ], [ -73.79479968120782, 40.882659152900381 ], [ -73.79481071975593, 40.882641206871583 ], [ -73.794821715629766, 40.882623246357959 ], [ -73.794832668832271, 40.882605270459074 ], [ -73.794843579363402, 40.882587279174963 ], [ -73.79485444722043, 40.882569273406069 ], [ -73.794865271219692, 40.88255125224989 ], [ -73.794876052544893, 40.882533216608948 ], [ -73.794886790009627, 40.882515166481184 ], [ -73.794897485989566, 40.882497100970376 ], [ -73.79490813810915, 40.88247902097271 ], [ -73.794918746368268, 40.88246092648825 ], [ -73.794929311953524, 40.882442817519156 ], [ -73.794939834864891, 40.882424694065385 ], [ -73.794950313915891, 40.882406556124856 ], [ -73.794960749106679, 40.882388403697618 ], [ -73.794971141623648, 40.882370236785711 ], [ -73.794981490280392, 40.882352055387109 ], [ -73.794991796260618, 40.882333860404373 ], [ -73.795002058380618, 40.882315650934991 ], [ -73.795012276637763, 40.882297427879351 ], [ -73.795022452221247, 40.88227919033914 ], [ -73.795022741583622, 40.882279234076549 ], [ -73.795032850001547, 40.882260459724677 ], [ -73.79504281855283, 40.882242409116635 ], [ -73.795052743241385, 40.882224344922442 ], [ -73.795062626437527, 40.882206268046843 ] ] ], [ [ [ -73.818306578409874, 40.874960720583402 ], [ -73.818311058830417, 40.87498907144861 ], [ -73.818304268933304, 40.874989692902233 ], [ -73.81834644827002, 40.875178422680541 ], [ -73.818368246574281, 40.87537408294633 ], [ -73.818380339679251, 40.87552755980407 ], [ -73.818390216797653, 40.875714462040655 ], [ -73.818391534609219, 40.875912602416605 ], [ -73.818385344446796, 40.87617095030015 ], [ -73.818370022390468, 40.876413825098318 ], [ -73.818323015503935, 40.876683809667711 ], [ -73.818331690817729, 40.876680541941283 ], [ -73.818254132117048, 40.87700308405654 ], [ -73.818250762112612, 40.87701289408254 ], [ -73.817730033094875, 40.878528677598887 ], [ -73.817736083398188, 40.878527062671914 ], [ -73.816776336865928, 40.88133547066429 ], [ -73.81677812097324, 40.881335152022181 ], [ -73.816059123806781, 40.883413667529382 ], [ -73.815952926867112, 40.8836063630106 ], [ -73.815572846193447, 40.884256974964948 ], [ -73.814762573328039, 40.886003678629265 ], [ -73.814696630168712, 40.886083060645944 ], [ -73.814623734264885, 40.886158861023361 ], [ -73.814544228296967, 40.88623073181035 ], [ -73.814458472711138, 40.886298338591295 ], [ -73.814366868235652, 40.886361370428197 ], [ -73.81426983572031, 40.886419536226384 ], [ -73.814167822058678, 40.88647256834652 ], [ -73.813902660712131, 40.886539430982936 ], [ -73.813777679381715, 40.886560878035134 ], [ -73.813651191000687, 40.886576421622358 ], [ -73.813523677506595, 40.886586001285117 ], [ -73.813395627889449, 40.886589580890494 ], [ -73.813267532263211, 40.88658714682186 ], [ -73.813139878305691, 40.886578707972781 ], [ -73.813013157185466, 40.886564297558017 ], [ -73.812264455683291, 40.886438916660474 ], [ -73.811963724191685, 40.886388554509892 ], [ -73.811191147131581, 40.886259167395622 ], [ -73.809993364657998, 40.886046862269673 ], [ -73.809638528090431, 40.885985042614443 ], [ -73.809487944663047, 40.885955558921943 ], [ -73.808267701450177, 40.885730908922014 ], [ -73.808049047803181, 40.885702411551449 ], [ -73.807845495055133, 40.885677671430287 ], [ -73.807640763388235, 40.885659376479786 ], [ -73.807435206240086, 40.885647556999594 ], [ -73.807229179446523, 40.885642234290927 ], [ -73.807023038879038, 40.885643417050858 ], [ -73.806817141624222, 40.885651104075464 ], [ -73.806611843619265, 40.885665281554694 ], [ -73.806430080857936, 40.885683320713447 ], [ -73.806249321206067, 40.885706448127308 ], [ -73.806233650251414, 40.885708662234954 ], [ -73.806217988677631, 40.885710914176698 ], [ -73.806202335308697, 40.885713200348683 ], [ -73.806186691328435, 40.885715521653353 ], [ -73.806171055547708, 40.885717878989183 ], [ -73.806155430342159, 40.885720271459682 ], [ -73.806139813341318, 40.885722698160365 ], [ -73.80612420691557, 40.885725159995808 ], [ -73.806108609875793, 40.885727657864393 ], [ -73.806093023408479, 40.885730191768147 ], [ -73.806077446334925, 40.885732759003673 ], [ -73.806061878649842, 40.885735361371879 ], [ -73.806046322723716, 40.885737999777263 ], [ -73.806030776183391, 40.885740674215882 ], [ -73.806015240223246, 40.885743381988227 ], [ -73.805999714835394, 40.885746125795784 ], [ -73.805984200027737, 40.885748902937131 ], [ -73.805968696973608, 40.885751717916627 ], [ -73.805953204499588, 40.885754566229863 ], [ -73.805937723792212, 40.885757447878902 ], [ -73.805922253651701, 40.885760367364085 ], [ -73.805906795277764, 40.885763320185077 ], [ -73.805891348667799, 40.885766307242335 ], [ -73.805875913813793, 40.88576933123732 ], [ -73.805860491912838, 40.885772388570039 ], [ -73.805845080586536, 40.885775481037555 ], [ -73.805829682210629, 40.885778607743347 ], [ -73.805814295595837, 40.885781769585904 ], [ -73.805798921931398, 40.885784965666765 ], [ -73.805783560030719, 40.885788195983906 ], [ -73.805768211075005, 40.885791462340315 ], [ -73.805752875069572, 40.885794762934992 ], [ -73.805737553200842, 40.885798097770021 ], [ -73.805722243095786, 40.885801466841343 ], [ -73.805706947127433, 40.885804870153009 ], [ -73.805691664106604, 40.885808308603437 ], [ -73.805676394033242, 40.885811782192711 ], [ -73.805661138096525, 40.885815290022315 ], [ -73.805645896299012, 40.885818831191735 ], [ -73.805630668635473, 40.885822407502005 ], [ -73.805615453924659, 40.88582601715018 ], [ -73.805600254531583, 40.885829662841623 ], [ -73.805585069280298, 40.885833340972468 ], [ -73.805569898162929, 40.88583705424417 ], [ -73.805554741181993, 40.885840801756217 ], [ -73.805539599524039, 40.885844583510689 ], [ -73.805524473189053, 40.885848399507438 ], [ -73.805509360993085, 40.885852248844202 ], [ -73.805494264122672, 40.885856131522829 ], [ -73.805479183756447, 40.885860050246812 ], [ -73.805464117531812, 40.885864001410248 ], [ -73.805449066624774, 40.885867988617058 ], [ -73.805434032232355, 40.885872008267278 ], [ -73.805419013162805, 40.88587606215993 ], [ -73.80540401060513, 40.885880149396542 ], [ -73.805389023370253, 40.885884270875628 ], [ -73.805374052647338, 40.885888425698639 ], [ -73.805359098433584, 40.885892614766071 ], [ -73.805344160731778, 40.885896837177505 ], [ -73.805329238352655, 40.88590109383135 ], [ -73.805314333677131, 40.885905382030259 ], [ -73.805299446692075, 40.885909706276621 ], [ -73.805284576221425, 40.885914062966421 ], [ -73.805269722257293, 40.885918454801264 ], [ -73.805254885996717, 40.88592287818112 ], [ -73.80524006624519, 40.885927335805469 ], [ -73.805225265378482, 40.885931826777863 ], [ -73.804938682515356, 40.885856387985221 ], [ -73.80429982786805, 40.885688212885107 ], [ -73.803509469853793, 40.885480575469394 ], [ -73.803509900750356, 40.885480511367774 ], [ -73.803959503222643, 40.884732901694747 ], [ -73.806580398182135, 40.88049419772026 ], [ -73.806590690025899, 40.880496800271693 ], [ -73.808648370452815, 40.877149293772582 ], [ -73.812520488524257, 40.870885210069616 ], [ -73.812632424252925, 40.870704106942277 ], [ -73.812918421851592, 40.870241382977802 ], [ -73.812968897414137, 40.870145404073398 ], [ -73.813085967189522, 40.870189206316674 ], [ -73.813335962569624, 40.870282741511517 ], [ -73.81333566101155, 40.870283253402818 ], [ -73.813502517523645, 40.870345058208528 ], [ -73.813773083946629, 40.870445277619211 ], [ -73.813968998052772, 40.870517859781827 ], [ -73.814650287335894, 40.870834448303867 ], [ -73.814650211571276, 40.870834392351767 ], [ -73.814894674775914, 40.870957941215686 ], [ -73.815133906851017, 40.871087257822708 ], [ -73.81536767093381, 40.871222213055852 ], [ -73.815429059410405, 40.871257117010586 ], [ -73.81559896029907, 40.871357995909143 ], [ -73.815763658315561, 40.871463730696661 ], [ -73.815922911901396, 40.871574166125541 ], [ -73.816076491372755, 40.871689140664223 ], [ -73.816224167055466, 40.871808487378559 ], [ -73.816227988594562, 40.871811295789897 ], [ -73.816387661470884, 40.871937153930553 ], [ -73.816541818662671, 40.872066911204989 ], [ -73.816690295646765, 40.872200431399698 ], [ -73.81683293384701, 40.87233757110674 ], [ -73.816969581815258, 40.872478181526432 ], [ -73.817100091657878, 40.872622113864544 ], [ -73.817493079245367, 40.873121668736779 ], [ -73.817551108910607, 40.873209642010856 ], [ -73.817553734369866, 40.873209578624973 ], [ -73.817629309015615, 40.873324587088312 ], [ -73.817618389860641, 40.873304411464929 ], [ -73.817726442249366, 40.873474364149025 ], [ -73.817826003775551, 40.873647279441279 ], [ -73.817916930327527, 40.873822912202805 ], [ -73.817999093210588, 40.874001017317731 ], [ -73.818060611446711, 40.874149053985889 ], [ -73.818186987429712, 40.874503126710323 ], [ -73.818230419041953, 40.874646668348007 ], [ -73.818269633905814, 40.874790907508036 ], [ -73.818304614394464, 40.874935773028128 ], [ -73.818306578409874, 40.874960720583402 ] ] ], [ [ [ -73.806568655240127, 40.886265584388077 ], [ -73.806588138591806, 40.886265837657128 ], [ -73.806607621833592, 40.886266128743209 ], [ -73.806627102603017, 40.886266454040431 ], [ -73.806646583267792, 40.886266815353657 ], [ -73.806666062646769, 40.886267210880014 ], [ -73.806685539542983, 40.88626764421938 ], [ -73.806705017521168, 40.886268113576861 ], [ -73.806724490651476, 40.886268618041939 ], [ -73.806743964861269, 40.886269159425531 ], [ -73.806763435409707, 40.886269735918731 ], [ -73.806782904667273, 40.886270348426024 ], [ -73.806802372631353, 40.886270997847909 ], [ -73.806821838120726, 40.886271682381377 ], [ -73.806841301135378, 40.886272402026414 ], [ -73.806860761670123, 40.886273158584046 ], [ -73.806880219732861, 40.886273949352827 ], [ -73.806899675313204, 40.886274777934666 ], [ -73.80691912841894, 40.886275641628131 ], [ -73.806938577858318, 40.88627654223216 ], [ -73.806958024828518, 40.886277476146851 ], [ -73.806977469316294, 40.88627844787456 ], [ -73.806996910140541, 40.886279455612453 ], [ -73.807016348492965, 40.886280497561465 ], [ -73.807035781990109, 40.886281577319579 ], [ -73.80705521301293, 40.886282692189312 ], [ -73.80707464037485, 40.886283842168687 ], [ -73.807094062884246, 40.886285029056715 ], [ -73.807113484105827, 40.886286251058316 ], [ -73.807132898107156, 40.886287508163612 ], [ -73.80715230962636, 40.88628880308201 ], [ -73.807171717487535, 40.886290132209531 ], [ -73.807191120498871, 40.886291497345276 ], [ -73.807210518660483, 40.886292898489152 ], [ -73.8072299119723, 40.886294335641146 ], [ -73.807249301623557, 40.886295807902847 ], [ -73.807268686425118, 40.886297316172687 ], [ -73.807288066377041, 40.886298860450729 ], [ -73.807307440298018, 40.886300438933937 ], [ -73.807326810550705, 40.886302055228313 ], [ -73.807346174769933, 40.886303706628382 ], [ -73.807365534139649, 40.886305394036597 ], [ -73.807384887478534, 40.886307115650041 ], [ -73.807404234778829, 40.886308874170219 ], [ -73.807423577229642, 40.886310668698535 ], [ -73.807442913647151, 40.886312498332586 ], [ -73.807462244031413, 40.886314363072366 ], [ -73.807481569568878, 40.88631626291987 ], [ -73.807500887881403, 40.886318199672061 ], [ -73.807520198971531, 40.886320172428491 ], [ -73.807539506404197, 40.886322179394135 ], [ -73.807558804241538, 40.886324222360102 ], [ -73.807578097227037, 40.886326302234764 ], [ -73.807597382995525, 40.886328416312686 ], [ -73.807616662730979, 40.886330565496351 ], [ -73.807635935241663, 40.886332751584767 ], [ -73.807655199346286, 40.886334972774947 ], [ -73.807674458604495, 40.886337229072922 ], [ -73.807693709456714, 40.886339520472674 ], [ -73.807712953086892, 40.8863418478767 ], [ -73.807732187121943, 40.886344211281092 ], [ -73.807751416308108, 40.886346610693678 ], [ -73.80777063590709, 40.88634904340514 ], [ -73.807789848278986, 40.88635151392188 ], [ -73.807809053434141, 40.886354018641939 ], [ -73.807828250183519, 40.886356558463817 ], [ -73.807847439711054, 40.886359134290032 ], [ -73.807866619646404, 40.886361745216099 ], [ -73.807885789992042, 40.886364390341562 ], [ -73.807904953113379, 40.886367072371797 ], [ -73.807924107829095, 40.886369789503902 ], [ -73.807943254139147, 40.886372541737877 ], [ -73.80796239085717, 40.886375329071718 ], [ -73.807981517983023, 40.886378151505482 ], [ -73.808000636700811, 40.88638100994158 ], [ -73.808019747015706, 40.886383902579119 ], [ -73.808038847738587, 40.886386830316539 ], [ -73.808057937680402, 40.886389794052377 ], [ -73.808077020400688, 40.886392793792552 ], [ -73.808096091161246, 40.886395826827759 ], [ -73.808115154695187, 40.886398897668286 ], [ -73.808134206272015, 40.886402000903367 ], [ -73.808153247065277, 40.886405141037336 ], [ -73.808172279455874, 40.88640831537279 ], [ -73.808191302254741, 40.886411524808175 ], [ -73.808210311902243, 40.88641476933757 ], [ -73.808229314328543, 40.886418049871359 ], [ -73.808248304795299, 40.886421363700236 ], [ -73.808267284481261, 40.886424713527582 ], [ -73.808286253389042, 40.886428098452896 ], [ -73.808305210332179, 40.886431518474268 ], [ -73.808324157686386, 40.886434972695149 ], [ -73.808343094259897, 40.886438462914491 ], [ -73.808362018871435, 40.886441987329434 ], [ -73.808380931521086, 40.886445545939928 ], [ -73.808399834579191, 40.886449139650452 ], [ -73.808418723297237, 40.886452769353603 ], [ -73.808437602426395, 40.886456433256278 ], [ -73.808461428730936, 40.886462396206831 ], [ -73.808485270555408, 40.886468327661092 ], [ -73.808509125537199, 40.886474224013256 ], [ -73.808532996044065, 40.886480087068179 ], [ -73.808556879705577, 40.886485915921455 ], [ -73.808580777703, 40.886491712375914 ], [ -73.808604690038905, 40.886497475531179 ], [ -73.808628616715893, 40.886503204486701 ], [ -73.808652556547372, 40.886508899240539 ], [ -73.808676511901169, 40.886514561597508 ], [ -73.808700479222836, 40.88652018975084 ], [ -73.808724462071922, 40.88652578370634 ], [ -73.808748456886292, 40.886531344358637 ], [ -73.80877246485754, 40.886536869908724 ], [ -73.808796488348378, 40.886542363962363 ], [ -73.808820522622966, 40.886547822909904 ], [ -73.808844572422288, 40.886553248560048 ], [ -73.808868635375788, 40.886558640008396 ], [ -73.808892710296902, 40.886563997253027 ], [ -73.808916798366937, 40.886569322096783 ], [ -73.808940899593622, 40.886574611838277 ], [ -73.808965013971815, 40.886579868278474 ], [ -73.808989139130901, 40.88658509051286 ], [ -73.809013278633117, 40.886590277646931 ], [ -73.809037432468088, 40.886595433282572 ], [ -73.809061597089027, 40.886600552911489 ], [ -73.809085773672138, 40.88660564013751 ], [ -73.8091099634117, 40.886610692261236 ], [ -73.809134165115907, 40.886615711081625 ], [ -73.809158379973937, 40.886620695700088 ], [ -73.809182605612648, 40.886625646112769 ], [ -73.80920684321849, 40.886630562321578 ], [ -73.8092310939806, 40.886635443428034 ], [ -73.809255356702067, 40.886640293032052 ], [ -73.809279629022683, 40.886645106627284 ], [ -73.809303915680815, 40.886649886923067 ], [ -73.809328211932879, 40.886654633011048 ], [ -73.809352520154519, 40.88665934399463 ], [ -73.809376842713505, 40.886664021678712 ], [ -73.809401173679831, 40.88666866515301 ], [ -73.809425515426469, 40.886673274421426 ], [ -73.809449870331619, 40.88667784768689 ], [ -73.80947423482273, 40.886682389445973 ], [ -73.809498611283217, 40.88668689610062 ], [ -73.809522999712954, 40.886691367650833 ], [ -73.809547397733738, 40.886695805893666 ], [ -73.809571806539765, 40.886700208129604 ], [ -73.809596224934182, 40.886704577958632 ], [ -73.809620656481698, 40.88670891358565 ], [ -73.809645095252208, 40.886713214100347 ], [ -73.809669547178302, 40.886717479512562 ], [ -73.809694009884353, 40.886721710718781 ], [ -73.809718480997205, 40.886725907715167 ], [ -73.809742962887356, 40.886730071406063 ], [ -73.809767455559879, 40.886734199990492 ], [ -73.809791957825666, 40.886738294366985 ], [ -73.809816468500713, 40.88674235363311 ], [ -73.809840992328517, 40.886746378697111 ], [ -73.80986552337383, 40.886750370449789 ], [ -73.809890065206517, 40.886754325294973 ], [ -73.809914616624553, 40.886758248633669 ], [ -73.809939176456766, 40.886762135060948 ], [ -73.809963747068537, 40.886765987282224 ], [ -73.80998832608671, 40.886769805293568 ], [ -73.810012914695292, 40.886773589997382 ], [ -73.8100375129018, 40.886777338692276 ], [ -73.810062120701247, 40.886781053179128 ], [ -73.810086735720347, 40.8867847334541 ], [ -73.810111361521393, 40.886788378622512 ], [ -73.810135994542108, 40.886791989579017 ], [ -73.810160638344584, 40.88679556542894 ], [ -73.810185289369244, 40.886799106166443 ], [ -73.810209947610886, 40.886802613592486 ], [ -73.810234617823284, 40.88680608501344 ], [ -73.810259292882122, 40.886809522218549 ], [ -73.810283979906544, 40.88681292521953 ], [ -73.810308672966443, 40.886816293106051 ], [ -73.810333374432176, 40.886819626782618 ], [ -73.810358084306387, 40.886822925348625 ], [ -73.810382801402454, 40.88682618880221 ], [ -73.810407528090778, 40.886829418047732 ], [ -73.810432260817009, 40.886832611278358 ], [ -73.810457001946318, 40.886835771199372 ], [ -73.81048175148392, 40.886838896009913 ], [ -73.810506508240579, 40.886841986608403 ], [ -73.810531272221453, 40.886845041193965 ], [ -73.810556043421357, 40.886848061567527 ], [ -73.810580821842834, 40.886851046828546 ], [ -73.810605608669775, 40.886853997879527 ], [ -73.810630400345119, 40.886856913814107 ], [ -73.810655201615006, 40.886859794640088 ], [ -73.810678965481102, 40.886863220355224 ], [ -73.810702737755463, 40.886866610960254 ], [ -73.810726518440575, 40.886869965554681 ], [ -73.810750308720372, 40.886873285040885 ], [ -73.810774106221814, 40.886876569415023 ], [ -73.810797913315227, 40.886879819581416 ], [ -73.810821727632728, 40.886883033735216 ], [ -73.810845551549932, 40.886886210979839 ], [ -73.810869382680892, 40.886889355813778 ], [ -73.810893221038341, 40.886892463734625 ], [ -73.81091706899025, 40.886895536547243 ], [ -73.810940924163447, 40.886898574247752 ], [ -73.810964786560547, 40.886901575935617 ], [ -73.810988657362813, 40.886904543413806 ], [ -73.811012535388855, 40.886907474879358 ], [ -73.811036420638658, 40.886910370332266 ], [ -73.811060314296142, 40.886913230674971 ], [ -73.811084213988195, 40.88691605590359 ], [ -73.811108122090388, 40.88691884512145 ], [ -73.811132036224507, 40.886921600125739 ], [ -73.811155958771266, 40.886924318218824 ], [ -73.811179887349894, 40.88692700209829 ], [ -73.811203821962877, 40.886929650863628 ], [ -73.811227764988431, 40.886932262717735 ], [ -73.811251714045696, 40.886934840358222 ], [ -73.811275669139761, 40.886937381984062 ], [ -73.81129963145716, 40.886939887597286 ], [ -73.811323599811317, 40.886942357195856 ], [ -73.811347574197029, 40.886944792580771 ], [ -73.811371555805977, 40.886947191952942 ], [ -73.811395542259888, 40.886949557109581 ], [ -73.811419535939493, 40.886951885353007 ], [ -73.811443535653126, 40.886954178482263 ], [ -73.811467540216711, 40.886956435594946 ], [ -73.81149155081421, 40.886958657593453 ], [ -73.811515567448097, 40.886960843577342 ], [ -73.81153958892935, 40.886962994445078 ], [ -73.811563616446975, 40.886965109298195 ], [ -73.811587650000902, 40.886967188136623 ], [ -73.811611687215432, 40.886969231856995 ], [ -73.811635730463735, 40.88697124046319 ], [ -73.811659779750769, 40.886973212154196 ], [ -73.811683832695749, 40.886975149627659 ], [ -73.811707891676875, 40.886977051086447 ], [ -73.811731954321019, 40.886978916526644 ], [ -73.811756023003795, 40.886980745051737 ], [ -73.811780095341859, 40.886982540259673 ], [ -73.811804172529293, 40.886984299450958 ], [ -73.811828254568709, 40.886986021725185 ], [ -73.811852340268416, 40.886987708881286 ], [ -73.811876430814877, 40.886989360921248 ], [ -73.811900526213151, 40.886990976044096 ], [ -73.811924625269043, 40.886992556949309 ], [ -73.811948727992686, 40.886994100035018 ], [ -73.811972834371318, 40.88699560980357 ], [ -73.8119969444151, 40.886997082653082 ], [ -73.812021059305408, 40.886998520386385 ], [ -73.812045176674175, 40.886999921198694 ], [ -73.812069298892013, 40.88700128599438 ], [ -73.812093423578119, 40.887002617470984 ], [ -73.812117551931664, 40.887003911128033 ], [ -73.812141683945029, 40.887005169666949 ], [ -73.812165818431609, 40.887006393085819 ], [ -73.812189956585527, 40.8870075786851 ], [ -73.812214097207587, 40.887008730965348 ], [ -73.812238241494327, 40.887009846326471 ], [ -73.812262388254169, 40.887010926567577 ], [ -73.812286537492085, 40.887011969887631 ], [ -73.81231068920556, 40.887012977187148 ], [ -73.812334843389479, 40.88701395026709 ], [ -73.81235900123535, 40.887014887328448 ], [ -73.812383160375219, 40.887015786566351 ], [ -73.812407321982818, 40.887016652485165 ], [ -73.812431486065776, 40.887017482383428 ], [ -73.812455651440018, 40.887018275358727 ], [ -73.812479819287006, 40.88701903321396 ], [ -73.812503989611784, 40.887019754148163 ], [ -73.812528161222644, 40.887020439960359 ], [ -73.812552334119545, 40.887021090650578 ], [ -73.812576509491535, 40.887021705320208 ], [ -73.812600686154624, 40.887022283066941 ], [ -73.812624864103697, 40.887022825691588 ], [ -73.81264904333861, 40.887023333194271 ], [ -73.812673223864508, 40.887023803774028 ], [ -73.812697405678762, 40.887024238331229 ], [ -73.812721588778842, 40.887024637766466 ], [ -73.812745771978072, 40.887025002077749 ], [ -73.81276995765468, 40.887025329468003 ], [ -73.812794142246403, 40.887025620831935 ], [ -73.812818329310289, 40.887025877075786 ], [ -73.812842515289233, 40.88702609729328 ], [ -73.812866702558864, 40.887026280587811 ], [ -73.812890891111394, 40.887026429660793 ], [ -73.812915078578925, 40.887026542707467 ], [ -73.812939267336915, 40.887026618831158 ], [ -73.81296345619127, 40.887026660731394 ], [ -73.812987645149519, 40.887026665706763 ], [ -73.813011833025044, 40.887026633755269 ], [ -73.813036020994289, 40.88702656848082 ], [ -73.813060209069789, 40.88702646538102 ], [ -73.813084397243955, 40.887026327157258 ], [ -73.813108584332767, 40.887026152907175 ], [ -73.813132771520159, 40.887025943533146 ], [ -73.813156958811177, 40.887025697234243 ], [ -73.813181143827634, 40.887025415807543 ], [ -73.813205328947589, 40.887025097455961 ], [ -73.813229512974431, 40.887024745779499 ], [ -73.813253695920636, 40.88702435627571 ], [ -73.813277877781246, 40.887023930745642 ], [ -73.813302058551059, 40.887023470990179 ], [ -73.813326238237707, 40.887022974307875 ], [ -73.813350418027639, 40.887022440700733 ], [ -73.813374594351075, 40.887021873764844 ], [ -73.813398770780253, 40.88702126900359 ], [ -73.81342294375051, 40.887020628212142 ], [ -73.813447115629714, 40.887019953195335 ], [ -73.813471286422995, 40.887019242152249 ], [ -73.813495454943691, 40.887018495080888 ], [ -73.813519621191801, 40.887017711981265 ], [ -73.813543785167298, 40.887016892853467 ], [ -73.813567948054171, 40.887016038599768 ], [ -73.813592108670775, 40.887015147417372 ], [ -73.813616265825615, 40.887014221105311 ], [ -73.813640421894249, 40.887013258766935 ], [ -73.813664573314441, 40.887012261296988 ], [ -73.813688723648283, 40.88701122780072 ], [ -73.813712872898293, 40.88701015737761 ], [ -73.813737016313183, 40.887009051821032 ], [ -73.813761157450088, 40.887007912037255 ], [ -73.813785296316482, 40.887006735324704 ], [ -73.813809432912365, 40.887005521683477 ], [ -73.813833566043499, 40.887004273813083 ], [ -73.813857695715015, 40.887002989912517 ], [ -73.813881820742793, 40.887001669079467 ], [ -73.813905942305723, 40.887000314017222 ], [ -73.813930061597944, 40.886998922026329 ], [ -73.813954177425344, 40.88699749580622 ], [ -73.813978289792814, 40.886996033556052 ], [ -73.814002396327311, 40.886994535271896 ], [ -73.814026500588383, 40.886993000959521 ], [ -73.814050600205448, 40.886991429714662 ], [ -73.814074696357451, 40.886989824240679 ], [ -73.814098789046867, 40.886988183637008 ], [ -73.814122874719047, 40.886986506097053 ], [ -73.814146959301667, 40.886984793431303 ], [ -73.814171036862021, 40.886983045630167 ], [ -73.814229566804983, 40.886984343798595 ], [ -73.814231334454448, 40.886978508781603 ], [ -73.814257344488055, 40.886976482220042 ], [ -73.814356225672284, 40.886972988020254 ], [ -73.814473862706109, 40.886957975129391 ], [ -73.815120111138171, 40.88687549362772 ], [ -73.815097149764043, 40.887006225672735 ], [ -73.815092036273327, 40.887073863017321 ], [ -73.815067994930402, 40.887350500237382 ], [ -73.815053104283209, 40.887627508694266 ], [ -73.815047375613531, 40.88790471281424 ], [ -73.815050807148694, 40.888181937901066 ], [ -73.815063400670994, 40.888459011062999 ], [ -73.815085149661343, 40.888735757591839 ], [ -73.815116035734277, 40.889012002758292 ], [ -73.813694278482018, 40.888656308736529 ], [ -73.813844494898575, 40.888222660204313 ], [ -73.813771643330512, 40.888203089456894 ], [ -73.813683954254472, 40.88817953256909 ], [ -73.809776674962137, 40.887129809394295 ], [ -73.806490716045587, 40.88626492966349 ], [ -73.806510202186573, 40.886265039772788 ], [ -73.806529687038847, 40.886265184995644 ], [ -73.806549171783772, 40.886265367135074 ], [ -73.806568655240127, 40.886265584388077 ] ] ] ] } }
]
}
