{
"type": "FeatureCollection",
"name": "trees_2021",
"crs": { "type": "name", "properties": { "name": "urn:ogc:def:crs:OGC:1.3:CRS84" } },
"features": [
{ "type": "Feature", "properties": { "Height": 91.554496765136705, "Radius": 14.916387312029334, "height_m": 27.91, "crown_diameter_m": 9.09, "site_id": 0 }, "geometry": { "type": "Point", "coordinates": [ -73.926853530617862, 40.876521273384434 ] } },
{ "type": "Feature", "properties": { "Height": 91.142997741699205, "Radius": 18.5411616971131, "height_m": 27.78, "crown_diameter_m": 11.3, "site_id": 1 }, "geometry": { "type": "Point", "coordinates": [ -73.926988880790688, 40.876545294957104 ] } },
{ "type": "Feature", "properties": { "Height": 92.964500427246094, "Radius": 21.646065519224038, "height_m": 28.34, "crown_diameter_m": 13.2, "site_id": 2 }, "geometry": { "type": "Point", "coordinates": [ -73.926409133172228, 40.876529331178901 ] } },
{ "type": "Feature", "properties": { "Height": 77.520500183105497, "Radius": 15.267036849306441, "height_m": 23.63, "crown_diameter_m": 9.31, "site_id": 3 }, "geometry": { "type": "Point", "coordinates": [ -73.927274420405496, 40.876518509243432 ] } },
{ "type": "Feature", "properties": { "Height": 96.023002624511705, "Radius": 26.007854739300495, "height_m": 29.27, "crown_diameter_m": 15.85, "site_id": 4 }, "geometry": { "type": "Point", "coordinates": [ -73.926670623347533, 40.87654427463076 ] } },
{ "type": "Feature", "properties": { "Height": 84.962753295898395, "Radius": 32.358621271642271, "height_m": 25.9, "crown_diameter_m": 19.73, "site_id": 5 }, "geometry": { "type": "Point", "coordinates": [ -73.9271390054313, 40.876587139147873 ] } },
{ "type": "Feature", "properties": { "Height": 93.587249755859403, "Radius": 33.129027869252518, "height_m": 28.53, "crown_diameter_m": 20.2, "site_id": 6 }, "geometry": { "type": "Point", "coordinates": [ -73.925858019652594, 40.876563479722421 ] } },
{ "type": "Feature", "properties": { "Height": 90.412750244140597, "Radius": 17.471667947000803, "height_m": 27.56, "crown_diameter_m": 10.65, "site_id": 7 }, "geometry": { "type": "Point", "coordinates": [ -73.926882627415338, 40.87658045386717 ] } },
{ "type": "Feature", "properties": { "Height": 87.163253784179702, "Radius": 20.466944330257718, "height_m": 26.57, "crown_diameter_m": 12.48, "site_id": 8 }, "geometry": { "type": "Point", "coordinates": [ -73.92609275879137, 40.876587874121945 ] } },
{ "type": "Feature", "properties": { "Height": 86.572746276855497, "Radius": 28.852381701380537, "height_m": 26.39, "crown_diameter_m": 17.59, "site_id": 9 }, "geometry": { "type": "Point", "coordinates": [ -73.92593185280451, 40.876626236198071 ] } },
{ "type": "Feature", "properties": { "Height": 87.1094970703125, "Radius": 17.598736297155778, "height_m": 26.55, "crown_diameter_m": 10.73, "site_id": 10 }, "geometry": { "type": "Point", "coordinates": [ -73.926769917558133, 40.876611483448272 ] } },
{ "type": "Feature", "properties": { "Height": 90.170997619628906, "Radius": 29.838109049604043, "height_m": 27.48, "crown_diameter_m": 18.19, "site_id": 11 }, "geometry": { "type": "Point", "coordinates": [ -73.926242063350017, 40.876584657647612 ] } },
{ "type": "Feature", "properties": { "Height": 86.329750061035199, "Radius": 26.007854739300495, "height_m": 26.31, "crown_diameter_m": 15.85, "site_id": 12 }, "geometry": { "type": "Point", "coordinates": [ -73.926107846415789, 40.876676924910534 ] } },
{ "type": "Feature", "properties": { "Height": 102.292999267578, "Radius": 31.594616678674353, "height_m": 31.18, "crown_diameter_m": 19.26, "site_id": 13 }, "geometry": { "type": "Point", "coordinates": [ -73.926508631227392, 40.876617936840603 ] } },
{ "type": "Feature", "properties": { "Height": 86.974746704101605, "Radius": 26.001734523957655, "height_m": 26.51, "crown_diameter_m": 15.85, "site_id": 14 }, "geometry": { "type": "Point", "coordinates": [ -73.926343825342258, 40.876695301632893 ] } },
{ "type": "Feature", "properties": { "Height": 90.841499328613295, "Radius": 34.336858016201198, "height_m": 27.69, "crown_diameter_m": 20.93, "site_id": 15 }, "geometry": { "type": "Point", "coordinates": [ -73.926971324000959, 40.876698549560793 ] } },
{ "type": "Feature", "properties": { "Height": 25.944499969482401, "Radius": 15.912746917462288, "height_m": 7.91, "crown_diameter_m": 9.7, "site_id": 16 }, "geometry": { "type": "Point", "coordinates": [ -73.927138018022148, 40.876705468914253 ] } },
{ "type": "Feature", "properties": { "Height": 84.408248901367202, "Radius": 22.283703068536735, "height_m": 25.73, "crown_diameter_m": 13.58, "site_id": 17 }, "geometry": { "type": "Point", "coordinates": [ -73.926165194474208, 40.876759766863437 ] } },
{ "type": "Feature", "properties": { "Height": 90.915496826171903, "Radius": 23.28948359361322, "height_m": 27.71, "crown_diameter_m": 14.2, "site_id": 18 }, "geometry": { "type": "Point", "coordinates": [ -73.926813400739761, 40.876730471762976 ] } },
{ "type": "Feature", "properties": { "Height": 92.197746276855497, "Radius": 37.313368142904231, "height_m": 28.1, "crown_diameter_m": 22.75, "site_id": 19 }, "geometry": { "type": "Point", "coordinates": [ -73.926600448306374, 40.876729776416354 ] } },
{ "type": "Feature", "properties": { "Height": 93.475997924804702, "Radius": 35.975658398746411, "height_m": 28.49, "crown_diameter_m": 21.93, "site_id": 20 }, "geometry": { "type": "Point", "coordinates": [ -73.92675446745092, 40.876842073237633 ] } },
{ "type": "Feature", "properties": { "Height": 80.366996765136705, "Radius": 28.745999104799278, "height_m": 24.5, "crown_diameter_m": 17.52, "site_id": 21 }, "geometry": { "type": "Point", "coordinates": [ -73.926470663898002, 40.876867040685703 ] } },
{ "type": "Feature", "properties": { "Height": 91.845497131347699, "Radius": 33.248913286245987, "height_m": 27.99, "crown_diameter_m": 20.27, "site_id": 22 }, "geometry": { "type": "Point", "coordinates": [ -73.925808809225998, 40.876820994789753 ] } },
{ "type": "Feature", "properties": { "Height": 27.996000289916999, "Radius": 23.769729657196955, "height_m": 8.53, "crown_diameter_m": 14.49, "site_id": 23 }, "geometry": { "type": "Point", "coordinates": [ -73.926980734882534, 40.876874030851788 ] } },
{ "type": "Feature", "properties": { "Height": 44.595001220703097, "Radius": 11.354096349090721, "height_m": 13.59, "crown_diameter_m": 6.92, "site_id": 24 }, "geometry": { "type": "Point", "coordinates": [ -73.926843261347514, 40.876912810637954 ] } },
{ "type": "Feature", "properties": { "Height": 99.607749938964801, "Radius": 53.562365558053024, "height_m": 30.36, "crown_diameter_m": 32.65, "site_id": 25 }, "geometry": { "type": "Point", "coordinates": [ -73.926046964752572, 40.876876362850702 ] } },
{ "type": "Feature", "properties": { "Height": 87.216751098632798, "Radius": 42.406269607162166, "height_m": 26.58, "crown_diameter_m": 25.85, "site_id": 26 }, "geometry": { "type": "Point", "coordinates": [ -73.926294839285802, 40.876947872465585 ] } },
{ "type": "Feature", "properties": { "Height": 82.048248291015597, "Radius": 29.184202541037127, "height_m": 25.01, "crown_diameter_m": 17.79, "site_id": 27 }, "geometry": { "type": "Point", "coordinates": [ -73.9258416728822, 40.877008029194855 ] } },
{ "type": "Feature", "properties": { "Height": 63.708000183105497, "Radius": 28.279914940409103, "height_m": 19.42, "crown_diameter_m": 17.24, "site_id": 28 }, "geometry": { "type": "Point", "coordinates": [ -73.926665121585145, 40.876961096988573 ] } },
{ "type": "Feature", "properties": { "Height": 61.941001892089801, "Radius": 19.372334805352949, "height_m": 18.88, "crown_diameter_m": 11.81, "site_id": 29 }, "geometry": { "type": "Point", "coordinates": [ -73.926459850976087, 40.876991820677013 ] } },
{ "type": "Feature", "properties": { "Height": 29.6975002288818, "Radius": 21.726793624705916, "height_m": 9.05, "crown_diameter_m": 13.24, "site_id": 30 }, "geometry": { "type": "Point", "coordinates": [ -73.926818525539787, 40.877010976926833 ] } },
{ "type": "Feature", "properties": { "Height": 23.974000930786101, "Radius": 12.188976141427315, "height_m": 7.31, "crown_diameter_m": 7.43, "site_id": 31 }, "geometry": { "type": "Point", "coordinates": [ -73.926051893620937, 40.877048530247983 ] } },
{ "type": "Feature", "properties": { "Height": 40.677749633789098, "Radius": 16.772190134711835, "height_m": 12.4, "crown_diameter_m": 10.22, "site_id": 32 }, "geometry": { "type": "Point", "coordinates": [ -73.926428489294523, 40.877099102797878 ] } },
{ "type": "Feature", "properties": { "Height": 13.8254995346069, "Radius": 24.628022416004356, "height_m": 4.21, "crown_diameter_m": 15.01, "site_id": 33 }, "geometry": { "type": "Point", "coordinates": [ -73.926669390635197, 40.877158564937822 ] } },
{ "type": "Feature", "properties": { "Height": 11.293250083923301, "Radius": 4.38836508441576, "height_m": 3.44, "crown_diameter_m": 2.68, "site_id": 34 }, "geometry": { "type": "Point", "coordinates": [ -73.926554225858453, 40.877126614441181 ] } },
{ "type": "Feature", "properties": { "Height": 9.3555002212524396, "Radius": 5.2015709478600991, "height_m": 2.85, "crown_diameter_m": 3.17, "site_id": 35 }, "geometry": { "type": "Point", "coordinates": [ -73.926531441818753, 40.877042704205877 ] } },
{ "type": "Feature", "properties": { "Height": 8.7095003128051793, "Radius": 3.0382538898732494, "height_m": 2.65, "crown_diameter_m": 1.85, "site_id": 36 }, "geometry": { "type": "Point", "coordinates": [ -73.926506204600372, 40.877029477983008 ] } },
{ "type": "Feature", "properties": { "Height": 21.406000137329102, "Radius": 14.540885182738462, "height_m": 6.52, "crown_diameter_m": 8.86, "site_id": 37 }, "geometry": { "type": "Point", "coordinates": [ -73.927294823989911, 40.876870570471198 ] } },
{ "type": "Feature", "properties": { "Height": 11.305500030517599, "Radius": 7.0749013846414197, "height_m": 3.45, "crown_diameter_m": 4.31, "site_id": 38 }, "geometry": { "type": "Point", "coordinates": [ -73.927330526869625, 40.876783348307981 ] } },
{ "type": "Feature", "properties": { "Height": 19.846250534057599, "Radius": 7.3453063726540719, "height_m": 6.05, "crown_diameter_m": 4.48, "site_id": 39 }, "geometry": { "type": "Point", "coordinates": [ -73.927502797847424, 40.876709018740279 ] } },
{ "type": "Feature", "properties": { "Height": 8.9560003280639595, "Radius": 3.7530271067010341, "height_m": 2.73, "crown_diameter_m": 2.29, "site_id": 40 }, "geometry": { "type": "Point", "coordinates": [ -73.927367308562566, 40.876707610731195 ] } },
{ "type": "Feature", "properties": { "Height": 31.683500289916999, "Radius": 24.472434510174956, "height_m": 9.66, "crown_diameter_m": 14.92, "site_id": 41 }, "geometry": { "type": "Point", "coordinates": [ -73.927615122014828, 40.876596208609179 ] } },
{ "type": "Feature", "properties": { "Height": 32.753749847412102, "Radius": 14.411703602798783, "height_m": 9.98, "crown_diameter_m": 8.79, "site_id": 42 }, "geometry": { "type": "Point", "coordinates": [ -73.927522863779132, 40.876644982354328 ] } },
{ "type": "Feature", "properties": { "Height": 8.1387500762939506, "Radius": 3.2410224072142872, "height_m": 2.48, "crown_diameter_m": 1.98, "site_id": 43 }, "geometry": { "type": "Point", "coordinates": [ -73.927241785014999, 40.876661485223615 ] } },
{ "type": "Feature", "properties": { "Height": 20.360000610351602, "Radius": 10.845068139247013, "height_m": 6.21, "crown_diameter_m": 6.61, "site_id": 44 }, "geometry": { "type": "Point", "coordinates": [ -73.928070317938165, 40.876521315100554 ] } },
{ "type": "Feature", "properties": { "Height": 24.234500885009801, "Radius": 14.099096564027688, "height_m": 7.39, "crown_diameter_m": 8.59, "site_id": 45 }, "geometry": { "type": "Point", "coordinates": [ -73.928020652859971, 40.87657114143893 ] } },
{ "type": "Feature", "properties": { "Height": 41.670501708984403, "Radius": 18.003306407619821, "height_m": 12.7, "crown_diameter_m": 10.97, "site_id": 46 }, "geometry": { "type": "Point", "coordinates": [ -73.927857127118614, 40.876522254508004 ] } },
{ "type": "Feature", "properties": { "Height": 8.2902498245239293, "Radius": 2.6160394784772456, "height_m": 2.53, "crown_diameter_m": 1.59, "site_id": 47 }, "geometry": { "type": "Point", "coordinates": [ -73.927345730220011, 40.87654114109273 ] } },
{ "type": "Feature", "properties": { "Height": 59.725498199462898, "Radius": 17.444318593504988, "height_m": 18.2, "crown_diameter_m": 10.63, "site_id": 48 }, "geometry": { "type": "Point", "coordinates": [ -73.924720731915698, 40.876525650582877 ] } },
{ "type": "Feature", "properties": { "Height": 97.854751586914105, "Radius": 12.27031279816994, "height_m": 29.83, "crown_diameter_m": 7.48, "site_id": 49 }, "geometry": { "type": "Point", "coordinates": [ -73.925473610000267, 40.876518671484014 ] } },
{ "type": "Feature", "properties": { "Height": 93.527999877929702, "Radius": 22.539356209735228, "height_m": 28.51, "crown_diameter_m": 13.74, "site_id": 50 }, "geometry": { "type": "Point", "coordinates": [ -73.925112897472758, 40.876530475701252 ] } },
{ "type": "Feature", "properties": { "Height": 56.747001647949197, "Radius": 18.771495518616952, "height_m": 17.3, "crown_diameter_m": 11.44, "site_id": 51 }, "geometry": { "type": "Point", "coordinates": [ -73.924463280039973, 40.876554024220034 ] } },
{ "type": "Feature", "properties": { "Height": 64.361747741699205, "Radius": 14.261837794318172, "height_m": 19.62, "crown_diameter_m": 8.69, "site_id": 52 }, "geometry": { "type": "Point", "coordinates": [ -73.924608952765226, 40.876549062335997 ] } },
{ "type": "Feature", "properties": { "Height": 69.604248046875, "Radius": 24.141777101168852, "height_m": 21.22, "crown_diameter_m": 14.72, "site_id": 53 }, "geometry": { "type": "Point", "coordinates": [ -73.924788582834609, 40.876586909979579 ] } },
{ "type": "Feature", "properties": { "Height": 101.65000152587901, "Radius": 25.669076033243712, "height_m": 30.98, "crown_diameter_m": 15.65, "site_id": 54 }, "geometry": { "type": "Point", "coordinates": [ -73.925334205652604, 40.876550465846272 ] } },
{ "type": "Feature", "properties": { "Height": 62.508998870849602, "Radius": 18.360015508398526, "height_m": 19.05, "crown_diameter_m": 11.19, "site_id": 55 }, "geometry": { "type": "Point", "coordinates": [ -73.924633814579721, 40.876603067318001 ] } },
{ "type": "Feature", "properties": { "Height": 100.980751037598, "Radius": 43.17893677303794, "height_m": 30.78, "crown_diameter_m": 26.32, "site_id": 56 }, "geometry": { "type": "Point", "coordinates": [ -73.925591426638974, 40.876609331171352 ] } },
{ "type": "Feature", "properties": { "Height": 69.959747314453097, "Radius": 19.493137937025431, "height_m": 21.32, "crown_diameter_m": 11.88, "site_id": 57 }, "geometry": { "type": "Point", "coordinates": [ -73.924242834257882, 40.876635325236435 ] } },
{ "type": "Feature", "properties": { "Height": 98.114501953125, "Radius": 27.908856864653835, "height_m": 29.91, "crown_diameter_m": 17.01, "site_id": 58 }, "geometry": { "type": "Point", "coordinates": [ -73.925239412783853, 40.876624689313999 ] } },
{ "type": "Feature", "properties": { "Height": 62.363998413085902, "Radius": 23.11112262561905, "height_m": 19.01, "crown_diameter_m": 14.09, "site_id": 59 }, "geometry": { "type": "Point", "coordinates": [ -73.924553757561142, 40.876693213263941 ] } },
{ "type": "Feature", "properties": { "Height": 96.413253784179702, "Radius": 10.910907269000948, "height_m": 29.39, "crown_diameter_m": 6.65, "site_id": 60 }, "geometry": { "type": "Point", "coordinates": [ -73.925716651339059, 40.876656365974469 ] } },
{ "type": "Feature", "properties": { "Height": 62.115249633789098, "Radius": 13.968677826861914, "height_m": 18.93, "crown_diameter_m": 8.52, "site_id": 61 }, "geometry": { "type": "Point", "coordinates": [ -73.92465234608045, 40.876674809570616 ] } },
{ "type": "Feature", "properties": { "Height": 86.505500793457003, "Radius": 37.471915956196405, "height_m": 26.37, "crown_diameter_m": 22.84, "site_id": 62 }, "geometry": { "type": "Point", "coordinates": [ -73.924980921683272, 40.876628712442873 ] } },
{ "type": "Feature", "properties": { "Height": 66.657249450683594, "Radius": 31.683904487170292, "height_m": 20.32, "crown_diameter_m": 19.31, "site_id": 63 }, "geometry": { "type": "Point", "coordinates": [ -73.92437732918961, 40.876649226927832 ] } },
{ "type": "Feature", "properties": { "Height": 78.257247924804702, "Radius": 18.054066673528201, "height_m": 23.85, "crown_diameter_m": 11.01, "site_id": 64 }, "geometry": { "type": "Point", "coordinates": [ -73.924839547898955, 40.876674855099601 ] } },
{ "type": "Feature", "properties": { "Height": 97.346748352050795, "Radius": 32.50094394476735, "height_m": 29.67, "crown_diameter_m": 19.81, "site_id": 65 }, "geometry": { "type": "Point", "coordinates": [ -73.92527556057226, 40.876705459460005 ] } },
{ "type": "Feature", "properties": { "Height": 86.693000793457003, "Radius": 13.006986757381002, "height_m": 26.42, "crown_diameter_m": 7.93, "site_id": 66 }, "geometry": { "type": "Point", "coordinates": [ -73.925505060113622, 40.876714783800374 ] } },
{ "type": "Feature", "properties": { "Height": 40.545501708984403, "Radius": 18.152969720455364, "height_m": 12.36, "crown_diameter_m": 11.07, "site_id": 67 }, "geometry": { "type": "Point", "coordinates": [ -73.924191119483851, 40.876738452053097 ] } },
{ "type": "Feature", "properties": { "Height": 80.323753356933594, "Radius": 18.635345068619351, "height_m": 24.48, "crown_diameter_m": 11.36, "site_id": 68 }, "geometry": { "type": "Point", "coordinates": [ -73.924914466105051, 40.876751991920067 ] } },
{ "type": "Feature", "properties": { "Height": 70.777496337890597, "Radius": 26.492891481211682, "height_m": 21.57, "crown_diameter_m": 16.15, "site_id": 69 }, "geometry": { "type": "Point", "coordinates": [ -73.924724775814028, 40.876749202904513 ] } },
{ "type": "Feature", "properties": { "Height": 78.829498291015597, "Radius": 12.347891944863939, "height_m": 24.03, "crown_diameter_m": 7.53, "site_id": 70 }, "geometry": { "type": "Point", "coordinates": [ -73.925021818515916, 40.876777555423345 ] } },
{ "type": "Feature", "properties": { "Height": 76.430999755859403, "Radius": 14.990889888387418, "height_m": 23.3, "crown_diameter_m": 9.14, "site_id": 71 }, "geometry": { "type": "Point", "coordinates": [ -73.925594697957834, 40.876763643558725 ] } },
{ "type": "Feature", "properties": { "Height": 64.292747497558594, "Radius": 18.643883600599406, "height_m": 19.6, "crown_diameter_m": 11.37, "site_id": 72 }, "geometry": { "type": "Point", "coordinates": [ -73.924673646935361, 40.876818503496118 ] } },
{ "type": "Feature", "properties": { "Height": 74.236999511718807, "Radius": 24.950642474773044, "height_m": 22.63, "crown_diameter_m": 15.21, "site_id": 73 }, "geometry": { "type": "Point", "coordinates": [ -73.924439834665847, 40.876768512255651 ] } },
{ "type": "Feature", "properties": { "Height": 79.571746826171903, "Radius": 27.998529822101922, "height_m": 24.25, "crown_diameter_m": 17.07, "site_id": 74 }, "geometry": { "type": "Point", "coordinates": [ -73.925082009597162, 40.87681672070422 ] } },
{ "type": "Feature", "properties": { "Height": 41.478248596191399, "Radius": 19.831083288112968, "height_m": 12.64, "crown_diameter_m": 12.09, "site_id": 75 }, "geometry": { "type": "Point", "coordinates": [ -73.92426172076587, 40.876815810682473 ] } },
{ "type": "Feature", "properties": { "Height": 56.308498382568402, "Radius": 13.773623058786647, "height_m": 17.16, "crown_diameter_m": 8.4, "site_id": 76 }, "geometry": { "type": "Point", "coordinates": [ -73.924552588227144, 40.876827713848293 ] } },
{ "type": "Feature", "properties": { "Height": 56.4262504577637, "Radius": 14.406180819073164, "height_m": 17.2, "crown_diameter_m": 8.78, "site_id": 77 }, "geometry": { "type": "Point", "coordinates": [ -73.924467930109117, 40.876857282716429 ] } },
{ "type": "Feature", "properties": { "Height": 91.694999694824205, "Radius": 40.11899723931716, "height_m": 27.95, "crown_diameter_m": 24.46, "site_id": 78 }, "geometry": { "type": "Point", "coordinates": [ -73.925377740514477, 40.876831437170445 ] } },
{ "type": "Feature", "properties": { "Height": 78.212501525878906, "Radius": 29.96053869739811, "height_m": 23.84, "crown_diameter_m": 18.26, "site_id": 79 }, "geometry": { "type": "Point", "coordinates": [ -73.924837107713856, 40.876853121263338 ] } },
{ "type": "Feature", "properties": { "Height": 87.981750488281307, "Radius": 21.898261198914419, "height_m": 26.82, "crown_diameter_m": 13.35, "site_id": 80 }, "geometry": { "type": "Point", "coordinates": [ -73.925576201631074, 40.876856684429825 ] } },
{ "type": "Feature", "properties": { "Height": 66.799499511718807, "Radius": 23.662355964639019, "height_m": 20.36, "crown_diameter_m": 14.42, "site_id": 81 }, "geometry": { "type": "Point", "coordinates": [ -73.923923234842064, 40.876867422820979 ] } },
{ "type": "Feature", "properties": { "Height": 90.379997253417997, "Radius": 21.424351935986913, "height_m": 27.55, "crown_diameter_m": 13.06, "site_id": 82 }, "geometry": { "type": "Point", "coordinates": [ -73.925695628885492, 40.876809357911107 ] } },
{ "type": "Feature", "properties": { "Height": 66.976249694824205, "Radius": 23.618595968793173, "height_m": 20.41, "crown_diameter_m": 14.4, "site_id": 83 }, "geometry": { "type": "Point", "coordinates": [ -73.924139168238156, 40.876866731112024 ] } },
{ "type": "Feature", "properties": { "Height": 74.695999145507798, "Radius": 13.159049284959083, "height_m": 22.77, "crown_diameter_m": 8.02, "site_id": 84 }, "geometry": { "type": "Point", "coordinates": [ -73.925119813203636, 40.876879814497109 ] } },
{ "type": "Feature", "properties": { "Height": 62.0617485046387, "Radius": 15.907745268142609, "height_m": 18.92, "crown_diameter_m": 9.7, "site_id": 85 }, "geometry": { "type": "Point", "coordinates": [ -73.9240416567811, 40.87688385998495 ] } },
{ "type": "Feature", "properties": { "Height": 70.787002563476605, "Radius": 33.402929939538723, "height_m": 21.58, "crown_diameter_m": 20.36, "site_id": 86 }, "geometry": { "type": "Point", "coordinates": [ -73.924826020016582, 40.876995769301985 ] } },
{ "type": "Feature", "properties": { "Height": 63.594001770019503, "Radius": 18.818069730433756, "height_m": 19.38, "crown_diameter_m": 11.47, "site_id": 87 }, "geometry": { "type": "Point", "coordinates": [ -73.92440898786154, 40.876895981304592 ] } },
{ "type": "Feature", "properties": { "Height": 60.923999786377003, "Radius": 14.841510746523857, "height_m": 18.57, "crown_diameter_m": 9.05, "site_id": 88 }, "geometry": { "type": "Point", "coordinates": [ -73.923780552691809, 40.876919555161926 ] } },
{ "type": "Feature", "properties": { "Height": 92.425247192382798, "Radius": 29.425880919548639, "height_m": 28.17, "crown_diameter_m": 17.94, "site_id": 89 }, "geometry": { "type": "Point", "coordinates": [ -73.92566268938441, 40.876987727812377 ] } },
{ "type": "Feature", "properties": { "Height": 68.125251770019503, "Radius": 21.734117674677879, "height_m": 20.76, "crown_diameter_m": 13.25, "site_id": 90 }, "geometry": { "type": "Point", "coordinates": [ -73.924585586196784, 40.876902632580567 ] } },
{ "type": "Feature", "properties": { "Height": 64.069747924804702, "Radius": 24.201036973199617, "height_m": 19.53, "crown_diameter_m": 14.75, "site_id": 91 }, "geometry": { "type": "Point", "coordinates": [ -73.924684284012187, 40.87695976994415 ] } },
{ "type": "Feature", "properties": { "Height": 86.542503356933594, "Radius": 14.250673927406329, "height_m": 26.38, "crown_diameter_m": 8.69, "site_id": 92 }, "geometry": { "type": "Point", "coordinates": [ -73.925441585911457, 40.876940379815309 ] } },
{ "type": "Feature", "properties": { "Height": 66.417251586914105, "Radius": 25.675275544512282, "height_m": 20.24, "crown_diameter_m": 15.65, "site_id": 93 }, "geometry": { "type": "Point", "coordinates": [ -73.924264207116181, 40.876936862175135 ] } },
{ "type": "Feature", "properties": { "Height": 85.283752441406307, "Radius": 15.512648837479231, "height_m": 25.99, "crown_diameter_m": 9.46, "site_id": 94 }, "geometry": { "type": "Point", "coordinates": [ -73.92556293321627, 40.87696169614982 ] } },
{ "type": "Feature", "properties": { "Height": 64.549003601074205, "Radius": 24.050959246306448, "height_m": 19.67, "crown_diameter_m": 14.66, "site_id": 95 }, "geometry": { "type": "Point", "coordinates": [ -73.923934109401202, 40.876953196039949 ] } },
{ "type": "Feature", "properties": { "Height": 66.997001647949205, "Radius": 16.155931006002358, "height_m": 20.42, "crown_diameter_m": 9.85, "site_id": 96 }, "geometry": { "type": "Point", "coordinates": [ -73.924404196191759, 40.876972100893319 ] } },
{ "type": "Feature", "properties": { "Height": 87.617996215820298, "Radius": 30.153808878547963, "height_m": 26.71, "crown_diameter_m": 18.38, "site_id": 97 }, "geometry": { "type": "Point", "coordinates": [ -73.925152350650322, 40.876951297406883 ] } },
{ "type": "Feature", "properties": { "Height": 33.573249816894503, "Radius": 16.946831409125576, "height_m": 10.23, "crown_diameter_m": 10.33, "site_id": 98 }, "geometry": { "type": "Point", "coordinates": [ -73.924123902389809, 40.876975632362161 ] } },
{ "type": "Feature", "properties": { "Height": 88.622001647949205, "Radius": 26.831648944412432, "height_m": 27.01, "crown_diameter_m": 16.36, "site_id": 99 }, "geometry": { "type": "Point", "coordinates": [ -73.925329132561956, 40.877000675804325 ] } },
{ "type": "Feature", "properties": { "Height": 79.967498779296903, "Radius": 19.310619660288243, "height_m": 24.37, "crown_diameter_m": 11.77, "site_id": 100 }, "geometry": { "type": "Point", "coordinates": [ -73.925523431312854, 40.877026883081442 ] } },
{ "type": "Feature", "properties": { "Height": 83.055000305175795, "Radius": 18.990658257317854, "height_m": 25.32, "crown_diameter_m": 11.58, "site_id": 101 }, "geometry": { "type": "Point", "coordinates": [ -73.925175370596875, 40.877052769380505 ] } },
{ "type": "Feature", "properties": { "Height": 76.519500732421903, "Radius": 23.480049464818542, "height_m": 23.32, "crown_diameter_m": 14.31, "site_id": 102 }, "geometry": { "type": "Point", "coordinates": [ -73.925005517321921, 40.877024181207652 ] } },
{ "type": "Feature", "properties": { "Height": 74.066001892089801, "Radius": 27.325362129633838, "height_m": 22.58, "crown_diameter_m": 16.66, "site_id": 103 }, "geometry": { "type": "Point", "coordinates": [ -73.923833909290494, 40.877041929746092 ] } },
{ "type": "Feature", "properties": { "Height": 41.584499359130902, "Radius": 19.542064526272625, "height_m": 12.67, "crown_diameter_m": 11.91, "site_id": 104 }, "geometry": { "type": "Point", "coordinates": [ -73.924113066398832, 40.877052304465252 ] } },
{ "type": "Feature", "properties": { "Height": 76.553749084472699, "Radius": 41.473691027754683, "height_m": 23.33, "crown_diameter_m": 25.28, "site_id": 105 }, "geometry": { "type": "Point", "coordinates": [ -73.92531994709239, 40.877148041871038 ] } },
{ "type": "Feature", "properties": { "Height": 76.487503051757798, "Radius": 19.883180797856969, "height_m": 23.31, "crown_diameter_m": 12.12, "site_id": 106 }, "geometry": { "type": "Point", "coordinates": [ -73.924939927321489, 40.877080311888299 ] } },
{ "type": "Feature", "properties": { "Height": 75.928749084472699, "Radius": 32.202081170558593, "height_m": 23.14, "crown_diameter_m": 19.63, "site_id": 107 }, "geometry": { "type": "Point", "coordinates": [ -73.9236358724539, 40.877040914597224 ] } },
{ "type": "Feature", "properties": { "Height": 62.769748687744098, "Radius": 17.297725082008998, "height_m": 19.13, "crown_diameter_m": 10.54, "site_id": 108 }, "geometry": { "type": "Point", "coordinates": [ -73.923536440903263, 40.877099450698388 ] } },
{ "type": "Feature", "properties": { "Height": 70.309501647949205, "Radius": 12.988619621707652, "height_m": 21.43, "crown_diameter_m": 7.92, "site_id": 109 }, "geometry": { "type": "Point", "coordinates": [ -73.925082872546525, 40.877113227545941 ] } },
{ "type": "Feature", "properties": { "Height": 65.814247131347699, "Radius": 33.235747058390302, "height_m": 20.06, "crown_diameter_m": 20.26, "site_id": 110 }, "geometry": { "type": "Point", "coordinates": [ -73.924460279904565, 40.877065546104362 ] } },
{ "type": "Feature", "properties": { "Height": 72.675750732421903, "Radius": 24.482187722588801, "height_m": 22.15, "crown_diameter_m": 14.92, "site_id": 111 }, "geometry": { "type": "Point", "coordinates": [ -73.924256888975677, 40.877098839798357 ] } },
{ "type": "Feature", "properties": { "Height": 58.327999114990199, "Radius": 24.724767671627777, "height_m": 17.78, "crown_diameter_m": 15.07, "site_id": 112 }, "geometry": { "type": "Point", "coordinates": [ -73.924581295025419, 40.877116073272148 ] } },
{ "type": "Feature", "properties": { "Height": 70.305747985839801, "Radius": 18.290535541070522, "height_m": 21.43, "crown_diameter_m": 11.15, "site_id": 113 }, "geometry": { "type": "Point", "coordinates": [ -73.923726460904902, 40.877157967663251 ] } },
{ "type": "Feature", "properties": { "Height": 72.6092529296875, "Radius": 18.847647942942654, "height_m": 22.13, "crown_diameter_m": 11.49, "site_id": 114 }, "geometry": { "type": "Point", "coordinates": [ -73.925094322915314, 40.877166293512133 ] } },
{ "type": "Feature", "properties": { "Height": 59.502250671386697, "Radius": 23.719458759209704, "height_m": 18.14, "crown_diameter_m": 14.46, "site_id": 115 }, "geometry": { "type": "Point", "coordinates": [ -73.924690745489357, 40.877126892066563 ] } },
{ "type": "Feature", "properties": { "Height": 64.204246520996094, "Radius": 10.808317548511017, "height_m": 19.57, "crown_diameter_m": 6.59, "site_id": 116 }, "geometry": { "type": "Point", "coordinates": [ -73.923657235591932, 40.877166783589992 ] } },
{ "type": "Feature", "properties": { "Height": 67.529502868652301, "Radius": 19.355896673580421, "height_m": 20.58, "crown_diameter_m": 11.8, "site_id": 117 }, "geometry": { "type": "Point", "coordinates": [ -73.923801047752718, 40.877199571738359 ] } },
{ "type": "Feature", "properties": { "Height": 63.724250793457003, "Radius": 18.58403149237035, "height_m": 19.42, "crown_diameter_m": 11.33, "site_id": 118 }, "geometry": { "type": "Point", "coordinates": [ -73.924899206097436, 40.877197174997733 ] } },
{ "type": "Feature", "properties": { "Height": 66.2655029296875, "Radius": 19.979003910967972, "height_m": 20.2, "crown_diameter_m": 12.18, "site_id": 119 }, "geometry": { "type": "Point", "coordinates": [ -73.924928851272711, 40.877138202438751 ] } },
{ "type": "Feature", "properties": { "Height": 82.838752746582003, "Radius": 47.853953845818594, "height_m": 25.25, "crown_diameter_m": 29.17, "site_id": 120 }, "geometry": { "type": "Point", "coordinates": [ -73.923992498039354, 40.87718631583973 ] } },
{ "type": "Feature", "properties": { "Height": 66.540496826171903, "Radius": 18.24043334281308, "height_m": 20.28, "crown_diameter_m": 11.12, "site_id": 121 }, "geometry": { "type": "Point", "coordinates": [ -73.923562087325848, 40.877188632175745 ] } },
{ "type": "Feature", "properties": { "Height": 59.845500946044901, "Radius": 16.410062879571392, "height_m": 18.24, "crown_diameter_m": 10.0, "site_id": 122 }, "geometry": { "type": "Point", "coordinates": [ -73.924793691736809, 40.877181221684275 ] } },
{ "type": "Feature", "properties": { "Height": 75.706497192382798, "Radius": 25.476142917026298, "height_m": 23.08, "crown_diameter_m": 15.53, "site_id": 123 }, "geometry": { "type": "Point", "coordinates": [ -73.924373523975703, 40.877217119701584 ] } },
{ "type": "Feature", "properties": { "Height": 90.179252624511705, "Radius": 26.576862821669369, "height_m": 27.49, "crown_diameter_m": 16.2, "site_id": 124 }, "geometry": { "type": "Point", "coordinates": [ -73.924211437832369, 40.877197862701657 ] } },
{ "type": "Feature", "properties": { "Height": 55.670749664306598, "Radius": 20.177173846430236, "height_m": 16.97, "crown_diameter_m": 12.3, "site_id": 125 }, "geometry": { "type": "Point", "coordinates": [ -73.925070617748531, 40.877240257686239 ] } },
{ "type": "Feature", "properties": { "Height": 50.396751403808601, "Radius": 22.528761917159457, "height_m": 15.36, "crown_diameter_m": 13.73, "site_id": 126 }, "geometry": { "type": "Point", "coordinates": [ -73.923573079430014, 40.877257450219879 ] } },
{ "type": "Feature", "properties": { "Height": 45.516750335693402, "Radius": 12.618816131612398, "height_m": 13.87, "crown_diameter_m": 7.69, "site_id": 127 }, "geometry": { "type": "Point", "coordinates": [ -73.923733595706196, 40.877256247098941 ] } },
{ "type": "Feature", "properties": { "Height": 47.301750183105497, "Radius": 17.996674948223269, "height_m": 14.42, "crown_diameter_m": 10.97, "site_id": 128 }, "geometry": { "type": "Point", "coordinates": [ -73.923401967384578, 40.877253745631677 ] } },
{ "type": "Feature", "properties": { "Height": 65.973251342773395, "Radius": 37.400705806637774, "height_m": 20.11, "crown_diameter_m": 22.8, "site_id": 129 }, "geometry": { "type": "Point", "coordinates": [ -73.924789099018554, 40.877289493325485 ] } },
{ "type": "Feature", "properties": { "Height": 53.706001281738303, "Radius": 13.894421397469888, "height_m": 16.37, "crown_diameter_m": 8.47, "site_id": 130 }, "geometry": { "type": "Point", "coordinates": [ -73.924155578003422, 40.877296288925947 ] } },
{ "type": "Feature", "properties": { "Height": 56.807998657226598, "Radius": 26.685928742779137, "height_m": 17.32, "crown_diameter_m": 16.27, "site_id": 131 }, "geometry": { "type": "Point", "coordinates": [ -73.924303214405327, 40.877349886528258 ] } },
{ "type": "Feature", "properties": { "Height": 42.667251586914098, "Radius": 19.975020458847634, "height_m": 13.0, "crown_diameter_m": 12.18, "site_id": 132 }, "geometry": { "type": "Point", "coordinates": [ -73.924973869594709, 40.877329245854021 ] } },
{ "type": "Feature", "properties": { "Height": 66.573501586914105, "Radius": 38.338955083898668, "height_m": 20.29, "crown_diameter_m": 23.37, "site_id": 133 }, "geometry": { "type": "Point", "coordinates": [ -73.92454152266879, 40.877316191459762 ] } },
{ "type": "Feature", "properties": { "Height": 44.345748901367202, "Radius": 13.831277655967225, "height_m": 13.52, "crown_diameter_m": 8.43, "site_id": 134 }, "geometry": { "type": "Point", "coordinates": [ -73.924689842036926, 40.87737567910311 ] } },
{ "type": "Feature", "properties": { "Height": 42.297500610351598, "Radius": 18.577607329652952, "height_m": 12.89, "crown_diameter_m": 11.32, "site_id": 135 }, "geometry": { "type": "Point", "coordinates": [ -73.924748630715911, 40.877414197088051 ] } },
{ "type": "Feature", "properties": { "Height": 89.377502441406307, "Radius": 16.888032982579009, "height_m": 27.24, "crown_diameter_m": 10.29, "site_id": 136 }, "geometry": { "type": "Point", "coordinates": [ -73.923411503515069, 40.876532734151297 ] } },
{ "type": "Feature", "properties": { "Height": 84.587501525878906, "Radius": 15.339836484179591, "height_m": 25.78, "crown_diameter_m": 9.35, "site_id": 137 }, "geometry": { "type": "Point", "coordinates": [ -73.923510758213595, 40.876533443827128 ] } },
{ "type": "Feature", "properties": { "Height": 77.957252502441406, "Radius": 18.686517737224836, "height_m": 23.76, "crown_diameter_m": 11.39, "site_id": 138 }, "geometry": { "type": "Point", "coordinates": [ -73.923709923122516, 40.876527071435405 ] } },
{ "type": "Feature", "properties": { "Height": 83.931251525878906, "Radius": 14.701442538703267, "height_m": 25.58, "crown_diameter_m": 8.96, "site_id": 139 }, "geometry": { "type": "Point", "coordinates": [ -73.92259207400663, 40.876514118244998 ] } },
{ "type": "Feature", "properties": { "Height": 51.878250122070298, "Radius": 14.002817212590296, "height_m": 15.81, "crown_diameter_m": 8.54, "site_id": 140 }, "geometry": { "type": "Point", "coordinates": [ -73.923838055226042, 40.876524451001778 ] } },
{ "type": "Feature", "properties": { "Height": 75.714248657226605, "Radius": 12.27031279816994, "height_m": 23.08, "crown_diameter_m": 7.48, "site_id": 141 }, "geometry": { "type": "Point", "coordinates": [ -73.923193897063214, 40.876527418932149 ] } },
{ "type": "Feature", "properties": { "Height": 83.972251892089801, "Radius": 34.568987404977548, "height_m": 25.59, "crown_diameter_m": 21.07, "site_id": 142 }, "geometry": { "type": "Point", "coordinates": [ -73.922456008704572, 40.876636762482633 ] } },
{ "type": "Feature", "properties": { "Height": 88.948249816894503, "Radius": 17.316117139391579, "height_m": 27.11, "crown_diameter_m": 10.56, "site_id": 143 }, "geometry": { "type": "Point", "coordinates": [ -73.923290473610464, 40.876540927448694 ] } },
{ "type": "Feature", "properties": { "Height": 100.55825042724599, "Radius": 25.335190654297708, "height_m": 30.65, "crown_diameter_m": 15.44, "site_id": 144 }, "geometry": { "type": "Point", "coordinates": [ -73.923087056968654, 40.87656040738505 ] } },
{ "type": "Feature", "properties": { "Height": 83.018249511718807, "Radius": 24.276547412457326, "height_m": 25.3, "crown_diameter_m": 14.8, "site_id": 145 }, "geometry": { "type": "Point", "coordinates": [ -73.923588217010135, 40.876586906670838 ] } },
{ "type": "Feature", "properties": { "Height": 85.194747924804702, "Radius": 19.62333775917952, "height_m": 25.97, "crown_diameter_m": 11.96, "site_id": 146 }, "geometry": { "type": "Point", "coordinates": [ -73.92339852188708, 40.876605242715598 ] } },
{ "type": "Feature", "properties": { "Height": 89.348747253417997, "Radius": 21.126997844019876, "height_m": 27.23, "crown_diameter_m": 12.88, "site_id": 147 }, "geometry": { "type": "Point", "coordinates": [ -73.922788025195331, 40.876582243542636 ] } },
{ "type": "Feature", "properties": { "Height": 83.017501831054702, "Radius": 15.001502909106808, "height_m": 25.3, "crown_diameter_m": 9.14, "site_id": 148 }, "geometry": { "type": "Point", "coordinates": [ -73.922540678545744, 40.876608860999013 ] } },
{ "type": "Feature", "properties": { "Height": 83.728248596191406, "Radius": 11.65840132267193, "height_m": 25.52, "crown_diameter_m": 7.11, "site_id": 149 }, "geometry": { "type": "Point", "coordinates": [ -73.922611143091231, 40.876601134361636 ] } },
{ "type": "Feature", "properties": { "Height": 94.450996398925795, "Radius": 33.804326518950333, "height_m": 28.79, "crown_diameter_m": 20.61, "site_id": 150 }, "geometry": { "type": "Point", "coordinates": [ -73.922936172626777, 40.876584644211682 ] } },
{ "type": "Feature", "properties": { "Height": 93.572502136230497, "Radius": 27.487962680576619, "height_m": 28.52, "crown_diameter_m": 16.76, "site_id": 151 }, "geometry": { "type": "Point", "coordinates": [ -73.92269618931843, 40.876618788692355 ] } },
{ "type": "Feature", "properties": { "Height": 81.451751708984403, "Radius": 17.630360287256515, "height_m": 24.83, "crown_diameter_m": 10.75, "site_id": 152 }, "geometry": { "type": "Point", "coordinates": [ -73.923233083905373, 40.876614559092488 ] } },
{ "type": "Feature", "properties": { "Height": 85.135498046875, "Radius": 25.229748213092329, "height_m": 25.95, "crown_diameter_m": 15.38, "site_id": 153 }, "geometry": { "type": "Point", "coordinates": [ -73.923365624114155, 40.87668347866348 ] } },
{ "type": "Feature", "properties": { "Height": 82.710502624511705, "Radius": 15.94771454036122, "height_m": 25.21, "crown_diameter_m": 9.72, "site_id": 154 }, "geometry": { "type": "Point", "coordinates": [ -73.922567697606851, 40.87669060559881 ] } },
{ "type": "Feature", "properties": { "Height": 62.2299995422363, "Radius": 11.371604603668075, "height_m": 18.97, "crown_diameter_m": 6.93, "site_id": 155 }, "geometry": { "type": "Point", "coordinates": [ -73.923522185131233, 40.876703704819136 ] } },
{ "type": "Feature", "properties": { "Height": 95.274246215820298, "Radius": 32.21319960760119, "height_m": 29.04, "crown_diameter_m": 19.64, "site_id": 156 }, "geometry": { "type": "Point", "coordinates": [ -73.922919795606802, 40.876765195476672 ] } },
{ "type": "Feature", "properties": { "Height": 82.475128173828097, "Radius": 11.283791670955125, "height_m": 25.14, "crown_diameter_m": 6.88, "site_id": 157 }, "geometry": { "type": "Point", "coordinates": [ -73.92342563100739, 40.876729196636013 ] } },
{ "type": "Feature", "properties": { "Height": 93.718002319335895, "Radius": 15.191269449366246, "height_m": 28.57, "crown_diameter_m": 9.26, "site_id": 158 }, "geometry": { "type": "Point", "coordinates": [ -73.92284002934251, 40.876676230714516 ] } },
{ "type": "Feature", "properties": { "Height": 87.497749328613295, "Radius": 33.745423657475563, "height_m": 26.67, "crown_diameter_m": 20.57, "site_id": 159 }, "geometry": { "type": "Point", "coordinates": [ -73.923165365207367, 40.87672139111703 ] } },
{ "type": "Feature", "properties": { "Height": 97.028747558593807, "Radius": 32.365998137410429, "height_m": 29.57, "crown_diameter_m": 19.73, "site_id": 160 }, "geometry": { "type": "Point", "coordinates": [ -73.922670353041369, 40.876765438325776 ] } },
{ "type": "Feature", "properties": { "Height": 80.486251831054702, "Radius": 23.578130040781232, "height_m": 24.53, "crown_diameter_m": 14.37, "site_id": 161 }, "geometry": { "type": "Point", "coordinates": [ -73.923351800194581, 40.876810439154298 ] } },
{ "type": "Feature", "properties": { "Height": 84.013252258300795, "Radius": 10.645107772184812, "height_m": 25.61, "crown_diameter_m": 6.49, "site_id": 162 }, "geometry": { "type": "Point", "coordinates": [ -73.923026653436835, 40.876795126070547 ] } },
{ "type": "Feature", "properties": { "Height": 84.75, "Radius": 22.235440870712974, "height_m": 25.83, "crown_diameter_m": 13.55, "site_id": 163 }, "geometry": { "type": "Point", "coordinates": [ -73.923045190424006, 40.876869901426119 ] } },
{ "type": "Feature", "properties": { "Height": 89.123252868652301, "Radius": 21.132647025771721, "height_m": 27.16, "crown_diameter_m": 12.88, "site_id": 164 }, "geometry": { "type": "Point", "coordinates": [ -73.922787687211652, 40.876858986613449 ] } },
{ "type": "Feature", "properties": { "Height": 42.668251037597699, "Radius": 12.027960894122199, "height_m": 13.01, "crown_diameter_m": 7.33, "site_id": 165 }, "geometry": { "type": "Point", "coordinates": [ -73.923240108273575, 40.876884884780431 ] } },
{ "type": "Feature", "properties": { "Height": 86.813499450683594, "Radius": 25.136529674456348, "height_m": 26.46, "crown_diameter_m": 15.32, "site_id": 166 }, "geometry": { "type": "Point", "coordinates": [ -73.922650855117183, 40.876892955933393 ] } },
{ "type": "Feature", "properties": { "Height": 92.215751647949205, "Radius": 12.791062563308351, "height_m": 28.11, "crown_diameter_m": 7.8, "site_id": 167 }, "geometry": { "type": "Point", "coordinates": [ -73.9227518663225, 40.876925186309776 ] } },
{ "type": "Feature", "properties": { "Height": 64.697502136230497, "Radius": 19.982986569018291, "height_m": 19.72, "crown_diameter_m": 12.18, "site_id": 168 }, "geometry": { "type": "Point", "coordinates": [ -73.922836978215756, 40.876982739388602 ] } },
{ "type": "Feature", "properties": { "Height": 79.664749145507798, "Radius": 22.521696286778013, "height_m": 24.28, "crown_diameter_m": 13.73, "site_id": 169 }, "geometry": { "type": "Point", "coordinates": [ -73.922969823303987, 40.876954671685205 ] } },
{ "type": "Feature", "properties": { "Height": 49.200000762939503, "Radius": 12.334995970645954, "height_m": 15.0, "crown_diameter_m": 7.52, "site_id": 170 }, "geometry": { "type": "Point", "coordinates": [ -73.92287398793718, 40.87705141460853 ] } },
{ "type": "Feature", "properties": { "Height": 13.673500061035201, "Radius": 10.607664435019144, "height_m": 4.17, "crown_diameter_m": 6.47, "site_id": 171 }, "geometry": { "type": "Point", "coordinates": [ -73.924062740350664, 40.876726414577 ] } },
{ "type": "Feature", "properties": { "Height": 12.288999557495099, "Radius": 3.1158388162107515, "height_m": 3.75, "crown_diameter_m": 1.9, "site_id": 172 }, "geometry": { "type": "Point", "coordinates": [ -73.924154056202568, 40.876656409476652 ] } },
{ "type": "Feature", "properties": { "Height": 11.9962501525879, "Radius": 2.3936536824085959, "height_m": 3.66, "crown_diameter_m": 1.46, "site_id": 173 }, "geometry": { "type": "Point", "coordinates": [ -73.924523004660642, 40.876517670083324 ] } },
{ "type": "Feature", "properties": { "Height": 10.2075004577637, "Radius": 2.3936536824085959, "height_m": 3.11, "crown_diameter_m": 1.46, "site_id": 174 }, "geometry": { "type": "Point", "coordinates": [ -73.924546717552118, 40.876511433502841 ] } },
{ "type": "Feature", "properties": { "Height": 16.989250183105501, "Radius": 7.6008712883693805, "height_m": 5.18, "crown_diameter_m": 4.63, "site_id": 175 }, "geometry": { "type": "Point", "coordinates": [ -73.928079499144303, 40.876486238720936 ] } },
{ "type": "Feature", "properties": { "Height": 13.5050001144409, "Radius": 7.8835274641105384, "height_m": 4.12, "crown_diameter_m": 4.81, "site_id": 176 }, "geometry": { "type": "Point", "coordinates": [ -73.927875715240347, 40.876339374363155 ] } },
{ "type": "Feature", "properties": { "Height": 50.988498687744098, "Radius": 32.97252517264544, "height_m": 15.54, "crown_diameter_m": 20.1, "site_id": 177 }, "geometry": { "type": "Point", "coordinates": [ -73.927887300072797, 40.876436658593462 ] } },
{ "type": "Feature", "properties": { "Height": 48.590751647949197, "Radius": 15.35798247369064, "height_m": 14.81, "crown_diameter_m": 9.36, "site_id": 178 }, "geometry": { "type": "Point", "coordinates": [ -73.927711054167915, 40.869674183754221 ] } },
{ "type": "Feature", "properties": { "Height": 67.975997924804702, "Radius": 10.697308263440517, "height_m": 20.72, "crown_diameter_m": 6.52, "site_id": 179 }, "geometry": { "type": "Point", "coordinates": [ -73.930126938891632, 40.869657754877586 ] } },
{ "type": "Feature", "properties": { "Height": 71.662246704101605, "Radius": 11.968268412042981, "height_m": 21.84, "crown_diameter_m": 7.3, "site_id": 180 }, "geometry": { "type": "Point", "coordinates": [ -73.929977769275112, 40.869655922010459 ] } },
{ "type": "Feature", "properties": { "Height": 55.067501068115199, "Radius": 8.9784173814790424, "height_m": 16.78, "crown_diameter_m": 5.47, "site_id": 181 }, "geometry": { "type": "Point", "coordinates": [ -73.93068136337989, 40.869654021751401 ] } },
{ "type": "Feature", "properties": { "Height": 98.634246826171903, "Radius": 15.09668435477122, "height_m": 30.06, "crown_diameter_m": 9.2, "site_id": 182 }, "geometry": { "type": "Point", "coordinates": [ -73.926787864714981, 40.869652513177542 ] } },
{ "type": "Feature", "properties": { "Height": 42.228248596191399, "Radius": 15.887722925068463, "height_m": 12.87, "crown_diameter_m": 9.69, "site_id": 183 }, "geometry": { "type": "Point", "coordinates": [ -73.927618950136804, 40.869682810333096 ] } },
{ "type": "Feature", "properties": { "Height": 86.205253601074205, "Radius": 26.038434238092623, "height_m": 26.28, "crown_diameter_m": 15.87, "site_id": 184 }, "geometry": { "type": "Point", "coordinates": [ -73.929363912371883, 40.869675990780649 ] } },
{ "type": "Feature", "properties": { "Height": 70.653999328613295, "Radius": 19.523731423708156, "height_m": 21.54, "crown_diameter_m": 11.9, "site_id": 185 }, "geometry": { "type": "Point", "coordinates": [ -73.928763947695586, 40.869666725134977 ] } },
{ "type": "Feature", "properties": { "Height": 124.65249633789099, "Radius": 24.319123514828473, "height_m": 37.99, "crown_diameter_m": 14.82, "site_id": 186 }, "geometry": { "type": "Point", "coordinates": [ -73.926471534031293, 40.869670319122527 ] } },
{ "type": "Feature", "properties": { "Height": 34.272998809814503, "Radius": 15.7746237205259, "height_m": 10.45, "crown_diameter_m": 9.62, "site_id": 187 }, "geometry": { "type": "Point", "coordinates": [ -73.928419331441759, 40.869660500215232 ] } },
{ "type": "Feature", "properties": { "Height": 53.861251831054702, "Radius": 20.476662266482744, "height_m": 16.42, "crown_diameter_m": 12.48, "site_id": 188 }, "geometry": { "type": "Point", "coordinates": [ -73.927433852947729, 40.869673404639144 ] } },
{ "type": "Feature", "properties": { "Height": 40.871498107910199, "Radius": 12.047792665040703, "height_m": 12.46, "crown_diameter_m": 7.34, "site_id": 189 }, "geometry": { "type": "Point", "coordinates": [ -73.92753867874643, 40.869683858551205 ] } },
{ "type": "Feature", "properties": { "Height": 46.407501220703097, "Radius": 16.574119336381386, "height_m": 14.15, "crown_diameter_m": 10.1, "site_id": 190 }, "geometry": { "type": "Point", "coordinates": [ -73.927833305171276, 40.869662286473798 ] } },
{ "type": "Feature", "properties": { "Height": 102.557250976563, "Radius": 36.424107478619696, "height_m": 31.26, "crown_diameter_m": 22.2, "site_id": 191 }, "geometry": { "type": "Point", "coordinates": [ -73.926185346271765, 40.869705549935709 ] } },
{ "type": "Feature", "properties": { "Height": 112.619247436523, "Radius": 18.16830624941662, "height_m": 34.33, "crown_diameter_m": 11.08, "site_id": 192 }, "geometry": { "type": "Point", "coordinates": [ -73.92582202723591, 40.869667965580071 ] } },
{ "type": "Feature", "properties": { "Height": 119.52175140380901, "Radius": 14.852230510107461, "height_m": 36.43, "crown_diameter_m": 9.05, "site_id": 193 }, "geometry": { "type": "Point", "coordinates": [ -73.926528082009995, 40.869693850696116 ] } },
{ "type": "Feature", "properties": { "Height": 36.079250335693402, "Radius": 14.873646859386385, "height_m": 11.0, "crown_diameter_m": 9.07, "site_id": 194 }, "geometry": { "type": "Point", "coordinates": [ -73.928289989000703, 40.869680307205769 ] } },
{ "type": "Feature", "properties": { "Height": 64.012748718261705, "Radius": 19.203176902375333, "height_m": 19.51, "crown_diameter_m": 11.71, "site_id": 195 }, "geometry": { "type": "Point", "coordinates": [ -73.930511320463339, 40.869668356116037 ] } },
{ "type": "Feature", "properties": { "Height": 87.320251464843807, "Radius": 20.263754666327017, "height_m": 26.62, "crown_diameter_m": 12.35, "site_id": 196 }, "geometry": { "type": "Point", "coordinates": [ -73.929175632636202, 40.869725285197752 ] } },
{ "type": "Feature", "properties": { "Height": 74.986495971679702, "Radius": 16.925687506432688, "height_m": 22.86, "crown_diameter_m": 10.32, "site_id": 197 }, "geometry": { "type": "Point", "coordinates": [ -73.929580596198107, 40.869683859315408 ] } },
{ "type": "Feature", "properties": { "Height": 89.851249694824205, "Radius": 19.421565722870849, "height_m": 27.39, "crown_diameter_m": 11.84, "site_id": 198 }, "geometry": { "type": "Point", "coordinates": [ -73.92598376811992, 40.86968186492701 ] } },
{ "type": "Feature", "properties": { "Height": 65.100502014160199, "Radius": 28.757070162057335, "height_m": 19.84, "crown_diameter_m": 17.53, "site_id": 199 }, "geometry": { "type": "Point", "coordinates": [ -73.928089530643106, 40.869680147340482 ] } },
{ "type": "Feature", "properties": { "Height": 80.352996826171903, "Radius": 20.890257393291662, "height_m": 24.49, "crown_diameter_m": 12.73, "site_id": 200 }, "geometry": { "type": "Point", "coordinates": [ -73.929825996514936, 40.869682712106552 ] } },
{ "type": "Feature", "properties": { "Height": 84.003753662109403, "Radius": 23.486826791980846, "height_m": 25.6, "crown_diameter_m": 14.32, "site_id": 201 }, "geometry": { "type": "Point", "coordinates": [ -73.927085047192023, 40.869687552963661 ] } },
{ "type": "Feature", "properties": { "Height": 25.538749694824201, "Radius": 16.869174201729876, "height_m": 7.78, "crown_diameter_m": 10.28, "site_id": 202 }, "geometry": { "type": "Point", "coordinates": [ -73.928410640613606, 40.869712716873302 ] } },
{ "type": "Feature", "properties": { "Height": 40.543750762939503, "Radius": 15.797308339337176, "height_m": 12.36, "crown_diameter_m": 9.63, "site_id": 203 }, "geometry": { "type": "Point", "coordinates": [ -73.927875135457612, 40.869711461307894 ] } },
{ "type": "Feature", "properties": { "Height": 83.443496704101605, "Radius": 13.831277655967225, "height_m": 25.43, "crown_diameter_m": 8.43, "site_id": 204 }, "geometry": { "type": "Point", "coordinates": [ -73.929270013276934, 40.869738619893575 ] } },
{ "type": "Feature", "properties": { "Height": 86.643997192382798, "Radius": 47.972705542931458, "height_m": 26.41, "crown_diameter_m": 29.24, "site_id": 205 }, "geometry": { "type": "Point", "coordinates": [ -73.928954706353778, 40.869743313150543 ] } },
{ "type": "Feature", "properties": { "Height": 71.370498657226605, "Radius": 21.565035212457182, "height_m": 21.75, "crown_diameter_m": 13.15, "site_id": 206 }, "geometry": { "type": "Point", "coordinates": [ -73.93060492980922, 40.869719610640921 ] } },
{ "type": "Feature", "properties": { "Height": 106.81224822998, "Radius": 25.085825579106505, "height_m": 32.56, "crown_diameter_m": 15.29, "site_id": 207 }, "geometry": { "type": "Point", "coordinates": [ -73.926667556484489, 40.869723672657365 ] } },
{ "type": "Feature", "properties": { "Height": 76.820503234863295, "Radius": 21.057199990834974, "height_m": 23.41, "crown_diameter_m": 12.84, "site_id": 208 }, "geometry": { "type": "Point", "coordinates": [ -73.927208765402298, 40.869691105158182 ] } },
{ "type": "Feature", "properties": { "Height": 59.219749450683601, "Radius": 21.686467135901843, "height_m": 18.05, "crown_diameter_m": 13.22, "site_id": 209 }, "geometry": { "type": "Point", "coordinates": [ -73.930414929890944, 40.86972672354662 ] } },
{ "type": "Feature", "properties": { "Height": 78.600502014160199, "Radius": 25.544769849751454, "height_m": 23.96, "crown_diameter_m": 15.57, "site_id": 210 }, "geometry": { "type": "Point", "coordinates": [ -73.929680155223721, 40.86971584776046 ] } },
{ "type": "Feature", "properties": { "Height": 63.694751739502003, "Radius": 23.083560155913247, "height_m": 19.41, "crown_diameter_m": 14.07, "site_id": 211 }, "geometry": { "type": "Point", "coordinates": [ -73.927308789022334, 40.86974848072348 ] } },
{ "type": "Feature", "properties": { "Height": 75.768753051757798, "Radius": 21.409489393833255, "height_m": 23.09, "crown_diameter_m": 13.05, "site_id": 212 }, "geometry": { "type": "Point", "coordinates": [ -73.930061740615827, 40.869717886944521 ] } },
{ "type": "Feature", "properties": { "Height": 51.927249908447301, "Radius": 20.008854523626852, "height_m": 15.83, "crown_diameter_m": 12.2, "site_id": 213 }, "geometry": { "type": "Point", "coordinates": [ -73.927467821700958, 40.869749814464456 ] } },
{ "type": "Feature", "properties": { "Height": 99.850250244140597, "Radius": 15.243563130520608, "height_m": 30.43, "crown_diameter_m": 9.29, "site_id": 214 }, "geometry": { "type": "Point", "coordinates": [ -73.92581017795554, 40.869733855737415 ] } },
{ "type": "Feature", "properties": { "Height": 46.518501281738303, "Radius": 13.374982468597496, "height_m": 14.18, "crown_diameter_m": 8.15, "site_id": 215 }, "geometry": { "type": "Point", "coordinates": [ -73.927953952770451, 40.869736485602253 ] } },
{ "type": "Feature", "properties": { "Height": 73.581253051757798, "Radius": 27.564573247571026, "height_m": 22.43, "crown_diameter_m": 16.8, "site_id": 216 }, "geometry": { "type": "Point", "coordinates": [ -73.929942719515665, 40.869769685604112 ] } },
{ "type": "Feature", "properties": { "Height": 41.916248321533203, "Radius": 11.740024732409271, "height_m": 12.78, "crown_diameter_m": 7.16, "site_id": 217 }, "geometry": { "type": "Point", "coordinates": [ -73.927598393625829, 40.869748380940194 ] } },
{ "type": "Feature", "properties": { "Height": 52.415500640869098, "Radius": 27.12807506729742, "height_m": 15.98, "crown_diameter_m": 16.54, "site_id": 218 }, "geometry": { "type": "Point", "coordinates": [ -73.928253031757961, 40.869783697271778 ] } },
{ "type": "Feature", "properties": { "Height": 99.845001220703097, "Radius": 15.716503163191918, "height_m": 30.43, "crown_diameter_m": 9.58, "site_id": 219 }, "geometry": { "type": "Point", "coordinates": [ -73.925916384016091, 40.869732920826571 ] } },
{ "type": "Feature", "properties": { "Height": 83.839996337890597, "Radius": 15.797308339337176, "height_m": 25.55, "crown_diameter_m": 9.63, "site_id": 220 }, "geometry": { "type": "Point", "coordinates": [ -73.92934206427266, 40.869793208443177 ] } },
{ "type": "Feature", "properties": { "Height": 53.496498107910199, "Radius": 14.138550439257223, "height_m": 16.31, "crown_diameter_m": 8.62, "site_id": 221 }, "geometry": { "type": "Point", "coordinates": [ -73.927787997157694, 40.869746144968865 ] } },
{ "type": "Feature", "properties": { "Height": 82.769248962402301, "Radius": 24.676442455702393, "height_m": 25.23, "crown_diameter_m": 15.04, "site_id": 222 }, "geometry": { "type": "Point", "coordinates": [ -73.929506971617371, 40.869756243380266 ] } },
{ "type": "Feature", "properties": { "Height": 99.878997802734403, "Radius": 31.24764912547467, "height_m": 30.44, "crown_diameter_m": 19.05, "site_id": 223 }, "geometry": { "type": "Point", "coordinates": [ -73.92691647694889, 40.869726498725235 ] } },
{ "type": "Feature", "properties": { "Height": 86.765998840332003, "Radius": 34.719440360956497, "height_m": 26.45, "crown_diameter_m": 21.16, "site_id": 224 }, "geometry": { "type": "Point", "coordinates": [ -73.929748250690068, 40.869828574606665 ] } },
{ "type": "Feature", "properties": { "Height": 122.536003112793, "Radius": 24.747287144606645, "height_m": 37.35, "crown_diameter_m": 15.09, "site_id": 225 }, "geometry": { "type": "Point", "coordinates": [ -73.926478063231485, 40.869769956070989 ] } },
{ "type": "Feature", "properties": { "Height": 83.311248779296903, "Radius": 10.823032759612019, "height_m": 25.39, "crown_diameter_m": 6.6, "site_id": 226 }, "geometry": { "type": "Point", "coordinates": [ -73.929201783305189, 40.869788726274926 ] } },
{ "type": "Feature", "properties": { "Height": 53.997501373291001, "Radius": 20.153496341094687, "height_m": 16.46, "crown_diameter_m": 12.29, "site_id": 227 }, "geometry": { "type": "Point", "coordinates": [ -73.927707958860324, 40.869770587250159 ] } },
{ "type": "Feature", "properties": { "Height": 108.95175170898401, "Radius": 17.168429008100599, "height_m": 33.21, "crown_diameter_m": 10.47, "site_id": 228 }, "geometry": { "type": "Point", "coordinates": [ -73.925789498108458, 40.869816917038897 ] } },
{ "type": "Feature", "properties": { "Height": 84.7239990234375, "Radius": 16.25414425715935, "height_m": 25.82, "crown_diameter_m": 9.91, "site_id": 229 }, "geometry": { "type": "Point", "coordinates": [ -73.929412337832929, 40.86979469223364 ] } },
{ "type": "Feature", "properties": { "Height": 69.591247558593807, "Radius": 25.948121063966525, "height_m": 21.21, "crown_diameter_m": 15.82, "site_id": 230 }, "geometry": { "type": "Point", "coordinates": [ -73.930107330193138, 40.869805807677935 ] } },
{ "type": "Feature", "properties": { "Height": 57.754501342773402, "Radius": 16.390654164465779, "height_m": 17.6, "crown_diameter_m": 9.99, "site_id": 231 }, "geometry": { "type": "Point", "coordinates": [ -73.930391600181707, 40.869801497773381 ] } },
{ "type": "Feature", "properties": { "Height": 66.450752258300795, "Radius": 22.63272374994369, "height_m": 20.25, "crown_diameter_m": 13.8, "site_id": 232 }, "geometry": { "type": "Point", "coordinates": [ -73.930525218639957, 40.869820273345802 ] } },
{ "type": "Feature", "properties": { "Height": 53.800998687744098, "Radius": 22.60281768552284, "height_m": 16.4, "crown_diameter_m": 13.78, "site_id": 233 }, "geometry": { "type": "Point", "coordinates": [ -73.928417239300941, 40.869801196696024 ] } },
{ "type": "Feature", "properties": { "Height": 123.484748840332, "Radius": 23.869953838853256, "height_m": 37.64, "crown_diameter_m": 14.55, "site_id": 234 }, "geometry": { "type": "Point", "coordinates": [ -73.92621072795761, 40.869826548646728 ] } },
{ "type": "Feature", "properties": { "Height": 105.823249816895, "Radius": 19.232162846273031, "height_m": 32.25, "crown_diameter_m": 11.72, "site_id": 235 }, "geometry": { "type": "Point", "coordinates": [ -73.926827191101424, 40.86980101072318 ] } },
{ "type": "Feature", "properties": { "Height": 56.972499847412102, "Radius": 20.913100765226769, "height_m": 17.37, "crown_diameter_m": 12.75, "site_id": 236 }, "geometry": { "type": "Point", "coordinates": [ -73.92808828648802, 40.869775386767181 ] } },
{ "type": "Feature", "properties": { "Height": 64.846878051757798, "Radius": 42.053890755043597, "height_m": 19.77, "crown_diameter_m": 25.64, "site_id": 237 }, "geometry": { "type": "Point", "coordinates": [ -73.928617051138602, 40.869768564291235 ] } },
{ "type": "Feature", "properties": { "Height": 106.69512939453099, "Radius": 31.412746571571084, "height_m": 32.52, "crown_diameter_m": 19.15, "site_id": 238 }, "geometry": { "type": "Point", "coordinates": [ -73.925924525347526, 40.86984243630279 ] } },
{ "type": "Feature", "properties": { "Height": 45.8810005187988, "Radius": 18.957105831363069, "height_m": 13.98, "crown_diameter_m": 11.56, "site_id": 239 }, "geometry": { "type": "Point", "coordinates": [ -73.927393511513074, 40.869821074741488 ] } },
{ "type": "Feature", "properties": { "Height": 90.222251892089801, "Radius": 45.15455653586104, "height_m": 27.5, "crown_diameter_m": 27.53, "site_id": 240 }, "geometry": { "type": "Point", "coordinates": [ -73.92713610135813, 40.869883743198329 ] } },
{ "type": "Feature", "properties": { "Height": 122.78074645996099, "Radius": 35.052477240124297, "height_m": 37.42, "crown_diameter_m": 21.37, "site_id": 241 }, "geometry": { "type": "Point", "coordinates": [ -73.926393909147663, 40.869864249339678 ] } },
{ "type": "Feature", "properties": { "Height": 87.807746887207003, "Radius": 41.143310206221848, "height_m": 26.76, "crown_diameter_m": 25.08, "site_id": 242 }, "geometry": { "type": "Point", "coordinates": [ -73.92949886344708, 40.869937719339127 ] } },
{ "type": "Feature", "properties": { "Height": 83.499496459960895, "Radius": 23.74963406702674, "height_m": 25.45, "crown_diameter_m": 14.48, "site_id": 243 }, "geometry": { "type": "Point", "coordinates": [ -73.926067056111464, 40.869864345654079 ] } },
{ "type": "Feature", "properties": { "Height": 66.325752258300795, "Radius": 30.393013830572322, "height_m": 20.22, "crown_diameter_m": 18.53, "site_id": 244 }, "geometry": { "type": "Point", "coordinates": [ -73.928101729623734, 40.869898726092849 ] } },
{ "type": "Feature", "properties": { "Height": 54.473751068115199, "Radius": 20.501907343115558, "height_m": 16.6, "crown_diameter_m": 12.5, "site_id": 245 }, "geometry": { "type": "Point", "coordinates": [ -73.927291701360446, 40.86988617811302 ] } },
{ "type": "Feature", "properties": { "Height": 103.611000061035, "Radius": 29.196470252415644, "height_m": 31.58, "crown_diameter_m": 17.8, "site_id": 246 }, "geometry": { "type": "Point", "coordinates": [ -73.926910275335871, 40.869894825876791 ] } },
{ "type": "Feature", "properties": { "Height": 65.751502990722699, "Radius": 26.366433043273013, "height_m": 20.04, "crown_diameter_m": 16.07, "site_id": 247 }, "geometry": { "type": "Point", "coordinates": [ -73.930264040678537, 40.869924518475386 ] } },
{ "type": "Feature", "properties": { "Height": 47.694751739502003, "Radius": 20.775663783985824, "height_m": 14.54, "crown_diameter_m": 12.66, "site_id": 248 }, "geometry": { "type": "Point", "coordinates": [ -73.928277328383359, 40.869893590021498 ] } },
{ "type": "Feature", "properties": { "Height": 87.192253112792997, "Radius": 15.086138293858053, "height_m": 26.58, "crown_diameter_m": 9.2, "site_id": 249 }, "geometry": { "type": "Point", "coordinates": [ -73.929099636034607, 40.869875775946241 ] } },
{ "type": "Feature", "properties": { "Height": 60.589500427246101, "Radius": 25.142860496789307, "height_m": 18.47, "crown_diameter_m": 15.33, "site_id": 250 }, "geometry": { "type": "Point", "coordinates": [ -73.927710246336886, 40.86985313919557 ] } },
{ "type": "Feature", "properties": { "Height": 63.344249725341797, "Radius": 17.028808129561895, "height_m": 19.31, "crown_diameter_m": 10.38, "site_id": 251 }, "geometry": { "type": "Point", "coordinates": [ -73.92785161088392, 40.869910727480843 ] } },
{ "type": "Feature", "properties": { "Height": 30.474624633789102, "Radius": 15.022706457370044, "height_m": 9.29, "crown_diameter_m": 9.16, "site_id": 252 }, "geometry": { "type": "Point", "coordinates": [ -73.928747557318871, 40.869893812894219 ] } },
{ "type": "Feature", "properties": { "Height": 116.772499084473, "Radius": 39.696260422776042, "height_m": 35.59, "crown_diameter_m": 24.2, "site_id": 253 }, "geometry": { "type": "Point", "coordinates": [ -73.926666925683094, 40.86988584399284 ] } },
{ "type": "Feature", "properties": { "Height": 59.340999603271499, "Radius": 32.649958787562277, "height_m": 18.09, "crown_diameter_m": 19.9, "site_id": 254 }, "geometry": { "type": "Point", "coordinates": [ -73.927933515372388, 40.869851149192328 ] } },
{ "type": "Feature", "properties": { "Height": 66.886749267578097, "Radius": 25.737188524554668, "height_m": 20.39, "crown_diameter_m": 15.69, "site_id": 255 }, "geometry": { "type": "Point", "coordinates": [ -73.928433283836682, 40.869913007737104 ] } },
{ "type": "Feature", "properties": { "Height": 73.018997192382798, "Radius": 21.894626934314015, "height_m": 22.26, "crown_diameter_m": 13.35, "site_id": 256 }, "geometry": { "type": "Point", "coordinates": [ -73.929850434532128, 40.869935373509065 ] } },
{ "type": "Feature", "properties": { "Height": 60.283748626708999, "Radius": 16.187915671908033, "height_m": 18.37, "crown_diameter_m": 9.87, "site_id": 257 }, "geometry": { "type": "Point", "coordinates": [ -73.930494164275757, 40.869902943829636 ] } },
{ "type": "Feature", "properties": { "Height": 91.048500061035199, "Radius": 14.679774962390477, "height_m": 27.75, "crown_diameter_m": 8.95, "site_id": 258 }, "geometry": { "type": "Point", "coordinates": [ -73.925800799690819, 40.869909150572106 ] } },
{ "type": "Feature", "properties": { "Height": 62.1822509765625, "Radius": 18.83920176374059, "height_m": 18.95, "crown_diameter_m": 11.48, "site_id": 259 }, "geometry": { "type": "Point", "coordinates": [ -73.930398190984519, 40.869935169405466 ] } },
{ "type": "Feature", "properties": { "Height": 55.5147514343262, "Radius": 33.126625735480793, "height_m": 16.92, "crown_diameter_m": 20.19, "site_id": 260 }, "geometry": { "type": "Point", "coordinates": [ -73.927509037674653, 40.869884609322973 ] } },
{ "type": "Feature", "properties": { "Height": 99.960746765136705, "Radius": 27.473483900177524, "height_m": 30.47, "crown_diameter_m": 16.75, "site_id": 261 }, "geometry": { "type": "Point", "coordinates": [ -73.926947826725808, 40.870006253628809 ] } },
{ "type": "Feature", "properties": { "Height": 71.920249938964801, "Radius": 26.941160293695383, "height_m": 21.92, "crown_diameter_m": 16.42, "site_id": 262 }, "geometry": { "type": "Point", "coordinates": [ -73.929984525931189, 40.869935458548753 ] } },
{ "type": "Feature", "properties": { "Height": 90.146003723144503, "Radius": 37.809121900031002, "height_m": 27.48, "crown_diameter_m": 23.05, "site_id": 263 }, "geometry": { "type": "Point", "coordinates": [ -73.929245388086429, 40.869913732761979 ] } },
{ "type": "Feature", "properties": { "Height": 57.724498748779297, "Radius": 12.008096370418468, "height_m": 17.59, "crown_diameter_m": 7.32, "site_id": 264 }, "geometry": { "type": "Point", "coordinates": [ -73.926772221193261, 40.869963315077882 ] } },
{ "type": "Feature", "properties": { "Height": 40.104499816894503, "Radius": 12.166104433032896, "height_m": 12.22, "crown_diameter_m": 7.42, "site_id": 265 }, "geometry": { "type": "Point", "coordinates": [ -73.928110705849946, 40.869981069680065 ] } },
{ "type": "Feature", "properties": { "Height": 66.726249694824205, "Radius": 16.322541920173855, "height_m": 20.34, "crown_diameter_m": 9.95, "site_id": 266 }, "geometry": { "type": "Point", "coordinates": [ -73.927803194517679, 40.869979522459126 ] } },
{ "type": "Feature", "properties": { "Height": 44.050998687744098, "Radius": 10.734438914006276, "height_m": 13.43, "crown_diameter_m": 6.54, "site_id": 267 }, "geometry": { "type": "Point", "coordinates": [ -73.928499040607775, 40.869984810253634 ] } },
{ "type": "Feature", "properties": { "Height": 60.121749877929702, "Radius": 18.012144555627703, "height_m": 18.33, "crown_diameter_m": 10.98, "site_id": 268 }, "geometry": { "type": "Point", "coordinates": [ -73.930491664380796, 40.869995330671998 ] } },
{ "type": "Feature", "properties": { "Height": 55.0130004882813, "Radius": 27.483619847358813, "height_m": 16.77, "crown_diameter_m": 16.75, "site_id": 269 }, "geometry": { "type": "Point", "coordinates": [ -73.928603039972856, 40.8699435989421 ] } },
{ "type": "Feature", "properties": { "Height": 85.791252136230497, "Radius": 32.579200657472398, "height_m": 26.15, "crown_diameter_m": 19.86, "site_id": 270 }, "geometry": { "type": "Point", "coordinates": [ -73.929705701686828, 40.870015779225568 ] } },
{ "type": "Feature", "properties": { "Height": 64.580001831054702, "Radius": 21.841862144010438, "height_m": 19.68, "crown_diameter_m": 13.31, "site_id": 271 }, "geometry": { "type": "Point", "coordinates": [ -73.93020032791695, 40.870000017456022 ] } },
{ "type": "Feature", "properties": { "Height": 92.787246704101605, "Radius": 50.060500735859442, "height_m": 28.28, "crown_diameter_m": 30.52, "site_id": 272 }, "geometry": { "type": "Point", "coordinates": [ -73.928990379876339, 40.869971220911061 ] } },
{ "type": "Feature", "properties": { "Height": 67.134246826171903, "Radius": 26.528911744592182, "height_m": 20.46, "crown_diameter_m": 16.17, "site_id": 273 }, "geometry": { "type": "Point", "coordinates": [ -73.927406860817669, 40.870011806670952 ] } },
{ "type": "Feature", "properties": { "Height": 36.997249603271499, "Radius": 13.195283541573993, "height_m": 11.28, "crown_diameter_m": 8.04, "site_id": 274 }, "geometry": { "type": "Point", "coordinates": [ -73.929572246206121, 40.870032254238758 ] } },
{ "type": "Feature", "properties": { "Height": 59.476749420166001, "Radius": 16.840846433292999, "height_m": 18.13, "crown_diameter_m": 10.27, "site_id": 275 }, "geometry": { "type": "Point", "coordinates": [ -73.930384331766945, 40.870029563786311 ] } },
{ "type": "Feature", "properties": { "Height": 71.851997375488295, "Radius": 22.440281636885864, "height_m": 21.9, "crown_diameter_m": 13.68, "site_id": 276 }, "geometry": { "type": "Point", "coordinates": [ -73.929347474787093, 40.870035402720667 ] } },
{ "type": "Feature", "properties": { "Height": 58.895999908447301, "Radius": 13.351162356249091, "height_m": 17.95, "crown_diameter_m": 8.14, "site_id": 277 }, "geometry": { "type": "Point", "coordinates": [ -73.927290712465535, 40.87001054580039 ] } },
{ "type": "Feature", "properties": { "Height": 111.494003295898, "Radius": 12.791062563308351, "height_m": 33.98, "crown_diameter_m": 7.8, "site_id": 278 }, "geometry": { "type": "Point", "coordinates": [ -73.926104761046915, 40.870012447087717 ] } },
{ "type": "Feature", "properties": { "Height": 114.24624633789099, "Radius": 21.631355313298616, "height_m": 34.82, "crown_diameter_m": 13.19, "site_id": 279 }, "geometry": { "type": "Point", "coordinates": [ -73.925805121026954, 40.869992200031788 ] } },
{ "type": "Feature", "properties": { "Height": 72.419746398925795, "Radius": 24.534139372995096, "height_m": 22.07, "crown_diameter_m": 14.96, "site_id": 280 }, "geometry": { "type": "Point", "coordinates": [ -73.928602079511307, 40.870084646409161 ] } },
{ "type": "Feature", "properties": { "Height": 61.572498321533203, "Radius": 20.113971893676243, "height_m": 18.77, "crown_diameter_m": 12.26, "site_id": 281 }, "geometry": { "type": "Point", "coordinates": [ -73.92718921171064, 40.870058151876798 ] } },
{ "type": "Feature", "properties": { "Height": 62.484748840332003, "Radius": 18.229523339239496, "height_m": 19.05, "crown_diameter_m": 11.11, "site_id": 282 }, "geometry": { "type": "Point", "coordinates": [ -73.92839805488434, 40.87002205308616 ] } },
{ "type": "Feature", "properties": { "Height": 74.141372680664105, "Radius": 29.065347717372667, "height_m": 22.6, "crown_diameter_m": 17.72, "site_id": 283 }, "geometry": { "type": "Point", "coordinates": [ -73.928727445387167, 40.870061318404133 ] } },
{ "type": "Feature", "properties": { "Height": 72.193000793457003, "Radius": 25.630295113630627, "height_m": 22.0, "crown_diameter_m": 15.62, "site_id": 284 }, "geometry": { "type": "Point", "coordinates": [ -73.926787304185169, 40.870062499082259 ] } },
{ "type": "Feature", "properties": { "Height": 71.751502990722699, "Radius": 38.335841513009228, "height_m": 21.87, "crown_diameter_m": 23.37, "site_id": 285 }, "geometry": { "type": "Point", "coordinates": [ -73.927668906576713, 40.870030267354124 ] } },
{ "type": "Feature", "properties": { "Height": 121.87924957275401, "Radius": 29.02699207166485, "height_m": 37.15, "crown_diameter_m": 17.69, "site_id": 286 }, "geometry": { "type": "Point", "coordinates": [ -73.92647449654568, 40.870019625131157 ] } },
{ "type": "Feature", "properties": { "Height": 60.1502494812012, "Radius": 17.885788649503539, "height_m": 18.33, "crown_diameter_m": 10.9, "site_id": 287 }, "geometry": { "type": "Point", "coordinates": [ -73.928490022184022, 40.870068110683953 ] } },
{ "type": "Feature", "properties": { "Height": 65.727752685546903, "Radius": 21.535494054462344, "height_m": 20.03, "crown_diameter_m": 13.13, "site_id": 288 }, "geometry": { "type": "Point", "coordinates": [ -73.927975386860624, 40.870054120297048 ] } },
{ "type": "Feature", "properties": { "Height": 94.036750793457003, "Radius": 14.56002692986536, "height_m": 28.66, "crown_diameter_m": 8.88, "site_id": 289 }, "geometry": { "type": "Point", "coordinates": [ -73.929793041412395, 40.870081822915552 ] } },
{ "type": "Feature", "properties": { "Height": 71.038253784179702, "Radius": 25.212394624649004, "height_m": 21.65, "crown_diameter_m": 15.37, "site_id": 290 }, "geometry": { "type": "Point", "coordinates": [ -73.927550627463845, 40.870098900448944 ] } },
{ "type": "Feature", "properties": { "Height": 113.54900360107401, "Radius": 36.901621822004742, "height_m": 34.61, "crown_diameter_m": 22.5, "site_id": 291 }, "geometry": { "type": "Point", "coordinates": [ -73.92599860039418, 40.870040400467495 ] } },
{ "type": "Feature", "properties": { "Height": 63.283500671386697, "Radius": 40.605975058260036, "height_m": 19.29, "crown_diameter_m": 24.75, "site_id": 292 }, "geometry": { "type": "Point", "coordinates": [ -73.928211466719091, 40.870057700070163 ] } },
{ "type": "Feature", "properties": { "Height": 76.972000122070298, "Radius": 32.341402041345333, "height_m": 23.46, "crown_diameter_m": 19.72, "site_id": 293 }, "geometry": { "type": "Point", "coordinates": [ -73.929018777447212, 40.87015001241928 ] } },
{ "type": "Feature", "properties": { "Height": 73.143249511718807, "Radius": 34.88407508994085, "height_m": 22.29, "crown_diameter_m": 21.27, "site_id": 294 }, "geometry": { "type": "Point", "coordinates": [ -73.927848215064941, 40.870107156182442 ] } },
{ "type": "Feature", "properties": { "Height": 68.663002014160199, "Radius": 16.214930341750197, "height_m": 20.93, "crown_diameter_m": 9.88, "site_id": 295 }, "geometry": { "type": "Point", "coordinates": [ -73.92744546104197, 40.870102135565254 ] } },
{ "type": "Feature", "properties": { "Height": 61.292999267578097, "Radius": 15.149304536463482, "height_m": 18.68, "crown_diameter_m": 9.24, "site_id": 296 }, "geometry": { "type": "Point", "coordinates": [ -73.928051765656704, 40.870125231817369 ] } },
{ "type": "Feature", "properties": { "Height": 65.4114990234375, "Radius": 18.394657077895459, "height_m": 19.94, "crown_diameter_m": 11.21, "site_id": 297 }, "geometry": { "type": "Point", "coordinates": [ -73.92727476658807, 40.870107451758642 ] } },
{ "type": "Feature", "properties": { "Height": 131.39349365234401, "Radius": 42.699871522766351, "height_m": 40.05, "crown_diameter_m": 26.03, "site_id": 298 }, "geometry": { "type": "Point", "coordinates": [ -73.926241616940729, 40.870020731794618 ] } },
{ "type": "Feature", "properties": { "Height": 63.064750671386697, "Radius": 21.515160979708646, "height_m": 19.22, "crown_diameter_m": 13.12, "site_id": 299 }, "geometry": { "type": "Point", "coordinates": [ -73.930420648998833, 40.87012212892035 ] } },
{ "type": "Feature", "properties": { "Height": 48.627250671386697, "Radius": 13.599192765483634, "height_m": 14.82, "crown_diameter_m": 8.29, "site_id": 300 }, "geometry": { "type": "Point", "coordinates": [ -73.929231976229531, 40.870122376793361 ] } },
{ "type": "Feature", "properties": { "Height": 93.746749877929702, "Radius": 25.01593964330208, "height_m": 28.57, "crown_diameter_m": 15.25, "site_id": 301 }, "geometry": { "type": "Point", "coordinates": [ -73.929911899841485, 40.870078081598699 ] } },
{ "type": "Feature", "properties": { "Height": 38.854251861572301, "Radius": 21.00801411827938, "height_m": 11.84, "crown_diameter_m": 12.81, "site_id": 302 }, "geometry": { "type": "Point", "coordinates": [ -73.927076014319866, 40.87011344334816 ] } },
{ "type": "Feature", "properties": { "Height": 96.128250122070298, "Radius": 18.442182988664339, "height_m": 29.3, "crown_diameter_m": 11.24, "site_id": 303 }, "geometry": { "type": "Point", "coordinates": [ -73.929773794102303, 40.870136219635299 ] } },
{ "type": "Feature", "properties": { "Height": 72.989753723144503, "Radius": 21.557653718072718, "height_m": 22.25, "crown_diameter_m": 13.14, "site_id": 304 }, "geometry": { "type": "Point", "coordinates": [ -73.930302092900988, 40.87011013220129 ] } },
{ "type": "Feature", "properties": { "Height": 125.79824829101599, "Radius": 40.091218119247152, "height_m": 38.34, "crown_diameter_m": 24.44, "site_id": 305 }, "geometry": { "type": "Point", "coordinates": [ -73.926647020570229, 40.870136404958302 ] } },
{ "type": "Feature", "properties": { "Height": 137.36724853515599, "Radius": 23.963118216867318, "height_m": 41.87, "crown_diameter_m": 14.61, "site_id": 306 }, "geometry": { "type": "Point", "coordinates": [ -73.926147314426885, 40.870167941019055 ] } },
{ "type": "Feature", "properties": { "Height": 140.80924987793, "Radius": 24.115392637437726, "height_m": 42.92, "crown_diameter_m": 14.7, "site_id": 307 }, "geometry": { "type": "Point", "coordinates": [ -73.925794393448854, 40.870134992648353 ] } },
{ "type": "Feature", "properties": { "Height": 74.950500488281307, "Radius": 24.798683434954437, "height_m": 22.84, "crown_diameter_m": 15.12, "site_id": 308 }, "geometry": { "type": "Point", "coordinates": [ -73.928142275745358, 40.870200205278131 ] } },
{ "type": "Feature", "properties": { "Height": 106.53549957275401, "Radius": 13.517021664164625, "height_m": 32.47, "crown_diameter_m": 8.24, "site_id": 309 }, "geometry": { "type": "Point", "coordinates": [ -73.925970563552909, 40.8701853044495 ] } },
{ "type": "Feature", "properties": { "Height": 136.36274719238301, "Radius": 22.945251180756113, "height_m": 41.56, "crown_diameter_m": 13.99, "site_id": 310 }, "geometry": { "type": "Point", "coordinates": [ -73.925882003258707, 40.870157593590697 ] } },
{ "type": "Feature", "properties": { "Height": 75.0780029296875, "Radius": 26.676981239177156, "height_m": 22.88, "crown_diameter_m": 16.26, "site_id": 311 }, "geometry": { "type": "Point", "coordinates": [ -73.927341788100335, 40.870217182515837 ] } },
{ "type": "Feature", "properties": { "Height": 66.358497619628906, "Radius": 18.284008257614801, "height_m": 20.23, "crown_diameter_m": 11.15, "site_id": 312 }, "geometry": { "type": "Point", "coordinates": [ -73.927421388196166, 40.870169883107984 ] } },
{ "type": "Feature", "properties": { "Height": 53.798500061035199, "Radius": 15.191269449366246, "height_m": 16.4, "crown_diameter_m": 9.26, "site_id": 313 }, "geometry": { "type": "Point", "coordinates": [ -73.92719450006156, 40.870166423681461 ] } },
{ "type": "Feature", "properties": { "Height": 143.17399597168, "Radius": 27.113404104639176, "height_m": 43.64, "crown_diameter_m": 16.53, "site_id": 314 }, "geometry": { "type": "Point", "coordinates": [ -73.926373783872023, 40.87015202371883 ] } },
{ "type": "Feature", "properties": { "Height": 79.184249877929702, "Radius": 37.159497928057156, "height_m": 24.14, "crown_diameter_m": 22.65, "site_id": 315 }, "geometry": { "type": "Point", "coordinates": [ -73.929428588937668, 40.870154944513871 ] } },
{ "type": "Feature", "properties": { "Height": 65.527748107910199, "Radius": 17.362012044001403, "height_m": 19.97, "crown_diameter_m": 10.58, "site_id": 316 }, "geometry": { "type": "Point", "coordinates": [ -73.929232214002909, 40.870202137731006 ] } },
{ "type": "Feature", "properties": { "Height": 63.504249572753899, "Radius": 19.730509136937545, "height_m": 19.36, "crown_diameter_m": 12.03, "site_id": 317 }, "geometry": { "type": "Point", "coordinates": [ -73.927584740707886, 40.870200898613284 ] } },
{ "type": "Feature", "properties": { "Height": 84.599502563476605, "Radius": 44.371457306677357, "height_m": 25.79, "crown_diameter_m": 27.05, "site_id": 318 }, "geometry": { "type": "Point", "coordinates": [ -73.93012343115042, 40.870196256756046 ] } },
{ "type": "Feature", "properties": { "Height": 131.87174987793, "Radius": 14.406180819073164, "height_m": 40.19, "crown_diameter_m": 8.78, "site_id": 319 }, "geometry": { "type": "Point", "coordinates": [ -73.926423938202348, 40.870221801265636 ] } },
{ "type": "Feature", "properties": { "Height": 65.396499633789105, "Radius": 19.232162846273031, "height_m": 19.93, "crown_diameter_m": 11.72, "site_id": 320 }, "geometry": { "type": "Point", "coordinates": [ -73.927941835132359, 40.870206307167187 ] } },
{ "type": "Feature", "properties": { "Height": 77.212753295898395, "Radius": 19.174147139893297, "height_m": 23.53, "crown_diameter_m": 11.69, "site_id": 321 }, "geometry": { "type": "Point", "coordinates": [ -73.929120272113209, 40.870184921019195 ] } },
{ "type": "Feature", "properties": { "Height": 47.943748474121101, "Radius": 11.576202403352141, "height_m": 14.61, "crown_diameter_m": 7.06, "site_id": 322 }, "geometry": { "type": "Point", "coordinates": [ -73.927484034564216, 40.870251854363772 ] } },
{ "type": "Feature", "properties": { "Height": 129.84700012207, "Radius": 23.789808272341748, "height_m": 39.58, "crown_diameter_m": 14.5, "site_id": 323 }, "geometry": { "type": "Point", "coordinates": [ -73.926063683756666, 40.870264309101934 ] } },
{ "type": "Feature", "properties": { "Height": 93.929496765136705, "Radius": 36.127962692305715, "height_m": 28.63, "crown_diameter_m": 22.02, "site_id": 324 }, "geometry": { "type": "Point", "coordinates": [ -73.9288231694552, 40.870175303724757 ] } },
{ "type": "Feature", "properties": { "Height": 137.08149719238301, "Radius": 28.906114426405541, "height_m": 41.78, "crown_diameter_m": 17.62, "site_id": 325 }, "geometry": { "type": "Point", "coordinates": [ -73.926276281598646, 40.870283685865971 ] } },
{ "type": "Feature", "properties": { "Height": 75.25, "Radius": 32.356161942642203, "height_m": 22.94, "crown_diameter_m": 19.72, "site_id": 326 }, "geometry": { "type": "Point", "coordinates": [ -73.928427580718306, 40.870171699319563 ] } },
{ "type": "Feature", "properties": { "Height": 91.181503295898395, "Radius": 34.799568416666197, "height_m": 27.79, "crown_diameter_m": 21.21, "site_id": 327 }, "geometry": { "type": "Point", "coordinates": [ -73.929786142260284, 40.870223336829241 ] } },
{ "type": "Feature", "properties": { "Height": 74.113746643066406, "Radius": 27.489410139184852, "height_m": 22.59, "crown_diameter_m": 16.76, "site_id": 328 }, "geometry": { "type": "Point", "coordinates": [ -73.929594060975134, 40.870244223694463 ] } },
{ "type": "Feature", "properties": { "Height": 106.66374969482401, "Radius": 17.019459345914886, "height_m": 32.51, "crown_diameter_m": 10.38, "site_id": 329 }, "geometry": { "type": "Point", "coordinates": [ -73.925894131081876, 40.870250508409164 ] } },
{ "type": "Feature", "properties": { "Height": 82.7967529296875, "Radius": 27.382091536365863, "height_m": 25.24, "crown_diameter_m": 16.69, "site_id": 330 }, "geometry": { "type": "Point", "coordinates": [ -73.930328103169458, 40.87024534188604 ] } },
{ "type": "Feature", "properties": { "Height": 87.507499694824205, "Radius": 11.794126515444734, "height_m": 26.67, "crown_diameter_m": 7.19, "site_id": 331 }, "geometry": { "type": "Point", "coordinates": [ -73.928922456034584, 40.870248336929698 ] } },
{ "type": "Feature", "properties": { "Height": 96.066497802734403, "Radius": 24.93947709161375, "height_m": 29.28, "crown_diameter_m": 15.2, "site_id": 332 }, "geometry": { "type": "Point", "coordinates": [ -73.928630580962221, 40.870233143831655 ] } },
{ "type": "Feature", "properties": { "Height": 59.129749298095703, "Radius": 17.589690428505119, "height_m": 18.02, "crown_diameter_m": 10.72, "site_id": 333 }, "geometry": { "type": "Point", "coordinates": [ -73.929244786438957, 40.870274034158633 ] } },
{ "type": "Feature", "properties": { "Height": 64.134498596191406, "Radius": 18.437867513470433, "height_m": 19.55, "crown_diameter_m": 11.24, "site_id": 334 }, "geometry": { "type": "Point", "coordinates": [ -73.927668971529101, 40.870266092797948 ] } },
{ "type": "Feature", "properties": { "Height": 84.632003784179702, "Radius": 37.360257639849358, "height_m": 25.8, "crown_diameter_m": 22.77, "site_id": 335 }, "geometry": { "type": "Point", "coordinates": [ -73.926941320245774, 40.870214579391345 ] } },
{ "type": "Feature", "properties": { "Height": 115.97624969482401, "Radius": 39.315554266835505, "height_m": 35.35, "crown_diameter_m": 23.97, "site_id": 336 }, "geometry": { "type": "Point", "coordinates": [ -73.926553713297011, 40.870289667328947 ] } },
{ "type": "Feature", "properties": { "Height": 68.166496276855497, "Radius": 20.981481658648001, "height_m": 20.78, "crown_diameter_m": 12.79, "site_id": 337 }, "geometry": { "type": "Point", "coordinates": [ -73.927216249402264, 40.870252463795083 ] } },
{ "type": "Feature", "properties": { "Height": 65.842247009277301, "Radius": 24.501682500241269, "height_m": 20.07, "crown_diameter_m": 14.94, "site_id": 338 }, "geometry": { "type": "Point", "coordinates": [ -73.928173549991598, 40.87030227803961 ] } },
{ "type": "Feature", "properties": { "Height": 59.971500396728501, "Radius": 21.215328870038288, "height_m": 18.28, "crown_diameter_m": 12.93, "site_id": 339 }, "geometry": { "type": "Point", "coordinates": [ -73.927100205564059, 40.870270186002649 ] } },
{ "type": "Feature", "properties": { "Height": 68.427497863769503, "Radius": 23.662355964639019, "height_m": 20.86, "crown_diameter_m": 14.42, "site_id": 340 }, "geometry": { "type": "Point", "coordinates": [ -73.927892917743861, 40.870286321956463 ] } },
{ "type": "Feature", "properties": { "Height": 91.673248291015597, "Radius": 20.567786432629493, "height_m": 27.94, "crown_diameter_m": 12.54, "site_id": 341 }, "geometry": { "type": "Point", "coordinates": [ -73.925814187519677, 40.87031539669028 ] } },
{ "type": "Feature", "properties": { "Height": 63.912998199462898, "Radius": 20.459166657801209, "height_m": 19.48, "crown_diameter_m": 12.47, "site_id": 342 }, "geometry": { "type": "Point", "coordinates": [ -73.928039757414396, 40.870299421178935 ] } },
{ "type": "Feature", "properties": { "Height": 92.694252014160199, "Radius": 20.192943425895987, "height_m": 28.25, "crown_diameter_m": 12.31, "site_id": 343 }, "geometry": { "type": "Point", "coordinates": [ -73.925942495244627, 40.870324268776905 ] } },
{ "type": "Feature", "properties": { "Height": 64.452247619628906, "Radius": 21.383455088058508, "height_m": 19.65, "crown_diameter_m": 13.04, "site_id": 344 }, "geometry": { "type": "Point", "coordinates": [ -73.927371668267057, 40.870337905540197 ] } },
{ "type": "Feature", "properties": { "Height": 86.836997985839801, "Radius": 26.287844394415636, "height_m": 26.47, "crown_diameter_m": 16.03, "site_id": 345 }, "geometry": { "type": "Point", "coordinates": [ -73.928316326541577, 40.870266149163633 ] } },
{ "type": "Feature", "properties": { "Height": 64.492752075195298, "Radius": 15.09668435477122, "height_m": 19.66, "crown_diameter_m": 9.2, "site_id": 346 }, "geometry": { "type": "Point", "coordinates": [ -73.929641949017423, 40.870344690714369 ] } },
{ "type": "Feature", "properties": { "Height": 82.071998596191406, "Radius": 17.970124638784664, "height_m": 25.02, "crown_diameter_m": 10.95, "site_id": 347 }, "geometry": { "type": "Point", "coordinates": [ -73.92978945005315, 40.870334051230373 ] } },
{ "type": "Feature", "properties": { "Height": 67.600997924804702, "Radius": 26.534910368014152, "height_m": 20.6, "crown_diameter_m": 16.18, "site_id": 348 }, "geometry": { "type": "Point", "coordinates": [ -73.9277834840927, 40.870319065531596 ] } },
{ "type": "Feature", "properties": { "Height": 74.266250610351605, "Radius": 20.389034095710141, "height_m": 22.64, "crown_diameter_m": 12.43, "site_id": 349 }, "geometry": { "type": "Point", "coordinates": [ -73.926169840421622, 40.870368452859552 ] } },
{ "type": "Feature", "properties": { "Height": 83.553497314453097, "Radius": 22.952186423828419, "height_m": 25.47, "crown_diameter_m": 13.99, "site_id": 350 }, "geometry": { "type": "Point", "coordinates": [ -73.926798880633896, 40.870296424594933 ] } },
{ "type": "Feature", "properties": { "Height": 88.736999511718807, "Radius": 22.233651370016283, "height_m": 27.05, "crown_diameter_m": 13.55, "site_id": 351 }, "geometry": { "type": "Point", "coordinates": [ -73.927515182470145, 40.870320924311471 ] } },
{ "type": "Feature", "properties": { "Height": 98.934753417968807, "Radius": 31.089354599236707, "height_m": 30.16, "crown_diameter_m": 18.95, "site_id": 352 }, "geometry": { "type": "Point", "coordinates": [ -73.929429002430069, 40.870319730605104 ] } },
{ "type": "Feature", "properties": { "Height": 97.837501525878906, "Radius": 28.019838227090457, "height_m": 29.82, "crown_diameter_m": 17.08, "site_id": 353 }, "geometry": { "type": "Point", "coordinates": [ -73.928663518065335, 40.870316271204636 ] } },
{ "type": "Feature", "properties": { "Height": 88.005752563476605, "Radius": 21.653416874681088, "height_m": 26.82, "crown_diameter_m": 13.2, "site_id": 354 }, "geometry": { "type": "Point", "coordinates": [ -73.926738414503887, 40.870372453208581 ] } },
{ "type": "Feature", "properties": { "Height": 71.269248962402301, "Radius": 9.9014870067383072, "height_m": 21.72, "crown_diameter_m": 6.04, "site_id": 355 }, "geometry": { "type": "Point", "coordinates": [ -73.927209319434297, 40.870368337918421 ] } },
{ "type": "Feature", "properties": { "Height": 43.5424995422363, "Radius": 13.45802085146909, "height_m": 13.27, "crown_diameter_m": 8.2, "site_id": 356 }, "geometry": { "type": "Point", "coordinates": [ -73.927922938508871, 40.870368025846531 ] } },
{ "type": "Feature", "properties": { "Height": 107.71974945068401, "Radius": 37.496330050737015, "height_m": 32.83, "crown_diameter_m": 22.86, "site_id": 357 }, "geometry": { "type": "Point", "coordinates": [ -73.928411626035043, 40.870390677479961 ] } },
{ "type": "Feature", "properties": { "Height": 30.919750213623001, "Radius": 12.621968865236012, "height_m": 9.42, "crown_diameter_m": 7.69, "site_id": 358 }, "geometry": { "type": "Point", "coordinates": [ -73.930250309571321, 40.870372710443327 ] } },
{ "type": "Feature", "properties": { "Height": 74.551002502441406, "Radius": 16.911576884966578, "height_m": 22.72, "crown_diameter_m": 10.31, "site_id": 359 }, "geometry": { "type": "Point", "coordinates": [ -73.929997276417524, 40.870370806671993 ] } },
{ "type": "Feature", "properties": { "Height": 95.816001892089801, "Radius": 37.631910443554219, "height_m": 29.2, "crown_diameter_m": 22.94, "site_id": 360 }, "geometry": { "type": "Point", "coordinates": [ -73.928899850654147, 40.870360638262582 ] } },
{ "type": "Feature", "properties": { "Height": 86.583000183105497, "Radius": 19.951103044013138, "height_m": 26.39, "crown_diameter_m": 12.16, "site_id": 361 }, "geometry": { "type": "Point", "coordinates": [ -73.929280979211214, 40.870366258286658 ] } },
{ "type": "Feature", "properties": { "Height": 101.790496826172, "Radius": 35.988927837348037, "height_m": 31.03, "crown_diameter_m": 21.94, "site_id": 362 }, "geometry": { "type": "Point", "coordinates": [ -73.92910816774868, 40.870384013444991 ] } },
{ "type": "Feature", "properties": { "Height": 82.156997680664105, "Radius": 22.039530083839459, "height_m": 25.04, "crown_diameter_m": 13.44, "site_id": 363 }, "geometry": { "type": "Point", "coordinates": [ -73.929685560539269, 40.870399384165943 ] } },
{ "type": "Feature", "properties": { "Height": 87.303749084472699, "Radius": 20.113971893676243, "height_m": 26.61, "crown_diameter_m": 12.26, "site_id": 364 }, "geometry": { "type": "Point", "coordinates": [ -73.929527594176406, 40.870389945232851 ] } },
{ "type": "Feature", "properties": { "Height": 88.601753234863295, "Radius": 12.360774464742066, "height_m": 27.01, "crown_diameter_m": 7.54, "site_id": 365 }, "geometry": { "type": "Point", "coordinates": [ -73.925803790441975, 40.870385219306854 ] } },
{ "type": "Feature", "properties": { "Height": 76.241500854492202, "Radius": 19.157538953892555, "height_m": 23.24, "crown_diameter_m": 11.68, "site_id": 366 }, "geometry": { "type": "Point", "coordinates": [ -73.928049722082051, 40.870388048091229 ] } },
{ "type": "Feature", "properties": { "Height": 69.351753234863295, "Radius": 25.136529674456348, "height_m": 21.14, "crown_diameter_m": 15.32, "site_id": 367 }, "geometry": { "type": "Point", "coordinates": [ -73.927091981352632, 40.870389161484788 ] } },
{ "type": "Feature", "properties": { "Height": 92.034500122070298, "Radius": 34.595450164017997, "height_m": 28.05, "crown_diameter_m": 21.09, "site_id": 368 }, "geometry": { "type": "Point", "coordinates": [ -73.92761940277866, 40.870400357906881 ] } },
{ "type": "Feature", "properties": { "Height": 79.996246337890597, "Radius": 22.560529869838636, "height_m": 24.38, "crown_diameter_m": 13.75, "site_id": 369 }, "geometry": { "type": "Point", "coordinates": [ -73.926940017863572, 40.87039153901501 ] } },
{ "type": "Feature", "properties": { "Height": 69.660499572753906, "Radius": 23.303147122857609, "height_m": 21.23, "crown_diameter_m": 14.21, "site_id": 370 }, "geometry": { "type": "Point", "coordinates": [ -73.927256831585453, 40.870384129133519 ] } },
{ "type": "Feature", "properties": { "Height": 100.65274810791, "Radius": 21.881902254876451, "height_m": 30.68, "crown_diameter_m": 13.34, "site_id": 371 }, "geometry": { "type": "Point", "coordinates": [ -73.926060954548035, 40.870398418944966 ] } },
{ "type": "Feature", "properties": { "Height": 82.337997436523395, "Radius": 17.954618827272107, "height_m": 25.1, "crown_diameter_m": 10.95, "site_id": 372 }, "geometry": { "type": "Point", "coordinates": [ -73.925957075313164, 40.8704159812062 ] } },
{ "type": "Feature", "properties": { "Height": 76.350250244140597, "Radius": 17.122015219455658, "height_m": 23.27, "crown_diameter_m": 10.44, "site_id": 373 }, "geometry": { "type": "Point", "coordinates": [ -73.92623111568426, 40.870423359727177 ] } },
{ "type": "Feature", "properties": { "Height": 109.467498779297, "Radius": 20.867389014906145, "height_m": 33.37, "crown_diameter_m": 12.72, "site_id": 374 }, "geometry": { "type": "Point", "coordinates": [ -73.926369216031105, 40.870398071254854 ] } },
{ "type": "Feature", "properties": { "Height": 99.461502075195298, "Radius": 17.921346912535476, "height_m": 30.32, "crown_diameter_m": 10.92, "site_id": 375 }, "geometry": { "type": "Point", "coordinates": [ -73.928602614400788, 40.87041287308849 ] } },
{ "type": "Feature", "properties": { "Height": 94.031997680664105, "Radius": 33.047257367239808, "height_m": 28.66, "crown_diameter_m": 20.15, "site_id": 376 }, "geometry": { "type": "Point", "coordinates": [ -73.929367258528785, 40.870481382781904 ] } },
{ "type": "Feature", "properties": { "Height": 63.302501678466797, "Radius": 14.317526556719258, "height_m": 19.29, "crown_diameter_m": 8.73, "site_id": 377 }, "geometry": { "type": "Point", "coordinates": [ -73.927177758244838, 40.870448363349709 ] } },
{ "type": "Feature", "properties": { "Height": 66.489753723144503, "Radius": 13.074112164146964, "height_m": 20.27, "crown_diameter_m": 7.97, "site_id": 378 }, "geometry": { "type": "Point", "coordinates": [ -73.927000626578305, 40.870452333347167 ] } },
{ "type": "Feature", "properties": { "Height": 112.001502990723, "Radius": 32.477675183755629, "height_m": 34.14, "crown_diameter_m": 19.8, "site_id": 379 }, "geometry": { "type": "Point", "coordinates": [ -73.926576899643791, 40.870483084554387 ] } },
{ "type": "Feature", "properties": { "Height": 70.369499206542997, "Radius": 12.69113085619237, "height_m": 21.45, "crown_diameter_m": 7.74, "site_id": 380 }, "geometry": { "type": "Point", "coordinates": [ -73.927946021486306, 40.870435022215823 ] } },
{ "type": "Feature", "properties": { "Height": 119.432746887207, "Radius": 25.388531259649032, "height_m": 36.4, "crown_diameter_m": 15.48, "site_id": 381 }, "geometry": { "type": "Point", "coordinates": [ -73.925828612608996, 40.870459747105976 ] } },
{ "type": "Feature", "properties": { "Height": 90.183250427246094, "Radius": 18.493890145247512, "height_m": 27.49, "crown_diameter_m": 11.27, "site_id": 382 }, "geometry": { "type": "Point", "coordinates": [ -73.928717094136687, 40.870434322365369 ] } },
{ "type": "Feature", "properties": { "Height": 72.697250366210895, "Radius": 18.635345068619351, "height_m": 22.16, "crown_diameter_m": 11.36, "site_id": 383 }, "geometry": { "type": "Point", "coordinates": [ -73.928035749905419, 40.870467462484179 ] } },
{ "type": "Feature", "properties": { "Height": 106.885498046875, "Radius": 36.144478836605501, "height_m": 32.58, "crown_diameter_m": 22.03, "site_id": 384 }, "geometry": { "type": "Point", "coordinates": [ -73.926800463893628, 40.870515524415055 ] } },
{ "type": "Feature", "properties": { "Height": 85.759750366210895, "Radius": 31.644950654633753, "height_m": 26.14, "crown_diameter_m": 19.29, "site_id": 385 }, "geometry": { "type": "Point", "coordinates": [ -73.927803626350567, 40.870490812142208 ] } },
{ "type": "Feature", "properties": { "Height": 100.344375610352, "Radius": 16.400361393131039, "height_m": 30.58, "crown_diameter_m": 10.0, "site_id": 386 }, "geometry": { "type": "Point", "coordinates": [ -73.928524501432378, 40.870456670428283 ] } },
{ "type": "Feature", "properties": { "Height": 118.10700225830099, "Radius": 15.827503922812443, "height_m": 36.0, "crown_diameter_m": 9.65, "site_id": 387 }, "geometry": { "type": "Point", "coordinates": [ -73.926281819675637, 40.870481031513201 ] } },
{ "type": "Feature", "properties": { "Height": 74.0782470703125, "Radius": 25.780439141949365, "height_m": 22.58, "crown_diameter_m": 15.72, "site_id": 388 }, "geometry": { "type": "Point", "coordinates": [ -73.930137508334752, 40.870417548678034 ] } },
{ "type": "Feature", "properties": { "Height": 83.964248657226605, "Radius": 49.272198062637429, "height_m": 25.59, "crown_diameter_m": 30.04, "site_id": 389 }, "geometry": { "type": "Point", "coordinates": [ -73.927361359747977, 40.870532307364641 ] } },
{ "type": "Feature", "properties": { "Height": 126.63849639892599, "Radius": 31.609725287178932, "height_m": 38.6, "crown_diameter_m": 19.27, "site_id": 390 }, "geometry": { "type": "Point", "coordinates": [ -73.926424913319849, 40.870527330515721 ] } },
{ "type": "Feature", "properties": { "Height": 90.735252380371094, "Radius": 32.005018571146593, "height_m": 27.66, "crown_diameter_m": 19.51, "site_id": 391 }, "geometry": { "type": "Point", "coordinates": [ -73.928216296185511, 40.870464027912327 ] } },
{ "type": "Feature", "properties": { "Height": 80.538749694824205, "Radius": 22.764193258431348, "height_m": 24.55, "crown_diameter_m": 13.88, "site_id": 392 }, "geometry": { "type": "Point", "coordinates": [ -73.929959046196004, 40.870526031328822 ] } },
{ "type": "Feature", "properties": { "Height": 94.013000488281307, "Radius": 17.233198304710495, "height_m": 28.66, "crown_diameter_m": 10.51, "site_id": 393 }, "geometry": { "type": "Point", "coordinates": [ -73.925998734211234, 40.870506417898717 ] } },
{ "type": "Feature", "properties": { "Height": 86.650497436523395, "Radius": 15.012108426804136, "height_m": 26.41, "crown_diameter_m": 9.15, "site_id": 394 }, "geometry": { "type": "Point", "coordinates": [ -73.928086841992908, 40.870509981194111 ] } },
{ "type": "Feature", "properties": { "Height": 93.740997314453097, "Radius": 30.492346212498184, "height_m": 28.57, "crown_diameter_m": 18.59, "site_id": 395 }, "geometry": { "type": "Point", "coordinates": [ -73.929006646842268, 40.870525624020814 ] } },
{ "type": "Feature", "properties": { "Height": 59.727249145507798, "Radius": 15.558748935655874, "height_m": 18.2, "crown_diameter_m": 9.48, "site_id": 396 }, "geometry": { "type": "Point", "coordinates": [ -73.927639666956736, 40.87052074524675 ] } },
{ "type": "Feature", "properties": { "Height": 98.428375244140597, "Radius": 17.462556255144076, "height_m": 30.0, "crown_diameter_m": 10.65, "site_id": 397 }, "geometry": { "type": "Point", "coordinates": [ -73.928483668470619, 40.870534847170852 ] } },
{ "type": "Feature", "properties": { "Height": 58.810501098632798, "Radius": 18.299234963936271, "height_m": 17.93, "crown_diameter_m": 11.16, "site_id": 398 }, "geometry": { "type": "Point", "coordinates": [ -73.927083287462338, 40.870521021760091 ] } },
{ "type": "Feature", "properties": { "Height": 100.75675201416, "Radius": 33.119418288812724, "height_m": 30.71, "crown_diameter_m": 20.19, "site_id": 399 }, "geometry": { "type": "Point", "coordinates": [ -73.929631745642325, 40.870536804659594 ] } },
{ "type": "Feature", "properties": { "Height": 61.7239990234375, "Radius": 17.616814099864822, "height_m": 18.81, "crown_diameter_m": 10.74, "site_id": 400 }, "geometry": { "type": "Point", "coordinates": [ -73.927011356676445, 40.870548093602864 ] } },
{ "type": "Feature", "properties": { "Height": 45.246250152587898, "Radius": 11.672044863118989, "height_m": 13.79, "crown_diameter_m": 7.12, "site_id": 401 }, "geometry": { "type": "Point", "coordinates": [ -73.928312431400855, 40.870548476974399 ] } },
{ "type": "Feature", "properties": { "Height": 78.305252075195298, "Radius": 16.564513934626259, "height_m": 23.87, "crown_diameter_m": 10.1, "site_id": 402 }, "geometry": { "type": "Point", "coordinates": [ -73.930076463332782, 40.870515136385791 ] } },
{ "type": "Feature", "properties": { "Height": 99.3697509765625, "Radius": 16.244349652921244, "height_m": 30.29, "crown_diameter_m": 9.9, "site_id": 403 }, "geometry": { "type": "Point", "coordinates": [ -73.928583158214565, 40.870530424352978 ] } },
{ "type": "Feature", "properties": { "Height": 96.072250366210895, "Radius": 13.255453865237978, "height_m": 29.28, "crown_diameter_m": 8.08, "site_id": 404 }, "geometry": { "type": "Point", "coordinates": [ -73.925855795726193, 40.870535111168692 ] } },
{ "type": "Feature", "properties": { "Height": 81.361999511718807, "Radius": 15.645456288499071, "height_m": 24.8, "crown_diameter_m": 9.54, "site_id": 405 }, "geometry": { "type": "Point", "coordinates": [ -73.926897513918078, 40.870556134943577 ] } },
{ "type": "Feature", "properties": { "Height": 94.020248413085895, "Radius": 14.494292838262302, "height_m": 28.66, "crown_diameter_m": 8.84, "site_id": 406 }, "geometry": { "type": "Point", "coordinates": [ -73.928881154568515, 40.870542183276257 ] } },
{ "type": "Feature", "properties": { "Height": 99.366996765136705, "Radius": 13.692498784453212, "height_m": 30.29, "crown_diameter_m": 8.35, "site_id": 407 }, "geometry": { "type": "Point", "coordinates": [ -73.9281133341687, 40.87058055189128 ] } },
{ "type": "Feature", "properties": { "Height": 104.953750610352, "Radius": 32.513183972296055, "height_m": 31.99, "crown_diameter_m": 19.82, "site_id": 408 }, "geometry": { "type": "Point", "coordinates": [ -73.92924017137959, 40.870573315057079 ] } },
{ "type": "Feature", "properties": { "Height": 96.673751831054702, "Radius": 25.306905994249611, "height_m": 29.47, "crown_diameter_m": 15.43, "site_id": 409 }, "geometry": { "type": "Point", "coordinates": [ -73.929511293470384, 40.870599639284833 ] } },
{ "type": "Feature", "properties": { "Height": 77.623497009277301, "Radius": 11.928307471060361, "height_m": 23.66, "crown_diameter_m": 7.27, "site_id": 410 }, "geometry": { "type": "Point", "coordinates": [ -73.929992327095619, 40.870587418027512 ] } },
{ "type": "Feature", "properties": { "Height": 68.412002563476605, "Radius": 13.086279790944385, "height_m": 20.85, "crown_diameter_m": 7.98, "site_id": 411 }, "geometry": { "type": "Point", "coordinates": [ -73.928040953348741, 40.870589727782608 ] } },
{ "type": "Feature", "properties": { "Height": 91.924003601074205, "Radius": 20.567786432629493, "height_m": 28.02, "crown_diameter_m": 12.54, "site_id": 412 }, "geometry": { "type": "Point", "coordinates": [ -73.928952134488426, 40.870632712605925 ] } },
{ "type": "Feature", "properties": { "Height": 84.263999938964801, "Radius": 18.264412411041661, "height_m": 25.68, "crown_diameter_m": 11.13, "site_id": 413 }, "geometry": { "type": "Point", "coordinates": [ -73.929119639775905, 40.870610099887976 ] } },
{ "type": "Feature", "properties": { "Height": 80.668998718261705, "Radius": 37.159497928057156, "height_m": 24.59, "crown_diameter_m": 22.65, "site_id": 414 }, "geometry": { "type": "Point", "coordinates": [ -73.930143546018869, 40.870603043999431 ] } },
{ "type": "Feature", "properties": { "Height": 34.876750946044901, "Radius": 12.218319713454786, "height_m": 10.63, "crown_diameter_m": 7.45, "site_id": 415 }, "geometry": { "type": "Point", "coordinates": [ -73.927716800672272, 40.870611236873394 ] } },
{ "type": "Feature", "properties": { "Height": 100.862998962402, "Radius": 45.735909491960257, "height_m": 30.74, "crown_diameter_m": 27.88, "site_id": 416 }, "geometry": { "type": "Point", "coordinates": [ -73.928719939240423, 40.870595444964991 ] } },
{ "type": "Feature", "properties": { "Height": 96.994003295898395, "Radius": 28.596120324375441, "height_m": 29.56, "crown_diameter_m": 17.43, "site_id": 417 }, "geometry": { "type": "Point", "coordinates": [ -73.927910095099321, 40.870580202682063 ] } },
{ "type": "Feature", "properties": { "Height": 83.457000732421903, "Radius": 27.803157349433096, "height_m": 25.44, "crown_diameter_m": 16.95, "site_id": 418 }, "geometry": { "type": "Point", "coordinates": [ -73.927583212122599, 40.870619815818237 ] } },
{ "type": "Feature", "properties": { "Height": 70.672248840332003, "Radius": 16.746074457254739, "height_m": 21.54, "crown_diameter_m": 10.21, "site_id": 419 }, "geometry": { "type": "Point", "coordinates": [ -73.928216158636332, 40.870593641469881 ] } },
{ "type": "Feature", "properties": { "Height": 115.44075012207, "Radius": 39.533549564419488, "height_m": 35.19, "crown_diameter_m": 24.1, "site_id": 420 }, "geometry": { "type": "Point", "coordinates": [ -73.926154132896471, 40.870588862640005 ] } },
{ "type": "Feature", "properties": { "Height": 125.060752868652, "Radius": 26.360396080848538, "height_m": 38.12, "crown_diameter_m": 16.07, "site_id": 421 }, "geometry": { "type": "Point", "coordinates": [ -73.926336234747566, 40.87063685981569 ] } },
{ "type": "Feature", "properties": { "Height": 123.263748168945, "Radius": 22.708192698181442, "height_m": 37.57, "crown_diameter_m": 13.84, "site_id": 422 }, "geometry": { "type": "Point", "coordinates": [ -73.925806670132957, 40.870608952987197 ] } },
{ "type": "Feature", "properties": { "Height": 50.724998474121101, "Radius": 16.684183991664831, "height_m": 15.46, "crown_diameter_m": 10.17, "site_id": 423 }, "geometry": { "type": "Point", "coordinates": [ -73.928442695286165, 40.870594422416069 ] } },
{ "type": "Feature", "properties": { "Height": 99.668502807617202, "Radius": 11.141851534268367, "height_m": 30.38, "crown_diameter_m": 6.79, "site_id": 424 }, "geometry": { "type": "Point", "coordinates": [ -73.927874103473428, 40.870666176862201 ] } },
{ "type": "Feature", "properties": { "Height": 66.144996643066406, "Radius": 19.994929783493642, "height_m": 20.16, "crown_diameter_m": 12.19, "site_id": 425 }, "geometry": { "type": "Point", "coordinates": [ -73.929939846159229, 40.870670674175415 ] } },
{ "type": "Feature", "properties": { "Height": 75.536247253417997, "Radius": 30.213129200788945, "height_m": 23.02, "crown_diameter_m": 18.42, "site_id": 426 }, "geometry": { "type": "Point", "coordinates": [ -73.930166701514054, 40.870729706343056 ] } },
{ "type": "Feature", "properties": { "Height": 65.104248046875, "Radius": 18.290535541070522, "height_m": 19.84, "crown_diameter_m": 11.15, "site_id": 427 }, "geometry": { "type": "Point", "coordinates": [ -73.929846310047608, 40.870705511284854 ] } },
{ "type": "Feature", "properties": { "Height": 126.331497192383, "Radius": 35.274258958799372, "height_m": 38.51, "crown_diameter_m": 21.5, "site_id": 428 }, "geometry": { "type": "Point", "coordinates": [ -73.925979067084711, 40.87064945602225 ] } },
{ "type": "Feature", "properties": { "Height": 110.54824829101599, "Radius": 23.159278015941847, "height_m": 33.7, "crown_diameter_m": 14.12, "site_id": 429 }, "geometry": { "type": "Point", "coordinates": [ -73.928025825031739, 40.870679630342771 ] } },
{ "type": "Feature", "properties": { "Height": 114.91750335693401, "Radius": 15.635280380893438, "height_m": 35.03, "crown_diameter_m": 9.53, "site_id": 430 }, "geometry": { "type": "Point", "coordinates": [ -73.92823987277103, 40.870675208977502 ] } },
{ "type": "Feature", "properties": { "Height": 101.36499786377, "Radius": 36.52446759360452, "height_m": 30.9, "crown_diameter_m": 22.27, "site_id": 431 }, "geometry": { "type": "Point", "coordinates": [ -73.92939704548985, 40.870712456502154 ] } },
{ "type": "Feature", "properties": { "Height": 112.539749145508, "Radius": 36.533181530885514, "height_m": 34.3, "crown_diameter_m": 22.27, "site_id": 432 }, "geometry": { "type": "Point", "coordinates": [ -73.926499178697199, 40.870705389152043 ] } },
{ "type": "Feature", "properties": { "Height": 72.770248413085895, "Radius": 25.096925853302746, "height_m": 22.18, "crown_diameter_m": 15.3, "site_id": 433 }, "geometry": { "type": "Point", "coordinates": [ -73.927380703147662, 40.870699235925777 ] } },
{ "type": "Feature", "properties": { "Height": 112.14174652099599, "Radius": 14.194722891072566, "height_m": 34.18, "crown_diameter_m": 8.65, "site_id": 434 }, "geometry": { "type": "Point", "coordinates": [ -73.928426844594199, 40.870705718390468 ] } },
{ "type": "Feature", "properties": { "Height": 75.377746582031307, "Radius": 23.459705735830831, "height_m": 22.98, "crown_diameter_m": 14.3, "site_id": 435 }, "geometry": { "type": "Point", "coordinates": [ -73.929086820277405, 40.870700785048591 ] } },
{ "type": "Feature", "properties": { "Height": 112.04074859619099, "Radius": 44.15211569631834, "height_m": 34.15, "crown_diameter_m": 26.92, "site_id": 436 }, "geometry": { "type": "Point", "coordinates": [ -73.928260564393824, 40.870720483105494 ] } },
{ "type": "Feature", "properties": { "Height": 61.590000152587898, "Radius": 13.354142193883842, "height_m": 18.77, "crown_diameter_m": 8.14, "site_id": 437 }, "geometry": { "type": "Point", "coordinates": [ -73.926277934026274, 40.870746995575423 ] } },
{ "type": "Feature", "properties": { "Height": 106.734748840332, "Radius": 15.389040103942165, "height_m": 32.53, "crown_diameter_m": 9.38, "site_id": 438 }, "geometry": { "type": "Point", "coordinates": [ -73.926602579871044, 40.870737542980613 ] } },
{ "type": "Feature", "properties": { "Height": 99.535003662109403, "Radius": 12.825234254604235, "height_m": 30.34, "crown_diameter_m": 7.82, "site_id": 439 }, "geometry": { "type": "Point", "coordinates": [ -73.926356080486968, 40.870746366505315 ] } },
{ "type": "Feature", "properties": { "Height": 106.23687744140599, "Radius": 21.513311565429245, "height_m": 32.38, "crown_diameter_m": 13.11, "site_id": 440 }, "geometry": { "type": "Point", "coordinates": [ -73.928814308798351, 40.870729902054784 ] } },
{ "type": "Feature", "properties": { "Height": 104.373497009277, "Radius": 40.74976194714872, "height_m": 31.81, "crown_diameter_m": 24.84, "site_id": 441 }, "geometry": { "type": "Point", "coordinates": [ -73.926746542484423, 40.87082489271161 ] } },
{ "type": "Feature", "properties": { "Height": 99.4844970703125, "Radius": 54.558912201836641, "height_m": 30.32, "crown_diameter_m": 33.26, "site_id": 442 }, "geometry": { "type": "Point", "coordinates": [ -73.926959036455202, 40.870725734122658 ] } },
{ "type": "Feature", "properties": { "Height": 111.350997924805, "Radius": 21.905527919273357, "height_m": 33.94, "crown_diameter_m": 13.35, "site_id": 443 }, "geometry": { "type": "Point", "coordinates": [ -73.928542549275164, 40.870721385660573 ] } },
{ "type": "Feature", "properties": { "Height": 107.988250732422, "Radius": 24.585981246698665, "height_m": 32.91, "crown_diameter_m": 14.99, "site_id": 444 }, "geometry": { "type": "Point", "coordinates": [ -73.928650537231988, 40.870773711439639 ] } },
{ "type": "Feature", "properties": { "Height": 95.740997314453097, "Radius": 14.211531331408843, "height_m": 29.18, "crown_diameter_m": 8.66, "site_id": 445 }, "geometry": { "type": "Point", "coordinates": [ -73.929228298901407, 40.870739823441347 ] } },
{ "type": "Feature", "properties": { "Height": 100.84425354003901, "Radius": 20.342144725641095, "height_m": 30.74, "crown_diameter_m": 12.4, "site_id": 446 }, "geometry": { "type": "Point", "coordinates": [ -73.925875639204634, 40.870760838615602 ] } },
{ "type": "Feature", "properties": { "Height": 103.25749969482401, "Radius": 17.778687155707086, "height_m": 31.47, "crown_diameter_m": 10.84, "site_id": 447 }, "geometry": { "type": "Point", "coordinates": [ -73.925988280412511, 40.870776557806934 ] } },
{ "type": "Feature", "properties": { "Height": 77.836746215820298, "Radius": 35.807153217594788, "height_m": 23.72, "crown_diameter_m": 21.83, "site_id": 448 }, "geometry": { "type": "Point", "coordinates": [ -73.927204115555128, 40.87074308021716 ] } },
{ "type": "Feature", "properties": { "Height": 109.99900054931599, "Radius": 31.321415504706088, "height_m": 33.53, "crown_diameter_m": 19.09, "site_id": 449 }, "geometry": { "type": "Point", "coordinates": [ -73.927832529965016, 40.87073945605168 ] } },
{ "type": "Feature", "properties": { "Height": 68.326499938964801, "Radius": 24.47568601281472, "height_m": 20.83, "crown_diameter_m": 14.92, "site_id": 450 }, "geometry": { "type": "Point", "coordinates": [ -73.929976048963411, 40.87078828646127 ] } },
{ "type": "Feature", "properties": { "Height": 93.056747436523395, "Radius": 33.119418288812724, "height_m": 28.36, "crown_diameter_m": 20.19, "site_id": 451 }, "geometry": { "type": "Point", "coordinates": [ -73.927550563612598, 40.87075850209991 ] } },
{ "type": "Feature", "properties": { "Height": 42.669998168945298, "Radius": 14.017017416231772, "height_m": 13.01, "crown_diameter_m": 8.54, "site_id": 452 }, "geometry": { "type": "Point", "coordinates": [ -73.927355884641884, 40.870804276716889 ] } },
{ "type": "Feature", "properties": { "Height": 101.09649658203099, "Radius": 20.326490898985991, "height_m": 30.81, "crown_diameter_m": 12.39, "site_id": 453 }, "geometry": { "type": "Point", "coordinates": [ -73.92578583202139, 40.870749603127031 ] } },
{ "type": "Feature", "properties": { "Height": 109.12149810791, "Radius": 27.994266194785183, "height_m": 33.26, "crown_diameter_m": 17.07, "site_id": 454 }, "geometry": { "type": "Point", "coordinates": [ -73.927737585637814, 40.87077548912189 ] } },
{ "type": "Feature", "properties": { "Height": 99.940750122070298, "Radius": 24.260152092553522, "height_m": 30.46, "crown_diameter_m": 14.79, "site_id": 455 }, "geometry": { "type": "Point", "coordinates": [ -73.92895767958764, 40.870843159320998 ] } },
{ "type": "Feature", "properties": { "Height": 120.31224822998, "Radius": 32.198374171697026, "height_m": 36.67, "crown_diameter_m": 19.63, "site_id": 456 }, "geometry": { "type": "Point", "coordinates": [ -73.926150455904008, 40.870819225106366 ] } },
{ "type": "Feature", "properties": { "Height": 118.049751281738, "Radius": 15.430353037616328, "height_m": 35.98, "crown_diameter_m": 9.41, "site_id": 457 }, "geometry": { "type": "Point", "coordinates": [ -73.928540744005119, 40.87084261372955 ] } },
{ "type": "Feature", "properties": { "Height": 125.673126220703, "Radius": 21.988922600099762, "height_m": 38.31, "crown_diameter_m": 13.4, "site_id": 458 }, "geometry": { "type": "Point", "coordinates": [ -73.928432913829752, 40.870784744538028 ] } },
{ "type": "Feature", "properties": { "Height": 105.467498779297, "Radius": 23.943184938871582, "height_m": 32.15, "crown_diameter_m": 14.6, "site_id": 459 }, "geometry": { "type": "Point", "coordinates": [ -73.928836433612503, 40.870792002593596 ] } },
{ "type": "Feature", "properties": { "Height": 86.870246887207003, "Radius": 30.069240624017386, "height_m": 26.48, "crown_diameter_m": 18.33, "site_id": 460 }, "geometry": { "type": "Point", "coordinates": [ -73.929796517462208, 40.870807328071372 ] } },
{ "type": "Feature", "properties": { "Height": 44.5877494812012, "Radius": 18.342670189922369, "height_m": 13.59, "crown_diameter_m": 11.18, "site_id": 461 }, "geometry": { "type": "Point", "coordinates": [ -73.927448463984064, 40.870855074795166 ] } },
{ "type": "Feature", "properties": { "Height": 117.678253173828, "Radius": 12.741194683142286, "height_m": 35.87, "crown_diameter_m": 7.77, "site_id": 462 }, "geometry": { "type": "Point", "coordinates": [ -73.928314147900508, 40.870842279581836 ] } },
{ "type": "Feature", "properties": { "Height": 114.037246704102, "Radius": 17.471667947000803, "height_m": 34.76, "crown_diameter_m": 10.65, "site_id": 463 }, "geometry": { "type": "Point", "coordinates": [ -73.929211527155545, 40.870823836850349 ] } },
{ "type": "Feature", "properties": { "Height": 117.927001953125, "Radius": 38.493278896263767, "height_m": 35.94, "crown_diameter_m": 23.47, "site_id": 464 }, "geometry": { "type": "Point", "coordinates": [ -73.926363449572165, 40.87089520487681 ] } },
{ "type": "Feature", "properties": { "Height": 105.224250793457, "Radius": 27.622251848510583, "height_m": 32.07, "crown_diameter_m": 16.84, "site_id": 465 }, "geometry": { "type": "Point", "coordinates": [ -73.925969550468778, 40.870887504007449 ] } },
{ "type": "Feature", "properties": { "Height": 62.744499206542997, "Radius": 15.001502909106808, "height_m": 19.12, "crown_diameter_m": 9.14, "site_id": 466 }, "geometry": { "type": "Point", "coordinates": [ -73.929961597029475, 40.870878172571523 ] } },
{ "type": "Feature", "properties": { "Height": 126.489250183105, "Radius": 25.073133533983871, "height_m": 38.55, "crown_diameter_m": 15.28, "site_id": 467 }, "geometry": { "type": "Point", "coordinates": [ -73.928389186202338, 40.870887050742297 ] } },
{ "type": "Feature", "properties": { "Height": 111.53475189209, "Radius": 38.151691077158411, "height_m": 34.0, "crown_diameter_m": 23.26, "site_id": 468 }, "geometry": { "type": "Point", "coordinates": [ -73.928023490394736, 40.870828757014728 ] } },
{ "type": "Feature", "properties": { "Height": 110.536247253418, "Radius": 28.355789047393042, "height_m": 33.69, "crown_diameter_m": 17.29, "site_id": 469 }, "geometry": { "type": "Point", "coordinates": [ -73.929083162974351, 40.870812089503289 ] } },
{ "type": "Feature", "properties": { "Height": 97.316253662109403, "Radius": 20.668136521192402, "height_m": 29.66, "crown_diameter_m": 12.6, "site_id": 470 }, "geometry": { "type": "Point", "coordinates": [ -73.929411408238408, 40.870844717356498 ] } },
{ "type": "Feature", "properties": { "Height": 107.911003112793, "Radius": 11.507254783503184, "height_m": 32.89, "crown_diameter_m": 7.01, "site_id": 471 }, "geometry": { "type": "Point", "coordinates": [ -73.928632993523479, 40.870882186961872 ] } },
{ "type": "Feature", "properties": { "Height": 108.12799835205099, "Radius": 23.695962509005764, "height_m": 32.96, "crown_diameter_m": 14.45, "site_id": 472 }, "geometry": { "type": "Point", "coordinates": [ -73.928717093130359, 40.870913304000027 ] } },
{ "type": "Feature", "properties": { "Height": 105.788497924805, "Radius": 21.70480664627101, "height_m": 32.24, "crown_diameter_m": 13.23, "site_id": 473 }, "geometry": { "type": "Point", "coordinates": [ -73.928849891442994, 40.870913075287682 ] } },
{ "type": "Feature", "properties": { "Height": 68.799247741699205, "Radius": 21.241569237359165, "height_m": 20.97, "crown_diameter_m": 12.95, "site_id": 474 }, "geometry": { "type": "Point", "coordinates": [ -73.927346815038959, 40.870884148853975 ] } },
{ "type": "Feature", "properties": { "Height": 114.311248779297, "Radius": 27.60496092234138, "height_m": 34.84, "crown_diameter_m": 16.83, "site_id": 475 }, "geometry": { "type": "Point", "coordinates": [ -73.929256328895946, 40.870878115163805 ] } },
{ "type": "Feature", "properties": { "Height": 107.76999664306599, "Radius": 29.903378534236129, "height_m": 32.85, "crown_diameter_m": 18.23, "site_id": 476 }, "geometry": { "type": "Point", "coordinates": [ -73.927664649318459, 40.870900317789989 ] } },
{ "type": "Feature", "properties": { "Height": 102.60500335693401, "Radius": 25.43237481489809, "height_m": 31.27, "crown_diameter_m": 15.5, "site_id": 477 }, "geometry": { "type": "Point", "coordinates": [ -73.925799291359169, 40.870907925796622 ] } },
{ "type": "Feature", "properties": { "Height": 59.845748901367202, "Radius": 29.900717262612982, "height_m": 18.24, "crown_diameter_m": 18.23, "site_id": 478 }, "geometry": { "type": "Point", "coordinates": [ -73.930065426154727, 40.870928235174055 ] } },
{ "type": "Feature", "properties": { "Height": 67.392250061035199, "Radius": 29.396118170898788, "height_m": 20.54, "crown_diameter_m": 17.92, "site_id": 479 }, "geometry": { "type": "Point", "coordinates": [ -73.930432853243872, 40.870875997498146 ] } },
{ "type": "Feature", "properties": { "Height": 50.116001129150398, "Radius": 32.527865925617071, "height_m": 15.28, "crown_diameter_m": 19.83, "site_id": 480 }, "geometry": { "type": "Point", "coordinates": [ -73.92718308213712, 40.870931499603024 ] } },
{ "type": "Feature", "properties": { "Height": 98.984748840332003, "Radius": 28.30101148563357, "height_m": 30.17, "crown_diameter_m": 17.25, "site_id": 481 }, "geometry": { "type": "Point", "coordinates": [ -73.929385330926422, 40.870954019822037 ] } },
{ "type": "Feature", "properties": { "Height": 111.951248168945, "Radius": 15.243563130520608, "height_m": 34.12, "crown_diameter_m": 9.29, "site_id": 482 }, "geometry": { "type": "Point", "coordinates": [ -73.928000622430318, 40.870937671259242 ] } },
{ "type": "Feature", "properties": { "Height": 103.21499633789099, "Radius": 17.047490316342781, "height_m": 31.46, "crown_diameter_m": 10.39, "site_id": 483 }, "geometry": { "type": "Point", "coordinates": [ -73.928591799077296, 40.870930111597424 ] } },
{ "type": "Feature", "properties": { "Height": 99.845252990722699, "Radius": 18.00993542523911, "height_m": 30.43, "crown_diameter_m": 10.98, "site_id": 484 }, "geometry": { "type": "Point", "coordinates": [ -73.929066819708197, 40.87094684208634 ] } },
{ "type": "Feature", "properties": { "Height": 105.519248962402, "Radius": 32.839517267930155, "height_m": 32.16, "crown_diameter_m": 20.02, "site_id": 485 }, "geometry": { "type": "Point", "coordinates": [ -73.92671052052161, 40.870961660370341 ] } },
{ "type": "Feature", "properties": { "Height": 113.93350219726599, "Radius": 22.60281768552284, "height_m": 34.73, "crown_diameter_m": 13.78, "site_id": 486 }, "geometry": { "type": "Point", "coordinates": [ -73.927813342451842, 40.870965497320377 ] } },
{ "type": "Feature", "properties": { "Height": 99.269996643066406, "Radius": 15.691166207875121, "height_m": 30.26, "crown_diameter_m": 9.57, "site_id": 487 }, "geometry": { "type": "Point", "coordinates": [ -73.926484880698553, 40.870962968430995 ] } },
{ "type": "Feature", "properties": { "Height": 113.567749023438, "Radius": 18.965499502720288, "height_m": 34.62, "crown_diameter_m": 11.56, "site_id": 488 }, "geometry": { "type": "Point", "coordinates": [ -73.927920753105028, 40.870999776726393 ] } },
{ "type": "Feature", "properties": { "Height": 104.941131591797, "Radius": 11.396070970426017, "height_m": 31.99, "crown_diameter_m": 6.95, "site_id": 489 }, "geometry": { "type": "Point", "coordinates": [ -73.92861542120734, 40.870991842101631 ] } },
{ "type": "Feature", "properties": { "Height": 88.759002685546903, "Radius": 30.260501732113099, "height_m": 27.05, "crown_diameter_m": 18.45, "site_id": 490 }, "geometry": { "type": "Point", "coordinates": [ -73.929878864209812, 40.87097007932649 ] } },
{ "type": "Feature", "properties": { "Height": 74.611999511718807, "Radius": 20.082296327732614, "height_m": 22.74, "crown_diameter_m": 12.24, "site_id": 491 }, "geometry": { "type": "Point", "coordinates": [ -73.927344760383463, 40.871004711283938 ] } },
{ "type": "Feature", "properties": { "Height": 103.94875335693401, "Radius": 15.49211587171288, "height_m": 31.68, "crown_diameter_m": 9.44, "site_id": 492 }, "geometry": { "type": "Point", "coordinates": [ -73.928952448977114, 40.870973435195211 ] } },
{ "type": "Feature", "properties": { "Height": 91.218498229980497, "Radius": 12.778613837669742, "height_m": 27.8, "crown_diameter_m": 7.79, "site_id": 493 }, "geometry": { "type": "Point", "coordinates": [ -73.929218772309994, 40.870979213405306 ] } },
{ "type": "Feature", "properties": { "Height": 77.701248168945298, "Radius": 24.118692273854265, "height_m": 23.68, "crown_diameter_m": 14.7, "site_id": 494 }, "geometry": { "type": "Point", "coordinates": [ -73.926917821652196, 40.870980054653728 ] } },
{ "type": "Feature", "properties": { "Height": 96.250747680664105, "Radius": 45.599120101423743, "height_m": 29.34, "crown_diameter_m": 27.8, "site_id": 495 }, "geometry": { "type": "Point", "coordinates": [ -73.929634428723489, 40.870927123106696 ] } },
{ "type": "Feature", "properties": { "Height": 67.141998291015597, "Radius": 31.332846446857591, "height_m": 20.46, "crown_diameter_m": 19.1, "site_id": 496 }, "geometry": { "type": "Point", "coordinates": [ -73.930284182690428, 40.871005397139186 ] } },
{ "type": "Feature", "properties": { "Height": 117.93849945068401, "Radius": 34.104315329816714, "height_m": 35.95, "crown_diameter_m": 20.79, "site_id": 497 }, "geometry": { "type": "Point", "coordinates": [ -73.928408764992128, 40.871002008464345 ] } },
{ "type": "Feature", "properties": { "Height": 87.454002380371094, "Radius": 24.022818811521944, "height_m": 26.66, "crown_diameter_m": 14.64, "site_id": 498 }, "geometry": { "type": "Point", "coordinates": [ -73.929144739852049, 40.871025205452732 ] } },
{ "type": "Feature", "properties": { "Height": 104.154251098633, "Radius": 18.652418223889448, "height_m": 31.75, "crown_diameter_m": 11.37, "site_id": 499 }, "geometry": { "type": "Point", "coordinates": [ -73.927646861201353, 40.871001869150412 ] } },
{ "type": "Feature", "properties": { "Height": 112.52850341796901, "Radius": 37.807017125241607, "height_m": 34.3, "crown_diameter_m": 23.05, "site_id": 500 }, "geometry": { "type": "Point", "coordinates": [ -73.926154353993283, 40.871019997851555 ] } },
{ "type": "Feature", "properties": { "Height": 113.458000183105, "Radius": 21.222829428473098, "height_m": 34.58, "crown_diameter_m": 12.94, "site_id": 501 }, "geometry": { "type": "Point", "coordinates": [ -73.928053393424321, 40.870992240466059 ] } },
{ "type": "Feature", "properties": { "Height": 112.94400024414099, "Radius": 11.269678104867614, "height_m": 34.43, "crown_diameter_m": 6.87, "site_id": 502 }, "geometry": { "type": "Point", "coordinates": [ -73.927837915489363, 40.871018265114763 ] } },
{ "type": "Feature", "properties": { "Height": 55.3742485046387, "Radius": 13.068024102273599, "height_m": 16.88, "crown_diameter_m": 7.97, "site_id": 503 }, "geometry": { "type": "Point", "coordinates": [ -73.92698404130762, 40.871034903012735 ] } },
{ "type": "Feature", "properties": { "Height": 45.604251861572301, "Radius": 15.706373285785542, "height_m": 13.9, "crown_diameter_m": 9.57, "site_id": 504 }, "geometry": { "type": "Point", "coordinates": [ -73.927206286869804, 40.871028727395235 ] } },
{ "type": "Feature", "properties": { "Height": 98.890251159667997, "Radius": 20.238212521045249, "height_m": 30.14, "crown_diameter_m": 12.34, "site_id": 505 }, "geometry": { "type": "Point", "coordinates": [ -73.928886663609191, 40.871025721167072 ] } },
{ "type": "Feature", "properties": { "Height": 96.585746765136705, "Radius": 26.056764711491439, "height_m": 29.44, "crown_diameter_m": 15.88, "site_id": 506 }, "geometry": { "type": "Point", "coordinates": [ -73.929730699020453, 40.871082527762596 ] } },
{ "type": "Feature", "properties": { "Height": 99.253753662109403, "Radius": 37.210858696078077, "height_m": 30.25, "crown_diameter_m": 22.68, "site_id": 507 }, "geometry": { "type": "Point", "coordinates": [ -73.926550657573159, 40.871101522578655 ] } },
{ "type": "Feature", "properties": { "Height": 72.125503540039105, "Radius": 30.074533106787232, "height_m": 21.98, "crown_diameter_m": 18.33, "site_id": 508 }, "geometry": { "type": "Point", "coordinates": [ -73.927326723366861, 40.871082799305178 ] } },
{ "type": "Feature", "properties": { "Height": 90.299751281738295, "Radius": 13.704117368456698, "height_m": 27.52, "crown_diameter_m": 8.35, "site_id": 509 }, "geometry": { "type": "Point", "coordinates": [ -73.929002848186187, 40.871034739062097 ] } },
{ "type": "Feature", "properties": { "Height": 97.759498596191406, "Radius": 22.995484305028722, "height_m": 29.8, "crown_diameter_m": 14.02, "site_id": 510 }, "geometry": { "type": "Point", "coordinates": [ -73.927524717325838, 40.871012230065716 ] } },
{ "type": "Feature", "properties": { "Height": 52.025749206542997, "Radius": 17.823390990813817, "height_m": 15.86, "crown_diameter_m": 10.87, "site_id": 511 }, "geometry": { "type": "Point", "coordinates": [ -73.926752257966257, 40.87106710707598 ] } },
{ "type": "Feature", "properties": { "Height": 92.320747375488295, "Radius": 15.450968080927582, "height_m": 28.14, "crown_diameter_m": 9.42, "site_id": 512 }, "geometry": { "type": "Point", "coordinates": [ -73.92828503484229, 40.871067702425208 ] } },
{ "type": "Feature", "properties": { "Height": 111.38849639892599, "Radius": 21.535494054462344, "height_m": 33.95, "crown_diameter_m": 13.13, "site_id": 513 }, "geometry": { "type": "Point", "coordinates": [ -73.928532538764628, 40.871052227995087 ] } },
{ "type": "Feature", "properties": { "Height": 34.868499755859403, "Radius": 13.116649476232062, "height_m": 10.63, "crown_diameter_m": 8.0, "site_id": 514 }, "geometry": { "type": "Point", "coordinates": [ -73.929926906271163, 40.871076138342239 ] } },
{ "type": "Feature", "properties": { "Height": 99.378753662109403, "Radius": 30.472766783960779, "height_m": 30.29, "crown_diameter_m": 18.58, "site_id": 515 }, "geometry": { "type": "Point", "coordinates": [ -73.928735239291029, 40.871062762101751 ] } },
{ "type": "Feature", "properties": { "Height": 109.675003051758, "Radius": 40.093202980407327, "height_m": 33.43, "crown_diameter_m": 24.44, "site_id": 516 }, "geometry": { "type": "Point", "coordinates": [ -73.928169396008116, 40.871054269951919 ] } },
{ "type": "Feature", "properties": { "Height": 103.61524963378901, "Radius": 22.197831060995757, "height_m": 31.58, "crown_diameter_m": 13.53, "site_id": 517 }, "geometry": { "type": "Point", "coordinates": [ -73.927934753572188, 40.871111212833448 ] } },
{ "type": "Feature", "properties": { "Height": 90.328498840332003, "Radius": 25.117527633433056, "height_m": 27.53, "crown_diameter_m": 15.31, "site_id": 518 }, "geometry": { "type": "Point", "coordinates": [ -73.92906979551303, 40.871107468573051 ] } },
{ "type": "Feature", "properties": { "Height": 84.967498779296903, "Radius": 23.96975895919152, "height_m": 25.9, "crown_diameter_m": 14.61, "site_id": 519 }, "geometry": { "type": "Point", "coordinates": [ -73.92929341404745, 40.871089739212472 ] } },
{ "type": "Feature", "properties": { "Height": 30.40625, "Radius": 11.541780077956624, "height_m": 9.27, "crown_diameter_m": 7.04, "site_id": 520 }, "geometry": { "type": "Point", "coordinates": [ -73.930328161209133, 40.871095683274945 ] } },
{ "type": "Feature", "properties": { "Height": 44.166000366210902, "Radius": 16.071977869513951, "height_m": 13.46, "crown_diameter_m": 9.8, "site_id": 521 }, "geometry": { "type": "Point", "coordinates": [ -73.92710287743725, 40.871080255612839 ] } },
{ "type": "Feature", "properties": { "Height": 49.433250427246101, "Radius": 10.013371767186818, "height_m": 15.07, "crown_diameter_m": 6.1, "site_id": 522 }, "geometry": { "type": "Point", "coordinates": [ -73.926844203820906, 40.871101666723199 ] } },
{ "type": "Feature", "properties": { "Height": 114.856498718262, "Radius": 30.22497929440944, "height_m": 35.01, "crown_diameter_m": 18.43, "site_id": 523 }, "geometry": { "type": "Point", "coordinates": [ -73.925855492674572, 40.871038822733311 ] } },
{ "type": "Feature", "properties": { "Height": 72.262496948242202, "Radius": 23.909925879978971, "height_m": 22.03, "crown_diameter_m": 14.58, "site_id": 524 }, "geometry": { "type": "Point", "coordinates": [ -73.926958377486812, 40.871099935368591 ] } },
{ "type": "Feature", "properties": { "Height": 104.793251037598, "Radius": 11.012541334134653, "height_m": 31.94, "crown_diameter_m": 6.71, "site_id": 525 }, "geometry": { "type": "Point", "coordinates": [ -73.927567667650919, 40.871106433735491 ] } },
{ "type": "Feature", "properties": { "Height": 105.66249847412099, "Radius": 14.025530637433388, "height_m": 32.21, "crown_diameter_m": 8.55, "site_id": 526 }, "geometry": { "type": "Point", "coordinates": [ -73.928026269899334, 40.871138816796368 ] } },
{ "type": "Feature", "properties": { "Height": 94.528747558593807, "Radius": 13.025327993411929, "height_m": 28.81, "crown_diameter_m": 7.94, "site_id": 527 }, "geometry": { "type": "Point", "coordinates": [ -73.92889007326319, 40.871117471351631 ] } },
{ "type": "Feature", "properties": { "Height": 100.88475036621099, "Radius": 27.991423415778637, "height_m": 30.75, "crown_diameter_m": 17.06, "site_id": 528 }, "geometry": { "type": "Point", "coordinates": [ -73.9263554977219, 40.871149381632236 ] } },
{ "type": "Feature", "properties": { "Height": 101.379997253418, "Radius": 12.939513133525306, "height_m": 30.9, "crown_diameter_m": 7.89, "site_id": 529 }, "geometry": { "type": "Point", "coordinates": [ -73.928504662364432, 40.8711232628809 ] } },
{ "type": "Feature", "properties": { "Height": 46.653499603271499, "Radius": 20.7238899324784, "height_m": 14.22, "crown_diameter_m": 12.63, "site_id": 530 }, "geometry": { "type": "Point", "coordinates": [ -73.930381644983427, 40.871129690988681 ] } },
{ "type": "Feature", "properties": { "Height": 122.431503295898, "Radius": 35.974552391263288, "height_m": 37.32, "crown_diameter_m": 21.93, "site_id": 531 }, "geometry": { "type": "Point", "coordinates": [ -73.92602234927142, 40.871107473215581 ] } },
{ "type": "Feature", "properties": { "Height": 102.30825042724599, "Radius": 15.927742441679584, "height_m": 31.18, "crown_diameter_m": 9.71, "site_id": 532 }, "geometry": { "type": "Point", "coordinates": [ -73.928335447669767, 40.871142282494873 ] } },
{ "type": "Feature", "properties": { "Height": 105.486000061035, "Radius": 10.749255261864239, "height_m": 32.15, "crown_diameter_m": 6.55, "site_id": 533 }, "geometry": { "type": "Point", "coordinates": [ -73.925772213355998, 40.871128321889231 ] } },
{ "type": "Feature", "properties": { "Height": 89.129753112792997, "Radius": 17.444318593504988, "height_m": 27.17, "crown_diameter_m": 10.63, "site_id": 534 }, "geometry": { "type": "Point", "coordinates": [ -73.927870662906116, 40.871172908489186 ] } },
{ "type": "Feature", "properties": { "Height": 113.15650177002, "Radius": 19.742605087273859, "height_m": 34.49, "crown_diameter_m": 12.04, "site_id": 535 }, "geometry": { "type": "Point", "coordinates": [ -73.927655811916438, 40.871125816215645 ] } },
{ "type": "Feature", "properties": { "Height": 99.147003173828097, "Radius": 22.086418916987409, "height_m": 30.22, "crown_diameter_m": 13.46, "site_id": 536 }, "geometry": { "type": "Point", "coordinates": [ -73.92986034652678, 40.871152432323996 ] } },
{ "type": "Feature", "properties": { "Height": 38.954750061035199, "Radius": 14.744682168955999, "height_m": 11.87, "crown_diameter_m": 8.99, "site_id": 537 }, "geometry": { "type": "Point", "coordinates": [ -73.925882571329765, 40.871171960263986 ] } },
{ "type": "Feature", "properties": { "Height": 27.2504997253418, "Radius": 16.210021932271381, "height_m": 8.31, "crown_diameter_m": 9.88, "site_id": 538 }, "geometry": { "type": "Point", "coordinates": [ -73.930263581586686, 40.871155193576996 ] } },
{ "type": "Feature", "properties": { "Height": 90.397750854492202, "Radius": 15.128278427043359, "height_m": 27.55, "crown_diameter_m": 9.22, "site_id": 539 }, "geometry": { "type": "Point", "coordinates": [ -73.928798363240347, 40.871150804918898 ] } },
{ "type": "Feature", "properties": { "Height": 92.744247436523395, "Radius": 30.330109974597111, "height_m": 28.27, "crown_diameter_m": 18.49, "site_id": 540 }, "geometry": { "type": "Point", "coordinates": [ -73.92671104736452, 40.871186474895822 ] } },
{ "type": "Feature", "properties": { "Height": 101.91937255859401, "Radius": 21.726793624705916, "height_m": 31.07, "crown_diameter_m": 13.24, "site_id": 541 }, "geometry": { "type": "Point", "coordinates": [ -73.928458598901017, 40.87119797668759 ] } },
{ "type": "Feature", "properties": { "Height": 64.727996826171903, "Radius": 22.767688719988755, "height_m": 19.73, "crown_diameter_m": 13.88, "site_id": 542 }, "geometry": { "type": "Point", "coordinates": [ -73.927430606646453, 40.871166501163373 ] } },
{ "type": "Feature", "properties": { "Height": 81.039001464843807, "Radius": 22.716951885661743, "height_m": 24.7, "crown_diameter_m": 13.85, "site_id": 543 }, "geometry": { "type": "Point", "coordinates": [ -73.929181491105396, 40.871195885011296 ] } },
{ "type": "Feature", "properties": { "Height": 80.099250793457003, "Radius": 24.817929602721396, "height_m": 24.41, "crown_diameter_m": 15.13, "site_id": 544 }, "geometry": { "type": "Point", "coordinates": [ -73.929047247385611, 40.871227218794253 ] } },
{ "type": "Feature", "properties": { "Height": 84.802749633789105, "Radius": 29.77136003072021, "height_m": 25.85, "crown_diameter_m": 18.15, "site_id": 545 }, "geometry": { "type": "Point", "coordinates": [ -73.929564303118624, 40.871130873505166 ] } },
{ "type": "Feature", "properties": { "Height": 95.654998779296903, "Radius": 24.550351718234253, "height_m": 29.16, "crown_diameter_m": 14.97, "site_id": 546 }, "geometry": { "type": "Point", "coordinates": [ -73.928618283209602, 40.871165747133951 ] } },
{ "type": "Feature", "properties": { "Height": 84.8282470703125, "Radius": 12.853125337029409, "height_m": 25.86, "crown_diameter_m": 7.84, "site_id": 547 }, "geometry": { "type": "Point", "coordinates": [ -73.928864938912852, 40.871182736781734 ] } },
{ "type": "Feature", "properties": { "Height": 78.739997863769503, "Radius": 20.859760650909728, "height_m": 24.0, "crown_diameter_m": 12.72, "site_id": 548 }, "geometry": { "type": "Point", "coordinates": [ -73.926997651486886, 40.87122272023187 ] } },
{ "type": "Feature", "properties": { "Height": 52.289749145507798, "Radius": 16.027354059554529, "height_m": 15.94, "crown_diameter_m": 9.77, "site_id": 549 }, "geometry": { "type": "Point", "coordinates": [ -73.926888255658142, 40.871172868361604 ] } },
{ "type": "Feature", "properties": { "Height": 112.425498962402, "Radius": 26.525911924178391, "height_m": 34.27, "crown_diameter_m": 16.17, "site_id": 550 }, "geometry": { "type": "Point", "coordinates": [ -73.927773852807505, 40.871126277367338 ] } },
{ "type": "Feature", "properties": { "Height": 49.052501678466797, "Radius": 14.494292838262302, "height_m": 14.95, "crown_diameter_m": 8.84, "site_id": 551 }, "geometry": { "type": "Point", "coordinates": [ -73.929744008343135, 40.871196427863026 ] } },
{ "type": "Feature", "properties": { "Height": 90.681747436523395, "Radius": 16.263932962808536, "height_m": 27.64, "crown_diameter_m": 9.91, "site_id": 552 }, "geometry": { "type": "Point", "coordinates": [ -73.928061471464815, 40.871211898988918 ] } },
{ "type": "Feature", "properties": { "Height": 89.692497253417997, "Radius": 22.966050627100454, "height_m": 27.34, "crown_diameter_m": 14.0, "site_id": 553 }, "geometry": { "type": "Point", "coordinates": [ -73.928295807841579, 40.871216792212607 ] } },
{ "type": "Feature", "properties": { "Height": 85.454750061035199, "Radius": 32.569428851416518, "height_m": 26.05, "crown_diameter_m": 19.85, "site_id": 554 }, "geometry": { "type": "Point", "coordinates": [ -73.929459807539146, 40.87123609029949 ] } },
{ "type": "Feature", "properties": { "Height": 53.312248229980497, "Radius": 20.857853123984164, "height_m": 16.25, "crown_diameter_m": 12.71, "site_id": 555 }, "geometry": { "type": "Point", "coordinates": [ -73.926080094336186, 40.871242807734802 ] } },
{ "type": "Feature", "properties": { "Height": 74.537002563476605, "Radius": 12.988619621707652, "height_m": 22.72, "crown_diameter_m": 7.92, "site_id": 556 }, "geometry": { "type": "Point", "coordinates": [ -73.929646716871275, 40.871225651577141 ] } },
{ "type": "Feature", "properties": { "Height": 115.37750244140599, "Radius": 16.303029011918774, "height_m": 35.17, "crown_diameter_m": 9.94, "site_id": 557 }, "geometry": { "type": "Point", "coordinates": [ -73.927733291837427, 40.871241156120377 ] } },
{ "type": "Feature", "properties": { "Height": 88.53125, "Radius": 31.265470738026977, "height_m": 26.98, "crown_diameter_m": 19.06, "site_id": 558 }, "geometry": { "type": "Point", "coordinates": [ -73.929922424519646, 40.871255164458766 ] } },
{ "type": "Feature", "properties": { "Height": 115.049751281738, "Radius": 12.890219570974683, "height_m": 35.07, "crown_diameter_m": 7.86, "site_id": 559 }, "geometry": { "type": "Point", "coordinates": [ -73.927641225182441, 40.871216714096484 ] } },
{ "type": "Feature", "properties": { "Height": 99.151504516601605, "Radius": 24.740855101055612, "height_m": 30.22, "crown_diameter_m": 15.08, "site_id": 560 }, "geometry": { "type": "Point", "coordinates": [ -73.928695136168031, 40.871237903973523 ] } },
{ "type": "Feature", "properties": { "Height": 108.489753723145, "Radius": 26.602301675947377, "height_m": 33.07, "crown_diameter_m": 16.22, "site_id": 561 }, "geometry": { "type": "Point", "coordinates": [ -73.925810430099062, 40.871243044402746 ] } },
{ "type": "Feature", "properties": { "Height": 61.6242485046387, "Radius": 20.706603214664785, "height_m": 18.78, "crown_diameter_m": 12.62, "site_id": 562 }, "geometry": { "type": "Point", "coordinates": [ -73.926825006980437, 40.871255421987499 ] } },
{ "type": "Feature", "properties": { "Height": 75.335998535156307, "Radius": 33.318249174678584, "height_m": 22.96, "crown_diameter_m": 20.31, "site_id": 563 }, "geometry": { "type": "Point", "coordinates": [ -73.930233746957995, 40.871290986330386 ] } },
{ "type": "Feature", "properties": { "Height": 89.559249877929702, "Radius": 27.204236533623089, "height_m": 27.3, "crown_diameter_m": 16.58, "site_id": 564 }, "geometry": { "type": "Point", "coordinates": [ -73.927281835561445, 40.871214838488704 ] } },
{ "type": "Feature", "properties": { "Height": 65.451499938964801, "Radius": 9.3560257962738884, "height_m": 19.95, "crown_diameter_m": 5.7, "site_id": 565 }, "geometry": { "type": "Point", "coordinates": [ -73.926156605843431, 40.871280345862232 ] } },
{ "type": "Feature", "properties": { "Height": 49.816501617431598, "Radius": 9.6078024018658557, "height_m": 15.18, "crown_diameter_m": 5.86, "site_id": 566 }, "geometry": { "type": "Point", "coordinates": [ -73.926733695961019, 40.87126572957385 ] } },
{ "type": "Feature", "properties": { "Height": 51.786750793457003, "Radius": 16.419758633965078, "height_m": 15.78, "crown_diameter_m": 10.01, "site_id": 567 }, "geometry": { "type": "Point", "coordinates": [ -73.926374237968844, 40.871275029761712 ] } },
{ "type": "Feature", "properties": { "Height": 79.637001037597699, "Radius": 15.522905135351742, "height_m": 24.27, "crown_diameter_m": 9.46, "site_id": 568 }, "geometry": { "type": "Point", "coordinates": [ -73.926934651587104, 40.871281910897849 ] } },
{ "type": "Feature", "properties": { "Height": 94.859001159667997, "Radius": 17.99225261741606, "height_m": 28.91, "crown_diameter_m": 10.97, "site_id": 569 }, "geometry": { "type": "Point", "coordinates": [ -73.928158964250414, 40.871245114814492 ] } },
{ "type": "Feature", "properties": { "Height": 78.305999755859403, "Radius": 20.157444523391572, "height_m": 23.87, "crown_diameter_m": 12.29, "site_id": 570 }, "geometry": { "type": "Point", "coordinates": [ -73.929153109974351, 40.871308129701021 ] } },
{ "type": "Feature", "properties": { "Height": 123.65225219726599, "Radius": 42.767840528644967, "height_m": 37.69, "crown_diameter_m": 26.07, "site_id": 571 }, "geometry": { "type": "Point", "coordinates": [ -73.927531952983031, 40.871319668625347 ] } },
{ "type": "Feature", "properties": { "Height": 100.22274780273401, "Radius": 25.394799259067984, "height_m": 30.55, "crown_diameter_m": 15.48, "site_id": 572 }, "geometry": { "type": "Point", "coordinates": [ -73.92892543468794, 40.871241640798019 ] } },
{ "type": "Feature", "properties": { "Height": 78.764251708984403, "Radius": 12.741194683142286, "height_m": 24.01, "crown_diameter_m": 7.77, "site_id": 573 }, "geometry": { "type": "Point", "coordinates": [ -73.927674338601335, 40.871296283117232 ] } },
{ "type": "Feature", "properties": { "Height": 106.328002929688, "Radius": 22.433188138482972, "height_m": 32.41, "crown_diameter_m": 13.68, "site_id": 574 }, "geometry": { "type": "Point", "coordinates": [ -73.92775515147612, 40.871301979802347 ] } },
{ "type": "Feature", "properties": { "Height": 96.428497314453097, "Radius": 16.727055627203253, "height_m": 29.39, "crown_diameter_m": 10.2, "site_id": 575 }, "geometry": { "type": "Point", "coordinates": [ -73.928552403323124, 40.871297849462096 ] } },
{ "type": "Feature", "properties": { "Height": 103.726753234863, "Radius": 18.618256257075959, "height_m": 31.62, "crown_diameter_m": 11.35, "site_id": 576 }, "geometry": { "type": "Point", "coordinates": [ -73.92879230389569, 40.871290302171055 ] } },
{ "type": "Feature", "properties": { "Height": 61.890499114990199, "Radius": 33.572835849490026, "height_m": 18.86, "crown_diameter_m": 20.47, "site_id": 577 }, "geometry": { "type": "Point", "coordinates": [ -73.929682166003062, 40.871312021933797 ] } },
{ "type": "Feature", "properties": { "Height": 114.48000335693401, "Radius": 44.930182485469615, "height_m": 34.89, "crown_diameter_m": 27.39, "site_id": 578 }, "geometry": { "type": "Point", "coordinates": [ -73.927871504400798, 40.871350766317875 ] } },
{ "type": "Feature", "properties": { "Height": 96.210250854492202, "Radius": 32.586527589007176, "height_m": 29.32, "crown_diameter_m": 19.86, "site_id": 579 }, "geometry": { "type": "Point", "coordinates": [ -73.927137641563121, 40.871232229619345 ] } },
{ "type": "Feature", "properties": { "Height": 96.862503051757798, "Radius": 19.651703982415469, "height_m": 29.52, "crown_diameter_m": 11.98, "site_id": 580 }, "geometry": { "type": "Point", "coordinates": [ -73.927348317071434, 40.871307374049607 ] } },
{ "type": "Feature", "properties": { "Height": 58.017250061035199, "Radius": 19.331213267143124, "height_m": 17.68, "crown_diameter_m": 11.78, "site_id": 581 }, "geometry": { "type": "Point", "coordinates": [ -73.926845556938872, 40.871344647322275 ] } },
{ "type": "Feature", "properties": { "Height": 94.622001647949205, "Radius": 21.162750526824095, "height_m": 28.84, "crown_diameter_m": 12.9, "site_id": 582 }, "geometry": { "type": "Point", "coordinates": [ -73.927055835312487, 40.871369831125953 ] } },
{ "type": "Feature", "properties": { "Height": 86.634246826171903, "Radius": 19.223885607737603, "height_m": 26.41, "crown_diameter_m": 11.72, "site_id": 583 }, "geometry": { "type": "Point", "coordinates": [ -73.92898151566952, 40.871342396773876 ] } },
{ "type": "Feature", "properties": { "Height": 105.81874847412099, "Radius": 20.279456919490165, "height_m": 32.25, "crown_diameter_m": 12.36, "site_id": 584 }, "geometry": { "type": "Point", "coordinates": [ -73.928437888264071, 40.871296867209161 ] } },
{ "type": "Feature", "properties": { "Height": 14.366000175476101, "Radius": 7.9588734975858451, "height_m": 4.38, "crown_diameter_m": 4.85, "site_id": 585 }, "geometry": { "type": "Point", "coordinates": [ -73.930121076006373, 40.8713469429536 ] } },
{ "type": "Feature", "properties": { "Height": 52.847751617431598, "Radius": 24.758539200010063, "height_m": 16.11, "crown_diameter_m": 15.09, "site_id": 586 }, "geometry": { "type": "Point", "coordinates": [ -73.926661433838476, 40.871348205346713 ] } },
{ "type": "Feature", "properties": { "Height": 97.461746215820298, "Radius": 22.383470706154721, "height_m": 29.71, "crown_diameter_m": 13.64, "site_id": 587 }, "geometry": { "type": "Point", "coordinates": [ -73.928681136852035, 40.871365294645408 ] } },
{ "type": "Feature", "properties": { "Height": 92.524246215820298, "Radius": 18.923493915151202, "height_m": 28.2, "crown_diameter_m": 11.54, "site_id": 588 }, "geometry": { "type": "Point", "coordinates": [ -73.926969839170255, 40.871361300435403 ] } },
{ "type": "Feature", "properties": { "Height": 80.519248962402301, "Radius": 19.955091270548529, "height_m": 24.54, "crown_diameter_m": 12.16, "site_id": 589 }, "geometry": { "type": "Point", "coordinates": [ -73.926311761136873, 40.87134016544691 ] } },
{ "type": "Feature", "properties": { "Height": 95.380752563476605, "Radius": 16.390654164465779, "height_m": 29.07, "crown_diameter_m": 9.99, "site_id": 590 }, "geometry": { "type": "Point", "coordinates": [ -73.928557206408726, 40.871358670533688 ] } },
{ "type": "Feature", "properties": { "Height": 105.37799835205099, "Radius": 31.050936302319485, "height_m": 32.12, "crown_diameter_m": 18.93, "site_id": 591 }, "geometry": { "type": "Point", "coordinates": [ -73.928181691869426, 40.871352768864256 ] } },
{ "type": "Feature", "properties": { "Height": 93.748252868652301, "Radius": 12.877866698399815, "height_m": 28.57, "crown_diameter_m": 7.85, "site_id": 592 }, "geometry": { "type": "Point", "coordinates": [ -73.928879720593415, 40.871376044771488 ] } },
{ "type": "Feature", "properties": { "Height": 112.26824951171901, "Radius": 26.476365816483444, "height_m": 34.22, "crown_diameter_m": 16.14, "site_id": 593 }, "geometry": { "type": "Point", "coordinates": [ -73.925907492374037, 40.871339078137993 ] } },
{ "type": "Feature", "properties": { "Height": 95.418998718261705, "Radius": 21.601904849930182, "height_m": 29.08, "crown_diameter_m": 13.17, "site_id": 594 }, "geometry": { "type": "Point", "coordinates": [ -73.925790441006967, 40.871438044962318 ] } },
{ "type": "Feature", "properties": { "Height": 40.242748260497997, "Radius": 10.823032759612019, "height_m": 12.27, "crown_diameter_m": 6.6, "site_id": 595 }, "geometry": { "type": "Point", "coordinates": [ -73.927152917302919, 40.871389040441251 ] } },
{ "type": "Feature", "properties": { "Height": 95.219253540039105, "Radius": 18.973889460884589, "height_m": 29.02, "crown_diameter_m": 11.57, "site_id": 596 }, "geometry": { "type": "Point", "coordinates": [ -73.928794395448335, 40.871388738568832 ] } },
{ "type": "Feature", "properties": { "Height": 94.424751281738295, "Radius": 19.923163104065253, "height_m": 28.78, "crown_diameter_m": 12.15, "site_id": 597 }, "geometry": { "type": "Point", "coordinates": [ -73.927356637463546, 40.87138888070826 ] } },
{ "type": "Feature", "properties": { "Height": 88.329750061035199, "Radius": 24.611861234123552, "height_m": 26.92, "crown_diameter_m": 15.0, "site_id": 598 }, "geometry": { "type": "Point", "coordinates": [ -73.92833066598368, 40.871351271220668 ] } },
{ "type": "Feature", "properties": { "Height": 104.296752929688, "Radius": 19.107627781930649, "height_m": 31.79, "crown_diameter_m": 11.65, "site_id": 599 }, "geometry": { "type": "Point", "coordinates": [ -73.9284703069697, 40.871405623104778 ] } },
{ "type": "Feature", "properties": { "Height": 78.654747009277301, "Radius": 21.235949031086072, "height_m": 23.97, "crown_diameter_m": 12.95, "site_id": 600 }, "geometry": { "type": "Point", "coordinates": [ -73.929062331145701, 40.871425873144979 ] } },
{ "type": "Feature", "properties": { "Height": 48.484001159667997, "Radius": 21.446626437171361, "height_m": 14.78, "crown_diameter_m": 13.07, "site_id": 601 }, "geometry": { "type": "Point", "coordinates": [ -73.929534800784765, 40.87138609357833 ] } },
{ "type": "Feature", "properties": { "Height": 82.075248718261705, "Radius": 16.293263794503588, "height_m": 25.02, "crown_diameter_m": 9.93, "site_id": 602 }, "geometry": { "type": "Point", "coordinates": [ -73.927234984366677, 40.871373924389225 ] } },
{ "type": "Feature", "properties": { "Height": 97.040000915527301, "Radius": 33.015938654480067, "height_m": 29.58, "crown_diameter_m": 20.13, "site_id": 603 }, "geometry": { "type": "Point", "coordinates": [ -73.926195446989311, 40.871367572225147 ] } },
{ "type": "Feature", "properties": { "Height": 56.021751403808601, "Radius": 19.641577891166339, "height_m": 17.08, "crown_diameter_m": 11.97, "site_id": 604 }, "geometry": { "type": "Point", "coordinates": [ -73.926396545196539, 40.871389065658704 ] } },
{ "type": "Feature", "properties": { "Height": 51.626251220703097, "Radius": 27.132474809194271, "height_m": 15.74, "crown_diameter_m": 16.54, "site_id": 605 }, "geometry": { "type": "Point", "coordinates": [ -73.929371872609806, 40.871386431611477 ] } },
{ "type": "Feature", "properties": { "Height": 106.02124786377, "Radius": 20.706603214664785, "height_m": 32.32, "crown_diameter_m": 12.62, "site_id": 606 }, "geometry": { "type": "Point", "coordinates": [ -73.928067364905459, 40.871401532050953 ] } },
{ "type": "Feature", "properties": { "Height": 71.031997680664105, "Radius": 26.600805946184536, "height_m": 21.65, "crown_diameter_m": 16.22, "site_id": 607 }, "geometry": { "type": "Point", "coordinates": [ -73.926789235322616, 40.871437374534686 ] } },
{ "type": "Feature", "properties": { "Height": 58.015499114990199, "Radius": 24.070803275463099, "height_m": 17.68, "crown_diameter_m": 14.67, "site_id": 608 }, "geometry": { "type": "Point", "coordinates": [ -73.93012610736227, 40.871453806076033 ] } },
{ "type": "Feature", "properties": { "Height": 90.358001708984403, "Radius": 16.583719174624104, "height_m": 27.54, "crown_diameter_m": 10.11, "site_id": 609 }, "geometry": { "type": "Point", "coordinates": [ -73.928948725247849, 40.871426448902767 ] } },
{ "type": "Feature", "properties": { "Height": 57.633251190185497, "Radius": 11.954962939989485, "height_m": 17.57, "crown_diameter_m": 7.29, "site_id": 610 }, "geometry": { "type": "Point", "coordinates": [ -73.929449691160599, 40.871446210420395 ] } },
{ "type": "Feature", "properties": { "Height": 93.648750305175795, "Radius": 23.615226456547084, "height_m": 28.54, "crown_diameter_m": 14.4, "site_id": 611 }, "geometry": { "type": "Point", "coordinates": [ -73.928201027619394, 40.871500345758101 ] } },
{ "type": "Feature", "properties": { "Height": 86.259002685546903, "Radius": 22.050359433481809, "height_m": 26.29, "crown_diameter_m": 13.44, "site_id": 612 }, "geometry": { "type": "Point", "coordinates": [ -73.928712345282705, 40.871499058091445 ] } },
{ "type": "Feature", "properties": { "Height": 71.292503356933594, "Radius": 24.062536918793814, "height_m": 21.73, "crown_diameter_m": 14.67, "site_id": 613 }, "geometry": { "type": "Point", "coordinates": [ -73.928565630462217, 40.871479786057201 ] } },
{ "type": "Feature", "properties": { "Height": 62.704250335693402, "Radius": 18.609705966725112, "height_m": 19.11, "crown_diameter_m": 11.34, "site_id": 614 }, "geometry": { "type": "Point", "coordinates": [ -73.926332829713857, 40.871469283747523 ] } },
{ "type": "Feature", "properties": { "Height": 83.506248474121094, "Radius": 19.256973215023073, "height_m": 25.45, "crown_diameter_m": 11.74, "site_id": 615 }, "geometry": { "type": "Point", "coordinates": [ -73.928823408296083, 40.871471558191253 ] } },
{ "type": "Feature", "properties": { "Height": 67.017997741699205, "Radius": 24.00956484151358, "height_m": 20.43, "crown_diameter_m": 14.64, "site_id": 616 }, "geometry": { "type": "Point", "coordinates": [ -73.926685097782794, 40.871500706417436 ] } },
{ "type": "Feature", "properties": { "Height": 47.781749725341797, "Radius": 14.766254502611574, "height_m": 14.56, "crown_diameter_m": 9.0, "site_id": 617 }, "geometry": { "type": "Point", "coordinates": [ -73.927728681522964, 40.871467537862529 ] } },
{ "type": "Feature", "properties": { "Height": 73.273246765136705, "Radius": 17.357428014338929, "height_m": 22.33, "crown_diameter_m": 10.58, "site_id": 618 }, "geometry": { "type": "Point", "coordinates": [ -73.927443457808167, 40.871471647906148 ] } },
{ "type": "Feature", "properties": { "Height": 49.346248626708999, "Radius": 12.753679933255228, "height_m": 15.04, "crown_diameter_m": 7.77, "site_id": 619 }, "geometry": { "type": "Point", "coordinates": [ -73.929513255726363, 40.871470100504482 ] } },
{ "type": "Feature", "properties": { "Height": 85.388999938964801, "Radius": 31.980144845020941, "height_m": 26.03, "crown_diameter_m": 19.5, "site_id": 620 }, "geometry": { "type": "Point", "coordinates": [ -73.926516748784493, 40.871475699028188 ] } },
{ "type": "Feature", "properties": { "Height": 93.366500854492202, "Radius": 31.710265379756674, "height_m": 28.46, "crown_diameter_m": 19.33, "site_id": 621 }, "geometry": { "type": "Point", "coordinates": [ -73.928306497130464, 40.871557992171461 ] } },
{ "type": "Feature", "properties": { "Height": 82.924247741699205, "Radius": 22.16554328963495, "height_m": 25.28, "crown_diameter_m": 13.51, "site_id": 622 }, "geometry": { "type": "Point", "coordinates": [ -73.92724535702736, 40.871467215241942 ] } },
{ "type": "Feature", "properties": { "Height": 47.2439994812012, "Radius": 20.263754666327017, "height_m": 14.4, "crown_diameter_m": 12.35, "site_id": 623 }, "geometry": { "type": "Point", "coordinates": [ -73.928431375068612, 40.871492506917548 ] } },
{ "type": "Feature", "properties": { "Height": 98.007751464843807, "Radius": 32.079524030636669, "height_m": 29.87, "crown_diameter_m": 19.56, "site_id": 624 }, "geometry": { "type": "Point", "coordinates": [ -73.927046666156713, 40.871482737591691 ] } },
{ "type": "Feature", "properties": { "Height": 66.560249328613295, "Radius": 17.517155313611116, "height_m": 20.29, "crown_diameter_m": 10.68, "site_id": 625 }, "geometry": { "type": "Point", "coordinates": [ -73.927820403673493, 40.871512448605081 ] } },
{ "type": "Feature", "properties": { "Height": 97.903999328613295, "Radius": 31.690182879085121, "height_m": 29.84, "crown_diameter_m": 19.32, "site_id": 626 }, "geometry": { "type": "Point", "coordinates": [ -73.928028752780421, 40.871508136626893 ] } },
{ "type": "Feature", "properties": { "Height": 79.732749938964801, "Radius": 37.289901284314091, "height_m": 24.3, "crown_diameter_m": 22.73, "site_id": 627 }, "geometry": { "type": "Point", "coordinates": [ -73.929759704235494, 40.871447563868337 ] } },
{ "type": "Feature", "properties": { "Height": 120.00700378418, "Radius": 53.437421241624172, "height_m": 36.58, "crown_diameter_m": 32.58, "site_id": 628 }, "geometry": { "type": "Point", "coordinates": [ -73.926024228020495, 40.871499065395383 ] } },
{ "type": "Feature", "properties": { "Height": 84.051376342773395, "Radius": 22.56758334191025, "height_m": 25.62, "crown_diameter_m": 13.76, "site_id": 629 }, "geometry": { "type": "Point", "coordinates": [ -73.926302295229959, 40.871543079099574 ] } },
{ "type": "Feature", "properties": { "Height": 80.786247253417997, "Radius": 22.043140458191445, "height_m": 24.62, "crown_diameter_m": 13.44, "site_id": 630 }, "geometry": { "type": "Point", "coordinates": [ -73.92969111971847, 40.871573631919219 ] } },
{ "type": "Feature", "properties": { "Height": 18.2590007781982, "Radius": 12.047792665040703, "height_m": 5.57, "crown_diameter_m": 7.34, "site_id": 631 }, "geometry": { "type": "Point", "coordinates": [ -73.930197937601136, 40.871565182347659 ] } },
{ "type": "Feature", "properties": { "Height": 67.778747558593807, "Radius": 19.017876016430755, "height_m": 20.66, "crown_diameter_m": 11.59, "site_id": 632 }, "geometry": { "type": "Point", "coordinates": [ -73.926631059707773, 40.871577010990379 ] } },
{ "type": "Feature", "properties": { "Height": 52.317001342773402, "Radius": 18.881394877652593, "height_m": 15.95, "crown_diameter_m": 11.51, "site_id": 633 }, "geometry": { "type": "Point", "coordinates": [ -73.927664399377051, 40.871529192758153 ] } },
{ "type": "Feature", "properties": { "Height": 62.305751800537102, "Radius": 17.81445919822545, "height_m": 18.99, "crown_diameter_m": 10.86, "site_id": 634 }, "geometry": { "type": "Point", "coordinates": [ -73.927907285619909, 40.871564244087402 ] } },
{ "type": "Feature", "properties": { "Height": 91.310501098632798, "Radius": 16.332289631953525, "height_m": 27.83, "crown_diameter_m": 9.96, "site_id": 635 }, "geometry": { "type": "Point", "coordinates": [ -73.925791722773567, 40.871571442362381 ] } },
{ "type": "Feature", "properties": { "Height": 87.509246826171903, "Radius": 20.71428798138497, "height_m": 26.67, "crown_diameter_m": 12.63, "site_id": 636 }, "geometry": { "type": "Point", "coordinates": [ -73.926407816664394, 40.871589900708166 ] } },
{ "type": "Feature", "properties": { "Height": 76.471748352050795, "Radius": 20.88263738304607, "height_m": 23.31, "crown_diameter_m": 12.73, "site_id": 637 }, "geometry": { "type": "Point", "coordinates": [ -73.926925031466325, 40.871539453543825 ] } },
{ "type": "Feature", "properties": { "Height": 82.061752319335895, "Radius": 23.104235090784048, "height_m": 25.01, "crown_diameter_m": 14.08, "site_id": 638 }, "geometry": { "type": "Point", "coordinates": [ -73.927277116081356, 40.871527701266494 ] } },
{ "type": "Feature", "properties": { "Height": 92.124496459960895, "Radius": 24.079066794287829, "height_m": 28.08, "crown_diameter_m": 14.68, "site_id": 639 }, "geometry": { "type": "Point", "coordinates": [ -73.929309690122224, 40.871512116145567 ] } },
{ "type": "Feature", "properties": { "Height": 53.395748138427699, "Radius": 17.094106455639025, "height_m": 16.28, "crown_diameter_m": 10.42, "site_id": 640 }, "geometry": { "type": "Point", "coordinates": [ -73.926812743072446, 40.871571491103253 ] } },
{ "type": "Feature", "properties": { "Height": 98.506500244140597, "Radius": 32.492373182026697, "height_m": 30.02, "crown_diameter_m": 19.81, "site_id": 641 }, "geometry": { "type": "Point", "coordinates": [ -73.928959046975834, 40.871548574111195 ] } },
{ "type": "Feature", "properties": { "Height": 23.7682495117188, "Radius": 12.169374451754232, "height_m": 7.24, "crown_diameter_m": 7.42, "site_id": 642 }, "geometry": { "type": "Point", "coordinates": [ -73.930147527211005, 40.871550355917208 ] } },
{ "type": "Feature", "properties": { "Height": 65.604248046875, "Radius": 27.583332022270369, "height_m": 20.0, "crown_diameter_m": 16.81, "site_id": 643 }, "geometry": { "type": "Point", "coordinates": [ -73.930026823242571, 40.87157838253377 ] } },
{ "type": "Feature", "properties": { "Height": 68.174247741699205, "Radius": 16.067025788709444, "height_m": 20.78, "crown_diameter_m": 9.79, "site_id": 644 }, "geometry": { "type": "Point", "coordinates": [ -73.927298803086885, 40.871585545206614 ] } },
{ "type": "Feature", "properties": { "Height": 76.950874328613295, "Radius": 18.19456736586892, "height_m": 23.45, "crown_diameter_m": 11.09, "site_id": 645 }, "geometry": { "type": "Point", "coordinates": [ -73.928684156444874, 40.871579364251801 ] } },
{ "type": "Feature", "properties": { "Height": 73.182502746582003, "Radius": 19.462496359889471, "height_m": 22.31, "crown_diameter_m": 11.86, "site_id": 646 }, "geometry": { "type": "Point", "coordinates": [ -73.92698928489969, 40.871606139371735 ] } },
{ "type": "Feature", "properties": { "Height": 78.250251770019503, "Radius": 28.506931427763629, "height_m": 23.85, "crown_diameter_m": 17.38, "site_id": 647 }, "geometry": { "type": "Point", "coordinates": [ -73.929563193216964, 40.871569448578491 ] } },
{ "type": "Feature", "properties": { "Height": 81.961997985839801, "Radius": 15.987583888930306, "height_m": 24.98, "crown_diameter_m": 9.75, "site_id": 648 }, "geometry": { "type": "Point", "coordinates": [ -73.927095700288248, 40.871618238978471 ] } },
{ "type": "Feature", "properties": { "Height": 112.796249389648, "Radius": 18.238251864201825, "height_m": 34.38, "crown_diameter_m": 11.12, "site_id": 649 }, "geometry": { "type": "Point", "coordinates": [ -73.925790385217155, 40.871662356627397 ] } },
{ "type": "Feature", "properties": { "Height": 101.149002075195, "Radius": 26.597814234321493, "height_m": 30.83, "crown_diameter_m": 16.21, "site_id": 650 }, "geometry": { "type": "Point", "coordinates": [ -73.929194351158486, 40.871606066341435 ] } },
{ "type": "Feature", "properties": { "Height": 104.20200347900401, "Radius": 35.097852634189316, "height_m": 31.76, "crown_diameter_m": 21.4, "site_id": 651 }, "geometry": { "type": "Point", "coordinates": [ -73.929403107629426, 40.871627197235895 ] } },
{ "type": "Feature", "properties": { "Height": 104.564750671387, "Radius": 14.059531973722809, "height_m": 31.87, "crown_diameter_m": 8.57, "site_id": 652 }, "geometry": { "type": "Point", "coordinates": [ -73.925901383389686, 40.87162730980176 ] } },
{ "type": "Feature", "properties": { "Height": 57.372501373291001, "Radius": 14.239501307948768, "height_m": 17.49, "crown_diameter_m": 8.68, "site_id": 653 }, "geometry": { "type": "Point", "coordinates": [ -73.926527474956018, 40.871618549457281 ] } },
{ "type": "Feature", "properties": { "Height": 62.291751861572301, "Radius": 16.351767622932517, "height_m": 18.99, "crown_diameter_m": 9.97, "site_id": 654 }, "geometry": { "type": "Point", "coordinates": [ -73.926646948900512, 40.871646646865898 ] } },
{ "type": "Feature", "properties": { "Height": 99.249252319335895, "Radius": 20.852129496218321, "height_m": 30.25, "crown_diameter_m": 12.71, "site_id": 655 }, "geometry": { "type": "Point", "coordinates": [ -73.928354333843203, 40.871651223344855 ] } },
{ "type": "Feature", "properties": { "Height": 96.706253051757798, "Radius": 28.554347715536768, "height_m": 29.48, "crown_diameter_m": 17.41, "site_id": 656 }, "geometry": { "type": "Point", "coordinates": [ -73.92767490619454, 40.871662223112764 ] } },
{ "type": "Feature", "properties": { "Height": 13.821749687194799, "Radius": 7.6582371685240611, "height_m": 4.21, "crown_diameter_m": 4.67, "site_id": 657 }, "geometry": { "type": "Point", "coordinates": [ -73.930160527565519, 40.871650853802024 ] } },
{ "type": "Feature", "properties": { "Height": 107.028999328613, "Radius": 21.110041228223761, "height_m": 32.62, "crown_diameter_m": 12.87, "site_id": 658 }, "geometry": { "type": "Point", "coordinates": [ -73.927993084054648, 40.871646153865562 ] } },
{ "type": "Feature", "properties": { "Height": 86.307502746582003, "Radius": 19.746635424171473, "height_m": 26.31, "crown_diameter_m": 12.04, "site_id": 659 }, "geometry": { "type": "Point", "coordinates": [ -73.927188968702396, 40.871650529050932 ] } },
{ "type": "Feature", "properties": { "Height": 117.482749938965, "Radius": 40.146757137926151, "height_m": 35.81, "crown_diameter_m": 24.47, "site_id": 660 }, "geometry": { "type": "Point", "coordinates": [ -73.927469515379372, 40.871594540452293 ] } },
{ "type": "Feature", "properties": { "Height": 63.424251556396499, "Radius": 20.681608002267829, "height_m": 19.33, "crown_diameter_m": 12.61, "site_id": 661 }, "geometry": { "type": "Point", "coordinates": [ -73.927793002246233, 40.871621504037783 ] } },
{ "type": "Feature", "properties": { "Height": 86.088249206542997, "Radius": 34.65061169280073, "height_m": 26.24, "crown_diameter_m": 21.12, "site_id": 662 }, "geometry": { "type": "Point", "coordinates": [ -73.926845343081865, 40.87170185298789 ] } },
{ "type": "Feature", "properties": { "Height": 60.401748657226598, "Radius": 23.130052771306126, "height_m": 18.41, "crown_diameter_m": 14.1, "site_id": 663 }, "geometry": { "type": "Point", "coordinates": [ -73.929633619188039, 40.871727991930314 ] } },
{ "type": "Feature", "properties": { "Height": 88.024497985839801, "Radius": 21.741439257393452, "height_m": 26.83, "crown_diameter_m": 13.25, "site_id": 664 }, "geometry": { "type": "Point", "coordinates": [ -73.926245168114903, 40.871679908756619 ] } },
{ "type": "Feature", "properties": { "Height": 108.463752746582, "Radius": 43.794705378623462, "height_m": 33.06, "crown_diameter_m": 26.7, "site_id": 665 }, "geometry": { "type": "Point", "coordinates": [ -73.92858635479412, 40.871696072817159 ] } },
{ "type": "Feature", "properties": { "Height": 83.292747497558594, "Radius": 13.657583728599336, "height_m": 25.39, "crown_diameter_m": 8.33, "site_id": 666 }, "geometry": { "type": "Point", "coordinates": [ -73.926497082742486, 40.871691479579908 ] } },
{ "type": "Feature", "properties": { "Height": 57.4010009765625, "Radius": 16.047202183642064, "height_m": 17.5, "crown_diameter_m": 9.78, "site_id": 667 }, "geometry": { "type": "Point", "coordinates": [ -73.927293349491677, 40.87170625405966 ] } },
{ "type": "Feature", "properties": { "Height": 104.293502807617, "Radius": 38.26311959971828, "height_m": 31.79, "crown_diameter_m": 23.33, "site_id": 668 }, "geometry": { "type": "Point", "coordinates": [ -73.926075099289832, 40.871725892340173 ] } },
{ "type": "Feature", "properties": { "Height": 102.526252746582, "Radius": 27.174968922638982, "height_m": 31.25, "crown_diameter_m": 16.57, "site_id": 669 }, "geometry": { "type": "Point", "coordinates": [ -73.928132203940109, 40.871685760331104 ] } },
{ "type": "Feature", "properties": { "Height": 111.80874633789099, "Radius": 26.142136975323929, "height_m": 34.08, "crown_diameter_m": 15.94, "site_id": 670 }, "geometry": { "type": "Point", "coordinates": [ -73.928380964660079, 40.87173363547565 ] } },
{ "type": "Feature", "properties": { "Height": 116.19725036621099, "Radius": 10.940041919714261, "height_m": 35.42, "crown_diameter_m": 6.67, "site_id": 671 }, "geometry": { "type": "Point", "coordinates": [ -73.928484228628136, 40.871707082878579 ] } },
{ "type": "Feature", "properties": { "Height": 98.996498107910199, "Radius": 35.922531628339996, "height_m": 30.17, "crown_diameter_m": 21.9, "site_id": 672 }, "geometry": { "type": "Point", "coordinates": [ -73.92922425861147, 40.871758396016595 ] } },
{ "type": "Feature", "properties": { "Height": 68.772247314453097, "Radius": 20.474719048232441, "height_m": 20.96, "crown_diameter_m": 12.48, "site_id": 673 }, "geometry": { "type": "Point", "coordinates": [ -73.926354766053208, 40.871687906653754 ] } },
{ "type": "Feature", "properties": { "Height": 88.378501892089801, "Radius": 14.516237276018515, "height_m": 26.94, "crown_diameter_m": 8.85, "site_id": 674 }, "geometry": { "type": "Point", "coordinates": [ -73.926436784015578, 40.871699442897736 ] } },
{ "type": "Feature", "properties": { "Height": 98.654251098632798, "Radius": 42.423155192455368, "height_m": 30.07, "crown_diameter_m": 25.86, "site_id": 675 }, "geometry": { "type": "Point", "coordinates": [ -73.928866516696729, 40.871699436285795 ] } },
{ "type": "Feature", "properties": { "Height": 55.668750762939503, "Radius": 12.060995729457511, "height_m": 16.97, "crown_diameter_m": 7.35, "site_id": 676 }, "geometry": { "type": "Point", "coordinates": [ -73.926737264121172, 40.871724506449141 ] } },
{ "type": "Feature", "properties": { "Height": 98.096496582031307, "Radius": 26.050655986823859, "height_m": 29.9, "crown_diameter_m": 15.88, "site_id": 677 }, "geometry": { "type": "Point", "coordinates": [ -73.927081938730254, 40.871707686615437 ] } },
{ "type": "Feature", "properties": { "Height": 113.515502929688, "Radius": 29.987087695693432, "height_m": 34.6, "crown_diameter_m": 18.28, "site_id": 678 }, "geometry": { "type": "Point", "coordinates": [ -73.927866106630958, 40.871719522909395 ] } },
{ "type": "Feature", "properties": { "Height": 82.522750854492202, "Radius": 21.776183158264953, "height_m": 25.15, "crown_diameter_m": 13.27, "site_id": 679 }, "geometry": { "type": "Point", "coordinates": [ -73.926627871332897, 40.871712180397495 ] } },
{ "type": "Feature", "properties": { "Height": 94.158248901367202, "Radius": 16.136216622812821, "height_m": 28.7, "crown_diameter_m": 9.84, "site_id": 680 }, "geometry": { "type": "Point", "coordinates": [ -73.92741304466567, 40.871732084284176 ] } },
{ "type": "Feature", "properties": { "Height": 111.54100036621099, "Radius": 45.046925804339473, "height_m": 34.0, "crown_diameter_m": 27.46, "site_id": 681 }, "geometry": { "type": "Point", "coordinates": [ -73.929456523880091, 40.87182544633189 ] } },
{ "type": "Feature", "properties": { "Height": 67.676498413085895, "Radius": 35.088782249586586, "height_m": 20.63, "crown_diameter_m": 21.39, "site_id": 682 }, "geometry": { "type": "Point", "coordinates": [ -73.930060495613134, 40.871754239536628 ] } },
{ "type": "Feature", "properties": { "Height": 85.572746276855497, "Radius": 22.673122109379246, "height_m": 26.08, "crown_diameter_m": 13.82, "site_id": 683 }, "geometry": { "type": "Point", "coordinates": [ -73.925942076944963, 40.871803314796956 ] } },
{ "type": "Feature", "properties": { "Height": 117.109497070313, "Radius": 27.344285008859242, "height_m": 35.69, "crown_diameter_m": 16.67, "site_id": 684 }, "geometry": { "type": "Point", "coordinates": [ -73.927554790714453, 40.871759788639011 ] } },
{ "type": "Feature", "properties": { "Height": 112.20874786377, "Radius": 17.865756025726874, "height_m": 34.2, "crown_diameter_m": 10.89, "site_id": 685 }, "geometry": { "type": "Point", "coordinates": [ -73.92743832813305, 40.871808872233792 ] } },
{ "type": "Feature", "properties": { "Height": 96.460998535156307, "Radius": 31.795474497477144, "height_m": 29.4, "crown_diameter_m": 19.38, "site_id": 686 }, "geometry": { "type": "Point", "coordinates": [ -73.92699693115614, 40.871809679829916 ] } },
{ "type": "Feature", "properties": { "Height": 79.648002624511705, "Radius": 15.430353037616328, "height_m": 24.28, "crown_diameter_m": 9.41, "site_id": 687 }, "geometry": { "type": "Point", "coordinates": [ -73.927217209259297, 40.871777169960367 ] } },
{ "type": "Feature", "properties": { "Height": 113.293998718262, "Radius": 17.462556255144076, "height_m": 34.53, "crown_diameter_m": 10.65, "site_id": 688 }, "geometry": { "type": "Point", "coordinates": [ -73.9279786830121, 40.871770740071959 ] } },
{ "type": "Feature", "properties": { "Height": 77.402748107910199, "Radius": 19.883180797856969, "height_m": 23.59, "crown_diameter_m": 12.12, "site_id": 689 }, "geometry": { "type": "Point", "coordinates": [ -73.92622144634899, 40.871813446847142 ] } },
{ "type": "Feature", "properties": { "Height": 96.9219970703125, "Radius": 25.130197257256871, "height_m": 29.54, "crown_diameter_m": 15.32, "site_id": 690 }, "geometry": { "type": "Point", "coordinates": [ -73.926495592290721, 40.871790654834768 ] } },
{ "type": "Feature", "properties": { "Height": 112.181503295898, "Radius": 16.380941183367199, "height_m": 34.19, "crown_diameter_m": 9.99, "site_id": 691 }, "geometry": { "type": "Point", "coordinates": [ -73.928050766309198, 40.8718042066685 ] } },
{ "type": "Feature", "properties": { "Height": 77.406501770019503, "Radius": 16.526036498377113, "height_m": 23.59, "crown_diameter_m": 10.07, "site_id": 692 }, "geometry": { "type": "Point", "coordinates": [ -73.928259117251912, 40.871797926707842 ] } },
{ "type": "Feature", "properties": { "Height": 108.578247070313, "Radius": 28.428661611490689, "height_m": 33.09, "crown_diameter_m": 17.33, "site_id": 693 }, "geometry": { "type": "Point", "coordinates": [ -73.925805893076529, 40.871824200596997 ] } },
{ "type": "Feature", "properties": { "Height": 91.252624511718807, "Radius": 22.079211731637418, "height_m": 27.81, "crown_diameter_m": 13.46, "site_id": 694 }, "geometry": { "type": "Point", "coordinates": [ -73.928753685784102, 40.871823248683626 ] } },
{ "type": "Feature", "properties": { "Height": 84.633499145507798, "Radius": 28.260210622625074, "height_m": 25.8, "crown_diameter_m": 17.23, "site_id": 695 }, "geometry": { "type": "Point", "coordinates": [ -73.926354272352256, 40.871834835449135 ] } },
{ "type": "Feature", "properties": { "Height": 88.668251037597699, "Radius": 19.827070117316413, "height_m": 27.03, "crown_diameter_m": 12.09, "site_id": 696 }, "geometry": { "type": "Point", "coordinates": [ -73.928144118298093, 40.871799347266951 ] } },
{ "type": "Feature", "properties": { "Height": 99.735000610351605, "Radius": 11.423968370726268, "height_m": 30.4, "crown_diameter_m": 6.96, "site_id": 697 }, "geometry": { "type": "Point", "coordinates": [ -73.927709022964905, 40.871830633141037 ] } },
{ "type": "Feature", "properties": { "Height": 99.363502502441406, "Radius": 20.263754666327017, "height_m": 30.29, "crown_diameter_m": 12.35, "site_id": 698 }, "geometry": { "type": "Point", "coordinates": [ -73.927683909740523, 40.87181080395758 ] } },
{ "type": "Feature", "properties": { "Height": 88.892753601074205, "Radius": 35.218944461563389, "height_m": 27.09, "crown_diameter_m": 21.47, "site_id": 699 }, "geometry": { "type": "Point", "coordinates": [ -73.926633712244069, 40.871867270745845 ] } },
{ "type": "Feature", "properties": { "Height": 107.786003112793, "Radius": 18.394657077895459, "height_m": 32.85, "crown_diameter_m": 11.21, "site_id": 700 }, "geometry": { "type": "Point", "coordinates": [ -73.927954557925247, 40.871860370443841 ] } },
{ "type": "Feature", "properties": { "Height": 91.647499084472699, "Radius": 14.798554040663838, "height_m": 27.93, "crown_diameter_m": 9.02, "site_id": 701 }, "geometry": { "type": "Point", "coordinates": [ -73.927158502648254, 40.871852157118468 ] } },
{ "type": "Feature", "properties": { "Height": 103.55300140380901, "Radius": 52.119637073683364, "height_m": 31.56, "crown_diameter_m": 31.77, "site_id": 702 }, "geometry": { "type": "Point", "coordinates": [ -73.926085424858883, 40.871965783691117 ] } },
{ "type": "Feature", "properties": { "Height": 78.952247619628906, "Radius": 24.067497073500459, "height_m": 24.06, "crown_diameter_m": 14.67, "site_id": 703 }, "geometry": { "type": "Point", "coordinates": [ -73.929093194719982, 40.871834830965852 ] } },
{ "type": "Feature", "properties": { "Height": 105.703750610352, "Radius": 19.947114020071634, "height_m": 32.22, "crown_diameter_m": 12.16, "site_id": 704 }, "geometry": { "type": "Point", "coordinates": [ -73.927480786234824, 40.871902273277328 ] } },
{ "type": "Feature", "properties": { "Height": 90.357002258300795, "Radius": 23.934874506862936, "height_m": 27.54, "crown_diameter_m": 14.59, "site_id": 705 }, "geometry": { "type": "Point", "coordinates": [ -73.928574978801663, 40.871875751953489 ] } },
{ "type": "Feature", "properties": { "Height": 119.56150054931599, "Radius": 37.143433123394701, "height_m": 36.44, "crown_diameter_m": 22.64, "site_id": 706 }, "geometry": { "type": "Point", "coordinates": [ -73.927294429509047, 40.871881546534993 ] } },
{ "type": "Feature", "properties": { "Height": 108.78825378418, "Radius": 20.255898975135768, "height_m": 33.16, "crown_diameter_m": 12.35, "site_id": 707 }, "geometry": { "type": "Point", "coordinates": [ -73.927606544270617, 40.871907973087787 ] } },
{ "type": "Feature", "properties": { "Height": 110.70874786377, "Radius": 25.104851615652017, "height_m": 33.74, "crown_diameter_m": 15.3, "site_id": 708 }, "geometry": { "type": "Point", "coordinates": [ -73.927813488342238, 40.871868109330734 ] } },
{ "type": "Feature", "properties": { "Height": 68.383003234863295, "Radius": 20.151521959866233, "height_m": 20.84, "crown_diameter_m": 12.28, "site_id": 709 }, "geometry": { "type": "Point", "coordinates": [ -73.929578829045184, 40.871915941782675 ] } },
{ "type": "Feature", "properties": { "Height": 118.471000671387, "Radius": 27.512559120246415, "height_m": 36.11, "crown_diameter_m": 16.77, "site_id": 710 }, "geometry": { "type": "Point", "coordinates": [ -73.928361209044809, 40.871896061432686 ] } },
{ "type": "Feature", "properties": { "Height": 49.078250885009801, "Radius": 22.070199440257571, "height_m": 14.96, "crown_diameter_m": 13.45, "site_id": 711 }, "geometry": { "type": "Point", "coordinates": [ -73.929927307550813, 40.871871695897944 ] } },
{ "type": "Feature", "properties": { "Height": 104.838996887207, "Radius": 14.798554040663838, "height_m": 31.95, "crown_diameter_m": 9.02, "site_id": 712 }, "geometry": { "type": "Point", "coordinates": [ -73.927942799706514, 40.871930299540786 ] } },
{ "type": "Feature", "properties": { "Height": 107.403999328613, "Radius": 19.281751659604673, "height_m": 32.74, "crown_diameter_m": 11.75, "site_id": 713 }, "geometry": { "type": "Point", "coordinates": [ -73.928150119222479, 40.871936982564911 ] } },
{ "type": "Feature", "properties": { "Height": 100.824501037598, "Radius": 17.480774889473267, "height_m": 30.73, "crown_diameter_m": 10.66, "site_id": 714 }, "geometry": { "type": "Point", "coordinates": [ -73.927721310568458, 40.871939610751312 ] } },
{ "type": "Feature", "properties": { "Height": 30.633499145507798, "Radius": 14.940375085197267, "height_m": 9.34, "crown_diameter_m": 9.11, "site_id": 715 }, "geometry": { "type": "Point", "coordinates": [ -73.926330733195186, 40.871949318437885 ] } },
{ "type": "Feature", "properties": { "Height": 118.734497070313, "Radius": 36.327851410701349, "height_m": 36.19, "crown_diameter_m": 22.15, "site_id": 716 }, "geometry": { "type": "Point", "coordinates": [ -73.928329467130666, 40.871985886159862 ] } },
{ "type": "Feature", "properties": { "Height": 100.658248901367, "Radius": 31.800479688298775, "height_m": 30.68, "crown_diameter_m": 19.39, "site_id": 717 }, "geometry": { "type": "Point", "coordinates": [ -73.927038241385162, 40.871925897788465 ] } },
{ "type": "Feature", "properties": { "Height": 89.445503234863295, "Radius": 28.302417362859824, "height_m": 27.26, "crown_diameter_m": 17.25, "site_id": 718 }, "geometry": { "type": "Point", "coordinates": [ -73.928585441390538, 40.871988751722839 ] } },
{ "type": "Feature", "properties": { "Height": 102.36025238037099, "Radius": 17.149878566153831, "height_m": 31.2, "crown_diameter_m": 10.45, "site_id": 719 }, "geometry": { "type": "Point", "coordinates": [ -73.926948068791788, 40.871957356937102 ] } },
{ "type": "Feature", "properties": { "Height": 102.255500793457, "Radius": 22.48987347999191, "height_m": 31.17, "crown_diameter_m": 13.71, "site_id": 720 }, "geometry": { "type": "Point", "coordinates": [ -73.927843074623468, 40.872003136271687 ] } },
{ "type": "Feature", "properties": { "Height": 54.238998413085902, "Radius": 26.709774098809234, "height_m": 16.53, "crown_diameter_m": 16.28, "site_id": 721 }, "geometry": { "type": "Point", "coordinates": [ -73.92989922114343, 40.87197648489142 ] } },
{ "type": "Feature", "properties": { "Height": 96.615501403808594, "Radius": 20.042631473036266, "height_m": 29.45, "crown_diameter_m": 12.22, "site_id": 722 }, "geometry": { "type": "Point", "coordinates": [ -73.925899157949615, 40.872013718801604 ] } },
{ "type": "Feature", "properties": { "Height": 105.43374633789099, "Radius": 15.807379942744328, "height_m": 32.14, "crown_diameter_m": 9.64, "site_id": 723 }, "geometry": { "type": "Point", "coordinates": [ -73.927957733991491, 40.872004523523394 ] } },
{ "type": "Feature", "properties": { "Height": 79.757751464843807, "Radius": 25.899005920320434, "height_m": 24.31, "crown_diameter_m": 15.79, "site_id": 724 }, "geometry": { "type": "Point", "coordinates": [ -73.929029917465513, 40.871968364224877 ] } },
{ "type": "Feature", "properties": { "Height": 97.230247497558594, "Radius": 16.660318747018781, "height_m": 29.64, "crown_diameter_m": 10.16, "site_id": 725 }, "geometry": { "type": "Point", "coordinates": [ -73.927541208729579, 40.871983267848847 ] } },
{ "type": "Feature", "properties": { "Height": 35.056751251220703, "Radius": 13.41953121791069, "height_m": 10.69, "crown_diameter_m": 8.18, "site_id": 726 }, "geometry": { "type": "Point", "coordinates": [ -73.930026202474707, 40.871991299352885 ] } },
{ "type": "Feature", "properties": { "Height": 95.169250488281307, "Radius": 19.099296572560576, "height_m": 29.01, "crown_diameter_m": 11.64, "site_id": 727 }, "geometry": { "type": "Point", "coordinates": [ -73.927656636912758, 40.872025953184348 ] } },
{ "type": "Feature", "properties": { "Height": 84.982749938964801, "Radius": 26.178639860651689, "height_m": 25.9, "crown_diameter_m": 15.96, "site_id": 728 }, "geometry": { "type": "Point", "coordinates": [ -73.926586943457153, 40.871977830894899 ] } },
{ "type": "Feature", "properties": { "Height": 110.68074798584, "Radius": 25.066785101540301, "height_m": 33.74, "crown_diameter_m": 15.28, "site_id": 729 }, "geometry": { "type": "Point", "coordinates": [ -73.928073279044241, 40.871977831281214 ] } },
{ "type": "Feature", "properties": { "Height": 99.003501892089801, "Radius": 24.907548417542184, "height_m": 30.18, "crown_diameter_m": 15.18, "site_id": 730 }, "geometry": { "type": "Point", "coordinates": [ -73.928702159163791, 40.872017589098618 ] } },
{ "type": "Feature", "properties": { "Height": 102.430252075195, "Radius": 24.977737626138797, "height_m": 31.22, "crown_diameter_m": 15.23, "site_id": 731 }, "geometry": { "type": "Point", "coordinates": [ -73.925800230794437, 40.872010412575847 ] } },
{ "type": "Feature", "properties": { "Height": 100.084503173828, "Radius": 26.378502823279533, "height_m": 30.51, "crown_diameter_m": 16.08, "site_id": 732 }, "geometry": { "type": "Point", "coordinates": [ -73.926979527708284, 40.872037262782669 ] } },
{ "type": "Feature", "properties": { "Height": 95.637496948242202, "Radius": 13.599192765483634, "height_m": 29.15, "crown_diameter_m": 8.29, "site_id": 733 }, "geometry": { "type": "Point", "coordinates": [ -73.92774262200885, 40.872023687398311 ] } },
{ "type": "Feature", "properties": { "Height": 98.169998168945298, "Radius": 27.180824966004586, "height_m": 29.92, "crown_diameter_m": 16.57, "site_id": 734 }, "geometry": { "type": "Point", "coordinates": [ -73.926798100156603, 40.871982757433507 ] } },
{ "type": "Feature", "properties": { "Height": 82.962249755859403, "Radius": 47.82983537503452, "height_m": 25.29, "crown_diameter_m": 29.16, "site_id": 735 }, "geometry": { "type": "Point", "coordinates": [ -73.929283406612399, 40.872012334910025 ] } },
{ "type": "Feature", "properties": { "Height": 77.866752624511705, "Radius": 25.076307147506359, "height_m": 23.73, "crown_diameter_m": 15.29, "site_id": 736 }, "geometry": { "type": "Point", "coordinates": [ -73.92901334276668, 40.872058402876213 ] } },
{ "type": "Feature", "properties": { "Height": 83.750999450683594, "Radius": 10.749255261864239, "height_m": 25.53, "crown_diameter_m": 6.55, "site_id": 737 }, "geometry": { "type": "Point", "coordinates": [ -73.926179163622933, 40.872038150218394 ] } },
{ "type": "Feature", "properties": { "Height": 87.267250061035199, "Radius": 20.389034095710141, "height_m": 26.6, "crown_diameter_m": 12.43, "site_id": 738 }, "geometry": { "type": "Point", "coordinates": [ -73.926548528231251, 40.87204226971869 ] } },
{ "type": "Feature", "properties": { "Height": 117.991996765137, "Radius": 26.310538287503711, "height_m": 35.96, "crown_diameter_m": 16.04, "site_id": 739 }, "geometry": { "type": "Point", "coordinates": [ -73.927306608351728, 40.872050332763749 ] } },
{ "type": "Feature", "properties": { "Height": 107.515502929688, "Radius": 17.742842991915612, "height_m": 32.77, "crown_diameter_m": 10.82, "site_id": 740 }, "geometry": { "type": "Point", "coordinates": [ -73.92801613394434, 40.872082793504532 ] } },
{ "type": "Feature", "properties": { "Height": 94.752502441406307, "Radius": 22.882739407080081, "height_m": 28.88, "crown_diameter_m": 13.95, "site_id": 741 }, "geometry": { "type": "Point", "coordinates": [ -73.92759142535381, 40.872079936189643 ] } },
{ "type": "Feature", "properties": { "Height": 96.394752502441406, "Radius": 15.817445133157866, "height_m": 29.38, "crown_diameter_m": 9.64, "site_id": 742 }, "geometry": { "type": "Point", "coordinates": [ -73.92623905070667, 40.87207968842489 ] } },
{ "type": "Feature", "properties": { "Height": 76.133750915527301, "Radius": 13.704117368456698, "height_m": 23.21, "crown_diameter_m": 8.35, "site_id": 743 }, "geometry": { "type": "Point", "coordinates": [ -73.927062061776837, 40.872093562189441 ] } },
{ "type": "Feature", "properties": { "Height": 113.150749206543, "Radius": 23.22961115802568, "height_m": 34.49, "crown_diameter_m": 14.16, "site_id": 744 }, "geometry": { "type": "Point", "coordinates": [ -73.927418609923123, 40.872032710465753 ] } },
{ "type": "Feature", "properties": { "Height": 99.251251220703097, "Radius": 26.227231345362622, "height_m": 30.25, "crown_diameter_m": 15.99, "site_id": 745 }, "geometry": { "type": "Point", "coordinates": [ -73.927896994435088, 40.872116980910157 ] } },
{ "type": "Feature", "properties": { "Height": 83.903251647949205, "Radius": 13.398760233979035, "height_m": 25.57, "crown_diameter_m": 8.17, "site_id": 746 }, "geometry": { "type": "Point", "coordinates": [ -73.928176690096706, 40.872074761234373 ] } },
{ "type": "Feature", "properties": { "Height": 45.499748229980497, "Radius": 15.02800266992921, "height_m": 13.87, "crown_diameter_m": 9.16, "site_id": 747 }, "geometry": { "type": "Point", "coordinates": [ -73.929989943723896, 40.872122163356508 ] } },
{ "type": "Feature", "properties": { "Height": 87.976501464843807, "Radius": 25.961917956772314, "height_m": 26.82, "crown_diameter_m": 15.83, "site_id": 748 }, "geometry": { "type": "Point", "coordinates": [ -73.926414329274181, 40.872044421936216 ] } },
{ "type": "Feature", "properties": { "Height": 45.423500061035199, "Radius": 14.372999552399639, "height_m": 13.85, "crown_diameter_m": 8.76, "site_id": 749 }, "geometry": { "type": "Point", "coordinates": [ -73.927752753078266, 40.872110798890915 ] } },
{ "type": "Feature", "properties": { "Height": 82.601997375488295, "Radius": 17.398640802108218, "height_m": 25.18, "crown_diameter_m": 10.61, "site_id": 750 }, "geometry": { "type": "Point", "coordinates": [ -73.926049253349746, 40.872126440079271 ] } },
{ "type": "Feature", "properties": { "Height": 102.074996948242, "Radius": 30.85812736571696, "height_m": 31.11, "crown_diameter_m": 18.81, "site_id": 751 }, "geometry": { "type": "Point", "coordinates": [ -73.928475707754927, 40.872156930123985 ] } },
{ "type": "Feature", "properties": { "Height": 105.44499969482401, "Radius": 34.480246879865263, "height_m": 32.14, "crown_diameter_m": 21.02, "site_id": 752 }, "geometry": { "type": "Point", "coordinates": [ -73.926815472933185, 40.872140353934888 ] } },
{ "type": "Feature", "properties": { "Height": 86.704246520996094, "Radius": 25.338331445316321, "height_m": 26.43, "crown_diameter_m": 15.45, "site_id": 753 }, "geometry": { "type": "Point", "coordinates": [ -73.929013709917015, 40.872154524840646 ] } },
{ "type": "Feature", "properties": { "Height": 107.914749145508, "Radius": 36.204973571387264, "height_m": 32.89, "crown_diameter_m": 22.07, "site_id": 754 }, "geometry": { "type": "Point", "coordinates": [ -73.928281600063556, 40.872155977600784 ] } },
{ "type": "Feature", "properties": { "Height": 73.978996276855497, "Radius": 43.321531470385828, "height_m": 22.55, "crown_diameter_m": 26.41, "site_id": 755 }, "geometry": { "type": "Point", "coordinates": [ -73.929794083998175, 40.872140293664359 ] } },
{ "type": "Feature", "properties": { "Height": 92.561500549316406, "Radius": 20.404639941160397, "height_m": 28.21, "crown_diameter_m": 12.44, "site_id": 756 }, "geometry": { "type": "Point", "coordinates": [ -73.926299533126297, 40.872110750697317 ] } },
{ "type": "Feature", "properties": { "Height": 108.395751953125, "Radius": 25.451141789397465, "height_m": 33.04, "crown_diameter_m": 15.52, "site_id": 757 }, "geometry": { "type": "Point", "coordinates": [ -73.926654827454826, 40.8721398098034 ] } },
{ "type": "Feature", "properties": { "Height": 108.487998962402, "Radius": 25.01593964330208, "height_m": 33.07, "crown_diameter_m": 15.25, "site_id": 758 }, "geometry": { "type": "Point", "coordinates": [ -73.927451099213044, 40.872145159581592 ] } },
{ "type": "Feature", "properties": { "Height": 94.952003479003906, "Radius": 26.228748378729733, "height_m": 28.94, "crown_diameter_m": 15.99, "site_id": 759 }, "geometry": { "type": "Point", "coordinates": [ -73.925820650171218, 40.872153991481724 ] } },
{ "type": "Feature", "properties": { "Height": 91.664253234863295, "Radius": 21.011801734666108, "height_m": 27.94, "crown_diameter_m": 12.81, "site_id": 760 }, "geometry": { "type": "Point", "coordinates": [ -73.927015632632816, 40.872171869026729 ] } },
{ "type": "Feature", "properties": { "Height": 25.370500564575199, "Radius": 13.3690314193736, "height_m": 7.73, "crown_diameter_m": 8.15, "site_id": 761 }, "geometry": { "type": "Point", "coordinates": [ -73.925894872069193, 40.872198803350358 ] } },
{ "type": "Feature", "properties": { "Height": 84.057998657226605, "Radius": 30.106268465360234, "height_m": 25.62, "crown_diameter_m": 18.35, "site_id": 762 }, "geometry": { "type": "Point", "coordinates": [ -73.929310798510372, 40.87216451442923 ] } },
{ "type": "Feature", "properties": { "Height": 111.036003112793, "Radius": 34.984303800085478, "height_m": 33.84, "crown_diameter_m": 21.33, "site_id": 763 }, "geometry": { "type": "Point", "coordinates": [ -73.927179041111117, 40.872144184086515 ] } },
{ "type": "Feature", "properties": { "Height": 93.458503723144503, "Radius": 20.621881774987081, "height_m": 28.49, "crown_diameter_m": 12.57, "site_id": 764 }, "geometry": { "type": "Point", "coordinates": [ -73.926335903278613, 40.872180352862244 ] } },
{ "type": "Feature", "properties": { "Height": 109.432250976563, "Radius": 28.277100878514446, "height_m": 33.35, "crown_diameter_m": 17.24, "site_id": 765 }, "geometry": { "type": "Point", "coordinates": [ -73.927602309549783, 40.872189902563996 ] } },
{ "type": "Feature", "properties": { "Height": 79.967750549316406, "Radius": 20.637311542783667, "height_m": 24.37, "crown_diameter_m": 12.58, "site_id": 766 }, "geometry": { "type": "Point", "coordinates": [ -73.925999140788704, 40.872194072458768 ] } },
{ "type": "Feature", "properties": { "Height": 92.292747497558594, "Radius": 30.387776816002461, "height_m": 28.13, "crown_diameter_m": 18.52, "site_id": 767 }, "geometry": { "type": "Point", "coordinates": [ -73.926520308853213, 40.872204534182401 ] } },
{ "type": "Feature", "properties": { "Height": 76.666748046875, "Radius": 23.554492811740758, "height_m": 23.37, "crown_diameter_m": 14.36, "site_id": 768 }, "geometry": { "type": "Point", "coordinates": [ -73.927850638956699, 40.872209191670024 ] } },
{ "type": "Feature", "properties": { "Height": 95.105499267578097, "Radius": 28.673933040528834, "height_m": 28.99, "crown_diameter_m": 17.48, "site_id": 769 }, "geometry": { "type": "Point", "coordinates": [ -73.926156332968532, 40.872216125260898 ] } },
{ "type": "Feature", "properties": { "Height": 97.270500183105497, "Radius": 38.406353804750665, "height_m": 29.65, "crown_diameter_m": 23.41, "site_id": 770 }, "geometry": { "type": "Point", "coordinates": [ -73.92805231515311, 40.872233279582915 ] } },
{ "type": "Feature", "properties": { "Height": 99.231002807617202, "Radius": 44.340958373559417, "height_m": 30.25, "crown_diameter_m": 27.03, "site_id": 771 }, "geometry": { "type": "Point", "coordinates": [ -73.928869697537138, 40.872243517881301 ] } },
{ "type": "Feature", "properties": { "Height": 94.063247680664105, "Radius": 20.544559111348836, "height_m": 28.67, "crown_diameter_m": 12.52, "site_id": 772 }, "geometry": { "type": "Point", "coordinates": [ -73.926337355061179, 40.872257656219894 ] } },
{ "type": "Feature", "properties": { "Height": 107.15249633789099, "Radius": 19.199032480852509, "height_m": 32.66, "crown_diameter_m": 11.7, "site_id": 773 }, "geometry": { "type": "Point", "coordinates": [ -73.92726937323792, 40.872233803635226 ] } },
{ "type": "Feature", "properties": { "Height": 95.092002868652301, "Radius": 19.883180797856969, "height_m": 28.98, "crown_diameter_m": 12.12, "site_id": 774 }, "geometry": { "type": "Point", "coordinates": [ -73.926927765479675, 40.872250061364674 ] } },
{ "type": "Feature", "properties": { "Height": 106.96250152587901, "Radius": 19.609139259794631, "height_m": 32.6, "crown_diameter_m": 11.95, "site_id": 775 }, "geometry": { "type": "Point", "coordinates": [ -73.927027138628958, 40.872280810191029 ] } },
{ "type": "Feature", "properties": { "Height": 108.33625030517599, "Radius": 27.454650070310787, "height_m": 33.02, "crown_diameter_m": 16.74, "site_id": 776 }, "geometry": { "type": "Point", "coordinates": [ -73.927630996284918, 40.872298822927412 ] } },
{ "type": "Feature", "properties": { "Height": 92.246002197265597, "Radius": 24.901157769991823, "height_m": 28.12, "crown_diameter_m": 15.18, "site_id": 777 }, "geometry": { "type": "Point", "coordinates": [ -73.926422086114371, 40.872310506813015 ] } },
{ "type": "Feature", "properties": { "Height": 97.957748413085895, "Radius": 31.168602352895601, "height_m": 29.86, "crown_diameter_m": 19.0, "site_id": 778 }, "geometry": { "type": "Point", "coordinates": [ -73.926775202508779, 40.872297418598038 ] } },
{ "type": "Feature", "properties": { "Height": 91.431251525878906, "Radius": 25.321052273665494, "height_m": 27.87, "crown_diameter_m": 15.44, "site_id": 779 }, "geometry": { "type": "Point", "coordinates": [ -73.928197400694557, 40.872289583838985 ] } },
{ "type": "Feature", "properties": { "Height": 113.83750152587901, "Radius": 29.712496854534852, "height_m": 34.7, "crown_diameter_m": 18.11, "site_id": 780 }, "geometry": { "type": "Point", "coordinates": [ -73.927397105440207, 40.872284429384841 ] } },
{ "type": "Feature", "properties": { "Height": 74.917999267578097, "Radius": 24.527651434398777, "height_m": 22.84, "crown_diameter_m": 14.95, "site_id": 781 }, "geometry": { "type": "Point", "coordinates": [ -73.925798422050192, 40.872336474682719 ] } },
{ "type": "Feature", "properties": { "Height": 82.883750915527301, "Radius": 31.330306597913541, "height_m": 25.26, "crown_diameter_m": 19.1, "site_id": 782 }, "geometry": { "type": "Point", "coordinates": [ -73.929338796889823, 40.872329934190063 ] } },
{ "type": "Feature", "properties": { "Height": 89.712997436523395, "Radius": 24.482187722588801, "height_m": 27.34, "crown_diameter_m": 14.92, "site_id": 783 }, "geometry": { "type": "Point", "coordinates": [ -73.927753887881366, 40.87231649187185 ] } },
{ "type": "Feature", "properties": { "Height": 72.013626098632798, "Radius": 25.027070914075303, "height_m": 21.95, "crown_diameter_m": 15.26, "site_id": 784 }, "geometry": { "type": "Point", "coordinates": [ -73.928530572994987, 40.872292904551401 ] } },
{ "type": "Feature", "properties": { "Height": 78.727752685546903, "Radius": 28.456639830653998, "height_m": 24.0, "crown_diameter_m": 17.35, "site_id": 785 }, "geometry": { "type": "Point", "coordinates": [ -73.925923625642326, 40.872327214354442 ] } },
{ "type": "Feature", "properties": { "Height": 112.984252929688, "Radius": 17.371176474327626, "height_m": 34.44, "crown_diameter_m": 10.59, "site_id": 786 }, "geometry": { "type": "Point", "coordinates": [ -73.927133844434962, 40.872327662493944 ] } },
{ "type": "Feature", "properties": { "Height": 103.890502929688, "Radius": 13.195283541573993, "height_m": 31.67, "crown_diameter_m": 8.04, "site_id": 787 }, "geometry": { "type": "Point", "coordinates": [ -73.927221206908058, 40.872313754650641 ] } },
{ "type": "Feature", "properties": { "Height": 111.54274749755901, "Radius": 16.545286401814263, "height_m": 34.0, "crown_diameter_m": 10.09, "site_id": 788 }, "geometry": { "type": "Point", "coordinates": [ -73.927476881955542, 40.872344086479337 ] } },
{ "type": "Feature", "properties": { "Height": 84.196998596191406, "Radius": 19.657777133417753, "height_m": 25.66, "crown_diameter_m": 11.98, "site_id": 789 }, "geometry": { "type": "Point", "coordinates": [ -73.9278481142278, 40.872322093330645 ] } },
{ "type": "Feature", "properties": { "Height": 97.605003356933594, "Radius": 33.879572747877873, "height_m": 29.75, "crown_diameter_m": 20.65, "site_id": 790 }, "geometry": { "type": "Point", "coordinates": [ -73.926104616184006, 40.872349241978483 ] } },
{ "type": "Feature", "properties": { "Height": 107.76999664306599, "Radius": 20.318659463172676, "height_m": 32.85, "crown_diameter_m": 12.39, "site_id": 791 }, "geometry": { "type": "Point", "coordinates": [ -73.926620871705111, 40.872308274107375 ] } },
{ "type": "Feature", "properties": { "Height": 84.908996582031307, "Radius": 37.373035474449672, "height_m": 25.88, "crown_diameter_m": 22.78, "site_id": 792 }, "geometry": { "type": "Point", "coordinates": [ -73.929147041820926, 40.872301570094329 ] } },
{ "type": "Feature", "properties": { "Height": 114.75250244140599, "Radius": 13.796713809378916, "height_m": 34.98, "crown_diameter_m": 8.41, "site_id": 793 }, "geometry": { "type": "Point", "coordinates": [ -73.926982006491045, 40.872366160552353 ] } },
{ "type": "Feature", "properties": { "Height": 98.3489990234375, "Radius": 12.166104433032896, "height_m": 29.98, "crown_diameter_m": 7.42, "site_id": 794 }, "geometry": { "type": "Point", "coordinates": [ -73.927075709987193, 40.872367166218076 ] } },
{ "type": "Feature", "properties": { "Height": 78.066749572753906, "Radius": 16.516403133234203, "height_m": 23.79, "crown_diameter_m": 10.07, "site_id": 795 }, "geometry": { "type": "Point", "coordinates": [ -73.927922148469051, 40.872353222655292 ] } },
{ "type": "Feature", "properties": { "Height": 103.07724761962901, "Radius": 14.138550439257223, "height_m": 31.42, "crown_diameter_m": 8.62, "site_id": 796 }, "geometry": { "type": "Point", "coordinates": [ -73.926916211654415, 40.8723833830662 ] } },
{ "type": "Feature", "properties": { "Height": 95.039001464843807, "Radius": 17.921346912535476, "height_m": 28.97, "crown_diameter_m": 10.92, "site_id": 797 }, "geometry": { "type": "Point", "coordinates": [ -73.926215172051016, 40.872386545214795 ] } },
{ "type": "Feature", "properties": { "Height": 70.003501892089801, "Radius": 35.28553697774624, "height_m": 21.34, "crown_diameter_m": 21.51, "site_id": 798 }, "geometry": { "type": "Point", "coordinates": [ -73.929745448985059, 40.872350153507597 ] } },
{ "type": "Feature", "properties": { "Height": 94.774002075195298, "Radius": 18.036427131775131, "height_m": 28.89, "crown_diameter_m": 11.0, "site_id": 799 }, "geometry": { "type": "Point", "coordinates": [ -73.927555487952944, 40.872399202520555 ] } },
{ "type": "Feature", "properties": { "Height": 76.793998718261705, "Radius": 20.050570721306851, "height_m": 23.41, "crown_diameter_m": 12.22, "site_id": 800 }, "geometry": { "type": "Point", "coordinates": [ -73.929038733794854, 40.872395294814361 ] } },
{ "type": "Feature", "properties": { "Height": 93.0989990234375, "Radius": 32.104320760033438, "height_m": 28.38, "crown_diameter_m": 19.57, "site_id": 801 }, "geometry": { "type": "Point", "coordinates": [ -73.928381029005465, 40.872363363304196 ] } },
{ "type": "Feature", "properties": { "Height": 104.050003051758, "Radius": 23.642169108157916, "height_m": 31.71, "crown_diameter_m": 14.41, "site_id": 802 }, "geometry": { "type": "Point", "coordinates": [ -73.927248433251606, 40.872383188669694 ] } },
{ "type": "Feature", "properties": { "Height": 89.012496948242202, "Radius": 15.414873662673976, "height_m": 27.13, "crown_diameter_m": 9.4, "site_id": 803 }, "geometry": { "type": "Point", "coordinates": [ -73.928121874767953, 40.872383995354213 ] } },
{ "type": "Feature", "properties": { "Height": 99.888000488281307, "Radius": 21.192811267156809, "height_m": 30.45, "crown_diameter_m": 12.92, "site_id": 804 }, "geometry": { "type": "Point", "coordinates": [ -73.926352104914258, 40.872414374033838 ] } },
{ "type": "Feature", "properties": { "Height": 121.814750671387, "Radius": 29.245489638162084, "height_m": 37.13, "crown_diameter_m": 17.83, "site_id": 805 }, "geometry": { "type": "Point", "coordinates": [ -73.926585039756191, 40.872406285690992 ] } },
{ "type": "Feature", "properties": { "Height": 96.173500061035199, "Radius": 22.504022505285825, "height_m": 29.31, "crown_diameter_m": 13.72, "site_id": 806 }, "geometry": { "type": "Point", "coordinates": [ -73.926812697213364, 40.872419340601063 ] } },
{ "type": "Feature", "properties": { "Height": 84.258247375488295, "Radius": 18.080493718666894, "height_m": 25.68, "crown_diameter_m": 11.02, "site_id": 807 }, "geometry": { "type": "Point", "coordinates": [ -73.926002941638657, 40.872470160147394 ] } },
{ "type": "Feature", "properties": { "Height": 45.966751098632798, "Radius": 16.086824965400158, "height_m": 14.01, "crown_diameter_m": 9.81, "site_id": 808 }, "geometry": { "type": "Point", "coordinates": [ -73.925817720737726, 40.872445798280715 ] } },
{ "type": "Feature", "properties": { "Height": 116.62124633789099, "Radius": 26.939683377854365, "height_m": 35.55, "crown_diameter_m": 16.42, "site_id": 809 }, "geometry": { "type": "Point", "coordinates": [ -73.926951654040593, 40.872457030339937 ] } },
{ "type": "Feature", "properties": { "Height": 68.211502075195298, "Radius": 23.257000539575312, "height_m": 20.79, "crown_diameter_m": 14.18, "site_id": 810 }, "geometry": { "type": "Point", "coordinates": [ -73.92971676592839, 40.872442084911512 ] } },
{ "type": "Feature", "properties": { "Height": 83.926498413085895, "Radius": 20.03468907863958, "height_m": 25.58, "crown_diameter_m": 12.21, "site_id": 811 }, "geometry": { "type": "Point", "coordinates": [ -73.928066525173264, 40.872453011216635 ] } },
{ "type": "Feature", "properties": { "Height": 112.327751159668, "Radius": 16.439132987175398, "height_m": 34.24, "crown_diameter_m": 10.02, "site_id": 812 }, "geometry": { "type": "Point", "coordinates": [ -73.927111206708105, 40.872475810959088 ] } },
{ "type": "Feature", "properties": { "Height": 95.3282470703125, "Radius": 20.106057680545288, "height_m": 29.06, "crown_diameter_m": 12.26, "site_id": 813 }, "geometry": { "type": "Point", "coordinates": [ -73.92612944984441, 40.87246777836291 ] } },
{ "type": "Feature", "properties": { "Height": 111.481002807617, "Radius": 30.772908724993439, "height_m": 33.98, "crown_diameter_m": 18.76, "site_id": 814 }, "geometry": { "type": "Point", "coordinates": [ -73.927474460477853, 40.872487901961094 ] } },
{ "type": "Feature", "properties": { "Height": 83.374000549316406, "Radius": 19.065935330370994, "height_m": 25.41, "crown_diameter_m": 11.62, "site_id": 815 }, "geometry": { "type": "Point", "coordinates": [ -73.927651899123504, 40.872445524696161 ] } },
{ "type": "Feature", "properties": { "Height": 113.106498718262, "Radius": 43.422443630105434, "height_m": 34.47, "crown_diameter_m": 26.47, "site_id": 816 }, "geometry": { "type": "Point", "coordinates": [ -73.927254319229164, 40.872534245707847 ] } },
{ "type": "Feature", "properties": { "Height": 98.316001892089801, "Radius": 34.241706525201003, "height_m": 29.97, "crown_diameter_m": 20.87, "site_id": 817 }, "geometry": { "type": "Point", "coordinates": [ -73.928271832633996, 40.872463521642899 ] } },
{ "type": "Feature", "properties": { "Height": 71.209999084472699, "Radius": 15.756957549709803, "height_m": 21.7, "crown_diameter_m": 9.61, "site_id": 818 }, "geometry": { "type": "Point", "coordinates": [ -73.925774798612991, 40.872540320162969 ] } },
{ "type": "Feature", "properties": { "Height": 119.002250671387, "Radius": 29.516337145469713, "height_m": 36.27, "crown_diameter_m": 17.99, "site_id": 819 }, "geometry": { "type": "Point", "coordinates": [ -73.926639326757638, 40.872507154205252 ] } },
{ "type": "Feature", "properties": { "Height": 102.002250671387, "Radius": 50.050962071337175, "height_m": 31.09, "crown_diameter_m": 30.51, "site_id": 820 }, "geometry": { "type": "Point", "coordinates": [ -73.927854856510336, 40.872544554200694 ] } },
{ "type": "Feature", "properties": { "Height": 95.165496826171903, "Radius": 32.909715704337948, "height_m": 29.01, "crown_diameter_m": 20.06, "site_id": 821 }, "geometry": { "type": "Point", "coordinates": [ -73.929123369556635, 40.872495203786151 ] } },
{ "type": "Feature", "properties": { "Height": 96.135498046875, "Radius": 41.428575962769941, "height_m": 29.3, "crown_diameter_m": 25.25, "site_id": 822 }, "geometry": { "type": "Point", "coordinates": [ -73.928761694612717, 40.872445266920089 ] } },
{ "type": "Feature", "properties": { "Height": 109.00325012207, "Radius": 16.322541920173855, "height_m": 33.22, "crown_diameter_m": 9.95, "site_id": 823 }, "geometry": { "type": "Point", "coordinates": [ -73.927044910104371, 40.872550240356269 ] } },
{ "type": "Feature", "properties": { "Height": 69.538002014160199, "Radius": 20.752669129696759, "height_m": 21.2, "crown_diameter_m": 12.65, "site_id": 824 }, "geometry": { "type": "Point", "coordinates": [ -73.927676950120244, 40.872527139955757 ] } },
{ "type": "Feature", "properties": { "Height": 76.712753295898395, "Radius": 26.27573297041668, "height_m": 23.38, "crown_diameter_m": 16.02, "site_id": 825 }, "geometry": { "type": "Point", "coordinates": [ -73.925892885915445, 40.872531184960998 ] } },
{ "type": "Feature", "properties": { "Height": 110.255500793457, "Radius": 25.780439141949365, "height_m": 33.61, "crown_diameter_m": 15.72, "site_id": 826 }, "geometry": { "type": "Point", "coordinates": [ -73.926519418502878, 40.872553995162129 ] } },
{ "type": "Feature", "properties": { "Height": 93.208999633789105, "Radius": 27.286018833532427, "height_m": 28.41, "crown_diameter_m": 16.63, "site_id": 827 }, "geometry": { "type": "Point", "coordinates": [ -73.927542543570254, 40.872623134150267 ] } },
{ "type": "Feature", "properties": { "Height": 98.725250244140597, "Radius": 22.333642596988071, "height_m": 30.09, "crown_diameter_m": 13.61, "site_id": 828 }, "geometry": { "type": "Point", "coordinates": [ -73.928156388138518, 40.872544660373826 ] } },
{ "type": "Feature", "properties": { "Height": 95.612747192382798, "Radius": 28.933630962313895, "height_m": 29.14, "crown_diameter_m": 17.64, "site_id": 829 }, "geometry": { "type": "Point", "coordinates": [ -73.928977425249158, 40.872554265337186 ] } },
{ "type": "Feature", "properties": { "Height": 102.522499084473, "Radius": 46.356337664086141, "height_m": 31.25, "crown_diameter_m": 28.26, "site_id": 830 }, "geometry": { "type": "Point", "coordinates": [ -73.926244865199607, 40.87255405594108 ] } },
{ "type": "Feature", "properties": { "Height": 100.86750030517599, "Radius": 32.200845551688516, "height_m": 30.74, "crown_diameter_m": 19.63, "site_id": 831 }, "geometry": { "type": "Point", "coordinates": [ -73.928842081470904, 40.872614330080786 ] } },
{ "type": "Feature", "properties": { "Height": 86.979248046875, "Radius": 44.425227875735743, "height_m": 26.51, "crown_diameter_m": 27.08, "site_id": 832 }, "geometry": { "type": "Point", "coordinates": [ -73.92961070737546, 40.872574196653289 ] } },
{ "type": "Feature", "properties": { "Height": 66.313247680664105, "Radius": 23.014509567006368, "height_m": 20.21, "crown_diameter_m": 14.03, "site_id": 833 }, "geometry": { "type": "Point", "coordinates": [ -73.925794984621533, 40.872669880106386 ] } },
{ "type": "Feature", "properties": { "Height": 76.070999145507798, "Radius": 12.766152972845846, "height_m": 23.19, "crown_diameter_m": 7.78, "site_id": 834 }, "geometry": { "type": "Point", "coordinates": [ -73.927679078376741, 40.872607798934332 ] } },
{ "type": "Feature", "properties": { "Height": 108.459503173828, "Radius": 21.734117674677879, "height_m": 33.06, "crown_diameter_m": 13.25, "site_id": 835 }, "geometry": { "type": "Point", "coordinates": [ -73.92680751481511, 40.872587025363387 ] } },
{ "type": "Feature", "properties": { "Height": 41.640499114990199, "Radius": 13.762063154896342, "height_m": 12.69, "crown_diameter_m": 8.39, "site_id": 836 }, "geometry": { "type": "Point", "coordinates": [ -73.926706425583163, 40.872609332936143 ] } },
{ "type": "Feature", "properties": { "Height": 96.483001708984403, "Radius": 21.439204174814741, "height_m": 29.41, "crown_diameter_m": 13.07, "site_id": 837 }, "geometry": { "type": "Point", "coordinates": [ -73.927308403803011, 40.872636831908508 ] } },
{ "type": "Feature", "properties": { "Height": 90.053001403808594, "Radius": 30.471461041409178, "height_m": 27.45, "crown_diameter_m": 18.58, "site_id": 838 }, "geometry": { "type": "Point", "coordinates": [ -73.928027129412811, 40.872635305833924 ] } },
{ "type": "Feature", "properties": { "Height": 75.271255493164105, "Radius": 20.342144725641095, "height_m": 22.94, "crown_diameter_m": 12.4, "site_id": 839 }, "geometry": { "type": "Point", "coordinates": [ -73.925912131800786, 40.87265188887752 ] } },
{ "type": "Feature", "properties": { "Height": 109.942749023438, "Radius": 32.766739936983754, "height_m": 33.51, "crown_diameter_m": 19.97, "site_id": 840 }, "geometry": { "type": "Point", "coordinates": [ -73.926922550438391, 40.872604238163859 ] } },
{ "type": "Feature", "properties": { "Height": 99.968246459960895, "Radius": 12.373643572303322, "height_m": 30.47, "crown_diameter_m": 7.54, "site_id": 841 }, "geometry": { "type": "Point", "coordinates": [ -73.926493378330662, 40.872618355393421 ] } },
{ "type": "Feature", "properties": { "Height": 95.025497436523395, "Radius": 37.393258116054113, "height_m": 28.96, "crown_diameter_m": 22.79, "site_id": 842 }, "geometry": { "type": "Point", "coordinates": [ -73.929045958692768, 40.872703953352939 ] } },
{ "type": "Feature", "properties": { "Height": 80.522499084472699, "Radius": 34.503318308930474, "height_m": 24.54, "crown_diameter_m": 21.03, "site_id": 843 }, "geometry": { "type": "Point", "coordinates": [ -73.926004880675123, 40.872737151695809 ] } },
{ "type": "Feature", "properties": { "Height": 89.644500732421903, "Radius": 22.017855405509259, "height_m": 27.32, "crown_diameter_m": 13.42, "site_id": 844 }, "geometry": { "type": "Point", "coordinates": [ -73.92627752878316, 40.872681076291656 ] } },
{ "type": "Feature", "properties": { "Height": 100.11074829101599, "Radius": 39.700269538619501, "height_m": 30.51, "crown_diameter_m": 24.2, "site_id": 845 }, "geometry": { "type": "Point", "coordinates": [ -73.928181875357723, 40.872695287420555 ] } },
{ "type": "Feature", "properties": { "Height": 92.258750915527301, "Radius": 16.888032982579009, "height_m": 28.12, "crown_diameter_m": 10.29, "site_id": 846 }, "geometry": { "type": "Point", "coordinates": [ -73.92617039460437, 40.872658939530915 ] } },
{ "type": "Feature", "properties": { "Height": 85.992752075195298, "Radius": 14.025530637433388, "height_m": 26.21, "crown_diameter_m": 8.55, "site_id": 847 }, "geometry": { "type": "Point", "coordinates": [ -73.928653830768567, 40.872667146354082 ] } },
{ "type": "Feature", "properties": { "Height": 82.320503234863295, "Radius": 17.544391124793293, "height_m": 25.09, "crown_diameter_m": 10.7, "site_id": 848 }, "geometry": { "type": "Point", "coordinates": [ -73.92675139061916, 40.872700913238639 ] } },
{ "type": "Feature", "properties": { "Height": 38.849998474121101, "Radius": 17.983404693292407, "height_m": 11.84, "crown_diameter_m": 10.96, "site_id": 849 }, "geometry": { "type": "Point", "coordinates": [ -73.929573256284357, 40.87269514000598 ] } },
{ "type": "Feature", "properties": { "Height": 69.7032470703125, "Radius": 11.198843474056307, "height_m": 21.25, "crown_diameter_m": 6.83, "site_id": 850 }, "geometry": { "type": "Point", "coordinates": [ -73.92592574906736, 40.872719110972128 ] } },
{ "type": "Feature", "properties": { "Height": 86.597251892089801, "Radius": 21.256549189317884, "height_m": 26.39, "crown_diameter_m": 12.96, "site_id": 851 }, "geometry": { "type": "Point", "coordinates": [ -73.928623137868371, 40.872745635550338 ] } },
{ "type": "Feature", "properties": { "Height": 84.945747375488295, "Radius": 16.448811606198852, "height_m": 25.89, "crown_diameter_m": 10.03, "site_id": 852 }, "geometry": { "type": "Point", "coordinates": [ -73.926141647965437, 40.872751210388195 ] } },
{ "type": "Feature", "properties": { "Height": 97.149749755859403, "Radius": 21.222829428473098, "height_m": 29.61, "crown_diameter_m": 12.94, "site_id": 853 }, "geometry": { "type": "Point", "coordinates": [ -73.926990868051035, 40.872702155487602 ] } },
{ "type": "Feature", "properties": { "Height": 98.046249389648395, "Radius": 30.290728728849967, "height_m": 29.88, "crown_diameter_m": 18.47, "site_id": 854 }, "geometry": { "type": "Point", "coordinates": [ -73.926548613638261, 40.872685547185974 ] } },
{ "type": "Feature", "properties": { "Height": 74.516746520996094, "Radius": 26.093387027121036, "height_m": 22.71, "crown_diameter_m": 15.91, "site_id": 855 }, "geometry": { "type": "Point", "coordinates": [ -73.927673336401725, 40.872721533319613 ] } },
{ "type": "Feature", "properties": { "Height": 95.722251892089801, "Radius": 14.031203248641026, "height_m": 29.18, "crown_diameter_m": 8.55, "site_id": 856 }, "geometry": { "type": "Point", "coordinates": [ -73.926395921992722, 40.872724757114909 ] } },
{ "type": "Feature", "properties": { "Height": 92.195251464843807, "Radius": 17.362012044001403, "height_m": 28.1, "crown_diameter_m": 10.58, "site_id": 857 }, "geometry": { "type": "Point", "coordinates": [ -73.926278780187431, 40.872758233635984 ] } },
{ "type": "Feature", "properties": { "Height": 68.215499877929702, "Radius": 16.812470934731934, "height_m": 20.79, "crown_diameter_m": 10.25, "site_id": 858 }, "geometry": { "type": "Point", "coordinates": [ -73.9266841166273, 40.872748846736577 ] } },
{ "type": "Feature", "properties": { "Height": 88.825996398925795, "Radius": 13.517021664164625, "height_m": 27.07, "crown_diameter_m": 8.24, "site_id": 859 }, "geometry": { "type": "Point", "coordinates": [ -73.926562894186603, 40.872762893817409 ] } },
{ "type": "Feature", "properties": { "Height": 97.971748352050795, "Radius": 49.052058363164271, "height_m": 29.86, "crown_diameter_m": 29.9, "site_id": 860 }, "geometry": { "type": "Point", "coordinates": [ -73.927230272406831, 40.872771262498546 ] } },
{ "type": "Feature", "properties": { "Height": 74.626998901367202, "Radius": 23.061141392861895, "height_m": 22.75, "crown_diameter_m": 14.06, "site_id": 861 }, "geometry": { "type": "Point", "coordinates": [ -73.929628033482587, 40.872758795625458 ] } },
{ "type": "Feature", "properties": { "Height": 87.879249572753906, "Radius": 16.155931006002358, "height_m": 26.79, "crown_diameter_m": 9.85, "site_id": 862 }, "geometry": { "type": "Point", "coordinates": [ -73.928873343554315, 40.872794161568429 ] } },
{ "type": "Feature", "properties": { "Height": 84.906501770019503, "Radius": 45.619184954025904, "height_m": 25.88, "crown_diameter_m": 27.81, "site_id": 863 }, "geometry": { "type": "Point", "coordinates": [ -73.929387478316812, 40.872789146420068 ] } },
{ "type": "Feature", "properties": { "Height": 65.045753479003906, "Radius": 17.805522925178455, "height_m": 19.83, "crown_diameter_m": 10.85, "site_id": 864 }, "geometry": { "type": "Point", "coordinates": [ -73.925814394288281, 40.872776572542598 ] } },
{ "type": "Feature", "properties": { "Height": 93.628250122070298, "Radius": 26.839062435821379, "height_m": 28.54, "crown_diameter_m": 16.36, "site_id": 865 }, "geometry": { "type": "Point", "coordinates": [ -73.927487863883627, 40.872762441373929 ] } },
{ "type": "Feature", "properties": { "Height": 76.846748352050795, "Radius": 19.396965883076678, "height_m": 23.42, "crown_diameter_m": 11.82, "site_id": 866 }, "geometry": { "type": "Point", "coordinates": [ -73.927816208197996, 40.87276443289295 ] } },
{ "type": "Feature", "properties": { "Height": 88.344001770019503, "Radius": 28.801311834618897, "height_m": 26.93, "crown_diameter_m": 17.56, "site_id": 867 }, "geometry": { "type": "Point", "coordinates": [ -73.928759356813572, 40.872790379443295 ] } },
{ "type": "Feature", "properties": { "Height": 97.121002197265597, "Radius": 18.754530765473412, "height_m": 29.6, "crown_diameter_m": 11.43, "site_id": 868 }, "geometry": { "type": "Point", "coordinates": [ -73.926437966520581, 40.872799807211329 ] } },
{ "type": "Feature", "properties": { "Height": 89.327751159667997, "Radius": 22.910543474939018, "height_m": 27.23, "crown_diameter_m": 13.97, "site_id": 869 }, "geometry": { "type": "Point", "coordinates": [ -73.927581266452194, 40.872847478210808 ] } },
{ "type": "Feature", "properties": { "Height": 74.769126892089801, "Radius": 11.283791670955125, "height_m": 22.79, "crown_diameter_m": 6.88, "site_id": 870 }, "geometry": { "type": "Point", "coordinates": [ -73.927834978228276, 40.87283718157812 ] } },
{ "type": "Feature", "properties": { "Height": 107.55474853515599, "Radius": 39.16955005365611, "height_m": 32.78, "crown_diameter_m": 23.88, "site_id": 871 }, "geometry": { "type": "Point", "coordinates": [ -73.926937875884917, 40.872827918371371 ] } },
{ "type": "Feature", "properties": { "Height": 76.2969970703125, "Radius": 16.283492720884475, "height_m": 23.26, "crown_diameter_m": 9.93, "site_id": 872 }, "geometry": { "type": "Point", "coordinates": [ -73.926619340058323, 40.87281578929111 ] } },
{ "type": "Feature", "properties": { "Height": 73.730003356933594, "Radius": 13.122714979204218, "height_m": 22.47, "crown_diameter_m": 8.0, "site_id": 873 }, "geometry": { "type": "Point", "coordinates": [ -73.926097992485651, 40.872837633824183 ] } },
{ "type": "Feature", "properties": { "Height": 89.471000671386705, "Radius": 16.944483389521771, "height_m": 27.27, "crown_diameter_m": 10.33, "site_id": 874 }, "geometry": { "type": "Point", "coordinates": [ -73.927478530624811, 40.872878381487283 ] } },
{ "type": "Feature", "properties": { "Height": 70.774871826171903, "Radius": 36.996385101659591, "height_m": 21.57, "crown_diameter_m": 22.55, "site_id": 875 }, "geometry": { "type": "Point", "coordinates": [ -73.927925146575532, 40.87285631837694 ] } },
{ "type": "Feature", "properties": { "Height": 62.956501007080099, "Radius": 16.738944928318563, "height_m": 19.19, "crown_diameter_m": 10.2, "site_id": 876 }, "geometry": { "type": "Point", "coordinates": [ -73.928109655395801, 40.872837743832328 ] } },
{ "type": "Feature", "properties": { "Height": 103.96900177002, "Radius": 35.19068928279237, "height_m": 31.69, "crown_diameter_m": 21.45, "site_id": 877 }, "geometry": { "type": "Point", "coordinates": [ -73.926254538586633, 40.872861750895041 ] } },
{ "type": "Feature", "properties": { "Height": 84.472747802734403, "Radius": 20.687378808686869, "height_m": 25.75, "crown_diameter_m": 12.61, "site_id": 878 }, "geometry": { "type": "Point", "coordinates": [ -73.92653338698085, 40.872869713476341 ] } },
{ "type": "Feature", "properties": { "Height": 69.577003479003906, "Radius": 34.113647472645589, "height_m": 21.21, "crown_diameter_m": 20.8, "site_id": 879 }, "geometry": { "type": "Point", "coordinates": [ -73.927707622887482, 40.87290891941263 ] } },
{ "type": "Feature", "properties": { "Height": 60.686500549316399, "Radius": 19.099296572560576, "height_m": 18.5, "crown_diameter_m": 11.64, "site_id": 880 }, "geometry": { "type": "Point", "coordinates": [ -73.925942363858155, 40.872864322682361 ] } },
{ "type": "Feature", "properties": { "Height": 104.834999084473, "Radius": 23.74963406702674, "height_m": 31.95, "crown_diameter_m": 14.48, "site_id": 881 }, "geometry": { "type": "Point", "coordinates": [ -73.926696009715243, 40.872878580444485 ] } },
{ "type": "Feature", "properties": { "Height": 62.477249145507798, "Radius": 11.924971348083336, "height_m": 19.04, "crown_diameter_m": 7.27, "site_id": 882 }, "geometry": { "type": "Point", "coordinates": [ -73.928092319834505, 40.872902710468345 ] } },
{ "type": "Feature", "properties": { "Height": 62.326000213622997, "Radius": 23.983034927508857, "height_m": 19.0, "crown_diameter_m": 14.62, "site_id": 883 }, "geometry": { "type": "Point", "coordinates": [ -73.926026331697813, 40.872933964476189 ] } },
{ "type": "Feature", "properties": { "Height": 77.46875, "Radius": 30.374680329243262, "height_m": 23.61, "crown_diameter_m": 18.52, "site_id": 884 }, "geometry": { "type": "Point", "coordinates": [ -73.929256967329863, 40.872946273737774 ] } },
{ "type": "Feature", "properties": { "Height": 68.615249633789105, "Radius": 23.24844482411838, "height_m": 20.91, "crown_diameter_m": 14.17, "site_id": 885 }, "geometry": { "type": "Point", "coordinates": [ -73.925809859533757, 40.872889943812545 ] } },
{ "type": "Feature", "properties": { "Height": 98.450500488281307, "Radius": 19.625365277680483, "height_m": 30.01, "crown_diameter_m": 11.96, "site_id": 886 }, "geometry": { "type": "Point", "coordinates": [ -73.927263430569411, 40.872917548823494 ] } },
{ "type": "Feature", "properties": { "Height": 101.33750152587901, "Radius": 26.880540203597192, "height_m": 30.89, "crown_diameter_m": 16.39, "site_id": 887 }, "geometry": { "type": "Point", "coordinates": [ -73.926822192472812, 40.872976417542247 ] } },
{ "type": "Feature", "properties": { "Height": 92.993499755859403, "Radius": 27.587659158860209, "height_m": 28.34, "crown_diameter_m": 16.82, "site_id": 888 }, "geometry": { "type": "Point", "coordinates": [ -73.928630623539874, 40.872868154319434 ] } },
{ "type": "Feature", "properties": { "Height": 59.540248870849602, "Radius": 28.226399790232335, "height_m": 18.15, "crown_diameter_m": 17.21, "site_id": 889 }, "geometry": { "type": "Point", "coordinates": [ -73.929476547635829, 40.872936642341621 ] } },
{ "type": "Feature", "properties": { "Height": 102.53050231933599, "Radius": 38.165246483902422, "height_m": 31.25, "crown_diameter_m": 23.27, "site_id": 890 }, "geometry": { "type": "Point", "coordinates": [ -73.926339105346088, 40.873001433726415 ] } },
{ "type": "Feature", "properties": { "Height": 82.169250488281307, "Radius": 13.584555808529501, "height_m": 25.05, "crown_diameter_m": 8.28, "site_id": 891 }, "geometry": { "type": "Point", "coordinates": [ -73.928915286357096, 40.872937060690489 ] } },
{ "type": "Feature", "properties": { "Height": 103.63649749755901, "Radius": 12.527041705391134, "height_m": 31.59, "crown_diameter_m": 7.64, "site_id": 892 }, "geometry": { "type": "Point", "coordinates": [ -73.926721219307979, 40.872947771969059 ] } },
{ "type": "Feature", "properties": { "Height": 93.836746215820298, "Radius": 25.563454311483849, "height_m": 28.6, "crown_diameter_m": 15.58, "site_id": 893 }, "geometry": { "type": "Point", "coordinates": [ -73.928828001840543, 40.872913170065218 ] } },
{ "type": "Feature", "properties": { "Height": 98.744003295898395, "Radius": 29.392057279183568, "height_m": 30.1, "crown_diameter_m": 17.92, "site_id": 894 }, "geometry": { "type": "Point", "coordinates": [ -73.927386534566324, 40.872977406168154 ] } },
{ "type": "Feature", "properties": { "Height": 92.099502563476605, "Radius": 43.71468176373228, "height_m": 28.07, "crown_diameter_m": 26.65, "site_id": 895 }, "geometry": { "type": "Point", "coordinates": [ -73.928470286440813, 40.872904613972295 ] } },
{ "type": "Feature", "properties": { "Height": 56.996749877929702, "Radius": 13.013103375051497, "height_m": 17.37, "crown_diameter_m": 7.93, "site_id": 896 }, "geometry": { "type": "Point", "coordinates": [ -73.925788387913869, 40.872975774460222 ] } },
{ "type": "Feature", "properties": { "Height": 89.964996337890597, "Radius": 17.5715847207438, "height_m": 27.42, "crown_diameter_m": 10.71, "site_id": 897 }, "geometry": { "type": "Point", "coordinates": [ -73.926152697615848, 40.87297610992168 ] } },
{ "type": "Feature", "properties": { "Height": 61.674751281738303, "Radius": 22.813080982420978, "height_m": 18.8, "crown_diameter_m": 13.91, "site_id": 898 }, "geometry": { "type": "Point", "coordinates": [ -73.927084515861537, 40.872977225637911 ] } },
{ "type": "Feature", "properties": { "Height": 103.904251098633, "Radius": 32.292153646638347, "height_m": 31.67, "crown_diameter_m": 19.69, "site_id": 899 }, "geometry": { "type": "Point", "coordinates": [ -73.926560074208808, 40.873000412931631 ] } },
{ "type": "Feature", "properties": { "Height": 47.638500213622997, "Radius": 18.626802622574058, "height_m": 14.52, "crown_diameter_m": 11.35, "site_id": 900 }, "geometry": { "type": "Point", "coordinates": [ -73.927189501883035, 40.872974985775109 ] } },
{ "type": "Feature", "properties": { "Height": 76.224746704101605, "Radius": 23.796497379256547, "height_m": 23.23, "crown_diameter_m": 14.51, "site_id": 901 }, "geometry": { "type": "Point", "coordinates": [ -73.927508306180044, 40.87302783172975 ] } },
{ "type": "Feature", "properties": { "Height": 83.625503540039105, "Radius": 23.097345502114159, "height_m": 25.49, "crown_diameter_m": 14.08, "site_id": 902 }, "geometry": { "type": "Point", "coordinates": [ -73.926969594175489, 40.872990662093038 ] } },
{ "type": "Feature", "properties": { "Height": 94.132003784179702, "Radius": 16.727055627203253, "height_m": 28.69, "crown_diameter_m": 10.2, "site_id": 903 }, "geometry": { "type": "Point", "coordinates": [ -73.928663795930845, 40.873004094536199 ] } },
{ "type": "Feature", "properties": { "Height": 64.585998535156307, "Radius": 25.054083410782269, "height_m": 19.69, "crown_diameter_m": 15.27, "site_id": 904 }, "geometry": { "type": "Point", "coordinates": [ -73.925895714871132, 40.873006234011015 ] } },
{ "type": "Feature", "properties": { "Height": 90.936500549316406, "Radius": 15.533154661153459, "height_m": 27.72, "crown_diameter_m": 9.47, "site_id": 905 }, "geometry": { "type": "Point", "coordinates": [ -73.926702609969823, 40.873009052788817 ] } },
{ "type": "Feature", "properties": { "Height": 77.836746215820298, "Radius": 25.68767007844421, "height_m": 23.72, "crown_diameter_m": 15.66, "site_id": 906 }, "geometry": { "type": "Point", "coordinates": [ -73.927642542107677, 40.873032740792091 ] } },
{ "type": "Feature", "properties": { "Height": 73.983253479003906, "Radius": 18.660948943852429, "height_m": 22.55, "crown_diameter_m": 11.38, "site_id": 907 }, "geometry": { "type": "Point", "coordinates": [ -73.929393175484151, 40.873026545639547 ] } },
{ "type": "Feature", "properties": { "Height": 96.684249877929702, "Radius": 28.668381993522889, "height_m": 29.47, "crown_diameter_m": 17.48, "site_id": 908 }, "geometry": { "type": "Point", "coordinates": [ -73.928809301108132, 40.873040584829205 ] } },
{ "type": "Feature", "properties": { "Height": 73.518753051757798, "Radius": 26.711263726768284, "height_m": 22.41, "crown_diameter_m": 16.28, "site_id": 909 }, "geometry": { "type": "Point", "coordinates": [ -73.928000134370407, 40.872975884300999 ] } },
{ "type": "Feature", "properties": { "Height": 65.639999389648395, "Radius": 13.469841688927183, "height_m": 20.01, "crown_diameter_m": 8.21, "site_id": 910 }, "geometry": { "type": "Point", "coordinates": [ -73.926074454986903, 40.873023533570112 ] } },
{ "type": "Feature", "properties": { "Height": 63.529750823974602, "Radius": 25.190290949240477, "height_m": 19.36, "crown_diameter_m": 15.36, "site_id": 911 }, "geometry": { "type": "Point", "coordinates": [ -73.927869339882136, 40.873048703453826 ] } },
{ "type": "Feature", "properties": { "Height": 76.608749389648395, "Radius": 16.007481325241379, "height_m": 23.35, "crown_diameter_m": 9.76, "site_id": 912 }, "geometry": { "type": "Point", "coordinates": [ -73.929253400049433, 40.873051167631722 ] } },
{ "type": "Feature", "properties": { "Height": 77.283500671386705, "Radius": 19.746635424171473, "height_m": 23.56, "crown_diameter_m": 12.04, "site_id": 913 }, "geometry": { "type": "Point", "coordinates": [ -73.926155554804382, 40.873089875842204 ] } },
{ "type": "Feature", "properties": { "Height": 73.014747619628906, "Radius": 23.493602164050813, "height_m": 22.25, "crown_diameter_m": 14.32, "site_id": 914 }, "geometry": { "type": "Point", "coordinates": [ -73.92683996249832, 40.873090242427573 ] } },
{ "type": "Feature", "properties": { "Height": 71.454246520996094, "Radius": 23.296316359960496, "height_m": 21.78, "crown_diameter_m": 14.2, "site_id": 915 }, "geometry": { "type": "Point", "coordinates": [ -73.925781601476302, 40.873115745602099 ] } },
{ "type": "Feature", "properties": { "Height": 73.341751098632798, "Radius": 24.433382728097627, "height_m": 22.35, "crown_diameter_m": 14.89, "site_id": 916 }, "geometry": { "type": "Point", "coordinates": [ -73.926024473896348, 40.8731003654228 ] } },
{ "type": "Feature", "properties": { "Height": 64.875251770019503, "Radius": 29.543285327057895, "height_m": 19.77, "crown_diameter_m": 18.01, "site_id": 917 }, "geometry": { "type": "Point", "coordinates": [ -73.927285036948092, 40.873087491788695 ] } },
{ "type": "Feature", "properties": { "Height": 68.630996704101605, "Radius": 16.390654164465779, "height_m": 20.92, "crown_diameter_m": 9.99, "site_id": 918 }, "geometry": { "type": "Point", "coordinates": [ -73.926718265739538, 40.873110030883822 ] } },
{ "type": "Feature", "properties": { "Height": 62.800750732421903, "Radius": 14.744682168955999, "height_m": 19.14, "crown_diameter_m": 8.99, "site_id": 919 }, "geometry": { "type": "Point", "coordinates": [ -73.926480653290994, 40.873095550279309 ] } },
{ "type": "Feature", "properties": { "Height": 85.806747436523395, "Radius": 15.967661658277217, "height_m": 26.15, "crown_diameter_m": 9.73, "site_id": 920 }, "geometry": { "type": "Point", "coordinates": [ -73.928557766919752, 40.873119177984037 ] } },
{ "type": "Feature", "properties": { "Height": 77.502998352050795, "Radius": 18.677998695187732, "height_m": 23.62, "crown_diameter_m": 11.39, "site_id": 921 }, "geometry": { "type": "Point", "coordinates": [ -73.929386327784854, 40.873093944798804 ] } },
{ "type": "Feature", "properties": { "Height": 67.123497009277301, "Radius": 21.271518592010736, "height_m": 20.46, "crown_diameter_m": 12.97, "site_id": 922 }, "geometry": { "type": "Point", "coordinates": [ -73.927033207107272, 40.873126682370476 ] } },
{ "type": "Feature", "properties": { "Height": 48.237251281738303, "Radius": 15.696236870863476, "height_m": 14.7, "crown_diameter_m": 9.57, "site_id": 923 }, "geometry": { "type": "Point", "coordinates": [ -73.925893401221089, 40.873113010628835 ] } },
{ "type": "Feature", "properties": { "Height": 64.527999877929702, "Radius": 15.817445133157866, "height_m": 19.67, "crown_diameter_m": 9.64, "site_id": 924 }, "geometry": { "type": "Point", "coordinates": [ -73.927598072570831, 40.873116664524112 ] } },
{ "type": "Feature", "properties": { "Height": 64.707748413085895, "Radius": 13.808244704671576, "height_m": 19.72, "crown_diameter_m": 8.42, "site_id": 925 }, "geometry": { "type": "Point", "coordinates": [ -73.927699943838562, 40.873120730163095 ] } },
{ "type": "Feature", "properties": { "Height": 68.732498168945298, "Radius": 16.840846433292999, "height_m": 20.95, "crown_diameter_m": 10.27, "site_id": 926 }, "geometry": { "type": "Point", "coordinates": [ -73.926370355354265, 40.873124085769604 ] } },
{ "type": "Feature", "properties": { "Height": 53.031501770019503, "Radius": 19.845122994854304, "height_m": 16.16, "crown_diameter_m": 12.1, "site_id": 927 }, "geometry": { "type": "Point", "coordinates": [ -73.927154262650575, 40.873108479837782 ] } },
{ "type": "Feature", "properties": { "Height": 64.735252380371094, "Radius": 15.022706457370044, "height_m": 19.73, "crown_diameter_m": 9.16, "site_id": 928 }, "geometry": { "type": "Point", "coordinates": [ -73.927469596737609, 40.873136048801854 ] } },
{ "type": "Feature", "properties": { "Height": 68.301498413085895, "Radius": 20.482490815089754, "height_m": 20.82, "crown_diameter_m": 12.49, "site_id": 929 }, "geometry": { "type": "Point", "coordinates": [ -73.926277608824861, 40.873165264418184 ] } },
{ "type": "Feature", "properties": { "Height": 86.561248779296903, "Radius": 14.01417852659937, "height_m": 26.38, "crown_diameter_m": 8.54, "site_id": 930 }, "geometry": { "type": "Point", "coordinates": [ -73.928467394206706, 40.873137333475427 ] } },
{ "type": "Feature", "properties": { "Height": 83.361999511718807, "Radius": 26.017032362854739, "height_m": 25.41, "crown_diameter_m": 15.86, "site_id": 931 }, "geometry": { "type": "Point", "coordinates": [ -73.929334516608719, 40.87318179173441 ] } },
{ "type": "Feature", "properties": { "Height": 51.060001373291001, "Radius": 13.951576806991675, "height_m": 15.56, "crown_diameter_m": 8.5, "site_id": 932 }, "geometry": { "type": "Point", "coordinates": [ -73.927384343078458, 40.873165697793524 ] } },
{ "type": "Feature", "properties": { "Height": 86.009002685546903, "Radius": 31.865475626864448, "height_m": 26.22, "crown_diameter_m": 19.43, "site_id": 933 }, "geometry": { "type": "Point", "coordinates": [ -73.928384115850221, 40.873076969819898 ] } },
{ "type": "Feature", "properties": { "Height": 66.533500671386705, "Radius": 24.529273579927114, "height_m": 20.28, "crown_diameter_m": 14.95, "site_id": 934 }, "geometry": { "type": "Point", "coordinates": [ -73.9269221500182, 40.873187697620011 ] } },
{ "type": "Feature", "properties": { "Height": 66.083000183105497, "Radius": 17.783162596219945, "height_m": 20.14, "crown_diameter_m": 10.84, "site_id": 935 }, "geometry": { "type": "Point", "coordinates": [ -73.926646704667832, 40.873144479523468 ] } },
{ "type": "Feature", "properties": { "Height": 69.247001647949205, "Radius": 17.894684839384389, "height_m": 21.11, "crown_diameter_m": 10.91, "site_id": 936 }, "geometry": { "type": "Point", "coordinates": [ -73.926373646189617, 40.87321296786488 ] } },
{ "type": "Feature", "properties": { "Height": 88.496498107910199, "Radius": 31.958986956601713, "height_m": 26.97, "crown_diameter_m": 19.48, "site_id": 937 }, "geometry": { "type": "Point", "coordinates": [ -73.929168912169615, 40.873142337068977 ] } },
{ "type": "Feature", "properties": { "Height": 65.513748168945298, "Radius": 15.086138293858053, "height_m": 19.97, "crown_diameter_m": 9.2, "site_id": 938 }, "geometry": { "type": "Point", "coordinates": [ -73.92680185381208, 40.87319160603964 ] } },
{ "type": "Feature", "properties": { "Height": 62.862499237060497, "Radius": 30.453174767115399, "height_m": 19.16, "crown_diameter_m": 18.56, "site_id": 939 }, "geometry": { "type": "Point", "coordinates": [ -73.92774641111582, 40.873191697932384 ] } },
{ "type": "Feature", "properties": { "Height": 62.435249328613303, "Radius": 21.735948301564651, "height_m": 19.03, "crown_diameter_m": 13.25, "site_id": 940 }, "geometry": { "type": "Point", "coordinates": [ -73.927445231171504, 40.873227546507451 ] } },
{ "type": "Feature", "properties": { "Height": 85.423248291015597, "Radius": 26.117773375459546, "height_m": 26.04, "crown_diameter_m": 15.92, "site_id": 941 }, "geometry": { "type": "Point", "coordinates": [ -73.928252068866414, 40.873202548235952 ] } },
{ "type": "Feature", "properties": { "Height": 71.549247741699205, "Radius": 33.648599750297834, "height_m": 21.81, "crown_diameter_m": 20.51, "site_id": 942 }, "geometry": { "type": "Point", "coordinates": [ -73.925923789240287, 40.873224983346809 ] } },
{ "type": "Feature", "properties": { "Height": 89.763000488281307, "Radius": 21.930942479148218, "height_m": 27.36, "crown_diameter_m": 13.37, "site_id": 943 }, "geometry": { "type": "Point", "coordinates": [ -73.928409493826052, 40.873219547268988 ] } },
{ "type": "Feature", "properties": { "Height": 82.342247009277301, "Radius": 29.824771196785452, "height_m": 25.1, "crown_diameter_m": 18.18, "site_id": 944 }, "geometry": { "type": "Point", "coordinates": [ -73.926156384362685, 40.873225235072518 ] } },
{ "type": "Feature", "properties": { "Height": 61.4635009765625, "Radius": 41.26980280420441, "height_m": 18.73, "crown_diameter_m": 25.16, "site_id": 945 }, "geometry": { "type": "Point", "coordinates": [ -73.927602135048218, 40.873308967244803 ] } },
{ "type": "Feature", "properties": { "Height": 88.481750488281307, "Radius": 38.071302404014112, "height_m": 26.97, "crown_diameter_m": 23.21, "site_id": 946 }, "geometry": { "type": "Point", "coordinates": [ -73.92651651345426, 40.873241917775552 ] } },
{ "type": "Feature", "properties": { "Height": 99.844749450683594, "Radius": 47.151197228179541, "height_m": 30.43, "crown_diameter_m": 28.74, "site_id": 947 }, "geometry": { "type": "Point", "coordinates": [ -73.928664513893708, 40.8732216934714 ] } },
{ "type": "Feature", "properties": { "Height": 62.1935005187988, "Radius": 17.5625248672306, "height_m": 18.96, "crown_diameter_m": 10.71, "site_id": 948 }, "geometry": { "type": "Point", "coordinates": [ -73.926770760684803, 40.873234900700091 ] } },
{ "type": "Feature", "properties": { "Height": 58.244499206542997, "Radius": 25.766545075113221, "height_m": 17.75, "crown_diameter_m": 15.71, "site_id": 949 }, "geometry": { "type": "Point", "coordinates": [ -73.927023871317061, 40.873288477102214 ] } },
{ "type": "Feature", "properties": { "Height": 76.564002990722699, "Radius": 26.024677910159824, "height_m": 23.34, "crown_diameter_m": 15.86, "site_id": 950 }, "geometry": { "type": "Point", "coordinates": [ -73.926038820607772, 40.873329997331581 ] } },
{ "type": "Feature", "properties": { "Height": 62.569000244140597, "Radius": 15.368341990871128, "height_m": 19.07, "crown_diameter_m": 9.37, "site_id": 951 }, "geometry": { "type": "Point", "coordinates": [ -73.926263088919086, 40.873296493204492 ] } },
{ "type": "Feature", "properties": { "Height": 54.735000610351598, "Radius": 38.1631613501022, "height_m": 16.68, "crown_diameter_m": 23.26, "site_id": 952 }, "geometry": { "type": "Point", "coordinates": [ -73.927228747511819, 40.873251917885042 ] } },
{ "type": "Feature", "properties": { "Height": 82.910247802734403, "Radius": 11.672044863118989, "height_m": 25.27, "crown_diameter_m": 7.12, "site_id": 953 }, "geometry": { "type": "Point", "coordinates": [ -73.92846148853134, 40.873263296417392 ] } },
{ "type": "Feature", "properties": { "Height": 54.406501770019503, "Radius": 12.825234254604235, "height_m": 16.58, "crown_diameter_m": 7.82, "site_id": 954 }, "geometry": { "type": "Point", "coordinates": [ -73.926913874423278, 40.873296680276361 ] } },
{ "type": "Feature", "properties": { "Height": 86.621749877929702, "Radius": 29.02699207166485, "height_m": 26.4, "crown_diameter_m": 17.69, "site_id": 955 }, "geometry": { "type": "Point", "coordinates": [ -73.926667497861288, 40.873312500439376 ] } },
{ "type": "Feature", "properties": { "Height": 84.737503051757798, "Radius": 25.250241623123781, "height_m": 25.83, "crown_diameter_m": 15.39, "site_id": 956 }, "geometry": { "type": "Point", "coordinates": [ -73.928244630839004, 40.873316811069465 ] } },
{ "type": "Feature", "properties": { "Height": 101.176750183105, "Radius": 22.834000822655874, "height_m": 30.84, "crown_diameter_m": 13.92, "site_id": 957 }, "geometry": { "type": "Point", "coordinates": [ -73.929130022878098, 40.873274848856397 ] } },
{ "type": "Feature", "properties": { "Height": 63.992000579833999, "Radius": 16.047202183642064, "height_m": 19.5, "crown_diameter_m": 9.78, "site_id": 958 }, "geometry": { "type": "Point", "coordinates": [ -73.926339568362849, 40.87330523265927 ] } },
{ "type": "Feature", "properties": { "Height": 54.378250122070298, "Radius": 13.669231989760256, "height_m": 16.57, "crown_diameter_m": 8.33, "site_id": 959 }, "geometry": { "type": "Point", "coordinates": [ -73.925768647051896, 40.87327837536133 ] } },
{ "type": "Feature", "properties": { "Height": 91.647003173828097, "Radius": 28.175607467140328, "height_m": 27.93, "crown_diameter_m": 17.18, "site_id": 960 }, "geometry": { "type": "Point", "coordinates": [ -73.92846769604337, 40.873335342927724 ] } },
{ "type": "Feature", "properties": { "Height": 66.069747924804702, "Radius": 20.287303488528025, "height_m": 20.14, "crown_diameter_m": 12.37, "site_id": 961 }, "geometry": { "type": "Point", "coordinates": [ -73.926814159104779, 40.873336202545083 ] } },
{ "type": "Feature", "properties": { "Height": 35.327751159667997, "Radius": 14.259047647016834, "height_m": 10.77, "crown_diameter_m": 8.69, "site_id": 962 }, "geometry": { "type": "Point", "coordinates": [ -73.927459800101246, 40.87332542793515 ] } },
{ "type": "Feature", "properties": { "Height": 92.851753234863295, "Radius": 26.343787300845896, "height_m": 28.3, "crown_diameter_m": 16.06, "site_id": 963 }, "geometry": { "type": "Point", "coordinates": [ -73.929266146151605, 40.873318307991006 ] } },
{ "type": "Feature", "properties": { "Height": 70.670753479003906, "Radius": 11.87481703351337, "height_m": 21.54, "crown_diameter_m": 7.24, "site_id": 964 }, "geometry": { "type": "Point", "coordinates": [ -73.926407885257163, 40.873351153421766 ] } },
{ "type": "Feature", "properties": { "Height": 56.064250946044901, "Radius": 16.244349652921244, "height_m": 17.09, "crown_diameter_m": 9.9, "site_id": 965 }, "geometry": { "type": "Point", "coordinates": [ -73.926916679250027, 40.873377255040936 ] } },
{ "type": "Feature", "properties": { "Height": 47.4114990234375, "Radius": 26.187757631820581, "height_m": 14.45, "crown_diameter_m": 15.96, "site_id": 966 }, "geometry": { "type": "Point", "coordinates": [ -73.927229510367837, 40.87338193356296 ] } },
{ "type": "Feature", "properties": { "Height": 99.872497558593807, "Radius": 24.495185964928812, "height_m": 30.44, "crown_diameter_m": 14.93, "site_id": 967 }, "geometry": { "type": "Point", "coordinates": [ -73.929134545433712, 40.873369107539418 ] } },
{ "type": "Feature", "properties": { "Height": 90.616249084472699, "Radius": 31.508864387775752, "height_m": 27.62, "crown_diameter_m": 19.21, "site_id": 968 }, "geometry": { "type": "Point", "coordinates": [ -73.928499341061425, 40.873436445045428 ] } },
{ "type": "Feature", "properties": { "Height": 85.151748657226605, "Radius": 15.128278427043359, "height_m": 25.95, "crown_diameter_m": 9.22, "site_id": 969 }, "geometry": { "type": "Point", "coordinates": [ -73.928299358756988, 40.87338255821598 ] } },
{ "type": "Feature", "properties": { "Height": 69.271003723144503, "Radius": 23.021423945881615, "height_m": 21.11, "crown_diameter_m": 14.03, "site_id": 970 }, "geometry": { "type": "Point", "coordinates": [ -73.925817367252932, 40.873349599293419 ] } },
{ "type": "Feature", "properties": { "Height": 49.942001342773402, "Radius": 22.48279562821002, "height_m": 15.22, "crown_diameter_m": 13.71, "site_id": 971 }, "geometry": { "type": "Point", "coordinates": [ -73.927029086424739, 40.873412672138684 ] } },
{ "type": "Feature", "properties": { "Height": 79.837501525878906, "Radius": 21.185300080932176, "height_m": 24.33, "crown_diameter_m": 12.91, "site_id": 972 }, "geometry": { "type": "Point", "coordinates": [ -73.926284652435868, 40.87341515801608 ] } },
{ "type": "Feature", "properties": { "Height": 74.172996520996094, "Radius": 17.186959427966244, "height_m": 22.61, "crown_diameter_m": 10.48, "site_id": 973 }, "geometry": { "type": "Point", "coordinates": [ -73.926398414206659, 40.873409751157475 ] } },
{ "type": "Feature", "properties": { "Height": 101.579750061035, "Radius": 33.705310913711344, "height_m": 30.96, "crown_diameter_m": 20.55, "site_id": 974 }, "geometry": { "type": "Point", "coordinates": [ -73.929013209013036, 40.873400450999583 ] } },
{ "type": "Feature", "properties": { "Height": 76.134002685546903, "Radius": 39.029116827472926, "height_m": 23.21, "crown_diameter_m": 23.79, "site_id": 975 }, "geometry": { "type": "Point", "coordinates": [ -73.926088731864084, 40.873447399849795 ] } },
{ "type": "Feature", "properties": { "Height": 99.791496276855497, "Radius": 34.98089164046619, "height_m": 30.42, "crown_diameter_m": 21.32, "site_id": 976 }, "geometry": { "type": "Point", "coordinates": [ -73.92895428995773, 40.873486075485076 ] } },
{ "type": "Feature", "properties": { "Height": 85.764503479003906, "Radius": 17.149878566153831, "height_m": 26.14, "crown_diameter_m": 10.45, "site_id": 977 }, "geometry": { "type": "Point", "coordinates": [ -73.928205017090121, 40.873423004422591 ] } },
{ "type": "Feature", "properties": { "Height": 52.611251831054702, "Radius": 20.137695871130575, "height_m": 16.04, "crown_diameter_m": 12.28, "site_id": 978 }, "geometry": { "type": "Point", "coordinates": [ -73.927159131742442, 40.87346860888092 ] } },
{ "type": "Feature", "properties": { "Height": 78.471496582031307, "Radius": 13.201312915222688, "height_m": 23.92, "crown_diameter_m": 8.05, "site_id": 979 }, "geometry": { "type": "Point", "coordinates": [ -73.928805495402827, 40.873467209505712 ] } },
{ "type": "Feature", "properties": { "Height": 71.264503479003906, "Radius": 15.001502909106808, "height_m": 21.72, "crown_diameter_m": 9.14, "site_id": 980 }, "geometry": { "type": "Point", "coordinates": [ -73.92593218744878, 40.873470639235684 ] } },
{ "type": "Feature", "properties": { "Height": 37.762001037597699, "Radius": 24.120341922792544, "height_m": 11.51, "crown_diameter_m": 14.7, "site_id": 981 }, "geometry": { "type": "Point", "coordinates": [ -73.927480653924903, 40.873502880449593 ] } },
{ "type": "Feature", "properties": { "Height": 15.4329996109009, "Radius": 12.666024736934256, "height_m": 4.7, "crown_diameter_m": 7.72, "site_id": 982 }, "geometry": { "type": "Point", "coordinates": [ -73.927701190299217, 40.873452714852725 ] } },
{ "type": "Feature", "properties": { "Height": 57.685249328613303, "Radius": 15.389040103942165, "height_m": 17.58, "crown_diameter_m": 9.38, "site_id": 983 }, "geometry": { "type": "Point", "coordinates": [ -73.927024047749356, 40.873487661613396 ] } },
{ "type": "Feature", "properties": { "Height": 86.820999145507798, "Radius": 41.212880907268627, "height_m": 26.46, "crown_diameter_m": 25.12, "site_id": 984 }, "geometry": { "type": "Point", "coordinates": [ -73.928064127268087, 40.873427124665334 ] } },
{ "type": "Feature", "properties": { "Height": 78.826499938964801, "Radius": 27.695617852494095, "height_m": 24.03, "crown_diameter_m": 16.88, "site_id": 985 }, "geometry": { "type": "Point", "coordinates": [ -73.925831254962006, 40.873475388420069 ] } },
{ "type": "Feature", "properties": { "Height": 47.648750305175803, "Radius": 24.910743126516717, "height_m": 14.52, "crown_diameter_m": 15.19, "site_id": 986 }, "geometry": { "type": "Point", "coordinates": [ -73.927316314788982, 40.873493441698152 ] } },
{ "type": "Feature", "properties": { "Height": 104.00749969482401, "Radius": 24.527651434398777, "height_m": 31.7, "crown_diameter_m": 14.95, "site_id": 987 }, "geometry": { "type": "Point", "coordinates": [ -73.926742862291519, 40.873434264602317 ] } },
{ "type": "Feature", "properties": { "Height": 66.377502441406307, "Radius": 21.601904849930182, "height_m": 20.23, "crown_diameter_m": 13.17, "site_id": 988 }, "geometry": { "type": "Point", "coordinates": [ -73.929226001068002, 40.873500586319274 ] } },
{ "type": "Feature", "properties": { "Height": 94.496749877929702, "Radius": 24.286379291663962, "height_m": 28.8, "crown_diameter_m": 14.8, "site_id": 989 }, "geometry": { "type": "Point", "coordinates": [ -73.926488724958318, 40.873505359529489 ] } },
{ "type": "Feature", "properties": { "Height": 45.009498596191399, "Radius": 11.534883286137944, "height_m": 13.72, "crown_diameter_m": 7.03, "site_id": 990 }, "geometry": { "type": "Point", "coordinates": [ -73.927105247253365, 40.873526133163921 ] } },
{ "type": "Feature", "properties": { "Height": 89.601997375488295, "Radius": 28.950128329973271, "height_m": 27.31, "crown_diameter_m": 17.65, "site_id": 991 }, "geometry": { "type": "Point", "coordinates": [ -73.926875489017149, 40.873502956917619 ] } },
{ "type": "Feature", "properties": { "Height": 87.043998718261705, "Radius": 27.054640697662698, "height_m": 26.53, "crown_diameter_m": 16.49, "site_id": 992 }, "geometry": { "type": "Point", "coordinates": [ -73.926240521217593, 40.873537743899 ] } },
{ "type": "Feature", "properties": { "Height": 107.23699951171901, "Radius": 36.480866685626161, "height_m": 32.69, "crown_diameter_m": 22.24, "site_id": 993 }, "geometry": { "type": "Point", "coordinates": [ -73.926619462382249, 40.873500408106608 ] } },
{ "type": "Feature", "properties": { "Height": 93.658996582031307, "Radius": 12.034575115625177, "height_m": 28.55, "crown_diameter_m": 7.34, "site_id": 994 }, "geometry": { "type": "Point", "coordinates": [ -73.926472536503965, 40.873575218998631 ] } },
{ "type": "Feature", "properties": { "Height": 38.944000244140597, "Radius": 12.185711382793306, "height_m": 11.87, "crown_diameter_m": 7.43, "site_id": 995 }, "geometry": { "type": "Point", "coordinates": [ -73.927871220792753, 40.873568677166702 ] } },
{ "type": "Feature", "properties": { "Height": 94.095497131347699, "Radius": 41.883239878964361, "height_m": 28.68, "crown_diameter_m": 25.53, "site_id": 996 }, "geometry": { "type": "Point", "coordinates": [ -73.928060516158283, 40.873638747951958 ] } },
{ "type": "Feature", "properties": { "Height": 49.390499114990199, "Radius": 19.196959934564735, "height_m": 15.05, "crown_diameter_m": 11.7, "site_id": 997 }, "geometry": { "type": "Point", "coordinates": [ -73.927038577922289, 40.873582511121704 ] } },
{ "type": "Feature", "properties": { "Height": 88.610748291015597, "Radius": 33.496900584947589, "height_m": 27.01, "crown_diameter_m": 20.42, "site_id": 998 }, "geometry": { "type": "Point", "coordinates": [ -73.928299339355533, 40.8735490683829 ] } },
{ "type": "Feature", "properties": { "Height": 88.858497619628906, "Radius": 31.095753034052901, "height_m": 27.08, "crown_diameter_m": 18.96, "site_id": 999 }, "geometry": { "type": "Point", "coordinates": [ -73.929108095668042, 40.873643913994187 ] } },
{ "type": "Feature", "properties": { "Height": 95.176750183105497, "Radius": 28.338945690369357, "height_m": 29.01, "crown_diameter_m": 17.28, "site_id": 1000 }, "geometry": { "type": "Point", "coordinates": [ -73.926792378330248, 40.873627375109514 ] } },
{ "type": "Feature", "properties": { "Height": 71.052253723144503, "Radius": 18.420595502641081, "height_m": 21.66, "crown_diameter_m": 11.23, "site_id": 1001 }, "geometry": { "type": "Point", "coordinates": [ -73.927933473088103, 40.873637897867077 ] } },
{ "type": "Feature", "properties": { "Height": 97.514503479003906, "Radius": 15.254000354017007, "height_m": 29.72, "crown_diameter_m": 9.3, "site_id": 1002 }, "geometry": { "type": "Point", "coordinates": [ -73.926572914116477, 40.873633659760877 ] } },
{ "type": "Feature", "properties": { "Height": 45.833000183105497, "Radius": 16.916281733265969, "height_m": 13.97, "crown_diameter_m": 10.31, "site_id": 1003 }, "geometry": { "type": "Point", "coordinates": [ -73.926872853650352, 40.873657738367328 ] } },
{ "type": "Feature", "properties": { "Height": 77.614250183105497, "Radius": 19.647654172175162, "height_m": 23.66, "crown_diameter_m": 11.98, "site_id": 1004 }, "geometry": { "type": "Point", "coordinates": [ -73.926115337007062, 40.873651393680568 ] } },
{ "type": "Feature", "properties": { "Height": 95.809249877929702, "Radius": 52.079924540767919, "height_m": 29.2, "crown_diameter_m": 31.75, "site_id": 1005 }, "geometry": { "type": "Point", "coordinates": [ -73.926320831097769, 40.873691390577406 ] } },
{ "type": "Feature", "properties": { "Height": 45.973251342773402, "Radius": 16.344466096503314, "height_m": 14.01, "crown_diameter_m": 9.96, "site_id": 1006 }, "geometry": { "type": "Point", "coordinates": [ -73.927789306396718, 40.873668065951222 ] } },
{ "type": "Feature", "properties": { "Height": 78.336250305175795, "Radius": 42.613123837697934, "height_m": 23.88, "crown_diameter_m": 25.98, "site_id": 1007 }, "geometry": { "type": "Point", "coordinates": [ -73.925875023610828, 40.873640369778037 ] } },
{ "type": "Feature", "properties": { "Height": 64.018997192382798, "Radius": 19.584775026828055, "height_m": 19.51, "crown_diameter_m": 11.94, "site_id": 1008 }, "geometry": { "type": "Point", "coordinates": [ -73.926971261860729, 40.873686487537363 ] } },
{ "type": "Feature", "properties": { "Height": 100.414253234863, "Radius": 37.406024677749407, "height_m": 30.61, "crown_diameter_m": 22.8, "site_id": 1009 }, "geometry": { "type": "Point", "coordinates": [ -73.928873770222836, 40.87362075062812 ] } },
{ "type": "Feature", "properties": { "Height": 93.940002441406307, "Radius": 18.133232266417803, "height_m": 28.63, "crown_diameter_m": 11.05, "site_id": 1010 }, "geometry": { "type": "Point", "coordinates": [ -73.926610715146296, 40.873720226126494 ] } },
{ "type": "Feature", "properties": { "Height": 71.4322509765625, "Radius": 21.572414181094846, "height_m": 21.77, "crown_diameter_m": 13.15, "site_id": 1011 }, "geometry": { "type": "Point", "coordinates": [ -73.926037330403176, 40.873725852807176 ] } },
{ "type": "Feature", "properties": { "Height": 98.663749694824205, "Radius": 50.967120810129835, "height_m": 30.07, "crown_diameter_m": 31.07, "site_id": 1012 }, "geometry": { "type": "Point", "coordinates": [ -73.928676569798725, 40.873710950584375 ] } },
{ "type": "Feature", "properties": { "Height": 67.262748718261705, "Radius": 19.519655062577243, "height_m": 20.5, "crown_diameter_m": 11.9, "site_id": 1013 }, "geometry": { "type": "Point", "coordinates": [ -73.92590757630272, 40.873752837347439 ] } },
{ "type": "Feature", "properties": { "Height": 102.65650177002, "Radius": 30.617358063870622, "height_m": 31.29, "crown_diameter_m": 18.66, "site_id": 1014 }, "geometry": { "type": "Point", "coordinates": [ -73.928223935883764, 40.87374534684669 ] } },
{ "type": "Feature", "properties": { "Height": 76.591003417968807, "Radius": 49.088546687418251, "height_m": 23.34, "crown_diameter_m": 29.92, "site_id": 1015 }, "geometry": { "type": "Point", "coordinates": [ -73.927291797956286, 40.873653528557071 ] } },
{ "type": "Feature", "properties": { "Height": 85.272003173828097, "Radius": 22.795633116784416, "height_m": 25.99, "crown_diameter_m": 13.9, "site_id": 1016 }, "geometry": { "type": "Point", "coordinates": [ -73.927455814235316, 40.873726558716093 ] } },
{ "type": "Feature", "properties": { "Height": 46.407749176025398, "Radius": 22.269414062214253, "height_m": 14.15, "crown_diameter_m": 13.58, "site_id": 1017 }, "geometry": { "type": "Point", "coordinates": [ -73.927799636074653, 40.873735343385029 ] } },
{ "type": "Feature", "properties": { "Height": 75.768753051757798, "Radius": 16.116478124142791, "height_m": 23.09, "crown_diameter_m": 9.82, "site_id": 1018 }, "geometry": { "type": "Point", "coordinates": [ -73.927939262245133, 40.87378022003913 ] } },
{ "type": "Feature", "properties": { "Height": 89.755500793457003, "Radius": 17.047490316342781, "height_m": 27.36, "crown_diameter_m": 10.39, "site_id": 1019 }, "geometry": { "type": "Point", "coordinates": [ -73.92661152884871, 40.873795559685469 ] } },
{ "type": "Feature", "properties": { "Height": 96.264251708984403, "Radius": 36.681001743394134, "height_m": 29.34, "crown_diameter_m": 22.36, "site_id": 1020 }, "geometry": { "type": "Point", "coordinates": [ -73.929007624529504, 40.87378097136672 ] } },
{ "type": "Feature", "properties": { "Height": 91.093002319335895, "Radius": 31.8904387921711, "height_m": 27.77, "crown_diameter_m": 19.44, "site_id": 1021 }, "geometry": { "type": "Point", "coordinates": [ -73.926425998601857, 40.873797426225849 ] } },
{ "type": "Feature", "properties": { "Height": 82.594253540039105, "Radius": 21.491106180294217, "height_m": 25.17, "crown_diameter_m": 13.1, "site_id": 1022 }, "geometry": { "type": "Point", "coordinates": [ -73.928064370135473, 40.87381121365339 ] } },
{ "type": "Feature", "properties": { "Height": 90.889747619628906, "Radius": 31.544202386659418, "height_m": 27.7, "crown_diameter_m": 19.23, "site_id": 1023 }, "geometry": { "type": "Point", "coordinates": [ -73.92675007367589, 40.873793000273515 ] } },
{ "type": "Feature", "properties": { "Height": 75.723251342773395, "Radius": 29.677659191225793, "height_m": 23.08, "crown_diameter_m": 18.09, "site_id": 1024 }, "geometry": { "type": "Point", "coordinates": [ -73.927100662847067, 40.873730035018013 ] } },
{ "type": "Feature", "properties": { "Height": 86.701499938964801, "Radius": 27.063463342833682, "height_m": 26.43, "crown_diameter_m": 16.5, "site_id": 1025 }, "geometry": { "type": "Point", "coordinates": [ -73.927310091184566, 40.873847434099126 ] } },
{ "type": "Feature", "properties": { "Height": 62.773750305175803, "Radius": 19.657777133417753, "height_m": 19.13, "crown_diameter_m": 11.98, "site_id": 1026 }, "geometry": { "type": "Point", "coordinates": [ -73.925805329223095, 40.873841335569821 ] } },
{ "type": "Feature", "properties": { "Height": 74.259750366210895, "Radius": 29.832774624058668, "height_m": 22.63, "crown_diameter_m": 18.19, "site_id": 1027 }, "geometry": { "type": "Point", "coordinates": [ -73.926100812632242, 40.873873786956139 ] } },
{ "type": "Feature", "properties": { "Height": 70.250251770019503, "Radius": 23.214190429759931, "height_m": 21.41, "crown_diameter_m": 14.15, "site_id": 1028 }, "geometry": { "type": "Point", "coordinates": [ -73.92787406824641, 40.87383413836374 ] } },
{ "type": "Feature", "properties": { "Height": 62.839248657226598, "Radius": 24.547110105792814, "height_m": 19.15, "crown_diameter_m": 14.96, "site_id": 1029 }, "geometry": { "type": "Point", "coordinates": [ -73.925949890137318, 40.873851398626684 ] } },
{ "type": "Feature", "properties": { "Height": 78.502250671386705, "Radius": 37.779644382234693, "height_m": 23.93, "crown_diameter_m": 23.03, "site_id": 1030 }, "geometry": { "type": "Point", "coordinates": [ -73.9269995614046, 40.873826804204562 ] } },
{ "type": "Feature", "properties": { "Height": 94.846252441406307, "Radius": 25.313194205551593, "height_m": 28.91, "crown_diameter_m": 15.43, "site_id": 1031 }, "geometry": { "type": "Point", "coordinates": [ -73.928831202642613, 40.873896111678548 ] } },
{ "type": "Feature", "properties": { "Height": 82.470497131347699, "Radius": 22.429640548022189, "height_m": 25.14, "crown_diameter_m": 13.67, "site_id": 1032 }, "geometry": { "type": "Point", "coordinates": [ -73.928114225004478, 40.873879073090585 ] } },
{ "type": "Feature", "properties": { "Height": 88.985626220703097, "Radius": 32.857686413743011, "height_m": 27.12, "crown_diameter_m": 20.03, "site_id": 1033 }, "geometry": { "type": "Point", "coordinates": [ -73.928518575626128, 40.873864753461206 ] } },
{ "type": "Feature", "properties": { "Height": 78.411003112792997, "Radius": 14.959005648344574, "height_m": 23.9, "crown_diameter_m": 9.12, "site_id": 1034 }, "geometry": { "type": "Point", "coordinates": [ -73.926900681465654, 40.873865452699143 ] } },
{ "type": "Feature", "properties": { "Height": 87.492752075195298, "Radius": 22.660834580526824, "height_m": 26.67, "crown_diameter_m": 13.81, "site_id": 1035 }, "geometry": { "type": "Point", "coordinates": [ -73.928978855281272, 40.873912080949992 ] } },
{ "type": "Feature", "properties": { "Height": 26.558250427246101, "Radius": 11.141851534268367, "height_m": 8.09, "crown_diameter_m": 6.79, "site_id": 1036 }, "geometry": { "type": "Point", "coordinates": [ -73.926304890402307, 40.873907851456792 ] } },
{ "type": "Feature", "properties": { "Height": 68.752502441406307, "Radius": 16.136216622812821, "height_m": 20.96, "crown_diameter_m": 9.84, "site_id": 1037 }, "geometry": { "type": "Point", "coordinates": [ -73.927945521088873, 40.873916082398416 ] } },
{ "type": "Feature", "properties": { "Height": 91.693000793457003, "Radius": 30.90708605542677, "height_m": 27.95, "crown_diameter_m": 18.84, "site_id": 1038 }, "geometry": { "type": "Point", "coordinates": [ -73.926530703053999, 40.873908413265852 ] } },
{ "type": "Feature", "properties": { "Height": 89.283752441406307, "Radius": 29.677659191225793, "height_m": 27.21, "crown_diameter_m": 18.09, "site_id": 1039 }, "geometry": { "type": "Point", "coordinates": [ -73.926774888556977, 40.873937664139234 ] } },
{ "type": "Feature", "properties": { "Height": 63.177249908447301, "Radius": 27.122207634533371, "height_m": 19.26, "crown_diameter_m": 16.53, "site_id": 1040 }, "geometry": { "type": "Point", "coordinates": [ -73.926167094455707, 40.873969721466857 ] } },
{ "type": "Feature", "properties": { "Height": 62.805751800537102, "Radius": 32.868583080318288, "height_m": 19.14, "crown_diameter_m": 20.04, "site_id": 1041 }, "geometry": { "type": "Point", "coordinates": [ -73.92771372495092, 40.873865042745869 ] } },
{ "type": "Feature", "properties": { "Height": 64.932502746582003, "Radius": 23.221045351046136, "height_m": 19.79, "crown_diameter_m": 14.16, "site_id": 1042 }, "geometry": { "type": "Point", "coordinates": [ -73.925811911062027, 40.873948555526013 ] } },
{ "type": "Feature", "properties": { "Height": 91.837249755859403, "Radius": 17.444318593504988, "height_m": 27.99, "crown_diameter_m": 10.63, "site_id": 1043 }, "geometry": { "type": "Point", "coordinates": [ -73.926525062584375, 40.873957396231141 ] } },
{ "type": "Feature", "properties": { "Height": 60.769248962402301, "Radius": 23.948169813821785, "height_m": 18.52, "crown_diameter_m": 14.6, "site_id": 1044 }, "geometry": { "type": "Point", "coordinates": [ -73.927218349089372, 40.873982852918942 ] } },
{ "type": "Feature", "properties": { "Height": 48.458751678466797, "Radius": 12.815923738491737, "height_m": 14.77, "crown_diameter_m": 7.81, "site_id": 1045 }, "geometry": { "type": "Point", "coordinates": [ -73.92600788701337, 40.873975668076511 ] } },
{ "type": "Feature", "properties": { "Height": 77.710502624511705, "Radius": 41.282334365052748, "height_m": 23.69, "crown_diameter_m": 25.17, "site_id": 1046 }, "geometry": { "type": "Point", "coordinates": [ -73.927007208878294, 40.874018690463238 ] } },
{ "type": "Feature", "properties": { "Height": 56.361499786377003, "Radius": 18.81384047546846, "height_m": 17.18, "crown_diameter_m": 11.47, "site_id": 1047 }, "geometry": { "type": "Point", "coordinates": [ -73.925929366608784, 40.873978440735186 ] } },
{ "type": "Feature", "properties": { "Height": 90.361251831054702, "Radius": 34.507930743722682, "height_m": 27.54, "crown_diameter_m": 21.04, "site_id": 1048 }, "geometry": { "type": "Point", "coordinates": [ -73.926414557129235, 40.874059615872255 ] } },
{ "type": "Feature", "properties": { "Height": 79.980003356933594, "Radius": 26.269675164464029, "height_m": 24.38, "crown_diameter_m": 16.01, "site_id": 1049 }, "geometry": { "type": "Point", "coordinates": [ -73.927969380210868, 40.87405076439515 ] } },
{ "type": "Feature", "properties": { "Height": 79.144500732421903, "Radius": 26.414679072721462, "height_m": 24.12, "crown_diameter_m": 16.1, "site_id": 1050 }, "geometry": { "type": "Point", "coordinates": [ -73.92626364673572, 40.874050444426544 ] } },
{ "type": "Feature", "properties": { "Height": 95.569000244140597, "Radius": 45.690648808442091, "height_m": 29.13, "crown_diameter_m": 27.85, "site_id": 1051 }, "geometry": { "type": "Point", "coordinates": [ -73.928449866566041, 40.874013859634218 ] } },
{ "type": "Feature", "properties": { "Height": 90.9427490234375, "Radius": 26.166477890257482, "height_m": 27.72, "crown_diameter_m": 15.95, "site_id": 1052 }, "geometry": { "type": "Point", "coordinates": [ -73.928697269375974, 40.873977857261913 ] } },
{ "type": "Feature", "properties": { "Height": 90.499000549316406, "Radius": 37.995979902965821, "height_m": 27.58, "crown_diameter_m": 23.16, "site_id": 1053 }, "geometry": { "type": "Point", "coordinates": [ -73.92886875066138, 40.874061278050213 ] } },
{ "type": "Feature", "properties": { "Height": 68.541999816894503, "Radius": 18.695032897264507, "height_m": 20.89, "crown_diameter_m": 11.4, "site_id": 1054 }, "geometry": { "type": "Point", "coordinates": [ -73.927755071669182, 40.874004597476699 ] } },
{ "type": "Feature", "properties": { "Height": 37.970500946044901, "Radius": 11.451797811161432, "height_m": 11.57, "crown_diameter_m": 6.98, "site_id": 1055 }, "geometry": { "type": "Point", "coordinates": [ -73.927136335676593, 40.874039169022154 ] } },
{ "type": "Feature", "properties": { "Height": 87.818748474121094, "Radius": 19.617253946365761, "height_m": 26.77, "crown_diameter_m": 11.96, "site_id": 1056 }, "geometry": { "type": "Point", "coordinates": [ -73.926618784008085, 40.874034478218576 ] } },
{ "type": "Feature", "properties": { "Height": 73.092498779296903, "Radius": 21.102500581000424, "height_m": 22.28, "crown_diameter_m": 12.86, "site_id": 1057 }, "geometry": { "type": "Point", "coordinates": [ -73.927838428939481, 40.874041982068206 ] } },
{ "type": "Feature", "properties": { "Height": 52.904998779296903, "Radius": 19.698216956314621, "height_m": 16.13, "crown_diameter_m": 12.01, "site_id": 1058 }, "geometry": { "type": "Point", "coordinates": [ -73.925891677423422, 40.87405615748203 ] } },
{ "type": "Feature", "properties": { "Height": 68.7342529296875, "Radius": 16.866815371514651, "height_m": 20.95, "crown_diameter_m": 10.28, "site_id": 1059 }, "geometry": { "type": "Point", "coordinates": [ -73.926153792784405, 40.874071855327479 ] } },
{ "type": "Feature", "properties": { "Height": 54.047000885009801, "Radius": 15.787230310662732, "height_m": 16.47, "crown_diameter_m": 9.62, "site_id": 1060 }, "geometry": { "type": "Point", "coordinates": [ -73.92577910253101, 40.874069596058341 ] } },
{ "type": "Feature", "properties": { "Height": 86.367500305175795, "Radius": 28.589162461471805, "height_m": 26.32, "crown_diameter_m": 17.43, "site_id": 1061 }, "geometry": { "type": "Point", "coordinates": [ -73.926588346069281, 40.87412964766046 ] } },
{ "type": "Feature", "properties": { "Height": 76.166748046875, "Radius": 38.277675035247228, "height_m": 23.22, "crown_diameter_m": 23.33, "site_id": 1062 }, "geometry": { "type": "Point", "coordinates": [ -73.927645696959416, 40.874023277116102 ] } },
{ "type": "Feature", "properties": { "Height": 77.199996948242202, "Radius": 43.103308784630912, "height_m": 23.53, "crown_diameter_m": 26.28, "site_id": 1063 }, "geometry": { "type": "Point", "coordinates": [ -73.927489543706344, 40.874104812858022 ] } },
{ "type": "Feature", "properties": { "Height": 89.151748657226605, "Radius": 32.21566985028015, "height_m": 27.17, "crown_diameter_m": 19.64, "site_id": 1064 }, "geometry": { "type": "Point", "coordinates": [ -73.92870389942, 40.874157332244074 ] } },
{ "type": "Feature", "properties": { "Height": 63.450248718261697, "Radius": 10.660048281673648, "height_m": 19.34, "crown_diameter_m": 6.5, "site_id": 1065 }, "geometry": { "type": "Point", "coordinates": [ -73.925760262763546, 40.874155572453489 ] } },
{ "type": "Feature", "properties": { "Height": 28.507499694824201, "Radius": 12.877866698399815, "height_m": 8.69, "crown_diameter_m": 7.85, "site_id": 1066 }, "geometry": { "type": "Point", "coordinates": [ -73.927038376859628, 40.874175490560766 ] } },
{ "type": "Feature", "properties": { "Height": 65.301498413085895, "Radius": 10.998079684646791, "height_m": 19.9, "crown_diameter_m": 6.7, "site_id": 1067 }, "geometry": { "type": "Point", "coordinates": [ -73.926246978149393, 40.87417315319933 ] } },
{ "type": "Feature", "properties": { "Height": 53.466751098632798, "Radius": 17.805522925178455, "height_m": 16.3, "crown_diameter_m": 10.85, "site_id": 1068 }, "geometry": { "type": "Point", "coordinates": [ -73.926936592722427, 40.8741770659528 ] } },
{ "type": "Feature", "properties": { "Height": 63.690750122070298, "Radius": 22.64502653215683, "height_m": 19.41, "crown_diameter_m": 13.8, "site_id": 1069 }, "geometry": { "type": "Point", "coordinates": [ -73.926141773609345, 40.874159989216039 ] } },
{ "type": "Feature", "properties": { "Height": 95.611000061035199, "Radius": 26.160394784772457, "height_m": 29.14, "crown_diameter_m": 15.95, "site_id": 1070 }, "geometry": { "type": "Point", "coordinates": [ -73.928189496659613, 40.874229290974135 ] } },
{ "type": "Feature", "properties": { "Height": 93.122497558593807, "Radius": 26.9278651349615, "height_m": 28.38, "crown_diameter_m": 16.42, "site_id": 1071 }, "geometry": { "type": "Point", "coordinates": [ -73.928556553379522, 40.874205566713499 ] } },
{ "type": "Feature", "properties": { "Height": 81.816001892089801, "Radius": 22.57992161622548, "height_m": 24.94, "crown_diameter_m": 13.76, "site_id": 1072 }, "geometry": { "type": "Point", "coordinates": [ -73.927691838870089, 40.8742205147378 ] } },
{ "type": "Feature", "properties": { "Height": 85.385002136230497, "Radius": 41.151046092387084, "height_m": 26.03, "crown_diameter_m": 25.09, "site_id": 1073 }, "geometry": { "type": "Point", "coordinates": [ -73.926766139185645, 40.87415014137266 ] } },
{ "type": "Feature", "properties": { "Height": 69.120246887207003, "Radius": 30.430955232792034, "height_m": 21.07, "crown_diameter_m": 18.55, "site_id": 1074 }, "geometry": { "type": "Point", "coordinates": [ -73.925989969212864, 40.87414915003702 ] } },
{ "type": "Feature", "properties": { "Height": 80.052253723144503, "Radius": 40.32377060864161, "height_m": 24.4, "crown_diameter_m": 24.58, "site_id": 1075 }, "geometry": { "type": "Point", "coordinates": [ -73.926384610240405, 40.874248881179511 ] } },
{ "type": "Feature", "properties": { "Height": 75.685997009277301, "Radius": 25.039786307205613, "height_m": 23.07, "crown_diameter_m": 15.26, "site_id": 1076 }, "geometry": { "type": "Point", "coordinates": [ -73.928807761123053, 40.874269506232189 ] } },
{ "type": "Feature", "properties": { "Height": 97.391998291015597, "Radius": 39.604943399052779, "height_m": 29.69, "crown_diameter_m": 24.14, "site_id": 1077 }, "geometry": { "type": "Point", "coordinates": [ -73.928300094624646, 40.87416662723809 ] } },
{ "type": "Feature", "properties": { "Height": 70.522750854492202, "Radius": 9.5246163997496698, "height_m": 21.5, "crown_diameter_m": 5.81, "site_id": 1078 }, "geometry": { "type": "Point", "coordinates": [ -73.925958135833127, 40.874268264196488 ] } },
{ "type": "Feature", "properties": { "Height": 67.626998901367202, "Radius": 29.997700715914483, "height_m": 20.61, "crown_diameter_m": 18.29, "site_id": 1079 }, "geometry": { "type": "Point", "coordinates": [ -73.926121950187849, 40.874293520716897 ] } },
{ "type": "Feature", "properties": { "Height": 105.458000183105, "Radius": 19.867165345562018, "height_m": 32.14, "crown_diameter_m": 12.11, "site_id": 1080 }, "geometry": { "type": "Point", "coordinates": [ -73.92835268937813, 40.874277265957076 ] } },
{ "type": "Feature", "properties": { "Height": 83.386253356933594, "Radius": 40.568722761670593, "height_m": 25.42, "crown_diameter_m": 24.73, "site_id": 1081 }, "geometry": { "type": "Point", "coordinates": [ -73.926784177256096, 40.874320244217607 ] } },
{ "type": "Feature", "properties": { "Height": 70.301750183105497, "Radius": 23.769729657196955, "height_m": 21.43, "crown_diameter_m": 14.49, "site_id": 1082 }, "geometry": { "type": "Point", "coordinates": [ -73.926258385650797, 40.874382918389649 ] } },
{ "type": "Feature", "properties": { "Height": 46.6518745422363, "Radius": 15.668327917147018, "height_m": 14.22, "crown_diameter_m": 9.55, "site_id": 1083 }, "geometry": { "type": "Point", "coordinates": [ -73.928714233350277, 40.87432227202833 ] } },
{ "type": "Feature", "properties": { "Height": 98.189002990722699, "Radius": 15.817445133157866, "height_m": 29.93, "crown_diameter_m": 9.64, "site_id": 1084 }, "geometry": { "type": "Point", "coordinates": [ -73.92813034663952, 40.874334865197127 ] } },
{ "type": "Feature", "properties": { "Height": 79.501998901367202, "Radius": 19.867165345562018, "height_m": 24.23, "crown_diameter_m": 12.11, "site_id": 1085 }, "geometry": { "type": "Point", "coordinates": [ -73.926425654615002, 40.874358104144584 ] } },
{ "type": "Feature", "properties": { "Height": 79.694252014160199, "Radius": 36.297170949189827, "height_m": 24.29, "crown_diameter_m": 22.13, "site_id": 1086 }, "geometry": { "type": "Point", "coordinates": [ -73.92582309394561, 40.874250997962314 ] } },
{ "type": "Feature", "properties": { "Height": 100.869750976563, "Radius": 11.941642642883693, "height_m": 30.75, "crown_diameter_m": 7.28, "site_id": 1087 }, "geometry": { "type": "Point", "coordinates": [ -73.928326720467012, 40.874352475705983 ] } },
{ "type": "Feature", "properties": { "Height": 72.725753784179702, "Radius": 12.179179240065665, "height_m": 22.17, "crown_diameter_m": 7.42, "site_id": 1088 }, "geometry": { "type": "Point", "coordinates": [ -73.926072463430557, 40.874355998208905 ] } },
{ "type": "Feature", "properties": { "Height": 84.788749694824205, "Radius": 38.489144057764676, "height_m": 25.84, "crown_diameter_m": 23.46, "site_id": 1089 }, "geometry": { "type": "Point", "coordinates": [ -73.92748605755321, 40.874320891795456 ] } },
{ "type": "Feature", "properties": { "Height": 74.055999755859403, "Radius": 26.688910577387336, "height_m": 22.57, "crown_diameter_m": 16.27, "site_id": 1090 }, "geometry": { "type": "Point", "coordinates": [ -73.928645057252936, 40.874404670761145 ] } },
{ "type": "Feature", "properties": { "Height": 96.15625, "Radius": 13.146949007195484, "height_m": 29.31, "crown_diameter_m": 8.01, "site_id": 1091 }, "geometry": { "type": "Point", "coordinates": [ -73.928288880686779, 40.874390732847345 ] } },
{ "type": "Feature", "properties": { "Height": 77.101501464843807, "Radius": 48.337911824282557, "height_m": 23.5, "crown_diameter_m": 29.47, "site_id": 1092 }, "geometry": { "type": "Point", "coordinates": [ -73.927232487222426, 40.874351731486428 ] } },
{ "type": "Feature", "properties": { "Height": 87.452003479003906, "Radius": 28.379633357683403, "height_m": 26.66, "crown_diameter_m": 17.3, "site_id": 1093 }, "geometry": { "type": "Point", "coordinates": [ -73.927979535288287, 40.87436927247753 ] } },
{ "type": "Feature", "properties": { "Height": 81.78125, "Radius": 19.149229459268767, "height_m": 24.93, "crown_diameter_m": 11.67, "site_id": 1094 }, "geometry": { "type": "Point", "coordinates": [ -73.925877257783824, 40.874360502402943 ] } },
{ "type": "Feature", "properties": { "Height": 69.895751953125, "Radius": 28.439856202045256, "height_m": 21.3, "crown_diameter_m": 17.34, "site_id": 1095 }, "geometry": { "type": "Point", "coordinates": [ -73.926625683426408, 40.874382958001675 ] } },
{ "type": "Feature", "properties": { "Height": 108.95574951171901, "Radius": 23.186750478763134, "height_m": 33.21, "crown_diameter_m": 14.13, "site_id": 1096 }, "geometry": { "type": "Point", "coordinates": [ -73.928085979036979, 40.874424120050413 ] } },
{ "type": "Feature", "properties": { "Height": 106.293502807617, "Radius": 20.248040236149336, "height_m": 32.4, "crown_diameter_m": 12.34, "site_id": 1097 }, "geometry": { "type": "Point", "coordinates": [ -73.928212817874311, 40.874425436292078 ] } },
{ "type": "Feature", "properties": { "Height": 81.934249877929702, "Radius": 13.134837582232015, "height_m": 24.97, "crown_diameter_m": 8.01, "site_id": 1098 }, "geometry": { "type": "Point", "coordinates": [ -73.927840906167432, 40.874456095584769 ] } },
{ "type": "Feature", "properties": { "Height": 98.040000915527301, "Radius": 46.206748009114165, "height_m": 29.88, "crown_diameter_m": 28.17, "site_id": 1099 }, "geometry": { "type": "Point", "coordinates": [ -73.928430709002114, 40.874412637917565 ] } },
{ "type": "Feature", "properties": { "Height": 76.616249084472699, "Radius": 16.953873516809161, "height_m": 23.35, "crown_diameter_m": 10.34, "site_id": 1100 }, "geometry": { "type": "Point", "coordinates": [ -73.925769930885508, 40.874502313420564 ] } },
{ "type": "Feature", "properties": { "Height": 77.873252868652301, "Radius": 40.90277205498429, "height_m": 23.74, "crown_diameter_m": 24.93, "site_id": 1101 }, "geometry": { "type": "Point", "coordinates": [ -73.925962888130258, 40.874440945744851 ] } },
{ "type": "Feature", "properties": { "Height": 82.045997619628906, "Radius": 15.09668435477122, "height_m": 25.01, "crown_diameter_m": 9.2, "site_id": 1102 }, "geometry": { "type": "Point", "coordinates": [ -73.927429716816093, 40.874462255521216 ] } },
{ "type": "Feature", "properties": { "Height": 63.126998901367202, "Radius": 20.074369626682653, "height_m": 19.24, "crown_diameter_m": 12.24, "site_id": 1103 }, "geometry": { "type": "Point", "coordinates": [ -73.926118328375651, 40.87449849380215 ] } },
{ "type": "Feature", "properties": { "Height": 68.944747924804702, "Radius": 23.685885552348072, "height_m": 21.01, "crown_diameter_m": 14.44, "site_id": 1104 }, "geometry": { "type": "Point", "coordinates": [ -73.926618287380833, 40.874507050462277 ] } },
{ "type": "Feature", "properties": { "Height": 67.104248046875, "Radius": 35.319349427109721, "height_m": 20.45, "crown_diameter_m": 21.53, "site_id": 1105 }, "geometry": { "type": "Point", "coordinates": [ -73.926458017958396, 40.874487401544727 ] } },
{ "type": "Feature", "properties": { "Height": 87.293746948242202, "Radius": 29.583661572941445, "height_m": 26.61, "crown_diameter_m": 18.03, "site_id": 1106 }, "geometry": { "type": "Point", "coordinates": [ -73.928590662940465, 40.874524270556762 ] } },
{ "type": "Feature", "properties": { "Height": 58.952999114990199, "Radius": 20.505788442505388, "height_m": 17.97, "crown_diameter_m": 12.5, "site_id": 1107 }, "geometry": { "type": "Point", "coordinates": [ -73.926254001268532, 40.874504622856406 ] } },
{ "type": "Feature", "properties": { "Height": 83.794502258300795, "Radius": 21.15522866750463, "height_m": 25.54, "crown_diameter_m": 12.9, "site_id": 1108 }, "geometry": { "type": "Point", "coordinates": [ -73.927265231215713, 40.87450104224677 ] } },
{ "type": "Feature", "properties": { "Height": 49.171501159667997, "Radius": 10.881694613449236, "height_m": 14.99, "crown_diameter_m": 6.63, "site_id": 1109 }, "geometry": { "type": "Point", "coordinates": [ -73.928478710993687, 40.874525233187605 ] } },
{ "type": "Feature", "properties": { "Height": 65.835746765136705, "Radius": 23.473270180870447, "height_m": 20.07, "crown_diameter_m": 14.31, "site_id": 1110 }, "geometry": { "type": "Point", "coordinates": [ -73.927096268357403, 40.874521328083596 ] } },
{ "type": "Feature", "properties": { "Height": 61.967376708984403, "Radius": 12.6156626101008, "height_m": 18.89, "crown_diameter_m": 7.69, "site_id": 1111 }, "geometry": { "type": "Point", "coordinates": [ -73.926292868366531, 40.874555269524727 ] } },
{ "type": "Feature", "properties": { "Height": 74.004249572753906, "Radius": 27.379185195378387, "height_m": 22.56, "crown_diameter_m": 16.69, "site_id": 1112 }, "geometry": { "type": "Point", "coordinates": [ -73.925921584597489, 40.874596919793561 ] } },
{ "type": "Feature", "properties": { "Height": 82.444252014160199, "Radius": 35.212165286409338, "height_m": 25.13, "crown_diameter_m": 21.47, "site_id": 1113 }, "geometry": { "type": "Point", "coordinates": [ -73.927337469225563, 40.874595060886769 ] } },
{ "type": "Feature", "properties": { "Height": 98.044250488281307, "Radius": 24.676442455702393, "height_m": 29.88, "crown_diameter_m": 15.04, "site_id": 1114 }, "geometry": { "type": "Point", "coordinates": [ -73.927925437764614, 40.874527001512384 ] } },
{ "type": "Feature", "properties": { "Height": 64.647003173828097, "Radius": 26.732109802307225, "height_m": 19.7, "crown_diameter_m": 16.3, "site_id": 1115 }, "geometry": { "type": "Point", "coordinates": [ -73.926956956651665, 40.874520826667485 ] } },
{ "type": "Feature", "properties": { "Height": 61.833999633789098, "Radius": 16.246798857556783, "height_m": 18.85, "crown_diameter_m": 9.9, "site_id": 1116 }, "geometry": { "type": "Point", "coordinates": [ -73.928473395465048, 40.874584427977545 ] } },
{ "type": "Feature", "properties": { "Height": 95.473876953125, "Radius": 16.925687506432688, "height_m": 29.1, "crown_diameter_m": 10.32, "site_id": 1117 }, "geometry": { "type": "Point", "coordinates": [ -73.927827397371203, 40.87457645897836 ] } },
{ "type": "Feature", "properties": { "Height": 57.812248229980497, "Radius": 20.949218495588362, "height_m": 17.62, "crown_diameter_m": 12.77, "site_id": 1118 }, "geometry": { "type": "Point", "coordinates": [ -73.928318546823789, 40.874614284832205 ] } },
{ "type": "Feature", "properties": { "Height": 46.228748321533203, "Radius": 15.450968080927582, "height_m": 14.09, "crown_diameter_m": 9.42, "site_id": 1119 }, "geometry": { "type": "Point", "coordinates": [ -73.92615496137266, 40.87456850048077 ] } },
{ "type": "Feature", "properties": { "Height": 59.453498840332003, "Radius": 16.185457556994169, "height_m": 18.12, "crown_diameter_m": 9.87, "site_id": 1120 }, "geometry": { "type": "Point", "coordinates": [ -73.926354121297706, 40.874571791164065 ] } },
{ "type": "Feature", "properties": { "Height": 104.37924957275401, "Radius": 31.510127141584007, "height_m": 31.81, "crown_diameter_m": 19.21, "site_id": 1121 }, "geometry": { "type": "Point", "coordinates": [ -73.928152627871185, 40.874589778427662 ] } },
{ "type": "Feature", "properties": { "Height": 97.200248718261705, "Radius": 23.799841227706867, "height_m": 29.63, "crown_diameter_m": 14.51, "site_id": 1122 }, "geometry": { "type": "Point", "coordinates": [ -73.927727781951361, 40.874589385275691 ] } },
{ "type": "Feature", "properties": { "Height": 66.513000488281307, "Radius": 22.082815618339236, "height_m": 20.27, "crown_diameter_m": 13.46, "site_id": 1123 }, "geometry": { "type": "Point", "coordinates": [ -73.925807433020978, 40.874654249874183 ] } },
{ "type": "Feature", "properties": { "Height": 87.367500305175795, "Radius": 17.839010866980399, "height_m": 26.63, "crown_diameter_m": 10.87, "site_id": 1124 }, "geometry": { "type": "Point", "coordinates": [ -73.928523512797028, 40.87466839982288 ] } },
{ "type": "Feature", "properties": { "Height": 59.847251892089801, "Radius": 25.177651565128532, "height_m": 18.24, "crown_diameter_m": 15.35, "site_id": 1125 }, "geometry": { "type": "Point", "coordinates": [ -73.926113990819232, 40.874622660225555 ] } },
{ "type": "Feature", "properties": { "Height": 61.407749176025398, "Radius": 24.644172999690468, "height_m": 18.72, "crown_diameter_m": 15.02, "site_id": 1126 }, "geometry": { "type": "Point", "coordinates": [ -73.926445453182282, 40.874632572024055 ] } },
{ "type": "Feature", "properties": { "Height": 105.01125335693401, "Radius": 42.856131921587043, "height_m": 32.01, "crown_diameter_m": 26.13, "site_id": 1127 }, "geometry": { "type": "Point", "coordinates": [ -73.927952216727007, 40.874684568523158 ] } },
{ "type": "Feature", "properties": { "Height": 16.976249694824201, "Radius": 10.907259965783879, "height_m": 5.17, "crown_diameter_m": 6.65, "site_id": 1128 }, "geometry": { "type": "Point", "coordinates": [ -73.92842681948585, 40.874651392709083 ] } },
{ "type": "Feature", "properties": { "Height": 76.081123352050795, "Radius": 29.575590733458842, "height_m": 23.19, "crown_diameter_m": 18.03, "site_id": 1129 }, "geometry": { "type": "Point", "coordinates": [ -73.926893596529624, 40.874631787909031 ] } },
{ "type": "Feature", "properties": { "Height": 54.611499786377003, "Radius": 32.77281088731413, "height_m": 16.65, "crown_diameter_m": 19.98, "site_id": 1130 }, "geometry": { "type": "Point", "coordinates": [ -73.926292340640117, 40.874718837440064 ] } },
{ "type": "Feature", "properties": { "Height": 95.304626464843807, "Radius": 16.784047463965738, "height_m": 29.05, "crown_diameter_m": 10.23, "site_id": 1131 }, "geometry": { "type": "Point", "coordinates": [ -73.928090340576091, 40.874702165563662 ] } },
{ "type": "Feature", "properties": { "Height": 55.555999755859403, "Radius": 18.16830624941662, "height_m": 16.93, "crown_diameter_m": 11.08, "site_id": 1132 }, "geometry": { "type": "Point", "coordinates": [ -73.926155724119099, 40.874722374566758 ] } },
{ "type": "Feature", "properties": { "Height": 97.435119628906307, "Radius": 24.069150231250354, "height_m": 29.7, "crown_diameter_m": 14.67, "site_id": 1133 }, "geometry": { "type": "Point", "coordinates": [ -73.927645691884109, 40.874684238072589 ] } },
{ "type": "Feature", "properties": { "Height": 97.784118652343807, "Radius": 13.762063154896342, "height_m": 29.8, "crown_diameter_m": 8.39, "site_id": 1134 }, "geometry": { "type": "Point", "coordinates": [ -73.927794735128828, 40.874699159758713 ] } },
{ "type": "Feature", "properties": { "Height": 54.600749969482401, "Radius": 23.916581391835077, "height_m": 16.64, "crown_diameter_m": 14.58, "site_id": 1135 }, "geometry": { "type": "Point", "coordinates": [ -73.926036649887607, 40.874723693167738 ] } },
{ "type": "Feature", "properties": { "Height": 49.320499420166001, "Radius": 19.487013476088691, "height_m": 15.03, "crown_diameter_m": 11.88, "site_id": 1136 }, "geometry": { "type": "Point", "coordinates": [ -73.925880839576607, 40.874730593595544 ] } },
{ "type": "Feature", "properties": { "Height": 75.722122192382798, "Radius": 29.537897657581698, "height_m": 23.08, "crown_diameter_m": 18.01, "site_id": 1137 }, "geometry": { "type": "Point", "coordinates": [ -73.926823274506859, 40.874712861103426 ] } },
{ "type": "Feature", "properties": { "Height": 80.403251647949205, "Radius": 9.5078918628787825, "height_m": 24.51, "crown_diameter_m": 5.8, "site_id": 1138 }, "geometry": { "type": "Point", "coordinates": [ -73.92773086181225, 40.874730035331844 ] } },
{ "type": "Feature", "properties": { "Height": 90.069252014160199, "Radius": 27.21885853765313, "height_m": 27.45, "crown_diameter_m": 16.59, "site_id": 1139 }, "geometry": { "type": "Point", "coordinates": [ -73.928443510197141, 40.874794415865885 ] } },
{ "type": "Feature", "properties": { "Height": 88.281997680664105, "Radius": 19.503341098120341, "height_m": 26.91, "crown_diameter_m": 11.89, "site_id": 1140 }, "geometry": { "type": "Point", "coordinates": [ -73.92833626243754, 40.874756060565865 ] } },
{ "type": "Feature", "properties": { "Height": 99.723251342773395, "Radius": 21.162750526824095, "height_m": 30.4, "crown_diameter_m": 12.9, "site_id": 1141 }, "geometry": { "type": "Point", "coordinates": [ -73.928224622786118, 40.874719022549776 ] } },
{ "type": "Feature", "properties": { "Height": 48.761749267578097, "Radius": 16.545286401814263, "height_m": 14.86, "crown_diameter_m": 10.09, "site_id": 1142 }, "geometry": { "type": "Point", "coordinates": [ -73.925771596450943, 40.874790324791576 ] } },
{ "type": "Feature", "properties": { "Height": 43.730251312255902, "Radius": 18.264412411041661, "height_m": 13.33, "crown_diameter_m": 11.13, "site_id": 1143 }, "geometry": { "type": "Point", "coordinates": [ -73.92599126794596, 40.874805951570238 ] } },
{ "type": "Feature", "properties": { "Height": 80.866127014160199, "Radius": 31.599653684155328, "height_m": 24.65, "crown_diameter_m": 19.26, "site_id": 1144 }, "geometry": { "type": "Point", "coordinates": [ -73.927167207630077, 40.874695030196577 ] } },
{ "type": "Feature", "properties": { "Height": 103.93862915039099, "Radius": 18.133232266417803, "height_m": 31.68, "crown_diameter_m": 11.05, "site_id": 1145 }, "geometry": { "type": "Point", "coordinates": [ -73.927754025870414, 40.874785859381866 ] } },
{ "type": "Feature", "properties": { "Height": 71.143249511718807, "Radius": 14.036873567421146, "height_m": 21.68, "crown_diameter_m": 8.56, "site_id": 1146 }, "geometry": { "type": "Point", "coordinates": [ -73.927553854307632, 40.874795798648961 ] } },
{ "type": "Feature", "properties": { "Height": 54.279251098632798, "Radius": 23.96975895919152, "height_m": 16.54, "crown_diameter_m": 14.61, "site_id": 1147 }, "geometry": { "type": "Point", "coordinates": [ -73.925827528108016, 40.874849995573591 ] } },
{ "type": "Feature", "properties": { "Height": 106.58699798584, "Radius": 19.527806933913016, "height_m": 32.49, "crown_diameter_m": 11.9, "site_id": 1148 }, "geometry": { "type": "Point", "coordinates": [ -73.928225269558951, 40.874822119825126 ] } },
{ "type": "Feature", "properties": { "Height": 73.508499145507798, "Radius": 20.62959810145918, "height_m": 22.41, "crown_diameter_m": 12.58, "site_id": 1149 }, "geometry": { "type": "Point", "coordinates": [ -73.926872260587544, 40.874819376665464 ] } },
{ "type": "Feature", "properties": { "Height": 108.84649658203099, "Radius": 21.594535958414419, "height_m": 33.18, "crown_diameter_m": 13.16, "site_id": 1150 }, "geometry": { "type": "Point", "coordinates": [ -73.92812371197823, 40.874810764497191 ] } },
{ "type": "Feature", "properties": { "Height": 116.264999389648, "Radius": 20.618022528808442, "height_m": 35.44, "crown_diameter_m": 12.57, "site_id": 1151 }, "geometry": { "type": "Point", "coordinates": [ -73.927673554641359, 40.874840631587048 ] } },
{ "type": "Feature", "properties": { "Height": 35.662498474121101, "Radius": 12.034575115625177, "height_m": 10.87, "crown_diameter_m": 7.34, "site_id": 1152 }, "geometry": { "type": "Point", "coordinates": [ -73.92591950442403, 40.874847636842119 ] } },
{ "type": "Feature", "properties": { "Height": 84.558624267578097, "Radius": 21.881902254876451, "height_m": 25.77, "crown_diameter_m": 13.34, "site_id": 1153 }, "geometry": { "type": "Point", "coordinates": [ -73.927447417216285, 40.874807549786993 ] } },
{ "type": "Feature", "properties": { "Height": 79.208251953125, "Radius": 35.1250497344612, "height_m": 24.14, "crown_diameter_m": 21.41, "site_id": 1154 }, "geometry": { "type": "Point", "coordinates": [ -73.926677253257665, 40.874819288949404 ] } },
{ "type": "Feature", "properties": { "Height": 87.633247375488295, "Radius": 36.897308617405592, "height_m": 26.71, "crown_diameter_m": 22.49, "site_id": 1155 }, "geometry": { "type": "Point", "coordinates": [ -73.927022949745478, 40.874772372929144 ] } },
{ "type": "Feature", "properties": { "Height": 100.92075347900401, "Radius": 40.582451270406679, "height_m": 30.76, "crown_diameter_m": 24.74, "site_id": 1156 }, "geometry": { "type": "Point", "coordinates": [ -73.92795964630956, 40.874897334166363 ] } },
{ "type": "Feature", "properties": { "Height": 77.138748168945298, "Radius": 19.468628533447053, "height_m": 23.51, "crown_diameter_m": 11.87, "site_id": 1157 }, "geometry": { "type": "Point", "coordinates": [ -73.92836485222135, 40.87489765214017 ] } },
{ "type": "Feature", "properties": { "Height": 42.6146240234375, "Radius": 28.056734459528862, "height_m": 12.99, "crown_diameter_m": 17.1, "site_id": 1158 }, "geometry": { "type": "Point", "coordinates": [ -73.92615314076923, 40.874855472248676 ] } },
{ "type": "Feature", "properties": { "Height": 90.999374389648395, "Radius": 18.771495518616952, "height_m": 27.74, "crown_diameter_m": 11.44, "site_id": 1159 }, "geometry": { "type": "Point", "coordinates": [ -73.928237102326733, 40.874894358928557 ] } },
{ "type": "Feature", "properties": { "Height": 33.1189994812012, "Radius": 19.503341098120341, "height_m": 10.09, "crown_diameter_m": 11.89, "site_id": 1160 }, "geometry": { "type": "Point", "coordinates": [ -73.926040146491772, 40.874915218406393 ] } },
{ "type": "Feature", "properties": { "Height": 26.887750625610401, "Radius": 13.255453865237978, "height_m": 8.2, "crown_diameter_m": 8.08, "site_id": 1161 }, "geometry": { "type": "Point", "coordinates": [ -73.92588880866316, 40.874907863384031 ] } },
{ "type": "Feature", "properties": { "Height": 84.6719970703125, "Radius": 19.314740138231286, "height_m": 25.81, "crown_diameter_m": 11.77, "site_id": 1162 }, "geometry": { "type": "Point", "coordinates": [ -73.926896502657343, 40.874941801663148 ] } },
{ "type": "Feature", "properties": { "Height": 96.607002258300795, "Radius": 44.543294647512475, "height_m": 29.45, "crown_diameter_m": 27.15, "site_id": 1163 }, "geometry": { "type": "Point", "coordinates": [ -73.927173975616867, 40.874970147964468 ] } },
{ "type": "Feature", "properties": { "Height": 88.383247375488295, "Radius": 28.350175706934721, "height_m": 26.94, "crown_diameter_m": 17.28, "site_id": 1164 }, "geometry": { "type": "Point", "coordinates": [ -73.926804436846552, 40.874989808654121 ] } },
{ "type": "Feature", "properties": { "Height": 78.082748413085895, "Radius": 23.737903783124057, "height_m": 23.8, "crown_diameter_m": 14.47, "site_id": 1165 }, "geometry": { "type": "Point", "coordinates": [ -73.928334095444924, 40.875002213918002 ] } },
{ "type": "Feature", "properties": { "Height": 91.561500549316406, "Radius": 23.742931757293437, "height_m": 27.91, "crown_diameter_m": 14.47, "site_id": 1166 }, "geometry": { "type": "Point", "coordinates": [ -73.928183240162184, 40.875000204799761 ] } },
{ "type": "Feature", "properties": { "Height": 31.471250534057599, "Radius": 28.914372136737224, "height_m": 9.59, "crown_diameter_m": 17.63, "site_id": 1167 }, "geometry": { "type": "Point", "coordinates": [ -73.925930238020314, 40.874990613313123 ] } },
{ "type": "Feature", "properties": { "Height": 116.016250610352, "Radius": 30.834909275543243, "height_m": 35.36, "crown_diameter_m": 18.8, "site_id": 1168 }, "geometry": { "type": "Point", "coordinates": [ -73.927584570372403, 40.874936619132662 ] } },
{ "type": "Feature", "properties": { "Height": 111.272499084473, "Radius": 17.876888032555495, "height_m": 33.92, "crown_diameter_m": 10.9, "site_id": 1169 }, "geometry": { "type": "Point", "coordinates": [ -73.927697605407445, 40.874985428919203 ] } },
{ "type": "Feature", "properties": { "Height": 88.025497436523395, "Radius": 38.94134432424719, "height_m": 26.83, "crown_diameter_m": 23.74, "site_id": 1170 }, "geometry": { "type": "Point", "coordinates": [ -73.9265498323538, 40.874942587385299 ] } },
{ "type": "Feature", "properties": { "Height": 97.885002136230497, "Radius": 20.185060176161283, "height_m": 29.84, "crown_diameter_m": 12.3, "site_id": 1171 }, "geometry": { "type": "Point", "coordinates": [ -73.927273658663779, 40.875059790471354 ] } },
{ "type": "Feature", "properties": { "Height": 53.440250396728501, "Radius": 20.153496341094687, "height_m": 16.29, "crown_diameter_m": 12.29, "site_id": 1172 }, "geometry": { "type": "Point", "coordinates": [ -73.925788200872532, 40.875002385990847 ] } },
{ "type": "Feature", "properties": { "Height": 99.580749511718807, "Radius": 37.964551421559086, "height_m": 30.35, "crown_diameter_m": 23.14, "site_id": 1173 }, "geometry": { "type": "Point", "coordinates": [ -73.927429933011283, 40.875010905904212 ] } },
{ "type": "Feature", "properties": { "Height": 89.291999816894503, "Radius": 32.416361790988191, "height_m": 27.22, "crown_diameter_m": 19.76, "site_id": 1174 }, "geometry": { "type": "Point", "coordinates": [ -73.926422282234469, 40.875060012612984 ] } },
{ "type": "Feature", "properties": { "Height": 103.54450225830099, "Radius": 44.554905512022025, "height_m": 31.56, "crown_diameter_m": 27.16, "site_id": 1175 }, "geometry": { "type": "Point", "coordinates": [ -73.928042803705765, 40.875126030751161 ] } },
{ "type": "Feature", "properties": { "Height": 91.700248718261705, "Radius": 28.745999104799278, "height_m": 27.95, "crown_diameter_m": 17.52, "site_id": 1176 }, "geometry": { "type": "Point", "coordinates": [ -73.926648084561322, 40.875108968208188 ] } },
{ "type": "Feature", "properties": { "Height": 51.272750854492202, "Radius": 18.338331296853998, "height_m": 15.63, "crown_diameter_m": 11.18, "site_id": 1177 }, "geometry": { "type": "Point", "coordinates": [ -73.925778640822841, 40.875125134365547 ] } },
{ "type": "Feature", "properties": { "Height": 119.98874664306599, "Radius": 34.212644284962018, "height_m": 36.57, "crown_diameter_m": 20.86, "site_id": 1178 }, "geometry": { "type": "Point", "coordinates": [ -73.927696054763999, 40.875053168056539 ] } },
{ "type": "Feature", "properties": { "Height": 84.745246887207003, "Radius": 18.504644283590345, "height_m": 25.83, "crown_diameter_m": 11.28, "site_id": 1179 }, "geometry": { "type": "Point", "coordinates": [ -73.926760817434996, 40.875088170098202 ] } },
{ "type": "Feature", "properties": { "Height": 79.628997802734403, "Radius": 23.789808272341748, "height_m": 24.27, "crown_diameter_m": 14.5, "site_id": 1180 }, "geometry": { "type": "Point", "coordinates": [ -73.927003649924117, 40.875140370356654 ] } },
{ "type": "Feature", "properties": { "Height": 84.557998657226605, "Radius": 28.409060463503561, "height_m": 25.77, "crown_diameter_m": 17.32, "site_id": 1181 }, "geometry": { "type": "Point", "coordinates": [ -73.928229641800826, 40.875120488432103 ] } },
{ "type": "Feature", "properties": { "Height": 85.315750122070298, "Radius": 21.498510523728477, "height_m": 26.0, "crown_diameter_m": 13.11, "site_id": 1182 }, "geometry": { "type": "Point", "coordinates": [ -73.927258287913986, 40.87514494623467 ] } },
{ "type": "Feature", "properties": { "Height": 108.73349761962901, "Radius": 29.483966815337659, "height_m": 33.14, "crown_diameter_m": 17.97, "site_id": 1183 }, "geometry": { "type": "Point", "coordinates": [ -73.927630425667573, 40.875223211085448 ] } },
{ "type": "Feature", "properties": { "Height": 107.53175354003901, "Radius": 46.077401628627932, "height_m": 32.78, "crown_diameter_m": 28.09, "site_id": 1184 }, "geometry": { "type": "Point", "coordinates": [ -73.927849644255161, 40.875194385955091 ] } },
{ "type": "Feature", "properties": { "Height": 81.325248718261705, "Radius": 39.513415338736451, "height_m": 24.79, "crown_diameter_m": 24.09, "site_id": 1185 }, "geometry": { "type": "Point", "coordinates": [ -73.926291959191062, 40.87515069233423 ] } },
{ "type": "Feature", "properties": { "Height": 89.551002502441406, "Radius": 22.535825332262363, "height_m": 27.3, "crown_diameter_m": 13.74, "site_id": 1186 }, "geometry": { "type": "Point", "coordinates": [ -73.926534836572884, 40.875222264003867 ] } },
{ "type": "Feature", "properties": { "Height": 91.0989990234375, "Radius": 26.895338189966381, "height_m": 27.77, "crown_diameter_m": 16.4, "site_id": 1187 }, "geometry": { "type": "Point", "coordinates": [ -73.927258759514089, 40.875225704092962 ] } },
{ "type": "Feature", "properties": { "Height": 100.966751098633, "Radius": 21.513311565429245, "height_m": 30.77, "crown_diameter_m": 13.11, "site_id": 1188 }, "geometry": { "type": "Point", "coordinates": [ -73.927452135403982, 40.875182515050476 ] } },
{ "type": "Feature", "properties": { "Height": 84.867996215820298, "Radius": 16.897454480094339, "height_m": 25.87, "crown_diameter_m": 10.3, "site_id": 1189 }, "geometry": { "type": "Point", "coordinates": [ -73.927091460700581, 40.875177580900136 ] } },
{ "type": "Feature", "properties": { "Height": 98.985252380371094, "Radius": 13.374982468597496, "height_m": 30.17, "crown_diameter_m": 8.15, "site_id": 1190 }, "geometry": { "type": "Point", "coordinates": [ -73.92749007539696, 40.875233802773622 ] } },
{ "type": "Feature", "properties": { "Height": 96.524497985839801, "Radius": 12.424986712231869, "height_m": 29.42, "crown_diameter_m": 7.57, "site_id": 1191 }, "geometry": { "type": "Point", "coordinates": [ -73.927559648577599, 40.875247466346742 ] } },
{ "type": "Feature", "properties": { "Height": 83.024749755859403, "Radius": 22.212166116452387, "height_m": 25.31, "crown_diameter_m": 13.54, "site_id": 1192 }, "geometry": { "type": "Point", "coordinates": [ -73.927048779594543, 40.875243857756288 ] } },
{ "type": "Feature", "properties": { "Height": 88.281997680664105, "Radius": 16.821934752500674, "height_m": 26.91, "crown_diameter_m": 10.25, "site_id": 1193 }, "geometry": { "type": "Point", "coordinates": [ -73.927348318407397, 40.875285359303611 ] } },
{ "type": "Feature", "properties": { "Height": 47.282501220703097, "Radius": 30.923817286480872, "height_m": 14.41, "crown_diameter_m": 18.85, "site_id": 1194 }, "geometry": { "type": "Point", "coordinates": [ -73.926125713586742, 40.875276574205117 ] } },
{ "type": "Feature", "properties": { "Height": 83.051498413085895, "Radius": 17.168429008100599, "height_m": 25.31, "crown_diameter_m": 10.47, "site_id": 1195 }, "geometry": { "type": "Point", "coordinates": [ -73.926425053635796, 40.87526574076167 ] } },
{ "type": "Feature", "properties": { "Height": 60.292751312255902, "Radius": 23.16786666004052, "height_m": 18.38, "crown_diameter_m": 14.12, "site_id": 1196 }, "geometry": { "type": "Point", "coordinates": [ -73.926818827090301, 40.875279714573907 ] } },
{ "type": "Feature", "properties": { "Height": 37.091751098632798, "Radius": 14.367461891029615, "height_m": 11.31, "crown_diameter_m": 8.76, "site_id": 1197 }, "geometry": { "type": "Point", "coordinates": [ -73.925992637809131, 40.875310405820308 ] } },
{ "type": "Feature", "properties": { "Height": 69.322250366210895, "Radius": 23.949831208240088, "height_m": 21.13, "crown_diameter_m": 14.6, "site_id": 1198 }, "geometry": { "type": "Point", "coordinates": [ -73.92692046438205, 40.875290234546043 ] } },
{ "type": "Feature", "properties": { "Height": 73.051246643066406, "Radius": 18.746042631630413, "height_m": 22.27, "crown_diameter_m": 11.43, "site_id": 1199 }, "geometry": { "type": "Point", "coordinates": [ -73.92628481005174, 40.875291133273102 ] } },
{ "type": "Feature", "properties": { "Height": 86.495498657226605, "Radius": 17.713666201711934, "height_m": 26.36, "crown_diameter_m": 10.8, "site_id": 1200 }, "geometry": { "type": "Point", "coordinates": [ -73.926393583690498, 40.875325760727783 ] } },
{ "type": "Feature", "properties": { "Height": 80.477996826171903, "Radius": 27.176433051781103, "height_m": 24.53, "crown_diameter_m": 16.57, "site_id": 1201 }, "geometry": { "type": "Point", "coordinates": [ -73.928064075694621, 40.875330132401416 ] } },
{ "type": "Feature", "properties": { "Height": 81.763252258300795, "Radius": 27.745854820774539, "height_m": 24.92, "crown_diameter_m": 16.91, "site_id": 1202 }, "geometry": { "type": "Point", "coordinates": [ -73.927459387119853, 40.875352466897397 ] } },
{ "type": "Feature", "properties": { "Height": 82.500999450683594, "Radius": 26.534910368014152, "height_m": 25.15, "crown_diameter_m": 16.18, "site_id": 1203 }, "geometry": { "type": "Point", "coordinates": [ -73.927887717698624, 40.875381064692597 ] } },
{ "type": "Feature", "properties": { "Height": 54.128501892089801, "Radius": 18.012144555627703, "height_m": 16.5, "crown_diameter_m": 10.98, "site_id": 1204 }, "geometry": { "type": "Point", "coordinates": [ -73.926738553786961, 40.875347416354877 ] } },
{ "type": "Feature", "properties": { "Height": 40.708000183105497, "Radius": 12.373643572303322, "height_m": 12.41, "crown_diameter_m": 7.54, "site_id": 1205 }, "geometry": { "type": "Point", "coordinates": [ -73.926000404761197, 40.875374358952151 ] } },
{ "type": "Feature", "properties": { "Height": 90.592002868652301, "Radius": 42.737128201630384, "height_m": 27.61, "crown_diameter_m": 26.05, "site_id": 1206 }, "geometry": { "type": "Point", "coordinates": [ -73.927059887119185, 40.875388894663025 ] } },
{ "type": "Feature", "properties": { "Height": 52.123500823974602, "Radius": 18.435709397057181, "height_m": 15.89, "crown_diameter_m": 11.24, "site_id": 1207 }, "geometry": { "type": "Point", "coordinates": [ -73.9280896719049, 40.875400521484764 ] } },
{ "type": "Feature", "properties": { "Height": 89.884498596191406, "Radius": 34.517153764265217, "height_m": 27.4, "crown_diameter_m": 21.04, "site_id": 1208 }, "geometry": { "type": "Point", "coordinates": [ -73.927659809608187, 40.875400223113139 ] } },
{ "type": "Feature", "properties": { "Height": 53.367748260497997, "Radius": 24.797078913362711, "height_m": 16.27, "crown_diameter_m": 15.12, "site_id": 1209 }, "geometry": { "type": "Point", "coordinates": [ -73.926158927050253, 40.875392298256806 ] } },
{ "type": "Feature", "properties": { "Height": 62.875, "Radius": 18.921391187891512, "height_m": 19.16, "crown_diameter_m": 11.53, "site_id": 1210 }, "geometry": { "type": "Point", "coordinates": [ -73.926314861452624, 40.875403256009299 ] } },
{ "type": "Feature", "properties": { "Height": 65.468498229980497, "Radius": 30.252611461656404, "height_m": 19.95, "crown_diameter_m": 18.44, "site_id": 1211 }, "geometry": { "type": "Point", "coordinates": [ -73.926649879501397, 40.875431570057223 ] } },
{ "type": "Feature", "properties": { "Height": 86.022499084472699, "Radius": 26.886460375501063, "height_m": 26.22, "crown_diameter_m": 16.39, "site_id": 1212 }, "geometry": { "type": "Point", "coordinates": [ -73.92698996093938, 40.875469782697927 ] } },
{ "type": "Feature", "properties": { "Height": 90.662246704101605, "Radius": 34.547111576022147, "height_m": 27.63, "crown_diameter_m": 21.06, "site_id": 1213 }, "geometry": { "type": "Point", "coordinates": [ -73.927290313762953, 40.875436075257682 ] } },
{ "type": "Feature", "properties": { "Height": 55.586750030517599, "Radius": 19.215604803731711, "height_m": 16.94, "crown_diameter_m": 11.71, "site_id": 1214 }, "geometry": { "type": "Point", "coordinates": [ -73.926832539681911, 40.87548695075477 ] } },
{ "type": "Feature", "properties": { "Height": 35.889499664306598, "Radius": 26.163436514308319, "height_m": 10.94, "crown_diameter_m": 15.95, "site_id": 1215 }, "geometry": { "type": "Point", "coordinates": [ -73.925843326160233, 40.875505489830701 ] } },
{ "type": "Feature", "properties": { "Height": 71.340499877929702, "Radius": 23.04215463350949, "height_m": 21.74, "crown_diameter_m": 14.05, "site_id": 1216 }, "geometry": { "type": "Point", "coordinates": [ -73.927806116492562, 40.875483886313354 ] } },
{ "type": "Feature", "properties": { "Height": 35.806999206542997, "Radius": 22.623931952327283, "height_m": 10.91, "crown_diameter_m": 13.79, "site_id": 1217 }, "geometry": { "type": "Point", "coordinates": [ -73.926001588453616, 40.875460947929106 ] } },
{ "type": "Feature", "properties": { "Height": 80.588752746582003, "Radius": 30.578346761472982, "height_m": 24.56, "crown_diameter_m": 18.64, "site_id": 1218 }, "geometry": { "type": "Point", "coordinates": [ -73.927456425862204, 40.875503754209817 ] } },
{ "type": "Feature", "properties": { "Height": 53.580501556396499, "Radius": 27.720030036918622, "height_m": 16.33, "crown_diameter_m": 16.9, "site_id": 1219 }, "geometry": { "type": "Point", "coordinates": [ -73.926703164167364, 40.875570170992034 ] } },
{ "type": "Feature", "properties": { "Height": 74.591003417968807, "Radius": 30.695231927842155, "height_m": 22.74, "crown_diameter_m": 18.71, "site_id": 1220 }, "geometry": { "type": "Point", "coordinates": [ -73.926525709548997, 40.875533021981731 ] } },
{ "type": "Feature", "properties": { "Height": 69.196250915527301, "Radius": 20.958712816717327, "height_m": 21.09, "crown_diameter_m": 12.78, "site_id": 1221 }, "geometry": { "type": "Point", "coordinates": [ -73.927945906298262, 40.875489534190393 ] } },
{ "type": "Feature", "properties": { "Height": 77.711250305175795, "Radius": 23.357721312641292, "height_m": 23.69, "crown_diameter_m": 14.24, "site_id": 1222 }, "geometry": { "type": "Point", "coordinates": [ -73.927644866882346, 40.875545946006866 ] } },
{ "type": "Feature", "properties": { "Height": 66.996246337890597, "Radius": 13.808244704671576, "height_m": 20.42, "crown_diameter_m": 8.42, "site_id": 1223 }, "geometry": { "type": "Point", "coordinates": [ -73.927503677544848, 40.875575796820428 ] } },
{ "type": "Feature", "properties": { "Height": 31.866500854492202, "Radius": 21.41320599648148, "height_m": 9.71, "crown_diameter_m": 13.05, "site_id": 1224 }, "geometry": { "type": "Point", "coordinates": [ -73.928027151767751, 40.875607753213039 ] } },
{ "type": "Feature", "properties": { "Height": 34.185501098632798, "Radius": 11.861406733319429, "height_m": 10.42, "crown_diameter_m": 7.23, "site_id": 1225 }, "geometry": { "type": "Point", "coordinates": [ -73.926812311113125, 40.875580976780221 ] } },
{ "type": "Feature", "properties": { "Height": 82.288002014160199, "Radius": 21.476289835078887, "height_m": 25.08, "crown_diameter_m": 13.09, "site_id": 1226 }, "geometry": { "type": "Point", "coordinates": [ -73.927026065366519, 40.875588183673393 ] } },
{ "type": "Feature", "properties": { "Height": 89.586250305175795, "Radius": 20.590987552733093, "height_m": 27.31, "crown_diameter_m": 12.55, "site_id": 1227 }, "geometry": { "type": "Point", "coordinates": [ -73.927168382734067, 40.875559801050812 ] } },
{ "type": "Feature", "properties": { "Height": 38.549251556396499, "Radius": 17.544391124793293, "height_m": 11.75, "crown_diameter_m": 10.7, "site_id": 1228 }, "geometry": { "type": "Point", "coordinates": [ -73.926896330468267, 40.875580736474383 ] } },
{ "type": "Feature", "properties": { "Height": 77.230751037597699, "Radius": 43.630863781526948, "height_m": 23.54, "crown_diameter_m": 26.6, "site_id": 1229 }, "geometry": { "type": "Point", "coordinates": [ -73.927833373904818, 40.875633570752697 ] } },
{ "type": "Feature", "properties": { "Height": 29.314250946044901, "Radius": 16.273715780512877, "height_m": 8.93, "crown_diameter_m": 9.92, "site_id": 1230 }, "geometry": { "type": "Point", "coordinates": [ -73.926822491057621, 40.875647857068486 ] } },
{ "type": "Feature", "properties": { "Height": 94.073249816894503, "Radius": 27.628013085792649, "height_m": 28.67, "crown_diameter_m": 16.84, "site_id": 1231 }, "geometry": { "type": "Point", "coordinates": [ -73.927110244840819, 40.875655080087995 ] } },
{ "type": "Feature", "properties": { "Height": 76.806251525878906, "Radius": 27.651046031090132, "height_m": 23.41, "crown_diameter_m": 16.86, "site_id": 1232 }, "geometry": { "type": "Point", "coordinates": [ -73.9264098910283, 40.875596995387681 ] } },
{ "type": "Feature", "properties": { "Height": 97.126998901367202, "Radius": 42.49250321383235, "height_m": 29.6, "crown_diameter_m": 25.9, "site_id": 1233 }, "geometry": { "type": "Point", "coordinates": [ -73.927318236576482, 40.875682479842567 ] } },
{ "type": "Feature", "properties": { "Height": 78.540000915527301, "Radius": 28.305228907829047, "height_m": 23.94, "crown_diameter_m": 17.25, "site_id": 1234 }, "geometry": { "type": "Point", "coordinates": [ -73.927589963094633, 40.875664615684855 ] } },
{ "type": "Feature", "properties": { "Height": 73.656501770019503, "Radius": 34.902319900335662, "height_m": 22.45, "crown_diameter_m": 21.28, "site_id": 1235 }, "geometry": { "type": "Point", "coordinates": [ -73.926218808315213, 40.875679133850895 ] } },
{ "type": "Feature", "properties": { "Height": 67.859748840332003, "Radius": 18.16830624941662, "height_m": 20.68, "crown_diameter_m": 11.08, "site_id": 1236 }, "geometry": { "type": "Point", "coordinates": [ -73.926438643837457, 40.875707950224829 ] } },
{ "type": "Feature", "properties": { "Height": 57.599998474121101, "Radius": 25.397932678693593, "height_m": 17.56, "crown_diameter_m": 15.48, "site_id": 1237 }, "geometry": { "type": "Point", "coordinates": [ -73.92650252398559, 40.875742048277644 ] } },
{ "type": "Feature", "properties": { "Height": 51.298751831054702, "Radius": 25.829779740470595, "height_m": 15.64, "crown_diameter_m": 15.75, "site_id": 1238 }, "geometry": { "type": "Point", "coordinates": [ -73.926660893141189, 40.875720119493856 ] } },
{ "type": "Feature", "properties": { "Height": 68.150497436523395, "Radius": 20.964407345505119, "height_m": 20.77, "crown_diameter_m": 12.78, "site_id": 1239 }, "geometry": { "type": "Point", "coordinates": [ -73.927888208663845, 40.875740015681487 ] } },
{ "type": "Feature", "properties": { "Height": 58.912750244140597, "Radius": 22.680140565547774, "height_m": 17.96, "crown_diameter_m": 13.83, "site_id": 1240 }, "geometry": { "type": "Point", "coordinates": [ -73.926858820331375, 40.875750406046734 ] } },
{ "type": "Feature", "properties": { "Height": 57.214000701904297, "Radius": 17.544391124793293, "height_m": 17.44, "crown_diameter_m": 10.7, "site_id": 1241 }, "geometry": { "type": "Point", "coordinates": [ -73.926772031237505, 40.875786734320648 ] } },
{ "type": "Feature", "properties": { "Height": 74.518997192382798, "Radius": 23.186750478763134, "height_m": 22.71, "crown_diameter_m": 14.13, "site_id": 1242 }, "geometry": { "type": "Point", "coordinates": [ -73.927608194208659, 40.87578503315607 ] } },
{ "type": "Feature", "properties": { "Height": 69.430496215820298, "Radius": 14.652645434561185, "height_m": 21.16, "crown_diameter_m": 8.93, "site_id": 1243 }, "geometry": { "type": "Point", "coordinates": [ -73.927436981250267, 40.875783581201105 ] } },
{ "type": "Feature", "properties": { "Height": 60.948501586914098, "Radius": 31.03427360388196, "height_m": 18.58, "crown_diameter_m": 18.92, "site_id": 1244 }, "geometry": { "type": "Point", "coordinates": [ -73.925964458583096, 40.875837946689437 ] } },
{ "type": "Feature", "properties": { "Height": 91.933746337890597, "Radius": 16.622063085174787, "height_m": 28.02, "crown_diameter_m": 10.13, "site_id": 1245 }, "geometry": { "type": "Point", "coordinates": [ -73.927220925700567, 40.875804829034763 ] } },
{ "type": "Feature", "properties": { "Height": 72.5625, "Radius": 22.104426599487233, "height_m": 22.12, "crown_diameter_m": 13.47, "site_id": 1246 }, "geometry": { "type": "Point", "coordinates": [ -73.926609036569857, 40.875828928496055 ] } },
{ "type": "Feature", "properties": { "Height": 86.723747253417997, "Radius": 21.00043683611467, "height_m": 26.43, "crown_diameter_m": 12.8, "site_id": 1247 }, "geometry": { "type": "Point", "coordinates": [ -73.927316033765905, 40.875829864005333 ] } },
{ "type": "Feature", "properties": { "Height": 90.781753540039105, "Radius": 37.321897887704857, "height_m": 27.67, "crown_diameter_m": 22.75, "site_id": 1248 }, "geometry": { "type": "Point", "coordinates": [ -73.927102471644091, 40.87581656146866 ] } },
{ "type": "Feature", "properties": { "Height": 60.102500915527301, "Radius": 17.589690428505119, "height_m": 18.32, "crown_diameter_m": 10.72, "site_id": 1249 }, "geometry": { "type": "Point", "coordinates": [ -73.926778279557396, 40.875871985669612 ] } },
{ "type": "Feature", "properties": { "Height": 72.806999206542997, "Radius": 16.497119526970184, "height_m": 22.19, "crown_diameter_m": 10.06, "site_id": 1250 }, "geometry": { "type": "Point", "coordinates": [ -73.927519632592222, 40.87583486729708 ] } },
{ "type": "Feature", "properties": { "Height": 83.346252441406307, "Radius": 35.557374311414172, "height_m": 25.4, "crown_diameter_m": 21.68, "site_id": 1251 }, "geometry": { "type": "Point", "coordinates": [ -73.927763805457531, 40.875887028968194 ] } },
{ "type": "Feature", "properties": { "Height": 82.287246704101605, "Radius": 17.733870630789692, "height_m": 25.08, "crown_diameter_m": 10.81, "site_id": 1252 }, "geometry": { "type": "Point", "coordinates": [ -73.927627879855649, 40.875879287859647 ] } },
{ "type": "Feature", "properties": { "Height": 85.586502075195298, "Radius": 32.109277807968496, "height_m": 26.09, "crown_diameter_m": 19.57, "site_id": 1253 }, "geometry": { "type": "Point", "coordinates": [ -73.927407942380867, 40.87593091246648 ] } },
{ "type": "Feature", "properties": { "Height": 78.455497741699205, "Radius": 14.916387312029334, "height_m": 23.91, "crown_diameter_m": 9.09, "site_id": 1254 }, "geometry": { "type": "Point", "coordinates": [ -73.927545634089213, 40.87592490989644 ] } },
{ "type": "Feature", "properties": { "Height": 48.157749176025398, "Radius": 12.523865075010304, "height_m": 14.68, "crown_diameter_m": 7.63, "site_id": 1255 }, "geometry": { "type": "Point", "coordinates": [ -73.925878488537066, 40.875928651676077 ] } },
{ "type": "Feature", "properties": { "Height": 98.335250854492202, "Radius": 31.245102351019529, "height_m": 29.97, "crown_diameter_m": 19.05, "site_id": 1256 }, "geometry": { "type": "Point", "coordinates": [ -73.927051908048256, 40.875895814771852 ] } },
{ "type": "Feature", "properties": { "Height": 68.732749938964801, "Radius": 23.398568422792877, "height_m": 20.95, "crown_diameter_m": 14.26, "site_id": 1257 }, "geometry": { "type": "Point", "coordinates": [ -73.926660406747885, 40.875912635384715 ] } },
{ "type": "Feature", "properties": { "Height": 89.091003417968807, "Radius": 16.859736900738547, "height_m": 27.15, "crown_diameter_m": 10.28, "site_id": 1258 }, "geometry": { "type": "Point", "coordinates": [ -73.926201070269371, 40.875945132927619 ] } },
{ "type": "Feature", "properties": { "Height": 101.793502807617, "Radius": 63.996982179281616, "height_m": 31.03, "crown_diameter_m": 39.01, "site_id": 1259 }, "geometry": { "type": "Point", "coordinates": [ -73.926290547032721, 40.875907668583835 ] } },
{ "type": "Feature", "properties": { "Height": 77.449249267578097, "Radius": 14.461313744703507, "height_m": 23.61, "crown_diameter_m": 8.82, "site_id": 1260 }, "geometry": { "type": "Point", "coordinates": [ -73.927511385465536, 40.875999946751094 ] } },
{ "type": "Feature", "properties": { "Height": 97.433998107910199, "Radius": 21.331291154070556, "height_m": 29.7, "crown_diameter_m": 13.0, "site_id": 1261 }, "geometry": { "type": "Point", "coordinates": [ -73.927146584085904, 40.876017453042472 ] } },
{ "type": "Feature", "properties": { "Height": 66.283996582031307, "Radius": 22.050359433481809, "height_m": 20.2, "crown_diameter_m": 13.44, "site_id": 1262 }, "geometry": { "type": "Point", "coordinates": [ -73.926589351810748, 40.875982327587771 ] } },
{ "type": "Feature", "properties": { "Height": 97.634498596191406, "Radius": 43.241552341643938, "height_m": 29.76, "crown_diameter_m": 26.36, "site_id": 1263 }, "geometry": { "type": "Point", "coordinates": [ -73.926904106808706, 40.875975816942947 ] } },
{ "type": "Feature", "properties": { "Height": 77.567497253417997, "Radius": 20.447494602087783, "height_m": 23.64, "crown_diameter_m": 12.46, "site_id": 1264 }, "geometry": { "type": "Point", "coordinates": [ -73.927615993976744, 40.876017564719312 ] } },
{ "type": "Feature", "properties": { "Height": 81.371498107910199, "Radius": 18.885609004449325, "height_m": 24.8, "crown_diameter_m": 11.51, "site_id": 1265 }, "geometry": { "type": "Point", "coordinates": [ -73.927326739548619, 40.876042425497872 ] } },
{ "type": "Feature", "properties": { "Height": 89.592750549316406, "Radius": 21.756075031018273, "height_m": 27.31, "crown_diameter_m": 13.26, "site_id": 1266 }, "geometry": { "type": "Point", "coordinates": [ -73.926763069035971, 40.876090962051684 ] } },
{ "type": "Feature", "properties": { "Height": 73.608749389648395, "Radius": 15.274853405932202, "height_m": 22.44, "crown_diameter_m": 9.31, "site_id": 1267 }, "geometry": { "type": "Point", "coordinates": [ -73.927587509384992, 40.87609195145626 ] } },
{ "type": "Feature", "properties": { "Height": 43.916000366210902, "Radius": 21.635033802452543, "height_m": 13.39, "crown_diameter_m": 13.19, "site_id": 1268 }, "geometry": { "type": "Point", "coordinates": [ -73.926624825087629, 40.876071319244957 ] } },
{ "type": "Feature", "properties": { "Height": 82.295501708984403, "Radius": 20.326490898985991, "height_m": 25.08, "crown_diameter_m": 12.39, "site_id": 1269 }, "geometry": { "type": "Point", "coordinates": [ -73.927262841646126, 40.876085721218239 ] } },
{ "type": "Feature", "properties": { "Height": 75.111999511718807, "Radius": 16.803001786735081, "height_m": 22.89, "crown_diameter_m": 10.24, "site_id": 1270 }, "geometry": { "type": "Point", "coordinates": [ -73.926349377696326, 40.876109297454292 ] } },
{ "type": "Feature", "properties": { "Height": 71.245498657226605, "Radius": 19.232162846273031, "height_m": 21.72, "crown_diameter_m": 11.72, "site_id": 1271 }, "geometry": { "type": "Point", "coordinates": [ -73.926462063255329, 40.876084628411498 ] } },
{ "type": "Feature", "properties": { "Height": 84.170753479003906, "Radius": 26.498898258634117, "height_m": 25.66, "crown_diameter_m": 16.15, "site_id": 1272 }, "geometry": { "type": "Point", "coordinates": [ -73.926776088300201, 40.876171527952273 ] } },
{ "type": "Feature", "properties": { "Height": 88.147247314453097, "Radius": 21.258420941110298, "height_m": 26.87, "crown_diameter_m": 12.96, "site_id": 1273 }, "geometry": { "type": "Point", "coordinates": [ -73.926939652742703, 40.876115669001358 ] } },
{ "type": "Feature", "properties": { "Height": 80.443252563476605, "Radius": 26.189276951732037, "height_m": 24.52, "crown_diameter_m": 15.96, "site_id": 1274 }, "geometry": { "type": "Point", "coordinates": [ -73.927526904683063, 40.8761343732141 ] } },
{ "type": "Feature", "properties": { "Height": 80.919998168945298, "Radius": 15.458691634562118, "height_m": 24.66, "crown_diameter_m": 9.42, "site_id": 1275 }, "geometry": { "type": "Point", "coordinates": [ -73.92741020576581, 40.8761136237692 ] } },
{ "type": "Feature", "properties": { "Height": 60.420249938964801, "Radius": 21.572414181094846, "height_m": 18.42, "crown_diameter_m": 13.15, "site_id": 1276 }, "geometry": { "type": "Point", "coordinates": [ -73.926243795406236, 40.876160103083215 ] } },
{ "type": "Feature", "properties": { "Height": 69.005752563476605, "Radius": 17.251659154465237, "height_m": 21.03, "crown_diameter_m": 10.52, "site_id": 1277 }, "geometry": { "type": "Point", "coordinates": [ -73.926401868856871, 40.876184439729307 ] } },
{ "type": "Feature", "properties": { "Height": 108.619499206543, "Radius": 56.934249147175315, "height_m": 33.11, "crown_diameter_m": 34.71, "site_id": 1278 }, "geometry": { "type": "Point", "coordinates": [ -73.925915146848467, 40.876056274341416 ] } },
{ "type": "Feature", "properties": { "Height": 82.380752563476605, "Radius": 21.622156352511247, "height_m": 25.11, "crown_diameter_m": 13.18, "site_id": 1279 }, "geometry": { "type": "Point", "coordinates": [ -73.927290369581826, 40.876176983193226 ] } },
{ "type": "Feature", "properties": { "Height": 68.607749938964801, "Radius": 22.133208417146708, "height_m": 20.91, "crown_diameter_m": 13.49, "site_id": 1280 }, "geometry": { "type": "Point", "coordinates": [ -73.926474273893788, 40.876201990464217 ] } },
{ "type": "Feature", "properties": { "Height": 91.608001708984403, "Radius": 38.348294279786593, "height_m": 27.92, "crown_diameter_m": 23.38, "site_id": 1281 }, "geometry": { "type": "Point", "coordinates": [ -73.927136729057239, 40.876205843277816 ] } },
{ "type": "Feature", "properties": { "Height": 76.509002685546903, "Radius": 19.933146149790723, "height_m": 23.32, "crown_diameter_m": 12.15, "site_id": 1282 }, "geometry": { "type": "Point", "coordinates": [ -73.927447415855255, 40.876209129491286 ] } },
{ "type": "Feature", "properties": { "Height": 56.994998931884801, "Radius": 18.133232266417803, "height_m": 17.37, "crown_diameter_m": 11.05, "site_id": 1283 }, "geometry": { "type": "Point", "coordinates": [ -73.926228212949852, 40.876221869288017 ] } },
{ "type": "Feature", "properties": { "Height": 66.574752807617202, "Radius": 23.722813466638858, "height_m": 20.29, "crown_diameter_m": 14.46, "site_id": 1284 }, "geometry": { "type": "Point", "coordinates": [ -73.926602763007409, 40.876195550921494 ] } },
{ "type": "Feature", "properties": { "Height": 78.202247619628906, "Radius": 11.934976919426628, "height_m": 23.84, "crown_diameter_m": 7.28, "site_id": 1285 }, "geometry": { "type": "Point", "coordinates": [ -73.927346179595787, 40.876250406295895 ] } },
{ "type": "Feature", "properties": { "Height": 106.630752563477, "Radius": 41.558987504909794, "height_m": 32.5, "crown_diameter_m": 25.33, "site_id": 1286 }, "geometry": { "type": "Point", "coordinates": [ -73.925984124676447, 40.876253549744973 ] } },
{ "type": "Feature", "properties": { "Height": 91.206001281738295, "Radius": 19.867165345562018, "height_m": 27.8, "crown_diameter_m": 12.11, "site_id": 1287 }, "geometry": { "type": "Point", "coordinates": [ -73.927010279399838, 40.876245709010647 ] } },
{ "type": "Feature", "properties": { "Height": 104.76650238037099, "Radius": 19.673963037463739, "height_m": 31.93, "crown_diameter_m": 11.99, "site_id": 1288 }, "geometry": { "type": "Point", "coordinates": [ -73.925797367280637, 40.876298564965708 ] } },
{ "type": "Feature", "properties": { "Height": 50.487251281738303, "Radius": 18.489586738523691, "height_m": 15.39, "crown_diameter_m": 11.27, "site_id": 1289 }, "geometry": { "type": "Point", "coordinates": [ -73.926289249100577, 40.876271574692815 ] } },
{ "type": "Feature", "properties": { "Height": 70.037498474121094, "Radius": 17.362012044001403, "height_m": 21.35, "crown_diameter_m": 10.58, "site_id": 1290 }, "geometry": { "type": "Point", "coordinates": [ -73.926510687673868, 40.876269731240427 ] } },
{ "type": "Feature", "properties": { "Height": 76.478996276855497, "Radius": 17.740600327052718, "height_m": 23.31, "crown_diameter_m": 10.81, "site_id": 1291 }, "geometry": { "type": "Point", "coordinates": [ -73.927450838225099, 40.876301783731058 ] } },
{ "type": "Feature", "properties": { "Height": 79.0260009765625, "Radius": 15.033297016639143, "height_m": 24.09, "crown_diameter_m": 9.16, "site_id": 1292 }, "geometry": { "type": "Point", "coordinates": [ -73.927382595865538, 40.87630258366724 ] } },
{ "type": "Feature", "properties": { "Height": 41.714000701904297, "Radius": 11.753573524837677, "height_m": 12.71, "crown_diameter_m": 7.16, "site_id": 1293 }, "geometry": { "type": "Point", "coordinates": [ -73.926481400655049, 40.876336871866187 ] } },
{ "type": "Feature", "properties": { "Height": 55.492748260497997, "Radius": 18.805379112110224, "height_m": 16.91, "crown_diameter_m": 11.46, "site_id": 1294 }, "geometry": { "type": "Point", "coordinates": [ -73.92639522857425, 40.876336859261464 ] } },
{ "type": "Feature", "properties": { "Height": 46.509750366210902, "Radius": 15.574085310927526, "height_m": 14.18, "crown_diameter_m": 9.49, "site_id": 1295 }, "geometry": { "type": "Point", "coordinates": [ -73.926557621772176, 40.876338866351382 ] } },
{ "type": "Feature", "properties": { "Height": 90.609001159667997, "Radius": 14.63634358033765, "height_m": 27.62, "crown_diameter_m": 8.92, "site_id": 1296 }, "geometry": { "type": "Point", "coordinates": [ -73.927107870432692, 40.876341651929167 ] } },
{ "type": "Feature", "properties": { "Height": 102.082000732422, "Radius": 56.67508325076048, "height_m": 31.11, "crown_diameter_m": 34.55, "site_id": 1297 }, "geometry": { "type": "Point", "coordinates": [ -73.926862720356525, 40.876356072123045 ] } },
{ "type": "Feature", "properties": { "Height": 84.597747802734403, "Radius": 22.60281768552284, "height_m": 25.79, "crown_diameter_m": 13.78, "site_id": 1298 }, "geometry": { "type": "Point", "coordinates": [ -73.927252639629344, 40.876345406461219 ] } },
{ "type": "Feature", "properties": { "Height": 82.722000122070298, "Radius": 16.590915408060912, "height_m": 25.21, "crown_diameter_m": 10.11, "site_id": 1299 }, "geometry": { "type": "Point", "coordinates": [ -73.927343350846442, 40.876381126523874 ] } },
{ "type": "Feature", "properties": { "Height": 94.8125, "Radius": 14.787795366729421, "height_m": 28.9, "crown_diameter_m": 9.01, "site_id": 1300 }, "geometry": { "type": "Point", "coordinates": [ -73.925772682261851, 40.876383001337871 ] } },
{ "type": "Feature", "properties": { "Height": 84.081748962402301, "Radius": 32.230487330488828, "height_m": 25.63, "crown_diameter_m": 19.65, "site_id": 1301 }, "geometry": { "type": "Point", "coordinates": [ -73.926165903514416, 40.876359502316653 ] } },
{ "type": "Feature", "properties": { "Height": 86.637748718261705, "Radius": 16.195287778099022, "height_m": 26.41, "crown_diameter_m": 9.87, "site_id": 1302 }, "geometry": { "type": "Point", "coordinates": [ -73.927103341825656, 40.876418743428118 ] } },
{ "type": "Feature", "properties": { "Height": 77.556503295898395, "Radius": 16.803001786735081, "height_m": 23.64, "crown_diameter_m": 10.24, "site_id": 1303 }, "geometry": { "type": "Point", "coordinates": [ -73.926329215733418, 40.876384403416516 ] } },
{ "type": "Feature", "properties": { "Height": 78.386001586914105, "Radius": 15.94771454036122, "height_m": 23.89, "crown_diameter_m": 9.72, "site_id": 1304 }, "geometry": { "type": "Point", "coordinates": [ -73.926262728221701, 40.876436256964631 ] } },
{ "type": "Feature", "properties": { "Height": 94.870002746582003, "Radius": 20.567786432629493, "height_m": 28.92, "crown_diameter_m": 12.54, "site_id": 1305 }, "geometry": { "type": "Point", "coordinates": [ -73.926586765965538, 40.876410682585373 ] } },
{ "type": "Feature", "properties": { "Height": 81.656997680664105, "Radius": 21.843683741290118, "height_m": 24.89, "crown_diameter_m": 13.32, "site_id": 1306 }, "geometry": { "type": "Point", "coordinates": [ -73.927218456844614, 40.876456253861988 ] } },
{ "type": "Feature", "properties": { "Height": 92.091003417968807, "Radius": 32.569428851416518, "height_m": 28.07, "crown_diameter_m": 19.85, "site_id": 1307 }, "geometry": { "type": "Point", "coordinates": [ -73.92599933282078, 40.876432379261402 ] } },
{ "type": "Feature", "properties": { "Height": 81.817001342773395, "Radius": 13.213363408754381, "height_m": 24.94, "crown_diameter_m": 8.05, "site_id": 1308 }, "geometry": { "type": "Point", "coordinates": [ -73.927341591571945, 40.876466807726565 ] } },
{ "type": "Feature", "properties": { "Height": 88.302497863769503, "Radius": 19.347672370394786, "height_m": 26.91, "crown_diameter_m": 11.79, "site_id": 1309 }, "geometry": { "type": "Point", "coordinates": [ -73.92581434833042, 40.876443555315234 ] } },
{ "type": "Feature", "properties": { "Height": 91.53125, "Radius": 27.274350661592642, "height_m": 27.9, "crown_diameter_m": 16.63, "site_id": 1310 }, "geometry": { "type": "Point", "coordinates": [ -73.926406952772666, 40.876457402428933 ] } },
{ "type": "Feature", "properties": { "Height": 93.883499145507798, "Radius": 21.102500581000424, "height_m": 28.62, "crown_diameter_m": 12.86, "site_id": 1311 }, "geometry": { "type": "Point", "coordinates": [ -73.926678110164318, 40.876456325147451 ] } },
{ "type": "Feature", "properties": { "Height": 8.7452497482299805, "Radius": 4.8451371607060372, "height_m": 2.67, "crown_diameter_m": 2.95, "site_id": 1312 }, "geometry": { "type": "Point", "coordinates": [ -73.927419699083799, 40.87645475432052 ] } },
{ "type": "Feature", "properties": { "Height": 7.9050002098083496, "Radius": 2.9586351363515986, "height_m": 2.41, "crown_diameter_m": 1.8, "site_id": 1313 }, "geometry": { "type": "Point", "coordinates": [ -73.927643319136024, 40.876447112726396 ] } },
{ "type": "Feature", "properties": { "Height": 37.798248291015597, "Radius": 12.930284904751172, "height_m": 11.52, "crown_diameter_m": 7.88, "site_id": 1314 }, "geometry": { "type": "Point", "coordinates": [ -73.928389067548409, 40.875511221834145 ] } },
{ "type": "Feature", "properties": { "Height": 40.277248382568402, "Radius": 21.021267789899053, "height_m": 12.28, "crown_diameter_m": 12.81, "site_id": 1315 }, "geometry": { "type": "Point", "coordinates": [ -73.92836897740878, 40.875572392115188 ] } },
{ "type": "Feature", "properties": { "Height": 14.581749916076699, "Radius": 13.721526798345444, "height_m": 4.44, "crown_diameter_m": 8.36, "site_id": 1316 }, "geometry": { "type": "Point", "coordinates": [ -73.9282393246949, 40.875664561147659 ] } },
{ "type": "Feature", "properties": { "Height": 48.575248718261697, "Radius": 35.311462751540809, "height_m": 14.81, "crown_diameter_m": 21.53, "site_id": 1317 }, "geometry": { "type": "Point", "coordinates": [ -73.928118545420958, 40.875856645587724 ] } },
{ "type": "Feature", "properties": { "Height": 28.326999664306602, "Radius": 15.792270128926999, "height_m": 8.63, "crown_diameter_m": 9.63, "site_id": 1318 }, "geometry": { "type": "Point", "coordinates": [ -73.927918431672282, 40.876146288745794 ] } },
{ "type": "Feature", "properties": { "Height": 31.223749160766602, "Radius": 17.398640802108218, "height_m": 9.52, "crown_diameter_m": 10.61, "site_id": 1319 }, "geometry": { "type": "Point", "coordinates": [ -73.927809953734993, 40.876264578353201 ] } },
{ "type": "Feature", "properties": { "Height": 33.298000335693402, "Radius": 17.42606184481555, "height_m": 10.15, "crown_diameter_m": 10.62, "site_id": 1320 }, "geometry": { "type": "Point", "coordinates": [ -73.927733712995874, 40.876361454637902 ] } },
{ "type": "Feature", "properties": { "Height": 8.4732503890991193, "Radius": 5.8767867624188384, "height_m": 2.58, "crown_diameter_m": 3.58, "site_id": 1321 }, "geometry": { "type": "Point", "coordinates": [ -73.927479716610094, 40.876383230288944 ] } },
{ "type": "Feature", "properties": { "Height": 14.748999595642101, "Radius": 6.0172875578125886, "height_m": 4.5, "crown_diameter_m": 3.67, "site_id": 1322 }, "geometry": { "type": "Point", "coordinates": [ -73.927966592317816, 40.876328519911993 ] } },
{ "type": "Feature", "properties": { "Height": 8.7644996643066406, "Radius": 4.1170379448441876, "height_m": 2.67, "crown_diameter_m": 2.51, "site_id": 1323 }, "geometry": { "type": "Point", "coordinates": [ -73.92752490217552, 40.876326966482864 ] } },
{ "type": "Feature", "properties": { "Height": 35.606998443603501, "Radius": 14.414464201158131, "height_m": 10.85, "crown_diameter_m": 8.79, "site_id": 1324 }, "geometry": { "type": "Point", "coordinates": [ -73.928029986676947, 40.876281120867667 ] } },
{ "type": "Feature", "properties": { "Height": 13.4670000076294, "Radius": 5.1089539699502913, "height_m": 4.1, "crown_diameter_m": 3.11, "site_id": 1325 }, "geometry": { "type": "Point", "coordinates": [ -73.928107679291301, 40.876298072348661 ] } },
{ "type": "Feature", "properties": { "Height": 9.6934995651245099, "Radius": 2.5388531259649034, "height_m": 2.95, "crown_diameter_m": 1.55, "site_id": 1326 }, "geometry": { "type": "Point", "coordinates": [ -73.928339238258701, 40.876272411088806 ] } },
{ "type": "Feature", "properties": { "Height": 8.8664999008178693, "Radius": 3.0119481662601757, "height_m": 2.7, "crown_diameter_m": 1.84, "site_id": 1327 }, "geometry": { "type": "Point", "coordinates": [ -73.927576112563159, 40.876263623202753 ] } },
{ "type": "Feature", "properties": { "Height": 11.6415004730225, "Radius": 4.4064615120537738, "height_m": 3.55, "crown_diameter_m": 2.69, "site_id": 1328 }, "geometry": { "type": "Point", "coordinates": [ -73.928392728307244, 40.876233015533245 ] } },
{ "type": "Feature", "properties": { "Height": 14.0509996414185, "Radius": 5.8018333709212868, "height_m": 4.28, "crown_diameter_m": 3.54, "site_id": 1329 }, "geometry": { "type": "Point", "coordinates": [ -73.92848170229783, 40.876168067194449 ] } },
{ "type": "Feature", "properties": { "Height": 51.741001129150398, "Radius": 29.556750204165102, "height_m": 15.77, "crown_diameter_m": 18.02, "site_id": 1330 }, "geometry": { "type": "Point", "coordinates": [ -73.928621334061532, 40.875939961927799 ] } },
{ "type": "Feature", "properties": { "Height": 49.506999969482401, "Radius": 27.031099565775925, "height_m": 15.09, "crown_diameter_m": 16.48, "site_id": 1331 }, "geometry": { "type": "Point", "coordinates": [ -73.928500555371912, 40.876036083574157 ] } },
{ "type": "Feature", "properties": { "Height": 40.439498901367202, "Radius": 24.253590861306396, "height_m": 12.33, "crown_diameter_m": 14.78, "site_id": 1332 }, "geometry": { "type": "Point", "coordinates": [ -73.928616537195168, 40.876092884303155 ] } },
{ "type": "Feature", "properties": { "Height": 10.7334995269775, "Radius": 4.2220082456447523, "height_m": 3.27, "crown_diameter_m": 2.57, "site_id": 1333 }, "geometry": { "type": "Point", "coordinates": [ -73.928323003157743, 40.876153415053679 ] } },
{ "type": "Feature", "properties": { "Height": 9.3835000991821307, "Radius": 5.1785719953462426, "height_m": 2.86, "crown_diameter_m": 3.16, "site_id": 1334 }, "geometry": { "type": "Point", "coordinates": [ -73.927696226394829, 40.876119388146741 ] } },
{ "type": "Feature", "properties": { "Height": 14.8012504577637, "Radius": 5.5350995063494439, "height_m": 4.51, "crown_diameter_m": 3.37, "site_id": 1335 }, "geometry": { "type": "Point", "coordinates": [ -73.928388892213292, 40.876100302864778 ] } },
{ "type": "Feature", "properties": { "Height": 8.9095001220703107, "Radius": 3.9493270848342941, "height_m": 2.72, "crown_diameter_m": 2.41, "site_id": 1336 }, "geometry": { "type": "Point", "coordinates": [ -73.927720916873682, 40.87608761459277 ] } },
{ "type": "Feature", "properties": { "Height": 8.5077495574951207, "Radius": 3.7636139460867515, "height_m": 2.59, "crown_diameter_m": 2.29, "site_id": 1337 }, "geometry": { "type": "Point", "coordinates": [ -73.927751264146664, 40.876050105766048 ] } },
{ "type": "Feature", "properties": { "Height": 53.641998291015597, "Radius": 30.860706075232656, "height_m": 16.35, "crown_diameter_m": 18.81, "site_id": 1338 }, "geometry": { "type": "Point", "coordinates": [ -73.928894167475505, 40.875688650214556 ] } },
{ "type": "Feature", "properties": { "Height": 54.024749755859403, "Radius": 29.72588508432008, "height_m": 16.47, "crown_diameter_m": 18.12, "site_id": 1339 }, "geometry": { "type": "Point", "coordinates": [ -73.928817579542567, 40.875816052647501 ] } },
{ "type": "Feature", "properties": { "Height": 44.745998382568402, "Radius": 17.512611893663443, "height_m": 13.64, "crown_diameter_m": 10.68, "site_id": 1340 }, "geometry": { "type": "Point", "coordinates": [ -73.928955145311448, 40.875793227205342 ] } },
{ "type": "Feature", "properties": { "Height": 15.3137502670288, "Radius": 7.479502824172287, "height_m": 4.67, "crown_diameter_m": 4.56, "site_id": 1341 }, "geometry": { "type": "Point", "coordinates": [ -73.925861543729837, 40.875629858915538 ] } },
{ "type": "Feature", "properties": { "Height": 24.4409999847412, "Radius": 6.5065516875257483, "height_m": 7.45, "crown_diameter_m": 3.97, "site_id": 1342 }, "geometry": { "type": "Point", "coordinates": [ -73.925751308564202, 40.875632175238721 ] } },
{ "type": "Feature", "properties": { "Height": 10.4207496643066, "Radius": 2.8490177426065042, "height_m": 3.18, "crown_diameter_m": 1.74, "site_id": 1343 }, "geometry": { "type": "Point", "coordinates": [ -73.92593379054594, 40.87559175253412 ] } },
{ "type": "Feature", "properties": { "Height": 49.771999359130902, "Radius": 30.143250821894284, "height_m": 15.17, "crown_diameter_m": 18.38, "site_id": 1344 }, "geometry": { "type": "Point", "coordinates": [ -73.929510083154682, 40.874913815122994 ] } },
{ "type": "Feature", "properties": { "Height": 48.210250854492202, "Radius": 20.238212521045249, "height_m": 14.69, "crown_diameter_m": 12.34, "site_id": 1345 }, "geometry": { "type": "Point", "coordinates": [ -73.929440032603338, 40.875049226416166 ] } },
{ "type": "Feature", "properties": { "Height": 32.126499176025398, "Radius": 16.210021932271381, "height_m": 9.79, "crown_diameter_m": 9.88, "site_id": 1346 }, "geometry": { "type": "Point", "coordinates": [ -73.929409777463363, 40.875128668771744 ] } },
{ "type": "Feature", "properties": { "Height": 45.228500366210902, "Radius": 19.897183743964611, "height_m": 13.79, "crown_diameter_m": 12.13, "site_id": 1347 }, "geometry": { "type": "Point", "coordinates": [ -73.929363190022883, 40.875195784248696 ] } },
{ "type": "Feature", "properties": { "Height": 32.633750915527301, "Radius": 19.063848314292237, "height_m": 9.95, "crown_diameter_m": 11.62, "site_id": 1348 }, "geometry": { "type": "Point", "coordinates": [ -73.929301262335613, 40.875280414704903 ] } },
{ "type": "Feature", "properties": { "Height": 52.637248992919901, "Radius": 31.970189935878576, "height_m": 16.04, "crown_diameter_m": 19.49, "site_id": 1349 }, "geometry": { "type": "Point", "coordinates": [ -73.929159075872889, 40.875384436521067 ] } },
{ "type": "Feature", "properties": { "Height": 35.368751525878899, "Radius": 20.177173846430236, "height_m": 10.78, "crown_diameter_m": 12.3, "site_id": 1350 }, "geometry": { "type": "Point", "coordinates": [ -73.929183808169583, 40.875509642030501 ] } },
{ "type": "Feature", "properties": { "Height": 12.444499969482401, "Radius": 4.9507435033691536, "height_m": 3.79, "crown_diameter_m": 3.02, "site_id": 1351 }, "geometry": { "type": "Point", "coordinates": [ -73.926170615469573, 40.875450507871776 ] } },
{ "type": "Feature", "properties": { "Height": 27.895250320434599, "Radius": 14.189115652895625, "height_m": 8.5, "crown_diameter_m": 8.65, "site_id": 1352 }, "geometry": { "type": "Point", "coordinates": [ -73.928445690806313, 40.87537193526849 ] } },
{ "type": "Feature", "properties": { "Height": 8.1097497940063494, "Radius": 2.1110041228223762, "height_m": 2.47, "crown_diameter_m": 1.29, "site_id": 1353 }, "geometry": { "type": "Point", "coordinates": [ -73.928509985416454, 40.875268367676178 ] } },
{ "type": "Feature", "properties": { "Height": 29.707626342773398, "Radius": 20.775663783985824, "height_m": 9.05, "crown_diameter_m": 12.66, "site_id": 1354 }, "geometry": { "type": "Point", "coordinates": [ -73.92859385217622, 40.875124838597479 ] } },
{ "type": "Feature", "properties": { "Height": 37.512748718261697, "Radius": 11.888212206450685, "height_m": 11.43, "crown_diameter_m": 7.25, "site_id": 1355 }, "geometry": { "type": "Point", "coordinates": [ -73.929840129466058, 40.874219112331311 ] } },
{ "type": "Feature", "properties": { "Height": 57.160999298095703, "Radius": 30.441413504509949, "height_m": 17.42, "crown_diameter_m": 18.56, "site_id": 1356 }, "geometry": { "type": "Point", "coordinates": [ -73.92976445650352, 40.874319209580413 ] } },
{ "type": "Feature", "properties": { "Height": 57.069999694824197, "Radius": 29.654858591034753, "height_m": 17.39, "crown_diameter_m": 18.08, "site_id": 1357 }, "geometry": { "type": "Point", "coordinates": [ -73.929702037890038, 40.874428460209643 ] } },
{ "type": "Feature", "properties": { "Height": 37.254749298095703, "Radius": 19.347672370394786, "height_m": 11.36, "crown_diameter_m": 11.79, "site_id": 1358 }, "geometry": { "type": "Point", "coordinates": [ -73.929317741465979, 40.874531841032073 ] } },
{ "type": "Feature", "properties": { "Height": 46.938499450683601, "Radius": 17.776449012920388, "height_m": 14.31, "crown_diameter_m": 10.84, "site_id": 1359 }, "geometry": { "type": "Point", "coordinates": [ -73.92924104762821, 40.874609166666808 ] } },
{ "type": "Feature", "properties": { "Height": 33.214248657226598, "Radius": 12.50796982165104, "height_m": 10.12, "crown_diameter_m": 7.62, "site_id": 1360 }, "geometry": { "type": "Point", "coordinates": [ -73.929336287479003, 40.874616464947451 ] } },
{ "type": "Feature", "properties": { "Height": 54.402748107910199, "Radius": 28.886837255587661, "height_m": 16.58, "crown_diameter_m": 17.61, "site_id": 1361 }, "geometry": { "type": "Point", "coordinates": [ -73.929598584709552, 40.874569681918295 ] } },
{ "type": "Feature", "properties": { "Height": 37.658000946044901, "Radius": 10.771441570838682, "height_m": 11.48, "crown_diameter_m": 6.57, "site_id": 1362 }, "geometry": { "type": "Point", "coordinates": [ -73.929399812804363, 40.874643257327364 ] } },
{ "type": "Feature", "properties": { "Height": 55.210750579833999, "Radius": 26.113202669860808, "height_m": 16.83, "crown_diameter_m": 15.92, "site_id": 1363 }, "geometry": { "type": "Point", "coordinates": [ -73.929511747676713, 40.874692146610428 ] } },
{ "type": "Feature", "properties": { "Height": 54.608875274658203, "Radius": 28.996819900714684, "height_m": 16.64, "crown_diameter_m": 17.68, "site_id": 1364 }, "geometry": { "type": "Point", "coordinates": [ -73.929658608247152, 40.874708443203033 ] } },
{ "type": "Feature", "properties": { "Height": 11.138750076293899, "Radius": 3.2897623212397709, "height_m": 3.4, "crown_diameter_m": 2.01, "site_id": 1365 }, "geometry": { "type": "Point", "coordinates": [ -73.927622047041154, 40.874759607600943 ] } },
{ "type": "Feature", "properties": { "Height": 29.85325050354, "Radius": 11.166821298494035, "height_m": 9.1, "crown_diameter_m": 6.81, "site_id": 1366 }, "geometry": { "type": "Point", "coordinates": [ -73.929440922108014, 40.874576571614625 ] } },
{ "type": "Feature", "properties": { "Height": 9.9014997482299805, "Radius": 4.442433223290478, "height_m": 3.02, "crown_diameter_m": 2.71, "site_id": 1367 }, "geometry": { "type": "Point", "coordinates": [ -73.928940286847748, 40.874561695435844 ] } },
{ "type": "Feature", "properties": { "Height": 60.1414985656738, "Radius": 21.179664943159679, "height_m": 18.33, "crown_diameter_m": 12.91, "site_id": 1368 }, "geometry": { "type": "Point", "coordinates": [ -73.929188157197643, 40.874152951469775 ] } },
{ "type": "Feature", "properties": { "Height": 59.162498474121101, "Radius": 20.979585198965125, "height_m": 18.03, "crown_diameter_m": 12.79, "site_id": 1369 }, "geometry": { "type": "Point", "coordinates": [ -73.929044264976838, 40.874377859941589 ] } },
{ "type": "Feature", "properties": { "Height": 44.828250885009801, "Radius": 24.201036973199617, "height_m": 13.66, "crown_diameter_m": 14.75, "site_id": 1370 }, "geometry": { "type": "Point", "coordinates": [ -73.929014926577665, 40.874479637572414 ] } },
{ "type": "Feature", "properties": { "Height": 8.3027496337890607, "Radius": 3.5120518347003205, "height_m": 2.53, "crown_diameter_m": 2.14, "site_id": 1371 }, "geometry": { "type": "Point", "coordinates": [ -73.92925533343498, 40.874485317797053 ] } },
{ "type": "Feature", "properties": { "Height": 8.1187496185302699, "Radius": 2.4913937425834396, "height_m": 2.47, "crown_diameter_m": 1.52, "site_id": 1372 }, "geometry": { "type": "Point", "coordinates": [ -73.929179091924482, 40.87446206635714 ] } },
{ "type": "Feature", "properties": { "Height": 42.981498718261697, "Radius": 22.486334832581132, "height_m": 13.1, "crown_diameter_m": 13.71, "site_id": 1373 }, "geometry": { "type": "Point", "coordinates": [ -73.929469142523971, 40.874393018972967 ] } },
{ "type": "Feature", "properties": { "Height": 8.2807502746581996, "Radius": 2.8068077388821662, "height_m": 2.52, "crown_diameter_m": 1.71, "site_id": 1374 }, "geometry": { "type": "Point", "coordinates": [ -73.929141665981049, 40.874445242977458 ] } },
{ "type": "Feature", "properties": { "Height": 43.5390014648438, "Radius": 20.829219257295907, "height_m": 13.27, "crown_diameter_m": 12.7, "site_id": 1375 }, "geometry": { "type": "Point", "coordinates": [ -73.929570895620998, 40.874239562307082 ] } },
{ "type": "Feature", "properties": { "Height": 27.375249862670898, "Radius": 9.7842576759698563, "height_m": 8.34, "crown_diameter_m": 5.96, "site_id": 1376 }, "geometry": { "type": "Point", "coordinates": [ -73.92990193586779, 40.874147788910257 ] } },
{ "type": "Feature", "properties": { "Height": 37.903999328613303, "Radius": 18.504644283590345, "height_m": 11.55, "crown_diameter_m": 11.28, "site_id": 1377 }, "geometry": { "type": "Point", "coordinates": [ -73.92968171677559, 40.874055500780742 ] } },
{ "type": "Feature", "properties": { "Height": 29.341499328613299, "Radius": 11.770487583846936, "height_m": 8.94, "crown_diameter_m": 7.18, "site_id": 1378 }, "geometry": { "type": "Point", "coordinates": [ -73.930600314168345, 40.871194921725191 ] } },
{ "type": "Feature", "properties": { "Height": 32.636001586914098, "Radius": 18.93820646887097, "height_m": 9.95, "crown_diameter_m": 11.54, "site_id": 1379 }, "geometry": { "type": "Point", "coordinates": [ -73.930691300484881, 40.87118248483101 ] } },
{ "type": "Feature", "properties": { "Height": 33.397499084472699, "Radius": 22.120620979891868, "height_m": 10.18, "crown_diameter_m": 13.48, "site_id": 1380 }, "geometry": { "type": "Point", "coordinates": [ -73.930615298460751, 40.871313716884544 ] } },
{ "type": "Feature", "properties": { "Height": 24.396999359130898, "Radius": 10.399316507874106, "height_m": 7.44, "crown_diameter_m": 6.34, "site_id": 1381 }, "geometry": { "type": "Point", "coordinates": [ -73.930601578871105, 40.871426654212108 ] } },
{ "type": "Feature", "properties": { "Height": 10.986249923706101, "Radius": 8.3682838718840049, "height_m": 3.35, "crown_diameter_m": 5.1, "site_id": 1382 }, "geometry": { "type": "Point", "coordinates": [ -73.930551538770374, 40.871488910899878 ] } },
{ "type": "Feature", "properties": { "Height": 14.239000320434601, "Radius": 13.231418571003069, "height_m": 4.34, "crown_diameter_m": 8.07, "site_id": 1383 }, "geometry": { "type": "Point", "coordinates": [ -73.930523412543209, 40.8715863574445 ] } },
{ "type": "Feature", "properties": { "Height": 25.660499572753899, "Radius": 25.624084719763442, "height_m": 7.82, "crown_diameter_m": 15.62, "site_id": 1384 }, "geometry": { "type": "Point", "coordinates": [ -73.930479180177926, 40.87173036124031 ] } },
{ "type": "Feature", "properties": { "Height": 54.598499298095703, "Radius": 19.320919207481836, "height_m": 16.64, "crown_diameter_m": 11.78, "site_id": 1385 }, "geometry": { "type": "Point", "coordinates": [ -73.930421850560634, 40.871823901849702 ] } },
{ "type": "Feature", "properties": { "Height": 50.1935005187988, "Radius": 22.379915234651687, "height_m": 15.3, "crown_diameter_m": 13.64, "site_id": 1386 }, "geometry": { "type": "Point", "coordinates": [ -73.930378785645573, 40.871935674221042 ] } },
{ "type": "Feature", "properties": { "Height": 51.145748138427699, "Radius": 20.214606510848569, "height_m": 15.59, "crown_diameter_m": 12.32, "site_id": 1387 }, "geometry": { "type": "Point", "coordinates": [ -73.930311387477815, 40.872054391757189 ] } },
{ "type": "Feature", "properties": { "Height": 44.446250915527301, "Radius": 19.639552046398826, "height_m": 13.55, "crown_diameter_m": 11.97, "site_id": 1388 }, "geometry": { "type": "Point", "coordinates": [ -73.930249797024231, 40.872135862257267 ] } },
{ "type": "Feature", "properties": { "Height": 41.771499633789098, "Radius": 20.637311542783667, "height_m": 12.73, "crown_diameter_m": 12.58, "site_id": 1389 }, "geometry": { "type": "Point", "coordinates": [ -73.930256938751256, 40.872218120788261 ] } },
{ "type": "Feature", "properties": { "Height": 63.523250579833999, "Radius": 34.491784523447286, "height_m": 19.36, "crown_diameter_m": 21.03, "site_id": 1390 }, "geometry": { "type": "Point", "coordinates": [ -73.930168671922502, 40.872389026933241 ] } },
{ "type": "Feature", "properties": { "Height": 33.052749633789098, "Radius": 15.481839176803071, "height_m": 10.07, "crown_diameter_m": 9.44, "site_id": 1391 }, "geometry": { "type": "Point", "coordinates": [ -73.930066153936821, 40.872521420388111 ] } },
{ "type": "Feature", "properties": { "Height": 23.208250045776399, "Radius": 8.7948452142525593, "height_m": 7.07, "crown_diameter_m": 5.36, "site_id": 1392 }, "geometry": { "type": "Point", "coordinates": [ -73.930106795141, 40.872566377578657 ] } },
{ "type": "Feature", "properties": { "Height": 67.463996887207003, "Radius": 31.830494305351362, "height_m": 20.56, "crown_diameter_m": 19.4, "site_id": 1393 }, "geometry": { "type": "Point", "coordinates": [ -73.93000549746013, 40.872689747020601 ] } },
{ "type": "Feature", "properties": { "Height": 32.3255004882813, "Radius": 27.535688640195463, "height_m": 9.85, "crown_diameter_m": 16.79, "site_id": 1394 }, "geometry": { "type": "Point", "coordinates": [ -73.929899136240323, 40.872913326838791 ] } },
{ "type": "Feature", "properties": { "Height": 28.101249694824201, "Radius": 15.734214755730367, "height_m": 8.57, "crown_diameter_m": 9.59, "site_id": 1395 }, "geometry": { "type": "Point", "coordinates": [ -73.929812615616171, 40.873047671226139 ] } },
{ "type": "Feature", "properties": { "Height": 30.192750930786101, "Radius": 12.047792665040703, "height_m": 9.2, "crown_diameter_m": 7.34, "site_id": 1396 }, "geometry": { "type": "Point", "coordinates": [ -73.929815503333231, 40.873122715173118 ] } },
{ "type": "Feature", "properties": { "Height": 69.335250854492202, "Radius": 41.415127932934794, "height_m": 21.13, "crown_diameter_m": 25.25, "site_id": 1397 }, "geometry": { "type": "Point", "coordinates": [ -73.929828600777796, 40.873244563702464 ] } },
{ "type": "Feature", "properties": { "Height": 65.742996215820298, "Radius": 20.318659463172676, "height_m": 20.04, "crown_diameter_m": 12.39, "site_id": 1398 }, "geometry": { "type": "Point", "coordinates": [ -73.929793407382917, 40.873344022835425 ] } },
{ "type": "Feature", "properties": { "Height": 59.440498352050803, "Radius": 29.044806349132223, "height_m": 18.12, "crown_diameter_m": 17.71, "site_id": 1399 }, "geometry": { "type": "Point", "coordinates": [ -73.930356036784147, 40.873397540284188 ] } },
{ "type": "Feature", "properties": { "Height": 77.365997314453097, "Radius": 27.610725767537851, "height_m": 23.58, "crown_diameter_m": 16.83, "site_id": 1400 }, "geometry": { "type": "Point", "coordinates": [ -73.929600037080917, 40.873447808766919 ] } },
{ "type": "Feature", "properties": { "Height": 66.308502197265597, "Radius": 43.240632181359082, "height_m": 20.21, "crown_diameter_m": 26.36, "site_id": 1401 }, "geometry": { "type": "Point", "coordinates": [ -73.929789620207458, 40.873483808721559 ] } },
{ "type": "Feature", "properties": { "Height": 27.175249099731399, "Radius": 14.497037709575284, "height_m": 8.28, "crown_diameter_m": 8.84, "site_id": 1402 }, "geometry": { "type": "Point", "coordinates": [ -73.929993077393789, 40.873529931065299 ] } },
{ "type": "Feature", "properties": { "Height": 37.685749053955099, "Radius": 18.040838634135774, "height_m": 11.49, "crown_diameter_m": 11.0, "site_id": 1403 }, "geometry": { "type": "Point", "coordinates": [ -73.929949770827136, 40.873627246659254 ] } },
{ "type": "Feature", "properties": { "Height": 50.745498657226598, "Radius": 17.776449012920388, "height_m": 15.47, "crown_diameter_m": 10.84, "site_id": 1404 }, "geometry": { "type": "Point", "coordinates": [ -73.929585771405499, 40.873630760356633 ] } },
{ "type": "Feature", "properties": { "Height": 67.076751708984403, "Radius": 16.071977869513951, "height_m": 20.44, "crown_diameter_m": 9.8, "site_id": 1405 }, "geometry": { "type": "Point", "coordinates": [ -73.929495127305358, 40.873625888301369 ] } },
{ "type": "Feature", "properties": { "Height": 63.349998474121101, "Radius": 19.263170814244315, "height_m": 19.31, "crown_diameter_m": 11.74, "site_id": 1406 }, "geometry": { "type": "Point", "coordinates": [ -73.929440693205279, 40.873712358628367 ] } },
{ "type": "Feature", "properties": { "Height": 30.322999954223601, "Radius": 15.065024024177415, "height_m": 9.24, "crown_diameter_m": 9.18, "site_id": 1407 }, "geometry": { "type": "Point", "coordinates": [ -73.929838392500358, 40.87367178197789 ] } },
{ "type": "Feature", "properties": { "Height": 59.644748687744098, "Radius": 36.223651504522998, "height_m": 18.18, "crown_diameter_m": 22.08, "site_id": 1408 }, "geometry": { "type": "Point", "coordinates": [ -73.930183271631563, 40.873673532778284 ] } },
{ "type": "Feature", "properties": { "Height": 49.066749572753899, "Radius": 16.564513934626259, "height_m": 14.96, "crown_diameter_m": 10.1, "site_id": 1409 }, "geometry": { "type": "Point", "coordinates": [ -73.929555651881898, 40.873718458528799 ] } },
{ "type": "Feature", "properties": { "Height": 48.741748809814503, "Radius": 20.106057680545288, "height_m": 14.86, "crown_diameter_m": 12.26, "site_id": 1410 }, "geometry": { "type": "Point", "coordinates": [ -73.929792381342565, 40.873762994158312 ] } },
{ "type": "Feature", "properties": { "Height": 56.555248260497997, "Radius": 32.647521404946239, "height_m": 17.24, "crown_diameter_m": 19.9, "site_id": 1411 }, "geometry": { "type": "Point", "coordinates": [ -73.930141648683502, 40.87381143986449 ] } },
{ "type": "Feature", "properties": { "Height": 52.120250701904297, "Radius": 20.117927832723971, "height_m": 15.89, "crown_diameter_m": 12.26, "site_id": 1412 }, "geometry": { "type": "Point", "coordinates": [ -73.929492946146155, 40.873795506524225 ] } },
{ "type": "Feature", "properties": { "Height": 48.967498779296903, "Radius": 21.491106180294217, "height_m": 14.93, "crown_diameter_m": 13.1, "site_id": 1413 }, "geometry": { "type": "Point", "coordinates": [ -73.929684443324945, 40.873790378021404 ] } },
{ "type": "Feature", "properties": { "Height": 27.286750793456999, "Radius": 9.714879374109282, "height_m": 8.32, "crown_diameter_m": 5.92, "site_id": 1414 }, "geometry": { "type": "Point", "coordinates": [ -73.92995284675699, 40.873822217723202 ] } },
{ "type": "Feature", "properties": { "Height": 35.415500640869098, "Radius": 16.118946758318891, "height_m": 10.79, "crown_diameter_m": 9.83, "site_id": 1415 }, "geometry": { "type": "Point", "coordinates": [ -73.929729933930886, 40.873884316739918 ] } },
{ "type": "Feature", "properties": { "Height": 50.140251159667997, "Radius": 25.912828963752808, "height_m": 15.28, "crown_diameter_m": 15.8, "site_id": 1416 }, "geometry": { "type": "Point", "coordinates": [ -73.929554586598258, 40.873877440864959 ] } },
{ "type": "Feature", "properties": { "Height": 40.932998657226598, "Radius": 20.167311597516871, "height_m": 12.48, "crown_diameter_m": 12.29, "site_id": 1417 }, "geometry": { "type": "Point", "coordinates": [ -73.929378179971891, 40.873916316077299 ] } },
{ "type": "Feature", "properties": { "Height": 55.791751861572301, "Radius": 39.684230645110212, "height_m": 17.01, "crown_diameter_m": 24.19, "site_id": 1418 }, "geometry": { "type": "Point", "coordinates": [ -73.930066889758692, 40.873949082824488 ] } },
{ "type": "Feature", "properties": { "Height": 40.342750549316399, "Radius": 22.664345982822717, "height_m": 12.3, "crown_diameter_m": 13.82, "site_id": 1419 }, "geometry": { "type": "Point", "coordinates": [ -73.929827766329879, 40.873990292585908 ] } },
{ "type": "Feature", "properties": { "Height": 27.049249649047901, "Radius": 10.167159659324035, "height_m": 8.24, "crown_diameter_m": 6.2, "site_id": 1420 }, "geometry": { "type": "Point", "coordinates": [ -73.929917858898875, 40.87374006205475 ] } },
{ "type": "Feature", "properties": { "Height": 19.212499618530298, "Radius": 8.7084631470362286, "height_m": 5.86, "crown_diameter_m": 5.31, "site_id": 1421 }, "geometry": { "type": "Point", "coordinates": [ -73.927573483981021, 40.873638527960431 ] } },
{ "type": "Feature", "properties": { "Height": 14.123999595642101, "Radius": 7.7972551748101715, "height_m": 4.3, "crown_diameter_m": 4.75, "site_id": 1422 }, "geometry": { "type": "Point", "coordinates": [ -73.927625694158564, 40.873566944888559 ] } },
{ "type": "Feature", "properties": { "Height": 30.788749694824201, "Radius": 17.760774116241009, "height_m": 9.38, "crown_diameter_m": 10.83, "site_id": 1423 }, "geometry": { "type": "Point", "coordinates": [ -73.930156908471062, 40.873514142121884 ] } },
{ "type": "Feature", "properties": { "Height": 30.763250350952099, "Radius": 11.227230955528665, "height_m": 9.38, "crown_diameter_m": 6.84, "site_id": 1424 }, "geometry": { "type": "Point", "coordinates": [ -73.930136823251402, 40.873401134001362 ] } },
{ "type": "Feature", "properties": { "Height": 17.9557495117188, "Radius": 9.3517720903044079, "height_m": 5.47, "crown_diameter_m": 5.7, "site_id": 1425 }, "geometry": { "type": "Point", "coordinates": [ -73.930049156339578, 40.873354080812085 ] } },
{ "type": "Feature", "properties": { "Height": 9.6359996795654297, "Radius": 3.9593890809759644, "height_m": 2.94, "crown_diameter_m": 2.41, "site_id": 1426 }, "geometry": { "type": "Point", "coordinates": [ -73.927806263144376, 40.87335479040312 ] } },
{ "type": "Feature", "properties": { "Height": 13.130749702453601, "Radius": 5.4554536345004738, "height_m": 4.0, "crown_diameter_m": 3.33, "site_id": 1427 }, "geometry": { "type": "Point", "coordinates": [ -73.927822204519615, 40.873280614550218 ] } },
{ "type": "Feature", "properties": { "Height": 16.471000671386701, "Radius": 15.20435973137238, "height_m": 5.02, "crown_diameter_m": 9.27, "site_id": 1428 }, "geometry": { "type": "Point", "coordinates": [ -73.929508374798772, 40.873087643057751 ] } },
{ "type": "Feature", "properties": { "Height": 10.197999954223601, "Radius": 4.3244312705022496, "height_m": 3.11, "crown_diameter_m": 2.64, "site_id": 1429 }, "geometry": { "type": "Point", "coordinates": [ -73.927900851876529, 40.873214630008633 ] } },
{ "type": "Feature", "properties": { "Height": 11.287249565124499, "Radius": 4.9265737405943737, "height_m": 3.44, "crown_diameter_m": 3.0, "site_id": 1430 }, "geometry": { "type": "Point", "coordinates": [ -73.927929129183994, 40.873137394782624 ] } },
{ "type": "Feature", "properties": { "Height": 8.4370002746581996, "Radius": 2.1483699284957805, "height_m": 2.57, "crown_diameter_m": 1.31, "site_id": 1431 }, "geometry": { "type": "Point", "coordinates": [ -73.92954884993253, 40.872426064587493 ] } },
{ "type": "Feature", "properties": { "Height": 8.0345001220703107, "Radius": 2.221216611645239, "height_m": 2.45, "crown_diameter_m": 1.35, "site_id": 1432 }, "geometry": { "type": "Point", "coordinates": [ -73.929569540623532, 40.87234253710799 ] } },
{ "type": "Feature", "properties": { "Height": 14.397250175476101, "Radius": 5.8970632577223672, "height_m": 4.39, "crown_diameter_m": 3.59, "site_id": 1433 }, "geometry": { "type": "Point", "coordinates": [ -73.92994629883836, 40.872249837834602 ] } },
{ "type": "Feature", "properties": { "Height": 8.2069997787475604, "Radius": 2.8768136958757959, "height_m": 2.5, "crown_diameter_m": 1.75, "site_id": 1434 }, "geometry": { "type": "Point", "coordinates": [ -73.929881440428304, 40.872260723168893 ] } },
{ "type": "Feature", "properties": { "Height": 11.0214996337891, "Radius": 4.8369180925986965, "height_m": 3.36, "crown_diameter_m": 2.95, "site_id": 1435 }, "geometry": { "type": "Point", "coordinates": [ -73.930019027010317, 40.871873761446295 ] } },
{ "type": "Feature", "properties": { "Height": 8.4104995727539098, "Radius": 2.6761861742291568, "height_m": 2.56, "crown_diameter_m": 1.63, "site_id": 1436 }, "geometry": { "type": "Point", "coordinates": [ -73.929819557879199, 40.871858464377091 ] } },
{ "type": "Feature", "properties": { "Height": 31.386499404907202, "Radius": 24.159899705700894, "height_m": 9.57, "crown_diameter_m": 14.73, "site_id": 1437 }, "geometry": { "type": "Point", "coordinates": [ -73.932043827251604, 40.869901668744156 ] } },
{ "type": "Feature", "properties": { "Height": 32.062000274658203, "Radius": 23.200474511026496, "height_m": 9.77, "crown_diameter_m": 14.14, "site_id": 1438 }, "geometry": { "type": "Point", "coordinates": [ -73.932020741409573, 40.870005350930818 ] } },
{ "type": "Feature", "properties": { "Height": 25.121000289916999, "Radius": 11.472625590378057, "height_m": 7.66, "crown_diameter_m": 6.99, "site_id": 1439 }, "geometry": { "type": "Point", "coordinates": [ -73.932080372321693, 40.870053256026459 ] } },
{ "type": "Feature", "properties": { "Height": 36.028751373291001, "Radius": 31.065028527875317, "height_m": 10.98, "crown_diameter_m": 18.94, "site_id": 1440 }, "geometry": { "type": "Point", "coordinates": [ -73.932015194680503, 40.870158369517199 ] } },
{ "type": "Feature", "properties": { "Height": 33.326000213622997, "Radius": 26.515409880076298, "height_m": 10.16, "crown_diameter_m": 16.16, "site_id": 1441 }, "geometry": { "type": "Point", "coordinates": [ -73.931988916703716, 40.870330296050767 ] } },
{ "type": "Feature", "properties": { "Height": 32.616249084472699, "Radius": 21.876446555081319, "height_m": 9.94, "crown_diameter_m": 13.34, "site_id": 1442 }, "geometry": { "type": "Point", "coordinates": [ -73.931974529833951, 40.870425434107304 ] } },
{ "type": "Feature", "properties": { "Height": 9.0022497177124006, "Radius": 3.7846987830302403, "height_m": 2.74, "crown_diameter_m": 2.31, "site_id": 1443 }, "geometry": { "type": "Point", "coordinates": [ -73.930234415876143, 40.871438099550097 ] } },
{ "type": "Feature", "properties": { "Height": 8.6082496643066406, "Radius": 2.763953195770684, "height_m": 2.62, "crown_diameter_m": 1.68, "site_id": 1444 }, "geometry": { "type": "Point", "coordinates": [ -73.926453884275915, 40.87127780993135 ] } },
{ "type": "Feature", "properties": { "Height": 32.074001312255902, "Radius": 11.844622507091804, "height_m": 9.78, "crown_diameter_m": 7.22, "site_id": 1445 }, "geometry": { "type": "Point", "coordinates": [ -73.930640979847652, 40.871092020328803 ] } },
{ "type": "Feature", "properties": { "Height": 63.373500823974602, "Radius": 25.894396599383331, "height_m": 19.32, "crown_diameter_m": 15.79, "site_id": 1446 }, "geometry": { "type": "Point", "coordinates": [ -73.930856504834864, 40.870595530186648 ] } },
{ "type": "Feature", "properties": { "Height": 56.017501831054702, "Radius": 27.745854820774539, "height_m": 17.07, "crown_diameter_m": 16.91, "site_id": 1447 }, "geometry": { "type": "Point", "coordinates": [ -73.930808409462031, 40.870760779749062 ] } },
{ "type": "Feature", "properties": { "Height": 26.4109992980957, "Radius": 11.654987942032916, "height_m": 8.05, "crown_diameter_m": 7.1, "site_id": 1448 }, "geometry": { "type": "Point", "coordinates": [ -73.930808218486945, 40.870897571062478 ] } },
{ "type": "Feature", "properties": { "Height": 17.029499053955099, "Radius": 9.4533327745350864, "height_m": 5.19, "crown_diameter_m": 5.76, "site_id": 1449 }, "geometry": { "type": "Point", "coordinates": [ -73.930786366924835, 40.870949517052196 ] } },
{ "type": "Feature", "properties": { "Height": 40.5755004882813, "Radius": 19.484971561326855, "height_m": 12.37, "crown_diameter_m": 11.88, "site_id": 1450 }, "geometry": { "type": "Point", "coordinates": [ -73.930714166469429, 40.871000735839772 ] } },
{ "type": "Feature", "properties": { "Height": 8.3282499313354492, "Radius": 3.5458765494951643, "height_m": 2.54, "crown_diameter_m": 2.16, "site_id": 1451 }, "geometry": { "type": "Point", "coordinates": [ -73.930468036151098, 40.870995410887581 ] } },
{ "type": "Feature", "properties": { "Height": 8.3557500839233398, "Radius": 2.6312050517771222, "height_m": 2.55, "crown_diameter_m": 1.6, "site_id": 1452 }, "geometry": { "type": "Point", "coordinates": [ -73.927055272162988, 40.870969425806415 ] } },
{ "type": "Feature", "properties": { "Height": 9.3030004501342791, "Radius": 2.5231325220201604, "height_m": 2.84, "crown_diameter_m": 1.54, "site_id": 1453 }, "geometry": { "type": "Point", "coordinates": [ -73.92704372878481, 40.870923913215556 ] } },
{ "type": "Feature", "properties": { "Height": 7.7142500877380398, "Radius": 2.1110041228223762, "height_m": 2.35, "crown_diameter_m": 1.29, "site_id": 1454 }, "geometry": { "type": "Point", "coordinates": [ -73.92659393775071, 40.870919373161229 ] } },
{ "type": "Feature", "properties": { "Height": 20.815750122070298, "Radius": 16.805369573935835, "height_m": 6.34, "crown_diameter_m": 10.24, "site_id": 1455 }, "geometry": { "type": "Point", "coordinates": [ -73.930590974889071, 40.87054697671644 ] } },
{ "type": "Feature", "properties": { "Height": 21.5454998016357, "Radius": 10.896310731002211, "height_m": 6.57, "crown_diameter_m": 6.64, "site_id": 1456 }, "geometry": { "type": "Point", "coordinates": [ -73.93049529989699, 40.870603934470765 ] } },
{ "type": "Feature", "properties": { "Height": 20.4545001983643, "Radius": 11.894904136170874, "height_m": 6.23, "crown_diameter_m": 7.25, "site_id": 1457 }, "geometry": { "type": "Point", "coordinates": [ -73.930564747678361, 40.870643892240828 ] } },
{ "type": "Feature", "properties": { "Height": 22.302749633789102, "Radius": 16.859736900738547, "height_m": 6.8, "crown_diameter_m": 10.28, "site_id": 1458 }, "geometry": { "type": "Point", "coordinates": [ -73.930477817214935, 40.87068646183036 ] } },
{ "type": "Feature", "properties": { "Height": 41.059249877929702, "Radius": 19.5522421554852, "height_m": 12.51, "crown_diameter_m": 11.92, "site_id": 1459 }, "geometry": { "type": "Point", "coordinates": [ -73.931126858588399, 40.869921290640448 ] } },
{ "type": "Feature", "properties": { "Height": 52.711498260497997, "Radius": 20.310825007719227, "height_m": 16.07, "crown_diameter_m": 12.38, "site_id": 1460 }, "geometry": { "type": "Point", "coordinates": [ -73.931092536106931, 40.870020683210235 ] } },
{ "type": "Feature", "properties": { "Height": 53.854751586914098, "Radius": 24.569792411568297, "height_m": 16.41, "crown_diameter_m": 14.98, "site_id": 1461 }, "geometry": { "type": "Point", "coordinates": [ -73.931166097475455, 40.870080173779726 ] } },
{ "type": "Feature", "properties": { "Height": 66.334251403808594, "Radius": 15.512648837479231, "height_m": 20.22, "crown_diameter_m": 9.46, "site_id": 1462 }, "geometry": { "type": "Point", "coordinates": [ -73.931160580006122, 40.870220210896022 ] } },
{ "type": "Feature", "properties": { "Height": 65.883499145507798, "Radius": 38.049348743906592, "height_m": 20.08, "crown_diameter_m": 23.19, "site_id": 1463 }, "geometry": { "type": "Point", "coordinates": [ -73.931089102022781, 40.870259834761946 ] } },
{ "type": "Feature", "properties": { "Height": 60.215248107910199, "Radius": 27.22616659484957, "height_m": 18.35, "crown_diameter_m": 16.6, "site_id": 1464 }, "geometry": { "type": "Point", "coordinates": [ -73.930954949531596, 40.870356799340556 ] } },
{ "type": "Feature", "properties": { "Height": 37.271499633789098, "Radius": 14.579143544777457, "height_m": 11.36, "crown_diameter_m": 8.89, "site_id": 1465 }, "geometry": { "type": "Point", "coordinates": [ -73.930898478801822, 40.870468064141214 ] } },
{ "type": "Feature", "properties": { "Height": 20.828750610351602, "Radius": 8.7084631470362286, "height_m": 6.35, "crown_diameter_m": 5.31, "site_id": 1466 }, "geometry": { "type": "Point", "coordinates": [ -73.930954810083747, 40.870504807182002 ] } },
{ "type": "Feature", "properties": { "Height": 8.0135002136230504, "Radius": 3.1158388162107515, "height_m": 2.44, "crown_diameter_m": 1.9, "site_id": 1467 }, "geometry": { "type": "Point", "coordinates": [ -73.930659129384608, 40.87049959885659 ] } },
{ "type": "Feature", "properties": { "Height": 15.898750305175801, "Radius": 5.0383740852736718, "height_m": 4.85, "crown_diameter_m": 3.07, "site_id": 1468 }, "geometry": { "type": "Point", "coordinates": [ -73.930547280226804, 40.870474540329717 ] } },
{ "type": "Feature", "properties": { "Height": 16.3554992675781, "Radius": 4.7287704008982399, "height_m": 4.99, "crown_diameter_m": 2.88, "site_id": 1469 }, "geometry": { "type": "Point", "coordinates": [ -73.930583539324658, 40.870406203348288 ] } },
{ "type": "Feature", "properties": { "Height": 36.480499267578097, "Radius": 13.549362599639188, "height_m": 11.12, "crown_diameter_m": 8.26, "site_id": 1470 }, "geometry": { "type": "Point", "coordinates": [ -73.930658689742458, 40.87037289082707 ] } },
{ "type": "Feature", "properties": { "Height": 11.926500320434601, "Radius": 4.4781159910813848, "height_m": 3.64, "crown_diameter_m": 2.73, "site_id": 1471 }, "geometry": { "type": "Point", "coordinates": [ -73.931688714219163, 40.870353293705691 ] } },
{ "type": "Feature", "properties": { "Height": 13.263750076293899, "Radius": 5.3820256077730582, "height_m": 4.04, "crown_diameter_m": 3.28, "site_id": 1472 }, "geometry": { "type": "Point", "coordinates": [ -73.930284526508672, 40.870333497727387 ] } },
{ "type": "Feature", "properties": { "Height": 45.528751373291001, "Radius": 23.513916566604646, "height_m": 13.88, "crown_diameter_m": 14.33, "site_id": 1473 }, "geometry": { "type": "Point", "coordinates": [ -73.931376681596589, 40.870282671439817 ] } },
{ "type": "Feature", "properties": { "Height": 31.89674949646, "Radius": 9.8126826388402417, "height_m": 9.72, "crown_diameter_m": 5.98, "site_id": 1474 }, "geometry": { "type": "Point", "coordinates": [ -73.930790172233813, 40.870072129080462 ] } },
{ "type": "Feature", "properties": { "Height": 34.353000640869098, "Radius": 10.543705598587666, "height_m": 10.47, "crown_diameter_m": 6.43, "site_id": 1475 }, "geometry": { "type": "Point", "coordinates": [ -73.930733268384955, 40.870079865254951 ] } },
{ "type": "Feature", "properties": { "Height": 67.069747924804702, "Radius": 29.36768013675886, "height_m": 20.44, "crown_diameter_m": 17.9, "site_id": 1476 }, "geometry": { "type": "Point", "coordinates": [ -73.93070198965701, 40.870202664135967 ] } },
{ "type": "Feature", "properties": { "Height": 33.2387504577637, "Radius": 9.0797720522930412, "height_m": 10.13, "crown_diameter_m": 5.54, "site_id": 1477 }, "geometry": { "type": "Point", "coordinates": [ -73.930745863438673, 40.870243202562911 ] } },
{ "type": "Feature", "properties": { "Height": 10.3782501220703, "Radius": 3.3496900584947586, "height_m": 3.16, "crown_diameter_m": 2.04, "site_id": 1478 }, "geometry": { "type": "Point", "coordinates": [ -73.931706998048966, 40.870309223804448 ] } },
{ "type": "Feature", "properties": { "Height": 18.549249649047901, "Radius": 6.8112895923817165, "height_m": 5.65, "crown_diameter_m": 4.15, "site_id": 1479 }, "geometry": { "type": "Point", "coordinates": [ -73.931861901991397, 40.870281269654519 ] } },
{ "type": "Feature", "properties": { "Height": 29.883499145507798, "Radius": 15.94771454036122, "height_m": 9.11, "crown_diameter_m": 9.72, "site_id": 1480 }, "geometry": { "type": "Point", "coordinates": [ -73.930808577549811, 40.869973365504862 ] } },
{ "type": "Feature", "properties": { "Height": 30.9465007781982, "Radius": 17.131308037083887, "height_m": 9.43, "crown_diameter_m": 10.44, "site_id": 1481 }, "geometry": { "type": "Point", "coordinates": [ -73.931305461962353, 40.869762241110294 ] } },
{ "type": "Feature", "properties": { "Height": 35.434501647949197, "Radius": 10.943678297384807, "height_m": 10.8, "crown_diameter_m": 6.67, "site_id": 1482 }, "geometry": { "type": "Point", "coordinates": [ -73.931246116834544, 40.869769145833935 ] } },
{ "type": "Feature", "properties": { "Height": 36.450000762939503, "Radius": 13.019217119046312, "height_m": 11.11, "crown_diameter_m": 7.94, "site_id": 1483 }, "geometry": { "type": "Point", "coordinates": [ -73.931189628875899, 40.869810891242075 ] } },
{ "type": "Feature", "properties": { "Height": 60.230251312255902, "Radius": 22.551709927412414, "height_m": 18.36, "crown_diameter_m": 13.75, "site_id": 1484 }, "geometry": { "type": "Point", "coordinates": [ -73.930916166443652, 40.869710423302436 ] } },
{ "type": "Feature", "properties": { "Height": 21.2582492828369, "Radius": 9.6902743214120743, "height_m": 6.48, "crown_diameter_m": 5.91, "site_id": 1485 }, "geometry": { "type": "Point", "coordinates": [ -73.931991328166347, 40.869817814916239 ] } },
{ "type": "Feature", "properties": { "Height": 8.4707498550415004, "Radius": 2.8768136958757959, "height_m": 2.58, "crown_diameter_m": 1.75, "site_id": 1486 }, "geometry": { "type": "Point", "coordinates": [ -73.931978503134687, 40.869758104049225 ] } },
{ "type": "Feature", "properties": { "Height": 29.961000442504901, "Radius": 19.98696843347328, "height_m": 9.13, "crown_diameter_m": 12.18, "site_id": 1487 }, "geometry": { "type": "Point", "coordinates": [ -73.931351439394007, 40.869671428060634 ] } },
{ "type": "Feature", "properties": { "Height": 85.470001220703097, "Radius": 28.389445782145131, "height_m": 26.05, "crown_diameter_m": 17.31, "site_id": 1488 }, "geometry": { "type": "Point", "coordinates": [ -73.925643319026335, 40.87598148419773 ] } },
{ "type": "Feature", "properties": { "Height": 108.51474761962901, "Radius": 41.790989076820303, "height_m": 33.08, "crown_diameter_m": 25.48, "site_id": 1489 }, "geometry": { "type": "Point", "coordinates": [ -73.925585132437774, 40.876123289734871 ] } },
{ "type": "Feature", "properties": { "Height": 102.832000732422, "Radius": 17.08479340321492, "height_m": 31.34, "crown_diameter_m": 10.41, "site_id": 1490 }, "geometry": { "type": "Point", "coordinates": [ -73.925716322762057, 40.876323957911232 ] } },
{ "type": "Feature", "properties": { "Height": 102.328002929688, "Radius": 50.635032889679138, "height_m": 31.19, "crown_diameter_m": 30.87, "site_id": 1491 }, "geometry": { "type": "Point", "coordinates": [ -73.92544373335457, 40.876249400938256 ] } },
{ "type": "Feature", "properties": { "Height": 105.425498962402, "Radius": 16.410062879571392, "height_m": 32.13, "crown_diameter_m": 10.0, "site_id": 1492 }, "geometry": { "type": "Point", "coordinates": [ -73.925637328393137, 40.876367214196435 ] } },
{ "type": "Feature", "properties": { "Height": 92.124252319335895, "Radius": 17.480774889473267, "height_m": 28.08, "crown_diameter_m": 10.66, "site_id": 1493 }, "geometry": { "type": "Point", "coordinates": [ -73.925351871881318, 40.876358007919954 ] } },
{ "type": "Feature", "properties": { "Height": 94.046249389648395, "Radius": 16.371222439596615, "height_m": 28.67, "crown_diameter_m": 9.98, "site_id": 1494 }, "geometry": { "type": "Point", "coordinates": [ -73.925478709143121, 40.8764147837026 ] } },
{ "type": "Feature", "properties": { "Height": 92.840751647949205, "Radius": 24.391006073499813, "height_m": 28.3, "crown_diameter_m": 14.87, "site_id": 1495 }, "geometry": { "type": "Point", "coordinates": [ -73.925230359642839, 40.876356747817994 ] } },
{ "type": "Feature", "properties": { "Height": 90.452003479003906, "Radius": 40.910553425178342, "height_m": 27.57, "crown_diameter_m": 24.94, "site_id": 1496 }, "geometry": { "type": "Point", "coordinates": [ -73.925121425833979, 40.876301154913911 ] } },
{ "type": "Feature", "properties": { "Height": 95.551498413085895, "Radius": 16.65076307158569, "height_m": 29.12, "crown_diameter_m": 10.15, "site_id": 1497 }, "geometry": { "type": "Point", "coordinates": [ -73.925565075722631, 40.876446735617201 ] } },
{ "type": "Feature", "properties": { "Height": 92.316749572753906, "Radius": 23.021423945881615, "height_m": 28.14, "crown_diameter_m": 14.03, "site_id": 1498 }, "geometry": { "type": "Point", "coordinates": [ -73.925337463747482, 40.876451897862601 ] } },
{ "type": "Feature", "properties": { "Height": 90.121498107910199, "Radius": 21.699306420652537, "height_m": 27.47, "crown_diameter_m": 13.23, "site_id": 1499 }, "geometry": { "type": "Point", "coordinates": [ -73.925063093796169, 40.876460252152782 ] } },
{ "type": "Feature", "properties": { "Height": 92.050247192382798, "Radius": 18.643883600599406, "height_m": 28.06, "crown_diameter_m": 11.37, "site_id": 1500 }, "geometry": { "type": "Point", "coordinates": [ -73.925669055413749, 40.876453956110417 ] } },
{ "type": "Feature", "properties": { "Height": 97.841499328613295, "Radius": 11.170383851240114, "height_m": 29.82, "crown_diameter_m": 6.81, "site_id": 1501 }, "geometry": { "type": "Point", "coordinates": [ -73.925488876591913, 40.876480086436516 ] } },
{ "type": "Feature", "properties": { "Height": 63.943748474121101, "Radius": 23.522375723106162, "height_m": 19.49, "crown_diameter_m": 14.34, "site_id": 1502 }, "geometry": { "type": "Point", "coordinates": [ -73.924858220657214, 40.876431814808271 ] } },
{ "type": "Feature", "properties": { "Height": 59.417999267578097, "Radius": 16.351767622932517, "height_m": 18.11, "crown_diameter_m": 9.97, "site_id": 1503 }, "geometry": { "type": "Point", "coordinates": [ -73.924733795449058, 40.87646648535096 ] } },
{ "type": "Feature", "properties": { "Height": 12.224249839782701, "Radius": 2.3936536824085959, "height_m": 3.73, "crown_diameter_m": 1.46, "site_id": 1504 }, "geometry": { "type": "Point", "coordinates": [ -73.92458430448734, 40.876493007977544 ] } },
{ "type": "Feature", "properties": { "Height": 114.015251159668, "Radius": 11.156126814350138, "height_m": 34.75, "crown_diameter_m": 6.8, "site_id": 1505 }, "geometry": { "type": "Point", "coordinates": [ -73.925706789394582, 40.869658176070516 ] } },
{ "type": "Feature", "properties": { "Height": 51.6067504882813, "Radius": 14.07650184347694, "height_m": 15.73, "crown_diameter_m": 8.58, "site_id": 1506 }, "geometry": { "type": "Point", "coordinates": [ -73.923409096537043, 40.869668387448264 ] } },
{ "type": "Feature", "properties": { "Height": 70.226997375488295, "Radius": 13.819765978853418, "height_m": 21.41, "crown_diameter_m": 8.42, "site_id": 1507 }, "geometry": { "type": "Point", "coordinates": [ -73.921448108129056, 40.869658265131029 ] } },
{ "type": "Feature", "properties": { "Height": 76.714752197265597, "Radius": 14.367461891029615, "height_m": 23.38, "crown_diameter_m": 8.76, "site_id": 1508 }, "geometry": { "type": "Point", "coordinates": [ -73.922191011616491, 40.86965369419989 ] } },
{ "type": "Feature", "properties": { "Height": 71.522750854492202, "Radius": 14.53814859003845, "height_m": 21.8, "crown_diameter_m": 8.86, "site_id": 1509 }, "geometry": { "type": "Point", "coordinates": [ -73.924487506471138, 40.869661943802413 ] } },
{ "type": "Feature", "properties": { "Height": 72.519500732421903, "Radius": 38.580008136279666, "height_m": 22.1, "crown_diameter_m": 23.52, "site_id": 1510 }, "geometry": { "type": "Point", "coordinates": [ -73.923951050768508, 40.869696683556654 ] } },
{ "type": "Feature", "properties": { "Height": 79.388748168945298, "Radius": 25.111190424392259, "height_m": 24.2, "crown_diameter_m": 15.31, "site_id": 1511 }, "geometry": { "type": "Point", "coordinates": [ -73.924247312654416, 40.869675465698904 ] } },
{ "type": "Feature", "properties": { "Height": 74.155502319335895, "Radius": 18.474516920898623, "height_m": 22.6, "crown_diameter_m": 11.26, "site_id": 1512 }, "geometry": { "type": "Point", "coordinates": [ -73.921856627252822, 40.869660638836478 ] } },
{ "type": "Feature", "properties": { "Height": 89.493499755859403, "Radius": 22.274773513752812, "height_m": 27.28, "crown_diameter_m": 13.58, "site_id": 1513 }, "geometry": { "type": "Point", "coordinates": [ -73.922915807177702, 40.869672596544504 ] } },
{ "type": "Feature", "properties": { "Height": 82.300750732421903, "Radius": 43.661858736827988, "height_m": 25.09, "crown_diameter_m": 26.62, "site_id": 1514 }, "geometry": { "type": "Point", "coordinates": [ -73.923186051200076, 40.869720507166882 ] } },
{ "type": "Feature", "properties": { "Height": 84.092750549316406, "Radius": 28.908867258603244, "height_m": 25.63, "crown_diameter_m": 17.62, "site_id": 1515 }, "geometry": { "type": "Point", "coordinates": [ -73.92488710715601, 40.869688855473377 ] } },
{ "type": "Feature", "properties": { "Height": 88.209503173828097, "Radius": 21.461463261109319, "height_m": 26.89, "crown_diameter_m": 13.08, "site_id": 1516 }, "geometry": { "type": "Point", "coordinates": [ -73.925275833405365, 40.869687730102491 ] } },
{ "type": "Feature", "properties": { "Height": 59.865501403808601, "Radius": 17.61229638877634, "height_m": 18.25, "crown_diameter_m": 10.74, "site_id": 1517 }, "geometry": { "type": "Point", "coordinates": [ -73.923533617411721, 40.86967313636324 ] } },
{ "type": "Feature", "properties": { "Height": 68.173500061035199, "Radius": 18.463745234996065, "height_m": 20.78, "crown_diameter_m": 11.26, "site_id": 1518 }, "geometry": { "type": "Point", "coordinates": [ -73.924679012885051, 40.869670966693711 ] } },
{ "type": "Feature", "properties": { "Height": 104.389999389648, "Radius": 23.963118216867318, "height_m": 31.82, "crown_diameter_m": 14.61, "site_id": 1519 }, "geometry": { "type": "Point", "coordinates": [ -73.925088710365813, 40.869687865417291 ] } },
{ "type": "Feature", "properties": { "Height": 92.891746520996094, "Radius": 15.553633450087503, "height_m": 28.31, "crown_diameter_m": 9.48, "site_id": 1520 }, "geometry": { "type": "Point", "coordinates": [ -73.925375971229215, 40.869673562677356 ] } },
{ "type": "Feature", "properties": { "Height": 74.603248596191406, "Radius": 28.147349905656391, "height_m": 22.74, "crown_diameter_m": 17.16, "site_id": 1521 }, "geometry": { "type": "Point", "coordinates": [ -73.923659010323846, 40.869705664902298 ] } },
{ "type": "Feature", "properties": { "Height": 76.827499389648395, "Radius": 21.433635791315385, "height_m": 23.42, "crown_diameter_m": 13.07, "site_id": 1522 }, "geometry": { "type": "Point", "coordinates": [ -73.921916483668014, 40.86971205134622 ] } },
{ "type": "Feature", "properties": { "Height": 58.784248352050803, "Radius": 15.091412245528986, "height_m": 17.92, "crown_diameter_m": 9.2, "site_id": 1523 }, "geometry": { "type": "Point", "coordinates": [ -73.924365383968066, 40.869739718289367 ] } },
{ "type": "Feature", "properties": { "Height": 81.198753356933594, "Radius": 22.093623751273647, "height_m": 24.75, "crown_diameter_m": 13.47, "site_id": 1524 }, "geometry": { "type": "Point", "coordinates": [ -73.922357314428353, 40.869731211341303 ] } },
{ "type": "Feature", "properties": { "Height": 72.910003662109403, "Radius": 12.080773270584462, "height_m": 22.22, "crown_diameter_m": 7.36, "site_id": 1525 }, "geometry": { "type": "Point", "coordinates": [ -73.925019310725332, 40.869758399760507 ] } },
{ "type": "Feature", "properties": { "Height": 108.665252685547, "Radius": 17.64389607449974, "height_m": 33.12, "crown_diameter_m": 10.76, "site_id": 1526 }, "geometry": { "type": "Point", "coordinates": [ -73.92567964095376, 40.869741179159369 ] } },
{ "type": "Feature", "properties": { "Height": 97.236999511718807, "Radius": 34.132304103776441, "height_m": 29.64, "crown_diameter_m": 20.81, "site_id": 1527 }, "geometry": { "type": "Point", "coordinates": [ -73.922936764670595, 40.869790087421578 ] } },
{ "type": "Feature", "properties": { "Height": 76.839752197265597, "Radius": 18.686517737224836, "height_m": 23.42, "crown_diameter_m": 11.39, "site_id": 1528 }, "geometry": { "type": "Point", "coordinates": [ -73.921923798897069, 40.869791105713126 ] } },
{ "type": "Feature", "properties": { "Height": 69.177497863769503, "Radius": 43.392194623557216, "height_m": 21.09, "crown_diameter_m": 26.45, "site_id": 1529 }, "geometry": { "type": "Point", "coordinates": [ -73.921513399587937, 40.869740813251923 ] } },
{ "type": "Feature", "properties": { "Height": 113.08425140380901, "Radius": 37.236512514151919, "height_m": 34.47, "crown_diameter_m": 22.7, "site_id": 1530 }, "geometry": { "type": "Point", "coordinates": [ -73.925522455117417, 40.86972518148584 ] } },
{ "type": "Feature", "properties": { "Height": 82.328750610351605, "Radius": 30.625154361089173, "height_m": 25.09, "crown_diameter_m": 18.67, "site_id": 1531 }, "geometry": { "type": "Point", "coordinates": [ -73.922251084812729, 40.869725870155044 ] } },
{ "type": "Feature", "properties": { "Height": 75.165000915527301, "Radius": 27.725770956528049, "height_m": 22.91, "crown_diameter_m": 16.9, "site_id": 1532 }, "geometry": { "type": "Point", "coordinates": [ -73.924782588325414, 40.869774428385782 ] } },
{ "type": "Feature", "properties": { "Height": 76.138000488281307, "Radius": 25.02389105624987, "height_m": 23.21, "crown_diameter_m": 15.25, "site_id": 1533 }, "geometry": { "type": "Point", "coordinates": [ -73.922060362186102, 40.869736487928911 ] } },
{ "type": "Feature", "properties": { "Height": 26.149999618530298, "Radius": 11.64474179680661, "height_m": 7.97, "crown_diameter_m": 7.1, "site_id": 1534 }, "geometry": { "type": "Point", "coordinates": [ -73.923444073777787, 40.869782862795162 ] } },
{ "type": "Feature", "properties": { "Height": 81.484748840332003, "Radius": 23.118008108454859, "height_m": 24.84, "crown_diameter_m": 14.09, "site_id": 1535 }, "geometry": { "type": "Point", "coordinates": [ -73.92278398027868, 40.869796597576865 ] } },
{ "type": "Feature", "properties": { "Height": 68.008247375488295, "Radius": 20.546495724362643, "height_m": 20.73, "crown_diameter_m": 12.53, "site_id": 1536 }, "geometry": { "type": "Point", "coordinates": [ -73.924276381824697, 40.869783407469029 ] } },
{ "type": "Feature", "properties": { "Height": 92.891502380371094, "Radius": 25.237632263224796, "height_m": 28.31, "crown_diameter_m": 15.38, "site_id": 1537 }, "geometry": { "type": "Point", "coordinates": [ -73.925200768138893, 40.86976490559303 ] } },
{ "type": "Feature", "properties": { "Height": 90.313499450683594, "Radius": 15.222667215103916, "height_m": 27.53, "crown_diameter_m": 9.28, "site_id": 1538 }, "geometry": { "type": "Point", "coordinates": [ -73.925648677256703, 40.869824400402202 ] } },
{ "type": "Feature", "properties": { "Height": 64.636497497558594, "Radius": 15.736743355948498, "height_m": 19.7, "crown_diameter_m": 9.59, "site_id": 1539 }, "geometry": { "type": "Point", "coordinates": [ -73.921326487526173, 40.869789081845205 ] } },
{ "type": "Feature", "properties": { "Height": 105.416496276855, "Radius": 11.712880130233289, "height_m": 32.13, "crown_diameter_m": 7.14, "site_id": 1540 }, "geometry": { "type": "Point", "coordinates": [ -73.925728385855265, 40.86978257269805 ] } },
{ "type": "Feature", "properties": { "Height": 73.175498962402301, "Radius": 17.017121347504801, "height_m": 22.3, "crown_diameter_m": 10.37, "site_id": 1541 }, "geometry": { "type": "Point", "coordinates": [ -73.922049318061298, 40.869841944826305 ] } },
{ "type": "Feature", "properties": { "Height": 74.458251953125, "Radius": 22.695924156484999, "height_m": 22.69, "crown_diameter_m": 13.84, "site_id": 1542 }, "geometry": { "type": "Point", "coordinates": [ -73.923612978540845, 40.869817068136939 ] } },
{ "type": "Feature", "properties": { "Height": 76.786750793457003, "Radius": 30.625154361089173, "height_m": 23.4, "crown_diameter_m": 18.67, "site_id": 1543 }, "geometry": { "type": "Point", "coordinates": [ -73.923838191454408, 40.869808158082421 ] } },
{ "type": "Feature", "properties": { "Height": 69.639877319335895, "Radius": 42.690552272666764, "height_m": 21.23, "crown_diameter_m": 26.02, "site_id": 1544 }, "geometry": { "type": "Point", "coordinates": [ -73.921215269207721, 40.86980924355241 ] } },
{ "type": "Feature", "properties": { "Height": 77.605499267578097, "Radius": 22.246174851966092, "height_m": 23.65, "crown_diameter_m": 13.56, "site_id": 1545 }, "geometry": { "type": "Point", "coordinates": [ -73.922141742098603, 40.869881982625586 ] } },
{ "type": "Feature", "properties": { "Height": 75.439498901367202, "Radius": 15.117754405994354, "height_m": 22.99, "crown_diameter_m": 9.22, "site_id": 1546 }, "geometry": { "type": "Point", "coordinates": [ -73.922210481218372, 40.869852519063713 ] } },
{ "type": "Feature", "properties": { "Height": 32.394248962402301, "Radius": 13.074112164146964, "height_m": 9.87, "crown_diameter_m": 7.97, "site_id": 1547 }, "geometry": { "type": "Point", "coordinates": [ -73.923122313234558, 40.869855140936316 ] } },
{ "type": "Feature", "properties": { "Height": 75.777999877929702, "Radius": 17.94796937867892, "height_m": 23.1, "crown_diameter_m": 10.94, "site_id": 1548 }, "geometry": { "type": "Point", "coordinates": [ -73.922937337599947, 40.869907820419797 ] } },
{ "type": "Feature", "properties": { "Height": 99.806999206542997, "Radius": 20.263754666327017, "height_m": 30.42, "crown_diameter_m": 12.35, "site_id": 1549 }, "geometry": { "type": "Point", "coordinates": [ -73.925493519455785, 40.869878494445814 ] } },
{ "type": "Feature", "properties": { "Height": 73.565498352050795, "Radius": 31.158388162107514, "height_m": 22.42, "crown_diameter_m": 18.99, "site_id": 1550 }, "geometry": { "type": "Point", "coordinates": [ -73.92411098719549, 40.869817530899795 ] } },
{ "type": "Feature", "properties": { "Height": 85.178497314453097, "Radius": 43.088536626793271, "height_m": 25.96, "crown_diameter_m": 26.27, "site_id": 1551 }, "geometry": { "type": "Point", "coordinates": [ -73.924521719559408, 40.869794962088598 ] } },
{ "type": "Feature", "properties": { "Height": 79.543502807617202, "Radius": 20.046601490203663, "height_m": 24.24, "crown_diameter_m": 12.22, "site_id": 1552 }, "geometry": { "type": "Point", "coordinates": [ -73.923687042936891, 40.869890121573881 ] } },
{ "type": "Feature", "properties": { "Height": 96.660247802734403, "Radius": 15.574085310927526, "height_m": 29.46, "crown_diameter_m": 9.49, "site_id": 1553 }, "geometry": { "type": "Point", "coordinates": [ -73.925612602851515, 40.869882446076261 ] } },
{ "type": "Feature", "properties": { "Height": 70.076248168945298, "Radius": 13.321327319282538, "height_m": 21.36, "crown_diameter_m": 8.12, "site_id": 1554 }, "geometry": { "type": "Point", "coordinates": [ -73.923585187157613, 40.86992148213065 ] } },
{ "type": "Feature", "properties": { "Height": 92.752250671386705, "Radius": 23.035246477265641, "height_m": 28.27, "crown_diameter_m": 14.04, "site_id": 1555 }, "geometry": { "type": "Point", "coordinates": [ -73.925227911183214, 40.86987607682611 ] } },
{ "type": "Feature", "properties": { "Height": 92.798500061035199, "Radius": 26.749964937194992, "height_m": 28.28, "crown_diameter_m": 16.31, "site_id": 1556 }, "geometry": { "type": "Point", "coordinates": [ -73.925365497488102, 40.869848359701002 ] } },
{ "type": "Feature", "properties": { "Height": 62.572250366210902, "Radius": 29.139176745324523, "height_m": 19.07, "crown_diameter_m": 17.76, "site_id": 1557 }, "geometry": { "type": "Point", "coordinates": [ -73.923421936625658, 40.869887558752453 ] } },
{ "type": "Feature", "properties": { "Height": 70.823249816894503, "Radius": 27.804588399558838, "height_m": 21.59, "crown_diameter_m": 16.95, "site_id": 1558 }, "geometry": { "type": "Point", "coordinates": [ -73.922333568137233, 40.869893875880486 ] } },
{ "type": "Feature", "properties": { "Height": 99.504753112792997, "Radius": 33.272838534564855, "height_m": 30.33, "crown_diameter_m": 20.28, "site_id": 1559 }, "geometry": { "type": "Point", "coordinates": [ -73.925057265928714, 40.869865459223099 ] } },
{ "type": "Feature", "properties": { "Height": 78.670249938964801, "Radius": 38.653163237633834, "height_m": 23.98, "crown_diameter_m": 23.56, "site_id": 1560 }, "geometry": { "type": "Point", "coordinates": [ -73.923745510097177, 40.870008262037658 ] } },
{ "type": "Feature", "properties": { "Height": 73.384246826171903, "Radius": 40.529472827208743, "height_m": 22.37, "crown_diameter_m": 24.71, "site_id": 1561 }, "geometry": { "type": "Point", "coordinates": [ -73.92318069327483, 40.869931767292911 ] } },
{ "type": "Feature", "properties": { "Height": 109.821250915527, "Radius": 27.215934765311314, "height_m": 33.47, "crown_diameter_m": 16.59, "site_id": 1562 }, "geometry": { "type": "Point", "coordinates": [ -73.925014862642087, 40.869967463364901 ] } },
{ "type": "Feature", "properties": { "Height": 113.85075378418, "Radius": 27.820325092562936, "height_m": 34.7, "crown_diameter_m": 16.96, "site_id": 1563 }, "geometry": { "type": "Point", "coordinates": [ -73.924706284320166, 40.869894233689294 ] } },
{ "type": "Feature", "properties": { "Height": 68.435752868652301, "Radius": 19.192814170574145, "height_m": 20.86, "crown_diameter_m": 11.7, "site_id": 1564 }, "geometry": { "type": "Point", "coordinates": [ -73.922374342697069, 40.869987428989603 ] } },
{ "type": "Feature", "properties": { "Height": 115.56999969482401, "Radius": 28.988585676524604, "height_m": 35.23, "crown_diameter_m": 17.67, "site_id": 1565 }, "geometry": { "type": "Point", "coordinates": [ -73.924841045189439, 40.869916953526733 ] } },
{ "type": "Feature", "properties": { "Height": 93.556747436523395, "Radius": 30.721146015976345, "height_m": 28.52, "crown_diameter_m": 18.73, "site_id": 1566 }, "geometry": { "type": "Point", "coordinates": [ -73.925246229730377, 40.870015858067951 ] } },
{ "type": "Feature", "properties": { "Height": 99.387748718261705, "Radius": 24.695783889727878, "height_m": 30.29, "crown_diameter_m": 15.05, "site_id": 1567 }, "geometry": { "type": "Point", "coordinates": [ -73.925516700001239, 40.869974660906117 ] } },
{ "type": "Feature", "properties": { "Height": 67.552749633789105, "Radius": 21.494808670834271, "height_m": 20.59, "crown_diameter_m": 13.1, "site_id": 1568 }, "geometry": { "type": "Point", "coordinates": [ -73.922201872579222, 40.869993537019361 ] } },
{ "type": "Feature", "properties": { "Height": 53.331001281738303, "Radius": 12.074184356393443, "height_m": 16.26, "crown_diameter_m": 7.36, "site_id": 1569 }, "geometry": { "type": "Point", "coordinates": [ -73.923364834894912, 40.870009774811848 ] } },
{ "type": "Feature", "properties": { "Height": 87.747497558593807, "Radius": 39.136014038796219, "height_m": 26.75, "crown_diameter_m": 23.86, "site_id": 1570 }, "geometry": { "type": "Point", "coordinates": [ -73.923979092821213, 40.869963860869305 ] } },
{ "type": "Feature", "properties": { "Height": 122.63625335693401, "Radius": 28.568278705151968, "height_m": 37.38, "crown_diameter_m": 17.42, "site_id": 1571 }, "geometry": { "type": "Point", "coordinates": [ -73.925680522974787, 40.869969856166534 ] } },
{ "type": "Feature", "properties": { "Height": 90.472999572753906, "Radius": 17.407785949022028, "height_m": 27.58, "crown_diameter_m": 10.61, "site_id": 1572 }, "geometry": { "type": "Point", "coordinates": [ -73.925371366715282, 40.869995533088009 ] } },
{ "type": "Feature", "properties": { "Height": 112.87124633789099, "Radius": 33.572835849490026, "height_m": 34.4, "crown_diameter_m": 20.47, "site_id": 1573 }, "geometry": { "type": "Point", "coordinates": [ -73.924640428786262, 40.870020034014566 ] } },
{ "type": "Feature", "properties": { "Height": 55.859001159667997, "Radius": 12.769269329043333, "height_m": 17.03, "crown_diameter_m": 7.78, "site_id": 1574 }, "geometry": { "type": "Point", "coordinates": [ -73.923283731558911, 40.870025152598615 ] } },
{ "type": "Feature", "properties": { "Height": 76.088996887207003, "Radius": 21.125114447729615, "height_m": 23.19, "crown_diameter_m": 12.88, "site_id": 1575 }, "geometry": { "type": "Point", "coordinates": [ -73.92357803086054, 40.870029604489169 ] } },
{ "type": "Feature", "properties": { "Height": 66.648498535156307, "Radius": 40.37307703997363, "height_m": 20.31, "crown_diameter_m": 24.61, "site_id": 1576 }, "geometry": { "type": "Point", "coordinates": [ -73.921212785946111, 40.869996856011781 ] } },
{ "type": "Feature", "properties": { "Height": 112.18099975585901, "Radius": 41.536003456232343, "height_m": 34.19, "crown_diameter_m": 25.32, "site_id": 1577 }, "geometry": { "type": "Point", "coordinates": [ -73.922859877136588, 40.8700194031669 ] } },
{ "type": "Feature", "properties": { "Height": 100.009246826172, "Radius": 45.156318836829065, "height_m": 30.48, "crown_diameter_m": 27.53, "site_id": 1578 }, "geometry": { "type": "Point", "coordinates": [ -73.924274451343308, 40.869954653967568 ] } },
{ "type": "Feature", "properties": { "Height": 100.515747070313, "Radius": 30.277590264241923, "height_m": 30.64, "crown_diameter_m": 18.46, "site_id": 1579 }, "geometry": { "type": "Point", "coordinates": [ -73.924949248114658, 40.870063060725911 ] } },
{ "type": "Feature", "properties": { "Height": 86.849250793457003, "Radius": 15.987583888930306, "height_m": 26.47, "crown_diameter_m": 9.75, "site_id": 1580 }, "geometry": { "type": "Point", "coordinates": [ -73.92401015950675, 40.870093434658926 ] } },
{ "type": "Feature", "properties": { "Height": 99.311996459960895, "Radius": 22.630965663659147, "height_m": 30.27, "crown_diameter_m": 13.8, "site_id": 1581 }, "geometry": { "type": "Point", "coordinates": [ -73.92458411865573, 40.870112416194935 ] } },
{ "type": "Feature", "properties": { "Height": 99.821746826171903, "Radius": 22.190660060627405, "height_m": 30.43, "crown_diameter_m": 13.53, "site_id": 1582 }, "geometry": { "type": "Point", "coordinates": [ -73.925536645595642, 40.870066708237779 ] } },
{ "type": "Feature", "properties": { "Height": 99.944747924804702, "Radius": 26.904213074943115, "height_m": 30.46, "crown_diameter_m": 16.4, "site_id": 1583 }, "geometry": { "type": "Point", "coordinates": [ -73.924196453072838, 40.870099760654178 ] } },
{ "type": "Feature", "properties": { "Height": 53.051750183105497, "Radius": 23.459705735830831, "height_m": 16.17, "crown_diameter_m": 14.3, "site_id": 1584 }, "geometry": { "type": "Point", "coordinates": [ -73.92262257302238, 40.870120204393757 ] } },
{ "type": "Feature", "properties": { "Height": 61.9869995117188, "Radius": 15.902742045729777, "height_m": 18.89, "crown_diameter_m": 9.69, "site_id": 1585 }, "geometry": { "type": "Point", "coordinates": [ -73.921359171185671, 40.87009064452608 ] } },
{ "type": "Feature", "properties": { "Height": 65.878997802734403, "Radius": 25.206081266687335, "height_m": 20.08, "crown_diameter_m": 15.37, "site_id": 1586 }, "geometry": { "type": "Point", "coordinates": [ -73.922403721822477, 40.870113934112567 ] } },
{ "type": "Feature", "properties": { "Height": 76.180252075195298, "Radius": 18.150777729899712, "height_m": 23.22, "crown_diameter_m": 11.06, "site_id": 1587 }, "geometry": { "type": "Point", "coordinates": [ -73.923348874888376, 40.870083101822679 ] } },
{ "type": "Feature", "properties": { "Height": 121.522499084473, "Radius": 26.292384740065849, "height_m": 37.04, "crown_diameter_m": 16.03, "site_id": 1588 }, "geometry": { "type": "Point", "coordinates": [ -73.924813517406733, 40.870108839667104 ] } },
{ "type": "Feature", "properties": { "Height": 101.359252929688, "Radius": 34.558626896356614, "height_m": 30.89, "crown_diameter_m": 21.07, "site_id": 1589 }, "geometry": { "type": "Point", "coordinates": [ -73.924434001536738, 40.870080315516887 ] } },
{ "type": "Feature", "properties": { "Height": 133.076248168945, "Radius": 16.155931006002358, "height_m": 40.56, "crown_diameter_m": 9.85, "site_id": 1590 }, "geometry": { "type": "Point", "coordinates": [ -73.925702338314707, 40.870107554953442 ] } },
{ "type": "Feature", "properties": { "Height": 82.319747924804702, "Radius": 38.740561603525741, "height_m": 25.09, "crown_diameter_m": 23.62, "site_id": 1591 }, "geometry": { "type": "Point", "coordinates": [ -73.923472427957904, 40.870097651080229 ] } },
{ "type": "Feature", "properties": { "Height": 114.967498779297, "Radius": 22.240808508901171, "height_m": 35.04, "crown_diameter_m": 13.56, "site_id": 1592 }, "geometry": { "type": "Point", "coordinates": [ -73.925469538361384, 40.870119861290384 ] } },
{ "type": "Feature", "properties": { "Height": 65.668251037597699, "Radius": 17.103414436974379, "height_m": 20.02, "crown_diameter_m": 10.43, "site_id": 1593 }, "geometry": { "type": "Point", "coordinates": [ -73.921303708656623, 40.870160554887022 ] } },
{ "type": "Feature", "properties": { "Height": 102.851997375488, "Radius": 46.111929472835136, "height_m": 31.35, "crown_diameter_m": 28.11, "site_id": 1594 }, "geometry": { "type": "Point", "coordinates": [ -73.923154815914103, 40.870139723361845 ] } },
{ "type": "Feature", "properties": { "Height": 51.041248321533203, "Radius": 20.056523095112112, "height_m": 15.56, "crown_diameter_m": 12.23, "site_id": 1595 }, "geometry": { "type": "Point", "coordinates": [ -73.921436486830132, 40.870167092861941 ] } },
{ "type": "Feature", "properties": { "Height": 59.258998870849602, "Radius": 11.423968370726268, "height_m": 18.06, "crown_diameter_m": 6.96, "site_id": 1596 }, "geometry": { "type": "Point", "coordinates": [ -73.921147925894928, 40.870160822244912 ] } },
{ "type": "Feature", "properties": { "Height": 124.47225189209, "Radius": 16.458484533589534, "height_m": 37.94, "crown_diameter_m": 10.03, "site_id": 1597 }, "geometry": { "type": "Point", "coordinates": [ -73.925264013786204, 40.870139426556861 ] } },
{ "type": "Feature", "properties": { "Height": 117.633003234863, "Radius": 15.149304536463482, "height_m": 35.85, "crown_diameter_m": 9.24, "site_id": 1598 }, "geometry": { "type": "Point", "coordinates": [ -73.922772303366472, 40.870152704285346 ] } },
{ "type": "Feature", "properties": { "Height": 86.281501770019503, "Radius": 26.92195406801838, "height_m": 26.3, "crown_diameter_m": 16.41, "site_id": 1599 }, "geometry": { "type": "Point", "coordinates": [ -73.923961587179278, 40.870142530630872 ] } },
{ "type": "Feature", "properties": { "Height": 62.339500427246101, "Radius": 23.173018318554337, "height_m": 19.0, "crown_diameter_m": 14.13, "site_id": 1600 }, "geometry": { "type": "Point", "coordinates": [ -73.921219263012389, 40.870192948182257 ] } },
{ "type": "Feature", "properties": { "Height": 52.871498107910199, "Radius": 11.64474179680661, "height_m": 16.12, "crown_diameter_m": 7.1, "site_id": 1601 }, "geometry": { "type": "Point", "coordinates": [ -73.922458552922222, 40.87018266205844 ] } },
{ "type": "Feature", "properties": { "Height": 108.60075378418, "Radius": 15.378694529593741, "height_m": 33.1, "crown_diameter_m": 9.37, "site_id": 1602 }, "geometry": { "type": "Point", "coordinates": [ -73.922674575136554, 40.870185890289513 ] } },
{ "type": "Feature", "properties": { "Height": 134.08099365234401, "Radius": 23.275812043510143, "height_m": 40.87, "crown_diameter_m": 14.19, "site_id": 1603 }, "geometry": { "type": "Point", "coordinates": [ -73.925672158293821, 40.870194219270431 ] } },
{ "type": "Feature", "properties": { "Height": 78.905250549316406, "Radius": 32.75337988530223, "height_m": 24.05, "crown_diameter_m": 19.97, "site_id": 1604 }, "geometry": { "type": "Point", "coordinates": [ -73.923622902015751, 40.870231732702223 ] } },
{ "type": "Feature", "properties": { "Height": 128.79324340820301, "Radius": 32.688932193006629, "height_m": 39.26, "crown_diameter_m": 19.93, "site_id": 1605 }, "geometry": { "type": "Point", "coordinates": [ -73.925135405654757, 40.870157546572571 ] } },
{ "type": "Feature", "properties": { "Height": 94.683502197265597, "Radius": 17.939099613186062, "height_m": 28.86, "crown_diameter_m": 10.94, "site_id": 1606 }, "geometry": { "type": "Point", "coordinates": [ -73.924499500990279, 40.870201659635157 ] } },
{ "type": "Feature", "properties": { "Height": 55.616874694824197, "Radius": 20.187031277203641, "height_m": 16.95, "crown_diameter_m": 12.31, "site_id": 1607 }, "geometry": { "type": "Point", "coordinates": [ -73.921364666678329, 40.870242431966311 ] } },
{ "type": "Feature", "properties": { "Height": 103.03475189209, "Radius": 22.65907867532249, "height_m": 31.4, "crown_diameter_m": 13.81, "site_id": 1608 }, "geometry": { "type": "Point", "coordinates": [ -73.924331057224421, 40.870211418660112 ] } },
{ "type": "Feature", "properties": { "Height": 92.641502380371094, "Radius": 14.549091872423544, "height_m": 28.24, "crown_diameter_m": 8.87, "site_id": 1609 }, "geometry": { "type": "Point", "coordinates": [ -73.924612481505108, 40.870203665949582 ] } },
{ "type": "Feature", "properties": { "Height": 111.26325225830099, "Radius": 25.743371632998119, "height_m": 33.91, "crown_diameter_m": 15.69, "site_id": 1610 }, "geometry": { "type": "Point", "coordinates": [ -73.924759487627981, 40.870240863834105 ] } },
{ "type": "Feature", "properties": { "Height": 60.750499725341797, "Radius": 21.204073057660512, "height_m": 18.52, "crown_diameter_m": 12.93, "site_id": 1611 }, "geometry": { "type": "Point", "coordinates": [ -73.921104795510288, 40.870225557722137 ] } },
{ "type": "Feature", "properties": { "Height": 117.74024963378901, "Radius": 49.356109641710525, "height_m": 35.89, "crown_diameter_m": 30.09, "site_id": 1612 }, "geometry": { "type": "Point", "coordinates": [ -73.922966686402859, 40.870266189543798 ] } },
{ "type": "Feature", "properties": { "Height": 71.263748168945298, "Radius": 35.355380397384302, "height_m": 21.72, "crown_diameter_m": 21.55, "site_id": 1613 }, "geometry": { "type": "Point", "coordinates": [ -73.922199554415613, 40.870250259417958 ] } },
{ "type": "Feature", "properties": { "Height": 133.94749450683599, "Radius": 45.556343772501272, "height_m": 40.83, "crown_diameter_m": 27.77, "site_id": 1614 }, "geometry": { "type": "Point", "coordinates": [ -73.925416151799013, 40.870236933563064 ] } },
{ "type": "Feature", "properties": { "Height": 127.353996276855, "Radius": 25.650468509208469, "height_m": 38.82, "crown_diameter_m": 15.64, "site_id": 1615 }, "geometry": { "type": "Point", "coordinates": [ -73.922713453830966, 40.870258785690517 ] } },
{ "type": "Feature", "properties": { "Height": 87.621246337890597, "Radius": 31.346811937569697, "height_m": 26.71, "crown_diameter_m": 19.11, "site_id": 1616 }, "geometry": { "type": "Point", "coordinates": [ -73.923852038826482, 40.870210760468645 ] } },
{ "type": "Feature", "properties": { "Height": 103.923751831055, "Radius": 35.718146981956288, "height_m": 31.68, "crown_diameter_m": 21.77, "site_id": 1617 }, "geometry": { "type": "Point", "coordinates": [ -73.924166355761827, 40.870252605156388 ] } },
{ "type": "Feature", "properties": { "Height": 82.680496215820298, "Radius": 36.015452047682913, "height_m": 25.2, "crown_diameter_m": 21.96, "site_id": 1618 }, "geometry": { "type": "Point", "coordinates": [ -73.923385648788226, 40.870312396096246 ] } },
{ "type": "Feature", "properties": { "Height": 113.05300140380901, "Radius": 24.371422765586612, "height_m": 34.46, "crown_diameter_m": 14.86, "site_id": 1619 }, "geometry": { "type": "Point", "coordinates": [ -73.924619479102248, 40.8702937175984 ] } },
{ "type": "Feature", "properties": { "Height": 102.24700164794901, "Radius": 36.09490773156589, "height_m": 31.16, "crown_diameter_m": 22.0, "site_id": 1620 }, "geometry": { "type": "Point", "coordinates": [ -73.924403385614795, 40.870334012683877 ] } },
{ "type": "Feature", "properties": { "Height": 75.723251342773395, "Radius": 14.755472278097805, "height_m": 23.08, "crown_diameter_m": 8.99, "site_id": 1621 }, "geometry": { "type": "Point", "coordinates": [ -73.923516002795836, 40.870282820468006 ] } },
{ "type": "Feature", "properties": { "Height": 111.49925231933599, "Radius": 20.404639941160397, "height_m": 33.98, "crown_diameter_m": 12.44, "site_id": 1622 }, "geometry": { "type": "Point", "coordinates": [ -73.925604537849125, 40.870293618471656 ] } },
{ "type": "Feature", "properties": { "Height": 128.46299743652301, "Radius": 36.340992250852857, "height_m": 39.16, "crown_diameter_m": 22.15, "site_id": 1623 }, "geometry": { "type": "Point", "coordinates": [ -73.922435021633802, 40.870287183989291 ] } },
{ "type": "Feature", "properties": { "Height": 92.189750671386705, "Radius": 12.514330345744634, "height_m": 28.1, "crown_diameter_m": 7.63, "site_id": 1624 }, "geometry": { "type": "Point", "coordinates": [ -73.925720322349832, 40.870319427228004 ] } },
{ "type": "Feature", "properties": { "Height": 113.945999145508, "Radius": 11.368105109938904, "height_m": 34.73, "crown_diameter_m": 6.93, "site_id": 1625 }, "geometry": { "type": "Point", "coordinates": [ -73.92525474753883, 40.870334042294857 ] } },
{ "type": "Feature", "properties": { "Height": 135.20924377441401, "Radius": 34.141628596261214, "height_m": 41.21, "crown_diameter_m": 20.81, "site_id": 1626 }, "geometry": { "type": "Point", "coordinates": [ -73.925133167000055, 40.870309453075279 ] } },
{ "type": "Feature", "properties": { "Height": 47.206501007080099, "Radius": 16.219837265857603, "height_m": 14.39, "crown_diameter_m": 9.89, "site_id": 1627 }, "geometry": { "type": "Point", "coordinates": [ -73.922212566141141, 40.870377198388979 ] } },
{ "type": "Feature", "properties": { "Height": 110.742752075195, "Radius": 23.534213434057992, "height_m": 33.75, "crown_diameter_m": 14.35, "site_id": 1628 }, "geometry": { "type": "Point", "coordinates": [ -73.92233291481908, 40.870384163689515 ] } },
{ "type": "Feature", "properties": { "Height": 58.054122924804702, "Radius": 35.829370228615907, "height_m": 17.69, "crown_diameter_m": 21.84, "site_id": 1629 }, "geometry": { "type": "Point", "coordinates": [ -73.921206554794807, 40.870379126372725 ] } },
{ "type": "Feature", "properties": { "Height": 99.615249633789105, "Radius": 36.966259499535703, "height_m": 30.36, "crown_diameter_m": 22.53, "site_id": 1630 }, "geometry": { "type": "Point", "coordinates": [ -73.924121679179095, 40.870380612685167 ] } },
{ "type": "Feature", "properties": { "Height": 108.650497436523, "Radius": 23.843268583066589, "height_m": 33.12, "crown_diameter_m": 14.53, "site_id": 1631 }, "geometry": { "type": "Point", "coordinates": [ -73.922962329362107, 40.870399260867835 ] } },
{ "type": "Feature", "properties": { "Height": 84.763000488281307, "Radius": 26.660569683493353, "height_m": 25.84, "crown_diameter_m": 16.25, "site_id": 1632 }, "geometry": { "type": "Point", "coordinates": [ -73.923292487131278, 40.870415989468903 ] } },
{ "type": "Feature", "properties": { "Height": 73.753753662109403, "Radius": 34.97747914798034, "height_m": 22.48, "crown_diameter_m": 21.32, "site_id": 1633 }, "geometry": { "type": "Point", "coordinates": [ -73.921662664563698, 40.870365519855099 ] } },
{ "type": "Feature", "properties": { "Height": 83.083747863769503, "Radius": 24.514670406003766, "height_m": 25.32, "crown_diameter_m": 14.94, "site_id": 1634 }, "geometry": { "type": "Point", "coordinates": [ -73.923171802513252, 40.870428596168537 ] } },
{ "type": "Feature", "properties": { "Height": 104.88925170898401, "Radius": 23.049060719273285, "height_m": 31.97, "crown_diameter_m": 14.05, "site_id": 1635 }, "geometry": { "type": "Point", "coordinates": [ -73.922800071683056, 40.87047906990864 ] } },
{ "type": "Feature", "properties": { "Height": 48.25, "Radius": 12.280036994226476, "height_m": 14.71, "crown_diameter_m": 7.49, "site_id": 1636 }, "geometry": { "type": "Point", "coordinates": [ -73.921331037503251, 40.870421140763611 ] } },
{ "type": "Feature", "properties": { "Height": 105.730751037598, "Radius": 28.130381743817551, "height_m": 32.23, "crown_diameter_m": 17.15, "site_id": 1637 }, "geometry": { "type": "Point", "coordinates": [ -73.92291567173605, 40.870466858217448 ] } },
{ "type": "Feature", "properties": { "Height": 58.680248260497997, "Radius": 13.312363769549926, "height_m": 17.89, "crown_diameter_m": 8.12, "site_id": 1638 }, "geometry": { "type": "Point", "coordinates": [ -73.921418484215963, 40.870408138756069 ] } },
{ "type": "Feature", "properties": { "Height": 109.949249267578, "Radius": 53.848341740403121, "height_m": 33.51, "crown_diameter_m": 32.83, "site_id": 1639 }, "geometry": { "type": "Point", "coordinates": [ -73.922612695113813, 40.870485155972396 ] } },
{ "type": "Feature", "properties": { "Height": 136.43824768066401, "Radius": 52.934694937025085, "height_m": 41.59, "crown_diameter_m": 32.27, "site_id": 1640 }, "geometry": { "type": "Point", "coordinates": [ -73.924857368857573, 40.870356962796144 ] } },
{ "type": "Feature", "properties": { "Height": 81.754997253417997, "Radius": 20.40853953793583, "height_m": 24.92, "crown_diameter_m": 12.44, "site_id": 1641 }, "geometry": { "type": "Point", "coordinates": [ -73.923632251082623, 40.870396770568462 ] } },
{ "type": "Feature", "properties": { "Height": 88.148246765136705, "Radius": 16.516403133234203, "height_m": 26.87, "crown_diameter_m": 10.07, "site_id": 1642 }, "geometry": { "type": "Point", "coordinates": [ -73.923800858748265, 40.870444274752245 ] } },
{ "type": "Feature", "properties": { "Height": 140.63674926757801, "Radius": 25.774264925804793, "height_m": 42.87, "crown_diameter_m": 15.71, "site_id": 1643 }, "geometry": { "type": "Point", "coordinates": [ -73.925073918364532, 40.870426586217924 ] } },
{ "type": "Feature", "properties": { "Height": 132.62625122070301, "Radius": 29.715174983059335, "height_m": 40.42, "crown_diameter_m": 18.11, "site_id": 1644 }, "geometry": { "type": "Point", "coordinates": [ -73.925604945531717, 40.870408475175225 ] } },
{ "type": "Feature", "properties": { "Height": 82.528747558593807, "Radius": 17.205469890442554, "height_m": 25.15, "crown_diameter_m": 10.49, "site_id": 1645 }, "geometry": { "type": "Point", "coordinates": [ -73.923712903486901, 40.870473879639334 ] } },
{ "type": "Feature", "properties": { "Height": 140.85975646972699, "Radius": 31.076553777431968, "height_m": 42.93, "crown_diameter_m": 18.94, "site_id": 1646 }, "geometry": { "type": "Point", "coordinates": [ -73.925404340285425, 40.870480196568622 ] } },
{ "type": "Feature", "properties": { "Height": 99.847503662109403, "Radius": 44.134088537435112, "height_m": 30.43, "crown_diameter_m": 26.9, "site_id": 1647 }, "geometry": { "type": "Point", "coordinates": [ -73.923867138381311, 40.870375646326032 ] } },
{ "type": "Feature", "properties": { "Height": 118.127250671387, "Radius": 26.986904594423443, "height_m": 36.01, "crown_diameter_m": 16.45, "site_id": 1648 }, "geometry": { "type": "Point", "coordinates": [ -73.924521311521445, 40.870438698757276 ] } },
{ "type": "Feature", "properties": { "Height": 129.38049316406301, "Radius": 15.26443044094783, "height_m": 39.44, "crown_diameter_m": 9.31, "site_id": 1649 }, "geometry": { "type": "Point", "coordinates": [ -73.92571373839958, 40.870435414045645 ] } },
{ "type": "Feature", "properties": { "Height": 70.911247253417997, "Radius": 24.610244532231036, "height_m": 21.61, "crown_diameter_m": 15.0, "site_id": 1650 }, "geometry": { "type": "Point", "coordinates": [ -73.921496467976169, 40.87039531304422 ] } },
{ "type": "Feature", "properties": { "Height": 75.113998413085895, "Radius": 20.529059630371258, "height_m": 22.89, "crown_diameter_m": 12.51, "site_id": 1651 }, "geometry": { "type": "Point", "coordinates": [ -73.922201383877351, 40.870462948899352 ] } },
{ "type": "Feature", "properties": { "Height": 86.047996520996094, "Radius": 15.212208493693998, "height_m": 26.23, "crown_diameter_m": 9.27, "site_id": 1652 }, "geometry": { "type": "Point", "coordinates": [ -73.924340276867881, 40.870458383751355 ] } },
{ "type": "Feature", "properties": { "Height": 140.85000610351599, "Radius": 22.652053693391039, "height_m": 42.93, "crown_diameter_m": 13.81, "site_id": 1653 }, "geometry": { "type": "Point", "coordinates": [ -73.925321166802462, 40.870420614162867 ] } },
{ "type": "Feature", "properties": { "Height": 121.004501342773, "Radius": 18.677998695187732, "height_m": 36.88, "crown_diameter_m": 11.39, "site_id": 1654 }, "geometry": { "type": "Point", "coordinates": [ -73.924598252038024, 40.870489656387981 ] } },
{ "type": "Feature", "properties": { "Height": 73.700996398925795, "Radius": 10.71960208740737, "height_m": 22.46, "crown_diameter_m": 6.53, "site_id": 1655 }, "geometry": { "type": "Point", "coordinates": [ -73.921522071751156, 40.870497024458572 ] } },
{ "type": "Feature", "properties": { "Height": 36.328750610351598, "Radius": 16.30058825600841, "height_m": 11.07, "crown_diameter_m": 9.94, "site_id": 1656 }, "geometry": { "type": "Point", "coordinates": [ -73.922071253990723, 40.870499889191635 ] } },
{ "type": "Feature", "properties": { "Height": 79.616500854492202, "Radius": 29.988414528626798, "height_m": 24.27, "crown_diameter_m": 18.28, "site_id": 1657 }, "geometry": { "type": "Point", "coordinates": [ -73.921873591296517, 40.870490842499095 ] } },
{ "type": "Feature", "properties": { "Height": 73.054496765136705, "Radius": 31.736604376603676, "height_m": 22.27, "crown_diameter_m": 19.35, "site_id": 1658 }, "geometry": { "type": "Point", "coordinates": [ -73.921574280443195, 40.870537755741672 ] } },
{ "type": "Feature", "properties": { "Height": 79.916000366210895, "Radius": 16.342031529409077, "height_m": 24.36, "crown_diameter_m": 9.96, "site_id": 1659 }, "geometry": { "type": "Point", "coordinates": [ -73.923096647016266, 40.870510180816062 ] } },
{ "type": "Feature", "properties": { "Height": 125.03524780273401, "Radius": 13.110581167104948, "height_m": 38.11, "crown_diameter_m": 7.99, "site_id": 1660 }, "geometry": { "type": "Point", "coordinates": [ -73.922287105219056, 40.870492960518519 ] } },
{ "type": "Feature", "properties": { "Height": 89.736000061035199, "Radius": 21.011801734666108, "height_m": 27.35, "crown_diameter_m": 12.81, "site_id": 1661 }, "geometry": { "type": "Point", "coordinates": [ -73.923839242157484, 40.870528240951685 ] } },
{ "type": "Feature", "properties": { "Height": 142.760498046875, "Radius": 20.875014591266982, "height_m": 43.51, "crown_diameter_m": 12.73, "site_id": 1662 }, "geometry": { "type": "Point", "coordinates": [ -73.925127701770649, 40.870515057225923 ] } },
{ "type": "Feature", "properties": { "Height": 90.797996520996094, "Radius": 25.721724250776987, "height_m": 27.68, "crown_diameter_m": 15.68, "site_id": 1663 }, "geometry": { "type": "Point", "coordinates": [ -73.923558500315735, 40.870466313309834 ] } },
{ "type": "Feature", "properties": { "Height": 142.10525512695301, "Radius": 25.507359866510456, "height_m": 43.31, "crown_diameter_m": 15.55, "site_id": 1664 }, "geometry": { "type": "Point", "coordinates": [ -73.925225235936281, 40.870535638103824 ] } },
{ "type": "Feature", "properties": { "Height": 123.20574951171901, "Radius": 22.560529869838636, "height_m": 37.55, "crown_diameter_m": 13.75, "site_id": 1665 }, "geometry": { "type": "Point", "coordinates": [ -73.922399655113381, 40.870504494079249 ] } },
{ "type": "Feature", "properties": { "Height": 136.07725524902301, "Radius": 17.416926294072457, "height_m": 41.48, "crown_diameter_m": 10.62, "site_id": 1666 }, "geometry": { "type": "Point", "coordinates": [ -73.925674656025976, 40.870531094623516 ] } },
{ "type": "Feature", "properties": { "Height": 135.076248168945, "Radius": 19.495178996445407, "height_m": 41.17, "crown_diameter_m": 11.88, "site_id": 1667 }, "geometry": { "type": "Point", "coordinates": [ -73.924678124806746, 40.870524105419797 ] } },
{ "type": "Feature", "properties": { "Height": 105.99600219726599, "Radius": 31.619793682174567, "height_m": 32.31, "crown_diameter_m": 19.28, "site_id": 1668 }, "geometry": { "type": "Point", "coordinates": [ -73.924146527236672, 40.870560778099758 ] } },
{ "type": "Feature", "properties": { "Height": 67.909248352050795, "Radius": 32.663361140833629, "height_m": 20.7, "crown_diameter_m": 19.91, "site_id": 1669 }, "geometry": { "type": "Point", "coordinates": [ -73.921377398870405, 40.870563304608069 ] } },
{ "type": "Feature", "properties": { "Height": 84.398498535156307, "Radius": 21.878265272842707, "height_m": 25.72, "crown_diameter_m": 13.34, "site_id": 1670 }, "geometry": { "type": "Point", "coordinates": [ -73.921768126741554, 40.870585391705788 ] } },
{ "type": "Feature", "properties": { "Height": 136.98875427246099, "Radius": 22.05396803500069, "height_m": 41.75, "crown_diameter_m": 13.44, "site_id": 1671 }, "geometry": { "type": "Point", "coordinates": [ -73.925455476035111, 40.87055528985158 ] } },
{ "type": "Feature", "properties": { "Height": 81.111999511718807, "Radius": 19.429758748218564, "height_m": 24.72, "crown_diameter_m": 11.84, "site_id": 1672 }, "geometry": { "type": "Point", "coordinates": [ -73.923202128872575, 40.870547842867886 ] } },
{ "type": "Feature", "properties": { "Height": 145.169998168945, "Radius": 23.035246477265641, "height_m": 44.25, "crown_diameter_m": 14.04, "site_id": 1673 }, "geometry": { "type": "Point", "coordinates": [ -73.925596264672905, 40.870573758788368 ] } },
{ "type": "Feature", "properties": { "Height": 135.496505737305, "Radius": 18.5411616971131, "height_m": 41.3, "crown_diameter_m": 11.3, "site_id": 1674 }, "geometry": { "type": "Point", "coordinates": [ -73.925013961755113, 40.87054439243331 ] } },
{ "type": "Feature", "properties": { "Height": 125.829750061035, "Radius": 47.279289078048436, "height_m": 38.35, "crown_diameter_m": 28.82, "site_id": 1675 }, "geometry": { "type": "Point", "coordinates": [ -73.922334132613884, 40.870641533202225 ] } },
{ "type": "Feature", "properties": { "Height": 103.586502075195, "Radius": 26.612769430462031, "height_m": 31.57, "crown_diameter_m": 16.22, "site_id": 1676 }, "geometry": { "type": "Point", "coordinates": [ -73.923951624116029, 40.870587325896942 ] } },
{ "type": "Feature", "properties": { "Height": 85.108001708984403, "Radius": 24.740855101055612, "height_m": 25.94, "crown_diameter_m": 15.08, "site_id": 1677 }, "geometry": { "type": "Point", "coordinates": [ -73.922978645598832, 40.870599504439674 ] } },
{ "type": "Feature", "properties": { "Height": 85.131248474121094, "Radius": 15.837556323903858, "height_m": 25.95, "crown_diameter_m": 9.65, "site_id": 1678 }, "geometry": { "type": "Point", "coordinates": [ -73.922845806027041, 40.870609226523634 ] } },
{ "type": "Feature", "properties": { "Height": 137.97200012207, "Radius": 34.104315329816714, "height_m": 42.05, "crown_diameter_m": 20.79, "site_id": 1679 }, "geometry": { "type": "Point", "coordinates": [ -73.924801351009378, 40.870595802556565 ] } },
{ "type": "Feature", "properties": { "Height": 141.75199890136699, "Radius": 12.927207364566026, "height_m": 43.21, "crown_diameter_m": 7.88, "site_id": 1680 }, "geometry": { "type": "Point", "coordinates": [ -73.92552787558148, 40.870616533811919 ] } },
{ "type": "Feature", "properties": { "Height": 94.809997558593807, "Radius": 23.883285285767386, "height_m": 28.9, "crown_diameter_m": 14.56, "site_id": 1681 }, "geometry": { "type": "Point", "coordinates": [ -73.923329174061507, 40.870598272774018 ] } },
{ "type": "Feature", "properties": { "Height": 132.38000488281301, "Radius": 20.318659463172676, "height_m": 40.35, "crown_diameter_m": 12.39, "site_id": 1682 }, "geometry": { "type": "Point", "coordinates": [ -73.924953141495052, 40.870606354245581 ] } },
{ "type": "Feature", "properties": { "Height": 120.854248046875, "Radius": 15.138795132120961, "height_m": 36.84, "crown_diameter_m": 9.23, "site_id": 1683 }, "geometry": { "type": "Point", "coordinates": [ -73.925716350187031, 40.870609862005757 ] } },
{ "type": "Feature", "properties": { "Height": 69.948501586914105, "Radius": 33.196217043034942, "height_m": 21.32, "crown_diameter_m": 20.24, "site_id": 1684 }, "geometry": { "type": "Point", "coordinates": [ -73.921648132586554, 40.870672942257066 ] } },
{ "type": "Feature", "properties": { "Height": 83.261001586914105, "Radius": 15.10722305368455, "height_m": 25.38, "crown_diameter_m": 9.21, "site_id": 1685 }, "geometry": { "type": "Point", "coordinates": [ -73.923068716943618, 40.870604327208056 ] } },
{ "type": "Feature", "properties": { "Height": 130.62449645996099, "Radius": 21.026945377521798, "height_m": 39.81, "crown_diameter_m": 12.82, "site_id": 1686 }, "geometry": { "type": "Point", "coordinates": [ -73.924617483775393, 40.870611875179527 ] } },
{ "type": "Feature", "properties": { "Height": 66.031997680664105, "Radius": 18.476670504506906, "height_m": 20.13, "crown_diameter_m": 11.26, "site_id": 1687 }, "geometry": { "type": "Point", "coordinates": [ -73.921497980815815, 40.870702472591702 ] } },
{ "type": "Feature", "properties": { "Height": 140.94424438476599, "Radius": 24.128588475709748, "height_m": 42.96, "crown_diameter_m": 14.71, "site_id": 1688 }, "geometry": { "type": "Point", "coordinates": [ -73.925136537412115, 40.870661123130091 ] } },
{ "type": "Feature", "properties": { "Height": 101.71875, "Radius": 33.363598007180158, "height_m": 31.0, "crown_diameter_m": 20.34, "site_id": 1689 }, "geometry": { "type": "Point", "coordinates": [ -73.923694968073676, 40.870609728119831 ] } },
{ "type": "Feature", "properties": { "Height": 107.782501220703, "Radius": 26.9278651349615, "height_m": 32.85, "crown_diameter_m": 16.42, "site_id": 1690 }, "geometry": { "type": "Point", "coordinates": [ -73.924065781627021, 40.870682140591363 ] } },
{ "type": "Feature", "properties": { "Height": 129.40774536132801, "Radius": 48.196949819441464, "height_m": 39.44, "crown_diameter_m": 29.38, "site_id": 1691 }, "geometry": { "type": "Point", "coordinates": [ -73.924378565650869, 40.870609473039387 ] } },
{ "type": "Feature", "properties": { "Height": 85.324752807617202, "Radius": 14.53814859003845, "height_m": 26.01, "crown_diameter_m": 8.86, "site_id": 1692 }, "geometry": { "type": "Point", "coordinates": [ -73.922888582777304, 40.870671224049907 ] } },
{ "type": "Feature", "properties": { "Height": 129.90849304199199, "Radius": 12.815923738491737, "height_m": 39.6, "crown_diameter_m": 7.81, "site_id": 1693 }, "geometry": { "type": "Point", "coordinates": [ -73.925013529981882, 40.870664292226223 ] } },
{ "type": "Feature", "properties": { "Height": 82.680000305175795, "Radius": 16.047202183642064, "height_m": 25.2, "crown_diameter_m": 9.78, "site_id": 1694 }, "geometry": { "type": "Point", "coordinates": [ -73.922577905524477, 40.870698445813652 ] } },
{ "type": "Feature", "properties": { "Height": 90.663497924804702, "Radius": 17.435192608787553, "height_m": 27.63, "crown_diameter_m": 10.63, "site_id": 1695 }, "geometry": { "type": "Point", "coordinates": [ -73.922741169242315, 40.870651916223203 ] } },
{ "type": "Feature", "properties": { "Height": 89.396751403808594, "Radius": 24.669991941291908, "height_m": 27.25, "crown_diameter_m": 15.04, "site_id": 1696 }, "geometry": { "type": "Point", "coordinates": [ -73.923161636130459, 40.8706525814736 ] } },
{ "type": "Feature", "properties": { "Height": 134.45449829101599, "Radius": 22.875783109789968, "height_m": 40.98, "crown_diameter_m": 13.95, "site_id": 1697 }, "geometry": { "type": "Point", "coordinates": [ -73.925481306162865, 40.870674300715855 ] } },
{ "type": "Feature", "properties": { "Height": 91.682746887207003, "Radius": 14.239501307948768, "height_m": 27.94, "crown_diameter_m": 8.68, "site_id": 1698 }, "geometry": { "type": "Point", "coordinates": [ -73.922670764050949, 40.870697683229835 ] } },
{ "type": "Feature", "properties": { "Height": 107.464248657227, "Radius": 30.932822662480625, "height_m": 32.76, "crown_diameter_m": 18.86, "site_id": 1699 }, "geometry": { "type": "Point", "coordinates": [ -73.92213179416882, 40.870681340722555 ] } },
{ "type": "Feature", "properties": { "Height": 140.19400024414099, "Radius": 27.169111617059002, "height_m": 42.73, "crown_diameter_m": 16.56, "site_id": 1700 }, "geometry": { "type": "Point", "coordinates": [ -73.925292905805875, 40.870683332367122 ] } },
{ "type": "Feature", "properties": { "Height": 140.57600402832, "Radius": 15.512648837479231, "height_m": 42.85, "crown_diameter_m": 9.46, "site_id": 1701 }, "geometry": { "type": "Point", "coordinates": [ -73.925409761416333, 40.870721341046803 ] } },
{ "type": "Feature", "properties": { "Height": 101.104499816895, "Radius": 19.347672370394786, "height_m": 30.82, "crown_diameter_m": 11.79, "site_id": 1702 }, "geometry": { "type": "Point", "coordinates": [ -73.923919084935235, 40.870702647148718 ] } },
{ "type": "Feature", "properties": { "Height": 102.703498840332, "Radius": 43.811055838546714, "height_m": 31.3, "crown_diameter_m": 26.71, "site_id": 1703 }, "geometry": { "type": "Point", "coordinates": [ -73.923505193497732, 40.870607829413572 ] } },
{ "type": "Feature", "properties": { "Height": 110.50050354003901, "Radius": 20.232313600583467, "height_m": 33.68, "crown_diameter_m": 12.33, "site_id": 1704 }, "geometry": { "type": "Point", "coordinates": [ -73.923815325875452, 40.870707592614508 ] } },
{ "type": "Feature", "properties": { "Height": 113.105751037598, "Radius": 27.07228311277381, "height_m": 34.47, "crown_diameter_m": 16.5, "site_id": 1705 }, "geometry": { "type": "Point", "coordinates": [ -73.924466332150928, 40.870762647821529 ] } },
{ "type": "Feature", "properties": { "Height": 139.51225280761699, "Radius": 21.880083839428522, "height_m": 42.52, "crown_diameter_m": 13.34, "site_id": 1706 }, "geometry": { "type": "Point", "coordinates": [ -73.924860376468231, 40.870727119653857 ] } },
{ "type": "Feature", "properties": { "Height": 135.159744262695, "Radius": 15.522905135351742, "height_m": 41.2, "crown_diameter_m": 9.46, "site_id": 1707 }, "geometry": { "type": "Point", "coordinates": [ -73.924974272831903, 40.870741438591658 ] } },
{ "type": "Feature", "properties": { "Height": 90.269752502441406, "Radius": 22.415444571569701, "height_m": 27.51, "crown_diameter_m": 13.66, "site_id": 1708 }, "geometry": { "type": "Point", "coordinates": [ -73.921865698839838, 40.87070918496655 ] } },
{ "type": "Feature", "properties": { "Height": 101.967002868652, "Radius": 33.693503959583801, "height_m": 31.08, "crown_diameter_m": 20.54, "site_id": 1709 }, "geometry": { "type": "Point", "coordinates": [ -73.921970282279418, 40.870645791987592 ] } },
{ "type": "Feature", "properties": { "Height": 134.20274353027301, "Radius": 31.163495675978737, "height_m": 40.9, "crown_diameter_m": 19.0, "site_id": 1710 }, "geometry": { "type": "Point", "coordinates": [ -73.925623310698384, 40.87073755620969 ] } },
{ "type": "Feature", "properties": { "Height": 122.251998901367, "Radius": 20.766085772419665, "height_m": 37.26, "crown_diameter_m": 12.66, "site_id": 1711 }, "geometry": { "type": "Point", "coordinates": [ -73.924621192426059, 40.870730797042469 ] } },
{ "type": "Feature", "properties": { "Height": 102.682746887207, "Radius": 27.632333225469178, "height_m": 31.3, "crown_diameter_m": 16.84, "site_id": 1712 }, "geometry": { "type": "Point", "coordinates": [ -73.922019220088814, 40.870804518197559 ] } },
{ "type": "Feature", "properties": { "Height": 41.766998291015597, "Radius": 11.427450757141775, "height_m": 12.73, "crown_diameter_m": 6.97, "site_id": 1713 }, "geometry": { "type": "Point", "coordinates": [ -73.922336733780639, 40.870781941857111 ] } },
{ "type": "Feature", "properties": { "Height": 96.447746276855497, "Radius": 42.291645161505834, "height_m": 29.4, "crown_diameter_m": 25.78, "site_id": 1714 }, "geometry": { "type": "Point", "coordinates": [ -73.923010182454874, 40.870810283069844 ] } },
{ "type": "Feature", "properties": { "Height": 111.107749938965, "Radius": 20.867389014906145, "height_m": 33.87, "crown_diameter_m": 12.72, "site_id": 1715 }, "geometry": { "type": "Point", "coordinates": [ -73.924301846639025, 40.870775570109984 ] } },
{ "type": "Feature", "properties": { "Height": 138.14125061035199, "Radius": 11.055812783082736, "height_m": 42.11, "crown_diameter_m": 6.74, "site_id": 1716 }, "geometry": { "type": "Point", "coordinates": [ -73.924925117862614, 40.870780407688656 ] } },
{ "type": "Feature", "properties": { "Height": 142.40225219726599, "Radius": 27.227627970905736, "height_m": 43.4, "crown_diameter_m": 16.6, "site_id": 1717 }, "geometry": { "type": "Point", "coordinates": [ -73.925093897875371, 40.87076926756572 ] } },
{ "type": "Feature", "properties": { "Height": 102.668746948242, "Radius": 18.686517737224836, "height_m": 31.29, "crown_diameter_m": 11.39, "site_id": 1718 }, "geometry": { "type": "Point", "coordinates": [ -73.923486277637593, 40.870760293926999 ] } },
{ "type": "Feature", "properties": { "Height": 90.550498962402301, "Radius": 25.344611859700862, "height_m": 27.6, "crown_diameter_m": 15.45, "site_id": 1719 }, "geometry": { "type": "Point", "coordinates": [ -73.922698879180459, 40.87076017977563 ] } },
{ "type": "Feature", "properties": { "Height": 135.97024536132801, "Radius": 14.384068479378978, "height_m": 41.44, "crown_diameter_m": 8.77, "site_id": 1720 }, "geometry": { "type": "Point", "coordinates": [ -73.924810104198841, 40.870807867047965 ] } },
{ "type": "Feature", "properties": { "Height": 98.505996704101605, "Radius": 21.439204174814741, "height_m": 30.02, "crown_diameter_m": 13.07, "site_id": 1721 }, "geometry": { "type": "Point", "coordinates": [ -73.923199155562074, 40.870775314247631 ] } },
{ "type": "Feature", "properties": { "Height": 131.43899536132801, "Radius": 22.461548691069996, "height_m": 40.06, "crown_diameter_m": 13.69, "site_id": 1722 }, "geometry": { "type": "Point", "coordinates": [ -73.924720309375729, 40.870760667921061 ] } },
{ "type": "Feature", "properties": { "Height": 98.481750488281307, "Radius": 32.854053388421256, "height_m": 30.02, "crown_diameter_m": 20.03, "site_id": 1723 }, "geometry": { "type": "Point", "coordinates": [ -73.923350209580306, 40.870727172799697 ] } },
{ "type": "Feature", "properties": { "Height": 59.598251342773402, "Radius": 10.940041919714261, "height_m": 18.17, "crown_diameter_m": 6.67, "site_id": 1724 }, "geometry": { "type": "Point", "coordinates": [ -73.921721874919925, 40.870796864433778 ] } },
{ "type": "Feature", "properties": { "Height": 81.065002441406307, "Radius": 23.823235025195441, "height_m": 24.71, "crown_diameter_m": 14.52, "site_id": 1725 }, "geometry": { "type": "Point", "coordinates": [ -73.922475994208568, 40.870798315433028 ] } },
{ "type": "Feature", "properties": { "Height": 102.119003295898, "Radius": 17.498974555922032, "height_m": 31.13, "crown_diameter_m": 10.67, "site_id": 1726 }, "geometry": { "type": "Point", "coordinates": [ -73.923700711342207, 40.870776669919358 ] } },
{ "type": "Feature", "properties": { "Height": 107.109748840332, "Radius": 11.699284211396439, "height_m": 32.65, "crown_diameter_m": 7.13, "site_id": 1727 }, "geometry": { "type": "Point", "coordinates": [ -73.924234552073827, 40.870822978098509 ] } },
{ "type": "Feature", "properties": { "Height": 88.964752197265597, "Radius": 23.398568422792877, "height_m": 27.12, "crown_diameter_m": 14.26, "site_id": 1728 }, "geometry": { "type": "Point", "coordinates": [ -73.922820861032378, 40.870771110512145 ] } },
{ "type": "Feature", "properties": { "Height": 106.109252929688, "Radius": 25.513598672979317, "height_m": 32.34, "crown_diameter_m": 15.55, "site_id": 1729 }, "geometry": { "type": "Point", "coordinates": [ -73.924135757117241, 40.870786524442167 ] } },
{ "type": "Feature", "properties": { "Height": 59.035999298095703, "Radius": 29.794071475631629, "height_m": 17.99, "crown_diameter_m": 18.16, "site_id": 1730 }, "geometry": { "type": "Point", "coordinates": [ -73.921624689259303, 40.870884780717496 ] } },
{ "type": "Feature", "properties": { "Height": 88.951751708984403, "Radius": 21.009908011825559, "height_m": 27.11, "crown_diameter_m": 12.81, "site_id": 1731 }, "geometry": { "type": "Point", "coordinates": [ -73.922841658313871, 40.870879611697319 ] } },
{ "type": "Feature", "properties": { "Height": 145.28199768066401, "Radius": 32.069599970374242, "height_m": 44.28, "crown_diameter_m": 19.55, "site_id": 1732 }, "geometry": { "type": "Point", "coordinates": [ -73.925413510318535, 40.870836316065137 ] } },
{ "type": "Feature", "properties": { "Height": 85.814750671386705, "Radius": 17.715912276177527, "height_m": 26.16, "crown_diameter_m": 10.8, "site_id": 1733 }, "geometry": { "type": "Point", "coordinates": [ -73.922662096026727, 40.870861947273873 ] } },
{ "type": "Feature", "properties": { "Height": 136.43374633789099, "Radius": 19.446134443285722, "height_m": 41.59, "crown_diameter_m": 11.85, "site_id": 1734 }, "geometry": { "type": "Point", "coordinates": [ -73.925700735616573, 40.870840171748291 ] } },
{ "type": "Feature", "properties": { "Height": 136.99224853515599, "Radius": 13.750493532712621, "height_m": 41.76, "crown_diameter_m": 8.38, "site_id": 1735 }, "geometry": { "type": "Point", "coordinates": [ -73.925074000127736, 40.870855144159577 ] } },
{ "type": "Feature", "properties": { "Height": 140.44749450683599, "Radius": 28.955625363789061, "height_m": 42.81, "crown_diameter_m": 17.65, "site_id": 1736 }, "geometry": { "type": "Point", "coordinates": [ -73.92518982569112, 40.870857793803445 ] } },
{ "type": "Feature", "properties": { "Height": 110.561248779297, "Radius": 23.996303550890445, "height_m": 33.7, "crown_diameter_m": 14.63, "site_id": 1737 }, "geometry": { "type": "Point", "coordinates": [ -73.923784789636812, 40.870823219513639 ] } },
{ "type": "Feature", "properties": { "Height": 101.59674835205099, "Radius": 12.179179240065665, "height_m": 30.97, "crown_diameter_m": 7.42, "site_id": 1738 }, "geometry": { "type": "Point", "coordinates": [ -73.923384430340732, 40.870873654610271 ] } },
{ "type": "Feature", "properties": { "Height": 101.431747436523, "Radius": 29.623982787746669, "height_m": 30.92, "crown_diameter_m": 18.06, "site_id": 1739 }, "geometry": { "type": "Point", "coordinates": [ -73.921922158609206, 40.87087792614134 ] } },
{ "type": "Feature", "properties": { "Height": 111.34400177002, "Radius": 27.092851410285725, "height_m": 33.94, "crown_diameter_m": 16.52, "site_id": 1740 }, "geometry": { "type": "Point", "coordinates": [ -73.924359787486139, 40.870888759010427 ] } },
{ "type": "Feature", "properties": { "Height": 139.98074340820301, "Radius": 31.17370819326942, "height_m": 42.67, "crown_diameter_m": 19.0, "site_id": 1741 }, "geometry": { "type": "Point", "coordinates": [ -73.925622417589253, 40.870920903233952 ] } },
{ "type": "Feature", "properties": { "Height": 129.971755981445, "Radius": 29.478568304477548, "height_m": 39.62, "crown_diameter_m": 17.97, "site_id": 1742 }, "geometry": { "type": "Point", "coordinates": [ -73.924602255349512, 40.870876997920611 ] } },
{ "type": "Feature", "properties": { "Height": 141.64324951171901, "Radius": 35.499138572670006, "height_m": 43.17, "crown_diameter_m": 21.64, "site_id": 1743 }, "geometry": { "type": "Point", "coordinates": [ -73.92489742940333, 40.870895990807227 ] } },
{ "type": "Feature", "properties": { "Height": 71.733749389648395, "Radius": 24.065843802190006, "height_m": 21.86, "crown_diameter_m": 14.67, "site_id": 1744 }, "geometry": { "type": "Point", "coordinates": [ -73.921767162524517, 40.870869550176948 ] } },
{ "type": "Feature", "properties": { "Height": 112.064750671387, "Radius": 17.159156293944243, "height_m": 34.16, "crown_diameter_m": 10.46, "site_id": 1745 }, "geometry": { "type": "Point", "coordinates": [ -73.924484267626298, 40.870899066487397 ] } },
{ "type": "Feature", "properties": { "Height": 76.832748413085895, "Radius": 19.161692349920518, "height_m": 23.42, "crown_diameter_m": 11.68, "site_id": 1746 }, "geometry": { "type": "Point", "coordinates": [ -73.922273133887543, 40.870874255859547 ] } },
{ "type": "Feature", "properties": { "Height": 108.40374755859401, "Radius": 39.898217263496086, "height_m": 33.04, "crown_diameter_m": 24.32, "site_id": 1747 }, "geometry": { "type": "Point", "coordinates": [ -73.923519840762083, 40.87090847268145 ] } },
{ "type": "Feature", "properties": { "Height": 145.47399902343801, "Radius": 16.136216622812821, "height_m": 44.34, "crown_diameter_m": 9.84, "site_id": 1748 }, "geometry": { "type": "Point", "coordinates": [ -73.925303440108934, 40.870910049820928 ] } },
{ "type": "Feature", "properties": { "Height": 92.631248474121094, "Radius": 13.599192765483634, "height_m": 28.23, "crown_diameter_m": 8.29, "site_id": 1749 }, "geometry": { "type": "Point", "coordinates": [ -73.923115873959148, 40.870899889128019 ] } },
{ "type": "Feature", "properties": { "Height": 87.067497253417997, "Radius": 28.367012395961314, "height_m": 26.54, "crown_diameter_m": 17.29, "site_id": 1750 }, "geometry": { "type": "Point", "coordinates": [ -73.922536220735552, 40.870899895884925 ] } },
{ "type": "Feature", "properties": { "Height": 84.104751586914105, "Radius": 20.935919212565754, "height_m": 25.64, "crown_diameter_m": 12.76, "site_id": 1751 }, "geometry": { "type": "Point", "coordinates": [ -73.922679220094338, 40.870949303451027 ] } },
{ "type": "Feature", "properties": { "Height": 109.942001342773, "Radius": 16.688952945311364, "height_m": 33.51, "crown_diameter_m": 10.17, "site_id": 1752 }, "geometry": { "type": "Point", "coordinates": [ -73.923675400355123, 40.870935689389817 ] } },
{ "type": "Feature", "properties": { "Height": 101.66000366210901, "Radius": 41.104608936998304, "height_m": 30.99, "crown_diameter_m": 25.06, "site_id": 1753 }, "geometry": { "type": "Point", "coordinates": [ -73.923262260936127, 40.870952017704148 ] } },
{ "type": "Feature", "properties": { "Height": 132.87300109863301, "Radius": 21.660765735192914, "height_m": 40.5, "crown_diameter_m": 13.2, "site_id": 1754 }, "geometry": { "type": "Point", "coordinates": [ -73.924745699082408, 40.870950145499826 ] } },
{ "type": "Feature", "properties": { "Height": 84.600997924804702, "Radius": 17.182328696526145, "height_m": 25.79, "crown_diameter_m": 10.47, "site_id": 1755 }, "geometry": { "type": "Point", "coordinates": [ -73.922794728218491, 40.870952624349236 ] } },
{ "type": "Feature", "properties": { "Height": 125.36724853515599, "Radius": 19.535955403674656, "height_m": 38.21, "crown_diameter_m": 11.91, "site_id": 1756 }, "geometry": { "type": "Point", "coordinates": [ -73.925540600704153, 40.870977614574436 ] } },
{ "type": "Feature", "properties": { "Height": 83.233001708984403, "Radius": 14.406180819073164, "height_m": 25.37, "crown_diameter_m": 8.78, "site_id": 1757 }, "geometry": { "type": "Point", "coordinates": [ -73.922913174213136, 40.870954334319173 ] } },
{ "type": "Feature", "properties": { "Height": 92.550498962402301, "Radius": 27.791706295673322, "height_m": 28.21, "crown_diameter_m": 16.94, "site_id": 1758 }, "geometry": { "type": "Point", "coordinates": [ -73.923086767742674, 40.871002606485938 ] } },
{ "type": "Feature", "properties": { "Height": 149.596755981445, "Radius": 23.193613509986026, "height_m": 45.6, "crown_diameter_m": 14.14, "site_id": 1759 }, "geometry": { "type": "Point", "coordinates": [ -73.925257213864313, 40.870979817666154 ] } },
{ "type": "Feature", "properties": { "Height": 140.04100036621099, "Radius": 21.177786230693734, "height_m": 42.68, "crown_diameter_m": 12.91, "site_id": 1760 }, "geometry": { "type": "Point", "coordinates": [ -73.92504143544528, 40.870983122973186 ] } },
{ "type": "Feature", "properties": { "Height": 130.08024597168, "Radius": 16.448811606198852, "height_m": 39.65, "crown_diameter_m": 10.03, "site_id": 1761 }, "geometry": { "type": "Point", "coordinates": [ -73.92430918904229, 40.870978202890193 ] } },
{ "type": "Feature", "properties": { "Height": 97.884246826171903, "Radius": 28.768136958757957, "height_m": 29.84, "crown_diameter_m": 17.54, "site_id": 1762 }, "geometry": { "type": "Point", "coordinates": [ -73.922180758195708, 40.870996416031517 ] } },
{ "type": "Feature", "properties": { "Height": 117.63649749755901, "Radius": 43.218542457219492, "height_m": 35.86, "crown_diameter_m": 26.35, "site_id": 1763 }, "geometry": { "type": "Point", "coordinates": [ -73.923946875762269, 40.87089414088296 ] } },
{ "type": "Feature", "properties": { "Height": 108.341751098633, "Radius": 15.316474337048122, "height_m": 33.02, "crown_diameter_m": 9.34, "site_id": 1764 }, "geometry": { "type": "Point", "coordinates": [ -73.924448466683799, 40.870996918067853 ] } },
{ "type": "Feature", "properties": { "Height": 141.12100219726599, "Radius": 13.599192765483634, "height_m": 43.01, "crown_diameter_m": 8.29, "site_id": 1765 }, "geometry": { "type": "Point", "coordinates": [ -73.925153150041439, 40.871015991283073 ] } },
{ "type": "Feature", "properties": { "Height": 147.16099548339801, "Radius": 18.115669809738975, "height_m": 44.85, "crown_diameter_m": 11.04, "site_id": 1766 }, "geometry": { "type": "Point", "coordinates": [ -73.925372858006142, 40.871007967046388 ] } },
{ "type": "Feature", "properties": { "Height": 137.13975524902301, "Radius": 15.42003518087075, "height_m": 41.8, "crown_diameter_m": 9.4, "site_id": 1767 }, "geometry": { "type": "Point", "coordinates": [ -73.925445826168101, 40.870982470950835 ] } },
{ "type": "Feature", "properties": { "Height": 114.429496765137, "Radius": 29.629354803891612, "height_m": 34.88, "crown_diameter_m": 18.06, "site_id": 1768 }, "geometry": { "type": "Point", "coordinates": [ -73.923776389108866, 40.870996601260266 ] } },
{ "type": "Feature", "properties": { "Height": 109.557502746582, "Radius": 24.371422765586612, "height_m": 33.39, "crown_diameter_m": 14.86, "site_id": 1769 }, "geometry": { "type": "Point", "coordinates": [ -73.923618637796849, 40.871050383994614 ] } },
{ "type": "Feature", "properties": { "Height": 79.145248413085895, "Radius": 27.774520862949498, "height_m": 24.12, "crown_diameter_m": 16.93, "site_id": 1770 }, "geometry": { "type": "Point", "coordinates": [ -73.922826367219571, 40.871034149643698 ] } },
{ "type": "Feature", "properties": { "Height": 101.989753723145, "Radius": 11.954962939989485, "height_m": 31.09, "crown_diameter_m": 7.29, "site_id": 1771 }, "geometry": { "type": "Point", "coordinates": [ -73.923416187813643, 40.871038307533823 ] } },
{ "type": "Feature", "properties": { "Height": 101.98000335693401, "Radius": 39.420665447824014, "height_m": 31.08, "crown_diameter_m": 24.03, "site_id": 1772 }, "geometry": { "type": "Point", "coordinates": [ -73.922017858507616, 40.871012685051362 ] } },
{ "type": "Feature", "properties": { "Height": 117.66725158691401, "Radius": 25.269143865289227, "height_m": 35.86, "crown_diameter_m": 15.4, "site_id": 1773 }, "geometry": { "type": "Point", "coordinates": [ -73.924099832705679, 40.870952657190728 ] } },
{ "type": "Feature", "properties": { "Height": 120.056999206543, "Radius": 18.212053739309848, "height_m": 36.59, "crown_diameter_m": 11.1, "site_id": 1774 }, "geometry": { "type": "Point", "coordinates": [ -73.924150304712811, 40.871013804741928 ] } },
{ "type": "Feature", "properties": { "Height": 135.90550231933599, "Radius": 11.283791670955125, "height_m": 41.42, "crown_diameter_m": 6.88, "site_id": 1775 }, "geometry": { "type": "Point", "coordinates": [ -73.92520721162785, 40.871045390369581 ] } },
{ "type": "Feature", "properties": { "Height": 78.200752258300795, "Radius": 17.706926268865352, "height_m": 23.84, "crown_diameter_m": 10.79, "site_id": 1776 }, "geometry": { "type": "Point", "coordinates": [ -73.925649598658168, 40.871039434962675 ] } },
{ "type": "Feature", "properties": { "Height": 136.67724609375, "Radius": 27.96013377055607, "height_m": 41.66, "crown_diameter_m": 17.04, "site_id": 1777 }, "geometry": { "type": "Point", "coordinates": [ -73.924581034478152, 40.871026477779502 ] } },
{ "type": "Feature", "properties": { "Height": 136.57824707031301, "Radius": 13.528790949515024, "height_m": 41.63, "crown_diameter_m": 8.25, "site_id": 1778 }, "geometry": { "type": "Point", "coordinates": [ -73.92548608171289, 40.871049320413647 ] } },
{ "type": "Feature", "properties": { "Height": 134.07499694824199, "Radius": 13.622579184763433, "height_m": 40.87, "crown_diameter_m": 8.3, "site_id": 1779 }, "geometry": { "type": "Point", "coordinates": [ -73.924354822042488, 40.871044969828596 ] } },
{ "type": "Feature", "properties": { "Height": 127.35350036621099, "Radius": 18.360015508398526, "height_m": 38.82, "crown_diameter_m": 11.19, "site_id": 1780 }, "geometry": { "type": "Point", "coordinates": [ -73.924860141356433, 40.871032811994823 ] } },
{ "type": "Feature", "properties": { "Height": 145.17124938964801, "Radius": 26.933774904622243, "height_m": 44.25, "crown_diameter_m": 16.42, "site_id": 1781 }, "geometry": { "type": "Point", "coordinates": [ -73.92502117475118, 40.871073047015415 ] } },
{ "type": "Feature", "properties": { "Height": 116.78749847412099, "Radius": 21.7194671049816, "height_m": 35.6, "crown_diameter_m": 13.24, "site_id": 1782 }, "geometry": { "type": "Point", "coordinates": [ -73.923999011485236, 40.871078127057345 ] } },
{ "type": "Feature", "properties": { "Height": 78.207000732421903, "Radius": 15.337242447383471, "height_m": 23.84, "crown_diameter_m": 9.35, "site_id": 1783 }, "geometry": { "type": "Point", "coordinates": [ -73.922720554380106, 40.871088905983861 ] } },
{ "type": "Feature", "properties": { "Height": 138.10925292968801, "Radius": 25.079480359432697, "height_m": 42.1, "crown_diameter_m": 15.29, "site_id": 1784 }, "geometry": { "type": "Point", "coordinates": [ -73.924245603732132, 40.870993315489528 ] } },
{ "type": "Feature", "properties": { "Height": 133.65750122070301, "Radius": 14.679774962390477, "height_m": 40.74, "crown_diameter_m": 8.95, "site_id": 1785 }, "geometry": { "type": "Point", "coordinates": [ -73.925341074093268, 40.871095000326783 ] } },
{ "type": "Feature", "properties": { "Height": 95.939002990722699, "Radius": 28.451046387881405, "height_m": 29.24, "crown_diameter_m": 17.34, "site_id": 1786 }, "geometry": { "type": "Point", "coordinates": [ -73.923292091614897, 40.871126988077805 ] } },
{ "type": "Feature", "properties": { "Height": 128.92050170898401, "Radius": 14.494292838262302, "height_m": 39.29, "crown_diameter_m": 8.84, "site_id": 1787 }, "geometry": { "type": "Point", "coordinates": [ -73.925234681319409, 40.871091245743983 ] } },
{ "type": "Feature", "properties": { "Height": 142.27424621582, "Radius": 15.777145844408119, "height_m": 43.37, "crown_diameter_m": 9.62, "site_id": 1788 }, "geometry": { "type": "Point", "coordinates": [ -73.924412569690901, 40.871077947544109 ] } },
{ "type": "Feature", "properties": { "Height": 101.387001037598, "Radius": 42.587905929679607, "height_m": 30.9, "crown_diameter_m": 25.96, "site_id": 1789 }, "geometry": { "type": "Point", "coordinates": [ -73.922354664969049, 40.871019885550147 ] } },
{ "type": "Feature", "properties": { "Height": 96.816749572753906, "Radius": 32.634112546527412, "height_m": 29.51, "crown_diameter_m": 19.89, "site_id": 1790 }, "geometry": { "type": "Point", "coordinates": [ -73.922544354771432, 40.871074158511938 ] } },
{ "type": "Feature", "properties": { "Height": 121.182502746582, "Radius": 20.560046907827669, "height_m": 36.94, "crown_diameter_m": 12.53, "site_id": 1791 }, "geometry": { "type": "Point", "coordinates": [ -73.924735691635632, 40.871049855485545 ] } },
{ "type": "Feature", "properties": { "Height": 78.891250610351605, "Radius": 17.242431200258867, "height_m": 24.05, "crown_diameter_m": 10.51, "site_id": 1792 }, "geometry": { "type": "Point", "coordinates": [ -73.923073701218044, 40.871096831213826 ] } },
{ "type": "Feature", "properties": { "Height": 138.86724853515599, "Radius": 16.4778133535604, "height_m": 42.33, "crown_diameter_m": 10.04, "site_id": 1793 }, "geometry": { "type": "Point", "coordinates": [ -73.92421831093597, 40.871093693049971 ] } },
{ "type": "Feature", "properties": { "Height": 109.26349639892599, "Radius": 25.995612867716499, "height_m": 33.3, "crown_diameter_m": 15.85, "site_id": 1794 }, "geometry": { "type": "Point", "coordinates": [ -73.923494773639419, 40.87111390885881 ] } },
{ "type": "Feature", "properties": { "Height": 58.745750427246101, "Radius": 28.607249385051439, "height_m": 17.91, "crown_diameter_m": 17.44, "site_id": 1795 }, "geometry": { "type": "Point", "coordinates": [ -73.921850451959273, 40.871107833597186 ] } },
{ "type": "Feature", "properties": { "Height": 101.95200347900401, "Radius": 16.526036498377113, "height_m": 31.07, "crown_diameter_m": 10.07, "site_id": 1796 }, "geometry": { "type": "Point", "coordinates": [ -73.923646376060802, 40.87114032784995 ] } },
{ "type": "Feature", "properties": { "Height": 127.49925231933599, "Radius": 19.47884453275087, "height_m": 38.86, "crown_diameter_m": 11.87, "site_id": 1797 }, "geometry": { "type": "Point", "coordinates": [ -73.924661181197621, 40.871123328160159 ] } },
{ "type": "Feature", "properties": { "Height": 76.821250915527301, "Radius": 32.438447963058685, "height_m": 23.42, "crown_diameter_m": 19.77, "site_id": 1798 }, "geometry": { "type": "Point", "coordinates": [ -73.922843853481908, 40.871173538071204 ] } },
{ "type": "Feature", "properties": { "Height": 131.95274353027301, "Radius": 29.556750204165102, "height_m": 40.22, "crown_diameter_m": 18.02, "site_id": 1799 }, "geometry": { "type": "Point", "coordinates": [ -73.925485187706897, 40.871121974861865 ] } },
{ "type": "Feature", "properties": { "Height": 75.145751953125, "Radius": 28.730769435330394, "height_m": 22.9, "crown_diameter_m": 17.51, "site_id": 1800 }, "geometry": { "type": "Point", "coordinates": [ -73.922968778142561, 40.871196675840679 ] } },
{ "type": "Feature", "properties": { "Height": 143.989501953125, "Radius": 17.83231830967603, "height_m": 43.89, "crown_diameter_m": 10.87, "site_id": 1801 }, "geometry": { "type": "Point", "coordinates": [ -73.925065835040883, 40.871140483902948 ] } },
{ "type": "Feature", "properties": { "Height": 136.82650756835901, "Radius": 17.038151783559659, "height_m": 41.7, "crown_diameter_m": 10.39, "site_id": 1802 }, "geometry": { "type": "Point", "coordinates": [ -73.924479332729277, 40.871122641985785 ] } },
{ "type": "Feature", "properties": { "Height": 108.634002685547, "Radius": 19.815025728161594, "height_m": 33.11, "crown_diameter_m": 12.08, "site_id": 1803 }, "geometry": { "type": "Point", "coordinates": [ -73.925689210636961, 40.871125091544755 ] } },
{ "type": "Feature", "properties": { "Height": 101.864250183105, "Radius": 25.003212122944625, "height_m": 31.05, "crown_diameter_m": 15.24, "site_id": 1804 }, "geometry": { "type": "Point", "coordinates": [ -73.925215924656555, 40.871175178041149 ] } },
{ "type": "Feature", "properties": { "Height": 147.13824462890599, "Radius": 33.277621520075741, "height_m": 44.85, "crown_diameter_m": 20.29, "site_id": 1805 }, "geometry": { "type": "Point", "coordinates": [ -73.924837710208791, 40.87117042176763 ] } },
{ "type": "Feature", "properties": { "Height": 93.253250122070298, "Radius": 17.508067294678487, "height_m": 28.42, "crown_diameter_m": 10.67, "site_id": 1806 }, "geometry": { "type": "Point", "coordinates": [ -73.923403270689164, 40.871190660740396 ] } },
{ "type": "Feature", "properties": { "Height": 74.151748657226605, "Radius": 13.207339536360731, "height_m": 22.6, "crown_diameter_m": 8.05, "site_id": 1807 }, "geometry": { "type": "Point", "coordinates": [ -73.923062535129915, 40.871177658835165 ] } },
{ "type": "Feature", "properties": { "Height": 69.367752075195298, "Radius": 19.331213267143124, "height_m": 21.14, "crown_diameter_m": 11.78, "site_id": 1808 }, "geometry": { "type": "Point", "coordinates": [ -73.922681938503374, 40.871168054681711 ] } },
{ "type": "Feature", "properties": { "Height": 120.62875366210901, "Radius": 31.614759885488656, "height_m": 36.77, "crown_diameter_m": 19.27, "site_id": 1809 }, "geometry": { "type": "Point", "coordinates": [ -73.923790925676073, 40.871160018935932 ] } },
{ "type": "Feature", "properties": { "Height": 97.826499938964801, "Radius": 32.781308328931559, "height_m": 29.82, "crown_diameter_m": 19.98, "site_id": 1810 }, "geometry": { "type": "Point", "coordinates": [ -73.922239143536913, 40.871211468670765 ] } },
{ "type": "Feature", "properties": { "Height": 150.50450134277301, "Radius": 26.636680279337913, "height_m": 45.87, "crown_diameter_m": 16.24, "site_id": 1811 }, "geometry": { "type": "Point", "coordinates": [ -73.924343140704664, 40.871179666267224 ] } },
{ "type": "Feature", "properties": { "Height": 70.470001220703097, "Radius": 15.94521939608555, "height_m": 21.48, "crown_diameter_m": 9.72, "site_id": 1812 }, "geometry": { "type": "Point", "coordinates": [ -73.922586684621592, 40.871223525756307 ] } },
{ "type": "Feature", "properties": { "Height": 64.053001403808594, "Radius": 17.634873370726638, "height_m": 19.52, "crown_diameter_m": 10.75, "site_id": 1813 }, "geometry": { "type": "Point", "coordinates": [ -73.92270955100922, 40.871242675061715 ] } },
{ "type": "Feature", "properties": { "Height": 76.073501586914105, "Radius": 20.365602905327385, "height_m": 23.19, "crown_diameter_m": 12.41, "site_id": 1814 }, "geometry": { "type": "Point", "coordinates": [ -73.923175459686476, 40.871193561958108 ] } },
{ "type": "Feature", "properties": { "Height": 101.31575012207, "Radius": 24.607010809789877, "height_m": 30.88, "crown_diameter_m": 15.0, "site_id": 1815 }, "geometry": { "type": "Point", "coordinates": [ -73.922066017571026, 40.871193469074584 ] } },
{ "type": "Feature", "properties": { "Height": 74.552749633789105, "Radius": 24.228970419612466, "height_m": 22.72, "crown_diameter_m": 14.77, "site_id": 1816 }, "geometry": { "type": "Point", "coordinates": [ -73.92310302187974, 40.871274439723834 ] } },
{ "type": "Feature", "properties": { "Height": 108.575248718262, "Radius": 24.279825147895533, "height_m": 33.09, "crown_diameter_m": 14.8, "site_id": 1817 }, "geometry": { "type": "Point", "coordinates": [ -73.923618507846342, 40.871239934967946 ] } },
{ "type": "Feature", "properties": { "Height": 74.207748413085895, "Radius": 28.966616301882279, "height_m": 22.62, "crown_diameter_m": 17.66, "site_id": 1818 }, "geometry": { "type": "Point", "coordinates": [ -73.922482526797126, 40.871258369581156 ] } },
{ "type": "Feature", "properties": { "Height": 137.94525146484401, "Radius": 40.496080472298672, "height_m": 42.05, "crown_diameter_m": 24.69, "site_id": 1819 }, "geometry": { "type": "Point", "coordinates": [ -73.925465945745245, 40.871266609723747 ] } },
{ "type": "Feature", "properties": { "Height": 69.585998535156307, "Radius": 20.746916483950837, "height_m": 21.21, "crown_diameter_m": 12.65, "site_id": 1820 }, "geometry": { "type": "Point", "coordinates": [ -73.921899558163076, 40.871234333271076 ] } },
{ "type": "Feature", "properties": { "Height": 62.749000549316399, "Radius": 13.162072616253417, "height_m": 19.13, "crown_diameter_m": 8.02, "site_id": 1821 }, "geometry": { "type": "Point", "coordinates": [ -73.92257878337108, 40.87128630432445 ] } },
{ "type": "Feature", "properties": { "Height": 147.91575622558599, "Radius": 28.215120509146519, "height_m": 45.08, "crown_diameter_m": 17.2, "site_id": 1822 }, "geometry": { "type": "Point", "coordinates": [ -73.92416838043917, 40.871199405531208 ] } },
{ "type": "Feature", "properties": { "Height": 148.36799621582, "Radius": 27.977205187901475, "height_m": 45.22, "crown_diameter_m": 17.05, "site_id": 1823 }, "geometry": { "type": "Point", "coordinates": [ -73.924505899620783, 40.871303961948819 ] } },
{ "type": "Feature", "properties": { "Height": 148.98199462890599, "Radius": 29.944597999968849, "height_m": 45.41, "crown_diameter_m": 18.25, "site_id": 1824 }, "geometry": { "type": "Point", "coordinates": [ -73.924632174219752, 40.871227378690151 ] } },
{ "type": "Feature", "properties": { "Height": 151.14349365234401, "Radius": 16.067025788709444, "height_m": 46.07, "crown_diameter_m": 9.79, "site_id": 1825 }, "geometry": { "type": "Point", "coordinates": [ -73.924269030810251, 40.871277991535401 ] } },
{ "type": "Feature", "properties": { "Height": 144.15625, "Radius": 17.733870630789692, "height_m": 43.94, "crown_diameter_m": 10.81, "site_id": 1826 }, "geometry": { "type": "Point", "coordinates": [ -73.925281696786811, 40.871280950617525 ] } },
{ "type": "Feature", "properties": { "Height": 75.374748229980497, "Radius": 15.159806655254442, "height_m": 22.97, "crown_diameter_m": 9.24, "site_id": 1827 }, "geometry": { "type": "Point", "coordinates": [ -73.922378984972823, 40.871284708611071 ] } },
{ "type": "Feature", "properties": { "Height": 142.34825134277301, "Radius": 20.544559111348836, "height_m": 43.39, "crown_diameter_m": 12.52, "site_id": 1828 }, "geometry": { "type": "Point", "coordinates": [ -73.924404422664722, 40.871265577924994 ] } },
{ "type": "Feature", "properties": { "Height": 150.92050170898401, "Radius": 35.780474594829037, "height_m": 46.0, "crown_diameter_m": 21.81, "site_id": 1829 }, "geometry": { "type": "Point", "coordinates": [ -73.924986508507004, 40.8712719055044 ] } },
{ "type": "Feature", "properties": { "Height": 106.02700042724599, "Radius": 27.460446470685799, "height_m": 32.32, "crown_diameter_m": 16.74, "site_id": 1830 }, "geometry": { "type": "Point", "coordinates": [ -73.925666767449385, 40.871241021303739 ] } },
{ "type": "Feature", "properties": { "Height": 62.121250152587898, "Radius": 33.046053350211729, "height_m": 18.93, "crown_diameter_m": 20.14, "site_id": 1831 }, "geometry": { "type": "Point", "coordinates": [ -73.922731197780223, 40.871348999445132 ] } },
{ "type": "Feature", "properties": { "Height": 123.113250732422, "Radius": 14.183506197980657, "height_m": 37.52, "crown_diameter_m": 8.65, "site_id": 1832 }, "geometry": { "type": "Point", "coordinates": [ -73.9237546691093, 40.871272462414623 ] } },
{ "type": "Feature", "properties": { "Height": 54.0859985351563, "Radius": 21.15522866750463, "height_m": 16.49, "crown_diameter_m": 12.9, "site_id": 1833 }, "geometry": { "type": "Point", "coordinates": [ -73.921754342164178, 40.871266140110841 ] } },
{ "type": "Feature", "properties": { "Height": 108.584747314453, "Radius": 41.285225723527937, "height_m": 33.1, "crown_diameter_m": 25.17, "site_id": 1834 }, "geometry": { "type": "Point", "coordinates": [ -73.92193734669361, 40.871338340064383 ] } },
{ "type": "Feature", "properties": { "Height": 149.65499877929699, "Radius": 17.112717355495807, "height_m": 45.61, "crown_diameter_m": 10.43, "site_id": 1835 }, "geometry": { "type": "Point", "coordinates": [ -73.924654312807064, 40.871350448518392 ] } },
{ "type": "Feature", "properties": { "Height": 147.28900146484401, "Radius": 23.118008108454859, "height_m": 44.89, "crown_diameter_m": 14.09, "site_id": 1836 }, "geometry": { "type": "Point", "coordinates": [ -73.924755303547272, 40.87133652262176 ] } },
{ "type": "Feature", "properties": { "Height": 147.08375549316401, "Radius": 34.517153764265217, "height_m": 44.83, "crown_diameter_m": 21.04, "site_id": 1837 }, "geometry": { "type": "Point", "coordinates": [ -73.925170285393406, 40.871349254326802 ] } },
{ "type": "Feature", "properties": { "Height": 96.746246337890597, "Radius": 23.357721312641292, "height_m": 29.49, "crown_diameter_m": 14.24, "site_id": 1838 }, "geometry": { "type": "Point", "coordinates": [ -73.923427685971362, 40.871302255589974 ] } },
{ "type": "Feature", "properties": { "Height": 69.892997741699205, "Radius": 19.963065333312567, "height_m": 21.3, "crown_diameter_m": 12.17, "site_id": 1839 }, "geometry": { "type": "Point", "coordinates": [ -73.922454675703378, 40.8713783778989 ] } },
{ "type": "Feature", "properties": { "Height": 146.49299621582, "Radius": 16.076928424958481, "height_m": 44.65, "crown_diameter_m": 9.8, "site_id": 1840 }, "geometry": { "type": "Point", "coordinates": [ -73.924958975078212, 40.871358297589424 ] } },
{ "type": "Feature", "properties": { "Height": 140.54124450683599, "Radius": 45.40937615403449, "height_m": 42.84, "crown_diameter_m": 27.68, "site_id": 1841 }, "geometry": { "type": "Point", "coordinates": [ -73.923993738193474, 40.871260059209632 ] } },
{ "type": "Feature", "properties": { "Height": 108.23300170898401, "Radius": 35.16580594589049, "height_m": 32.99, "crown_diameter_m": 21.44, "site_id": 1842 }, "geometry": { "type": "Point", "coordinates": [ -73.923565026304232, 40.871363777074329 ] } },
{ "type": "Feature", "properties": { "Height": 73.616996765136705, "Radius": 15.440663999700892, "height_m": 22.44, "crown_diameter_m": 9.41, "site_id": 1843 }, "geometry": { "type": "Point", "coordinates": [ -73.925616483171169, 40.871359543629744 ] } },
{ "type": "Feature", "properties": { "Height": 140.13250732421901, "Radius": 33.449353505501783, "height_m": 42.71, "crown_diameter_m": 20.39, "site_id": 1844 }, "geometry": { "type": "Point", "coordinates": [ -73.924237739813876, 40.871366226083964 ] } },
{ "type": "Feature", "properties": { "Height": 93.928749084472699, "Radius": 28.316472296120658, "height_m": 28.63, "crown_diameter_m": 17.26, "site_id": 1845 }, "geometry": { "type": "Point", "coordinates": [ -73.923282499267984, 40.871309177567369 ] } },
{ "type": "Feature", "properties": { "Height": 106.263999938965, "Radius": 36.780660900548135, "height_m": 32.39, "crown_diameter_m": 22.42, "site_id": 1846 }, "geometry": { "type": "Point", "coordinates": [ -73.922167016405695, 40.871380647973815 ] } },
{ "type": "Feature", "properties": { "Height": 96.621246337890597, "Radius": 14.905713688256794, "height_m": 29.45, "crown_diameter_m": 9.09, "site_id": 1847 }, "geometry": { "type": "Point", "coordinates": [ -73.925715586992666, 40.871401342413101 ] } },
{ "type": "Feature", "properties": { "Height": 133.07875061035199, "Radius": 30.571840037968858, "height_m": 40.56, "crown_diameter_m": 18.64, "site_id": 1848 }, "geometry": { "type": "Point", "coordinates": [ -73.923880300735789, 40.871405924826938 ] } },
{ "type": "Feature", "properties": { "Height": 140.64724731445301, "Radius": 27.806019376034889, "height_m": 42.87, "crown_diameter_m": 16.95, "site_id": 1849 }, "geometry": { "type": "Point", "coordinates": [ -73.923740607955438, 40.871379313206937 ] } },
{ "type": "Feature", "properties": { "Height": 148.333251953125, "Radius": 22.722205777391167, "height_m": 45.21, "crown_diameter_m": 13.85, "site_id": 1850 }, "geometry": { "type": "Point", "coordinates": [ -73.924793313147873, 40.871423177104433 ] } },
{ "type": "Feature", "properties": { "Height": 135.97399902343801, "Radius": 23.466488938440662, "height_m": 41.44, "crown_diameter_m": 14.31, "site_id": 1851 }, "geometry": { "type": "Point", "coordinates": [ -73.924499751528771, 40.871411289864831 ] } },
{ "type": "Feature", "properties": { "Height": 121.700248718262, "Radius": 31.539156525252004, "height_m": 37.09, "crown_diameter_m": 19.23, "site_id": 1852 }, "geometry": { "type": "Point", "coordinates": [ -73.925272832837109, 40.871443667669951 ] } },
{ "type": "Feature", "properties": { "Height": 53.8429985046387, "Radius": 22.005201984010316, "height_m": 16.41, "crown_diameter_m": 13.41, "site_id": 1853 }, "geometry": { "type": "Point", "coordinates": [ -73.922566168227547, 40.871439450064429 ] } },
{ "type": "Feature", "properties": { "Height": 142.64825439453099, "Radius": 21.349935761383176, "height_m": 43.48, "crown_diameter_m": 13.01, "site_id": 1854 }, "geometry": { "type": "Point", "coordinates": [ -73.924952055732973, 40.871431742342409 ] } },
{ "type": "Feature", "properties": { "Height": 71.018249511718807, "Radius": 29.193744539834206, "height_m": 21.65, "crown_diameter_m": 17.8, "site_id": 1855 }, "geometry": { "type": "Point", "coordinates": [ -73.922999085568875, 40.871370163496337 ] } },
{ "type": "Feature", "properties": { "Height": 100.369247436523, "Radius": 39.039310125154486, "height_m": 30.59, "crown_diameter_m": 23.8, "site_id": 1856 }, "geometry": { "type": "Point", "coordinates": [ -73.922335512663238, 40.871484152899221 ] } },
{ "type": "Feature", "properties": { "Height": 117.03475189209, "Radius": 28.288355446473904, "height_m": 35.67, "crown_diameter_m": 17.24, "site_id": 1857 }, "geometry": { "type": "Point", "coordinates": [ -73.925374410806072, 40.871480465233304 ] } },
{ "type": "Feature", "properties": { "Height": 101.359252929688, "Radius": 37.593827879800038, "height_m": 30.89, "crown_diameter_m": 22.92, "site_id": 1858 }, "geometry": { "type": "Point", "coordinates": [ -73.922192016088118, 40.871561862051003 ] } },
{ "type": "Feature", "properties": { "Height": 62.424999237060497, "Radius": 21.106271241368407, "height_m": 19.03, "crown_diameter_m": 12.87, "site_id": 1859 }, "geometry": { "type": "Point", "coordinates": [ -73.922945098829558, 40.871445697364706 ] } },
{ "type": "Feature", "properties": { "Height": 87.057998657226605, "Radius": 20.598715452255583, "height_m": 26.54, "crown_diameter_m": 12.56, "site_id": 1860 }, "geometry": { "type": "Point", "coordinates": [ -73.923155706277996, 40.871459207357155 ] } },
{ "type": "Feature", "properties": { "Height": 145.34550476074199, "Radius": 26.444788143333422, "height_m": 44.3, "crown_diameter_m": 16.12, "site_id": 1861 }, "geometry": { "type": "Point", "coordinates": [ -73.925001979589439, 40.871511870557299 ] } },
{ "type": "Feature", "properties": { "Height": 93.673751831054702, "Radius": 37.254673280447292, "height_m": 28.55, "crown_diameter_m": 22.71, "site_id": 1862 }, "geometry": { "type": "Point", "coordinates": [ -73.921740161166454, 40.871497285924832 ] } },
{ "type": "Feature", "properties": { "Height": 140.37925720214801, "Radius": 35.11598637481233, "height_m": 42.79, "crown_diameter_m": 21.41, "site_id": 1863 }, "geometry": { "type": "Point", "coordinates": [ -73.925593023530226, 40.871475129628273 ] } },
{ "type": "Feature", "properties": { "Height": 131.20199584960901, "Radius": 28.977603071214155, "height_m": 39.99, "crown_diameter_m": 17.66, "site_id": 1864 }, "geometry": { "type": "Point", "coordinates": [ -73.924006066758892, 40.87150838426605 ] } },
{ "type": "Feature", "properties": { "Height": 121.34674835205099, "Radius": 16.660318747018781, "height_m": 36.99, "crown_diameter_m": 10.16, "site_id": 1865 }, "geometry": { "type": "Point", "coordinates": [ -73.925433091562084, 40.871544283871408 ] } },
{ "type": "Feature", "properties": { "Height": 148.28599548339801, "Radius": 52.943714053081514, "height_m": 45.2, "crown_diameter_m": 32.27, "site_id": 1866 }, "geometry": { "type": "Point", "coordinates": [ -73.924272959988144, 40.871587122843771 ] } },
{ "type": "Feature", "properties": { "Height": 146.07350158691401, "Radius": 20.683531783305643, "height_m": 44.52, "crown_diameter_m": 12.61, "site_id": 1867 }, "geometry": { "type": "Point", "coordinates": [ -73.924119156664091, 40.871552642958299 ] } },
{ "type": "Feature", "properties": { "Height": 140.211502075195, "Radius": 22.390579955406924, "height_m": 42.74, "crown_diameter_m": 13.65, "site_id": 1868 }, "geometry": { "type": "Point", "coordinates": [ -73.924864241426107, 40.87155846768799 ] } },
{ "type": "Feature", "properties": { "Height": 68.5677490234375, "Radius": 27.502433838557497, "height_m": 20.9, "crown_diameter_m": 16.77, "site_id": 1869 }, "geometry": { "type": "Point", "coordinates": [ -73.922870954508156, 40.871534846630603 ] } },
{ "type": "Feature", "properties": { "Height": 76.806747436523395, "Radius": 14.723078227434691, "height_m": 23.41, "crown_diameter_m": 8.98, "site_id": 1870 }, "geometry": { "type": "Point", "coordinates": [ -73.922982907577378, 40.871563465991052 ] } },
{ "type": "Feature", "properties": { "Height": 90.908752441406307, "Radius": 23.357721312641292, "height_m": 27.71, "crown_diameter_m": 14.24, "site_id": 1871 }, "geometry": { "type": "Point", "coordinates": [ -73.923088020845597, 40.871546839237304 ] } },
{ "type": "Feature", "properties": { "Height": 38.9244995117188, "Radius": 21.204073057660512, "height_m": 11.86, "crown_diameter_m": 12.93, "site_id": 1872 }, "geometry": { "type": "Point", "coordinates": [ -73.922534725861681, 40.871534437713073 ] } },
{ "type": "Feature", "properties": { "Height": 85.674499511718807, "Radius": 27.479276327798331, "height_m": 26.11, "crown_diameter_m": 16.75, "site_id": 1873 }, "geometry": { "type": "Point", "coordinates": [ -73.921949145125026, 40.871548695881962 ] } },
{ "type": "Feature", "properties": { "Height": 111.66400146484401, "Radius": 45.504784222069489, "height_m": 34.04, "crown_diameter_m": 27.74, "site_id": 1874 }, "geometry": { "type": "Point", "coordinates": [ -73.923380725543126, 40.871478076337745 ] } },
{ "type": "Feature", "properties": { "Height": 66.289497375488295, "Radius": 20.255898975135768, "height_m": 20.21, "crown_diameter_m": 12.35, "site_id": 1875 }, "geometry": { "type": "Point", "coordinates": [ -73.921880460941836, 40.871616644398998 ] } },
{ "type": "Feature", "properties": { "Height": 111.348999023438, "Radius": 31.318874728753443, "height_m": 33.94, "crown_diameter_m": 19.09, "site_id": 1876 }, "geometry": { "type": "Point", "coordinates": [ -73.923300783414646, 40.87155579753059 ] } },
{ "type": "Feature", "properties": { "Height": 143.86825561523401, "Radius": 42.408146115321024, "height_m": 43.85, "crown_diameter_m": 25.85, "site_id": 1877 }, "geometry": { "type": "Point", "coordinates": [ -73.924581774555548, 40.871542240322242 ] } },
{ "type": "Feature", "properties": { "Height": 138.44299316406301, "Radius": 13.622579184763433, "height_m": 42.2, "crown_diameter_m": 8.3, "site_id": 1878 }, "geometry": { "type": "Point", "coordinates": [ -73.924322680652196, 40.871597097755448 ] } },
{ "type": "Feature", "properties": { "Height": 35.417251586914098, "Radius": 14.63634358033765, "height_m": 10.8, "crown_diameter_m": 8.92, "site_id": 1879 }, "geometry": { "type": "Point", "coordinates": [ -73.923935421625487, 40.871595876917851 ] } },
{ "type": "Feature", "properties": { "Height": 142.395751953125, "Radius": 30.876173809597155, "height_m": 43.4, "crown_diameter_m": 18.82, "site_id": 1880 }, "geometry": { "type": "Point", "coordinates": [ -73.924778726500264, 40.871614297198008 ] } },
{ "type": "Feature", "properties": { "Height": 137.42074584960901, "Radius": 25.842100170334316, "height_m": 41.89, "crown_diameter_m": 15.75, "site_id": 1881 }, "geometry": { "type": "Point", "coordinates": [ -73.925532378473591, 40.871634590446433 ] } },
{ "type": "Feature", "properties": { "Height": 36.443000793457003, "Radius": 21.631355313298616, "height_m": 11.11, "crown_diameter_m": 13.19, "site_id": 1882 }, "geometry": { "type": "Point", "coordinates": [ -73.922604617798783, 40.871622682063922 ] } },
{ "type": "Feature", "properties": { "Height": 132.1875, "Radius": 18.919288226930544, "height_m": 40.29, "crown_diameter_m": 11.53, "site_id": 1883 }, "geometry": { "type": "Point", "coordinates": [ -73.924997041590757, 40.871609288504629 ] } },
{ "type": "Feature", "properties": { "Height": 124.119003295898, "Radius": 29.997700715914483, "height_m": 37.83, "crown_diameter_m": 18.29, "site_id": 1884 }, "geometry": { "type": "Point", "coordinates": [ -73.923593462232901, 40.871613668883292 ] } },
{ "type": "Feature", "properties": { "Height": 109.78450012207, "Radius": 18.181441549059485, "height_m": 33.46, "crown_diameter_m": 11.08, "site_id": 1885 }, "geometry": { "type": "Point", "coordinates": [ -73.925132303859627, 40.87165133640481 ] } },
{ "type": "Feature", "properties": { "Height": 137.84449768066401, "Radius": 16.916281733265969, "height_m": 42.02, "crown_diameter_m": 10.31, "site_id": 1886 }, "geometry": { "type": "Point", "coordinates": [ -73.924593772109574, 40.871678562320433 ] } },
{ "type": "Feature", "properties": { "Height": 135.27149963378901, "Radius": 27.003117815828578, "height_m": 41.23, "crown_diameter_m": 16.46, "site_id": 1887 }, "geometry": { "type": "Point", "coordinates": [ -73.925005024131565, 40.871689115699489 ] } },
{ "type": "Feature", "properties": { "Height": 41.503501892089801, "Radius": 17.000746355818674, "height_m": 12.65, "crown_diameter_m": 10.36, "site_id": 1888 }, "geometry": { "type": "Point", "coordinates": [ -73.924008304534752, 40.871661596666463 ] } },
{ "type": "Feature", "properties": { "Height": 145.43099975585901, "Radius": 31.690182879085121, "height_m": 44.33, "crown_diameter_m": 19.32, "site_id": 1889 }, "geometry": { "type": "Point", "coordinates": [ -73.925673999742884, 40.871648872548796 ] } },
{ "type": "Feature", "properties": { "Height": 47.173500061035199, "Radius": 28.331924669601502, "height_m": 14.38, "crown_diameter_m": 17.27, "site_id": 1890 }, "geometry": { "type": "Point", "coordinates": [ -73.92273760155544, 40.871627449215786 ] } },
{ "type": "Feature", "properties": { "Height": 104.35675048828099, "Radius": 45.163367353041011, "height_m": 31.81, "crown_diameter_m": 27.53, "site_id": 1891 }, "geometry": { "type": "Point", "coordinates": [ -73.923157281165757, 40.871722407710379 ] } },
{ "type": "Feature", "properties": { "Height": 138.94874572753901, "Radius": 43.01922451965585, "height_m": 42.35, "crown_diameter_m": 26.22, "site_id": 1892 }, "geometry": { "type": "Point", "coordinates": [ -73.925275874343299, 40.871680201871428 ] } },
{ "type": "Feature", "properties": { "Height": 133.41450500488301, "Radius": 43.38302409391499, "height_m": 40.66, "crown_diameter_m": 26.45, "site_id": 1893 }, "geometry": { "type": "Point", "coordinates": [ -73.923780358784612, 40.871608874010697 ] } },
{ "type": "Feature", "properties": { "Height": 55.145500183105497, "Radius": 23.01796701607072, "height_m": 16.81, "crown_diameter_m": 14.03, "site_id": 1894 }, "geometry": { "type": "Point", "coordinates": [ -73.9215540483724, 40.871695592124006 ] } },
{ "type": "Feature", "properties": { "Height": 118.701499938965, "Radius": 11.534883286137944, "height_m": 36.18, "crown_diameter_m": 7.03, "site_id": 1895 }, "geometry": { "type": "Point", "coordinates": [ -73.924403131045395, 40.871701536921314 ] } },
{ "type": "Feature", "properties": { "Height": 92.114997863769503, "Radius": 24.34528718405717, "height_m": 28.08, "crown_diameter_m": 14.84, "site_id": 1896 }, "geometry": { "type": "Point", "coordinates": [ -73.923018971923824, 40.871663408267594 ] } },
{ "type": "Feature", "properties": { "Height": 82.035751342773395, "Radius": 25.052495246639392, "height_m": 25.0, "crown_diameter_m": 15.27, "site_id": 1897 }, "geometry": { "type": "Point", "coordinates": [ -73.922900363602295, 40.871702387775279 ] } },
{ "type": "Feature", "properties": { "Height": 122.400253295898, "Radius": 21.598220718437556, "height_m": 37.31, "crown_diameter_m": 13.17, "site_id": 1898 }, "geometry": { "type": "Point", "coordinates": [ -73.924771417246305, 40.871733346925161 ] } },
{ "type": "Feature", "properties": { "Height": 53.1570014953613, "Radius": 15.767054928221077, "height_m": 16.2, "crown_diameter_m": 9.61, "site_id": 1899 }, "geometry": { "type": "Point", "coordinates": [ -73.923569308387187, 40.871710840817855 ] } },
{ "type": "Feature", "properties": { "Height": 96.335746765136705, "Radius": 35.266362199575049, "height_m": 29.36, "crown_diameter_m": 21.5, "site_id": 1900 }, "geometry": { "type": "Point", "coordinates": [ -73.921717662393661, 40.871728032571774 ] } },
{ "type": "Feature", "properties": { "Height": 105.33699798584, "Radius": 37.155214659305905, "height_m": 32.11, "crown_diameter_m": 22.65, "site_id": 1901 }, "geometry": { "type": "Point", "coordinates": [ -73.922052191498295, 40.871713764757608 ] } },
{ "type": "Feature", "properties": { "Height": 49.474998474121101, "Radius": 14.617301772244749, "height_m": 15.08, "crown_diameter_m": 8.91, "site_id": 1902 }, "geometry": { "type": "Point", "coordinates": [ -73.922781813437297, 40.871736114650005 ] } },
{ "type": "Feature", "properties": { "Height": 140.19325256347699, "Radius": 20.03468907863958, "height_m": 42.73, "crown_diameter_m": 12.21, "site_id": 1903 }, "geometry": { "type": "Point", "coordinates": [ -73.923790816467999, 40.87178732172984 ] } },
{ "type": "Feature", "properties": { "Height": 124.13649749755901, "Radius": 24.062536918793814, "height_m": 37.84, "crown_diameter_m": 14.67, "site_id": 1904 }, "geometry": { "type": "Point", "coordinates": [ -73.924566880387999, 40.871745592420716 ] } },
{ "type": "Feature", "properties": { "Height": 102.078498840332, "Radius": 51.356749477735541, "height_m": 31.11, "crown_diameter_m": 31.31, "site_id": 1905 }, "geometry": { "type": "Point", "coordinates": [ -73.922295460191776, 40.87174850037934 ] } },
{ "type": "Feature", "properties": { "Height": 132.71650695800801, "Radius": 30.135329851892362, "height_m": 40.45, "crown_diameter_m": 18.37, "site_id": 1906 }, "geometry": { "type": "Point", "coordinates": [ -73.925506021403834, 40.871765273943581 ] } },
{ "type": "Feature", "properties": { "Height": 110.359748840332, "Radius": 12.741194683142286, "height_m": 33.64, "crown_diameter_m": 7.77, "site_id": 1907 }, "geometry": { "type": "Point", "coordinates": [ -73.925652631066001, 40.871780761443958 ] } },
{ "type": "Feature", "properties": { "Height": 105.05500030517599, "Radius": 24.207612448656697, "height_m": 32.02, "crown_diameter_m": 14.76, "site_id": 1908 }, "geometry": { "type": "Point", "coordinates": [ -73.923353611608164, 40.871759537552599 ] } },
{ "type": "Feature", "properties": { "Height": 69.347251892089801, "Radius": 19.450226212808818, "height_m": 21.14, "crown_diameter_m": 11.86, "site_id": 1909 }, "geometry": { "type": "Point", "coordinates": [ -73.925040738153413, 40.871791093116762 ] } },
{ "type": "Feature", "properties": { "Height": 77.142250061035199, "Radius": 18.133232266417803, "height_m": 23.51, "crown_diameter_m": 11.05, "site_id": 1910 }, "geometry": { "type": "Point", "coordinates": [ -73.92535255789322, 40.871812858343503 ] } },
{ "type": "Feature", "properties": { "Height": 117.63974761962901, "Radius": 9.9815326666562836, "height_m": 35.86, "crown_diameter_m": 6.08, "site_id": 1911 }, "geometry": { "type": "Point", "coordinates": [ -73.925720820124596, 40.871799116790186 ] } },
{ "type": "Feature", "properties": { "Height": 119.060997009277, "Radius": 19.339444569737623, "height_m": 36.29, "crown_diameter_m": 11.79, "site_id": 1912 }, "geometry": { "type": "Point", "coordinates": [ -73.924308663758453, 40.87176272622812 ] } },
{ "type": "Feature", "properties": { "Height": 143.13325500488301, "Radius": 25.332049473868512, "height_m": 43.63, "crown_diameter_m": 15.44, "site_id": 1913 }, "geometry": { "type": "Point", "coordinates": [ -73.92405215162978, 40.87176327808303 ] } },
{ "type": "Feature", "properties": { "Height": 56.986000061035199, "Radius": 22.910543474939018, "height_m": 17.37, "crown_diameter_m": 13.97, "site_id": 1914 }, "geometry": { "type": "Point", "coordinates": [ -73.922537956919825, 40.871750611169723 ] } },
{ "type": "Feature", "properties": { "Height": 109.793502807617, "Radius": 13.291425312283248, "height_m": 33.47, "crown_diameter_m": 8.1, "site_id": 1915 }, "geometry": { "type": "Point", "coordinates": [ -73.924592710785916, 40.87181734402035 ] } },
{ "type": "Feature", "properties": { "Height": 130.25750732421901, "Radius": 21.059089460980179, "height_m": 39.7, "crown_diameter_m": 12.84, "site_id": 1916 }, "geometry": { "type": "Point", "coordinates": [ -73.924919602873914, 40.871816384730749 ] } },
{ "type": "Feature", "properties": { "Height": 140.19500732421901, "Radius": 21.147704132794793, "height_m": 42.73, "crown_diameter_m": 12.89, "site_id": 1917 }, "geometry": { "type": "Point", "coordinates": [ -73.923970281331819, 40.871823124669497 ] } },
{ "type": "Feature", "properties": { "Height": 111.64875030517599, "Radius": 14.161046158239447, "height_m": 34.03, "crown_diameter_m": 8.63, "site_id": 1918 }, "geometry": { "type": "Point", "coordinates": [ -73.924681873164559, 40.87182187767754 ] } },
{ "type": "Feature", "properties": { "Height": 136.54725646972699, "Radius": 21.491106180294217, "height_m": 41.62, "crown_diameter_m": 13.1, "site_id": 1919 }, "geometry": { "type": "Point", "coordinates": [ -73.924816375239942, 40.87182407883293 ] } },
{ "type": "Feature", "properties": { "Height": 143.53924560546901, "Radius": 34.554021228728196, "height_m": 43.75, "crown_diameter_m": 21.06, "site_id": 1920 }, "geometry": { "type": "Point", "coordinates": [ -73.923626676893122, 40.87180038375994 ] } },
{ "type": "Feature", "properties": { "Height": 94.214752197265597, "Radius": 23.561248725492689, "height_m": 28.72, "crown_diameter_m": 14.36, "site_id": 1921 }, "geometry": { "type": "Point", "coordinates": [ -73.92519636483263, 40.871843313478074 ] } },
{ "type": "Feature", "properties": { "Height": 136.82974243164099, "Radius": 39.018920866895726, "height_m": 41.71, "crown_diameter_m": 23.79, "site_id": 1922 }, "geometry": { "type": "Point", "coordinates": [ -73.924410353349316, 40.871857823239104 ] } },
{ "type": "Feature", "properties": { "Height": 129.79600524902301, "Radius": 19.281751659604673, "height_m": 39.56, "crown_diameter_m": 11.75, "site_id": 1923 }, "geometry": { "type": "Point", "coordinates": [ -73.923889399693309, 40.871846139167111 ] } },
{ "type": "Feature", "properties": { "Height": 76.621246337890597, "Radius": 12.412170838050638, "height_m": 23.35, "crown_diameter_m": 7.57, "site_id": 1924 }, "geometry": { "type": "Point", "coordinates": [ -73.922948578316351, 40.871847884899104 ] } },
{ "type": "Feature", "properties": { "Height": 106.133247375488, "Radius": 21.335021379010161, "height_m": 32.35, "crown_diameter_m": 13.01, "site_id": 1925 }, "geometry": { "type": "Point", "coordinates": [ -73.925682626820659, 40.871881922735334 ] } },
{ "type": "Feature", "properties": { "Height": 73.8280029296875, "Radius": 20.693148005771, "height_m": 22.5, "crown_diameter_m": 12.61, "site_id": 1926 }, "geometry": { "type": "Point", "coordinates": [ -73.921586995296792, 40.871840964176506 ] } },
{ "type": "Feature", "properties": { "Height": 108.936248779297, "Radius": 42.38937729558549, "height_m": 33.2, "crown_diameter_m": 25.84, "site_id": 1927 }, "geometry": { "type": "Point", "coordinates": [ -73.922012017842988, 40.871946847085646 ] } },
{ "type": "Feature", "properties": { "Height": 70.0989990234375, "Radius": 21.140176919837781, "height_m": 21.37, "crown_diameter_m": 12.89, "site_id": 1928 }, "geometry": { "type": "Point", "coordinates": [ -73.92284428702969, 40.871832470891604 ] } },
{ "type": "Feature", "properties": { "Height": 140.16099548339801, "Radius": 11.368105109938904, "height_m": 42.72, "crown_diameter_m": 6.93, "site_id": 1929 }, "geometry": { "type": "Point", "coordinates": [ -73.924049124120273, 40.871865179875577 ] } },
{ "type": "Feature", "properties": { "Height": 126.630752563477, "Radius": 17.325305846400365, "height_m": 38.6, "crown_diameter_m": 10.56, "site_id": 1930 }, "geometry": { "type": "Point", "coordinates": [ -73.924766057869562, 40.871889387287474 ] } },
{ "type": "Feature", "properties": { "Height": 144.753005981445, "Radius": 32.424952645533047, "height_m": 44.12, "crown_diameter_m": 19.77, "site_id": 1931 }, "geometry": { "type": "Point", "coordinates": [ -73.92420058128225, 40.871859420881698 ] } },
{ "type": "Feature", "properties": { "Height": 143.71000671386699, "Radius": 25.180812005932435, "height_m": 43.8, "crown_diameter_m": 15.35, "site_id": 1932 }, "geometry": { "type": "Point", "coordinates": [ -73.925519206887273, 40.871877488727264 ] } },
{ "type": "Feature", "properties": { "Height": 130.07174682617199, "Radius": 11.685672474138842, "height_m": 39.65, "crown_diameter_m": 7.12, "site_id": 1933 }, "geometry": { "type": "Point", "coordinates": [ -73.924687247907016, 40.871889145877127 ] } },
{ "type": "Feature", "properties": { "Height": 89.766502380371094, "Radius": 25.15551736167189, "height_m": 27.36, "crown_diameter_m": 15.33, "site_id": 1934 }, "geometry": { "type": "Point", "coordinates": [ -73.922374584024553, 40.871854696017969 ] } },
{ "type": "Feature", "properties": { "Height": 117.31324768066401, "Radius": 47.759906243553743, "height_m": 35.76, "crown_diameter_m": 29.11, "site_id": 1935 }, "geometry": { "type": "Point", "coordinates": [ -73.923170504488752, 40.871921638798959 ] } },
{ "type": "Feature", "properties": { "Height": 101.42075347900401, "Radius": 11.479559785988718, "height_m": 30.91, "crown_diameter_m": 7.0, "site_id": 1936 }, "geometry": { "type": "Point", "coordinates": [ -73.925247671233691, 40.871917173275506 ] } },
{ "type": "Feature", "properties": { "Height": 133.11874389648401, "Radius": 29.316150714175198, "height_m": 40.57, "crown_diameter_m": 17.87, "site_id": 1937 }, "geometry": { "type": "Point", "coordinates": [ -73.923765872175451, 40.871925381662685 ] } },
{ "type": "Feature", "properties": { "Height": 123.901748657227, "Radius": 17.787636910694122, "height_m": 37.77, "crown_diameter_m": 10.84, "site_id": 1938 }, "geometry": { "type": "Point", "coordinates": [ -73.92449004365362, 40.871964473441032 ] } },
{ "type": "Feature", "properties": { "Height": 72.985496520996094, "Radius": 11.198843474056307, "height_m": 22.25, "crown_diameter_m": 6.83, "site_id": 1939 }, "geometry": { "type": "Point", "coordinates": [ -73.922192659745718, 40.871936366673289 ] } },
{ "type": "Feature", "properties": { "Height": 131.70350646972699, "Radius": 37.496330050737015, "height_m": 40.14, "crown_diameter_m": 22.86, "site_id": 1940 }, "geometry": { "type": "Point", "coordinates": [ -73.923473929499309, 40.871885206739805 ] } },
{ "type": "Feature", "properties": { "Height": 117.453750610352, "Radius": 28.085083193101518, "height_m": 35.8, "crown_diameter_m": 17.12, "site_id": 1941 }, "geometry": { "type": "Point", "coordinates": [ -73.924587450563848, 40.871951477352724 ] } },
{ "type": "Feature", "properties": { "Height": 122.93650054931599, "Radius": 25.39323240426106, "height_m": 37.47, "crown_diameter_m": 15.48, "site_id": 1942 }, "geometry": { "type": "Point", "coordinates": [ -73.925345018518428, 40.871941241516524 ] } },
{ "type": "Feature", "properties": { "Height": 109.51699829101599, "Radius": 36.075060217031215, "height_m": 33.38, "crown_diameter_m": 21.99, "site_id": 1943 }, "geometry": { "type": "Point", "coordinates": [ -73.921804962090079, 40.871893900519098 ] } },
{ "type": "Feature", "properties": { "Height": 85.969253540039105, "Radius": 11.227230955528665, "height_m": 26.2, "crown_diameter_m": 6.84, "site_id": 1944 }, "geometry": { "type": "Point", "coordinates": [ -73.922113970841465, 40.871919830147633 ] } },
{ "type": "Feature", "properties": { "Height": 132.27975463867199, "Radius": 21.938198374294355, "height_m": 40.32, "crown_diameter_m": 13.37, "site_id": 1945 }, "geometry": { "type": "Point", "coordinates": [ -73.924098919378864, 40.871965845832193 ] } },
{ "type": "Feature", "properties": { "Height": 108.431503295898, "Radius": 23.809869955405706, "height_m": 33.05, "crown_diameter_m": 14.51, "site_id": 1946 }, "geometry": { "type": "Point", "coordinates": [ -73.925031693295779, 40.87189798783546 ] } },
{ "type": "Feature", "properties": { "Height": 132.72825622558599, "Radius": 24.837160856752256, "height_m": 40.46, "crown_diameter_m": 15.14, "site_id": 1947 }, "geometry": { "type": "Point", "coordinates": [ -73.925501522894265, 40.871958121460814 ] } },
{ "type": "Feature", "properties": { "Height": 127.953750610352, "Radius": 23.849942696166671, "height_m": 39.0, "crown_diameter_m": 14.54, "site_id": 1948 }, "geometry": { "type": "Point", "coordinates": [ -73.924902713201831, 40.871956687861235 ] } },
{ "type": "Feature", "properties": { "Height": 88.235496520996094, "Radius": 27.887463660550893, "height_m": 26.89, "crown_diameter_m": 17.0, "site_id": 1949 }, "geometry": { "type": "Point", "coordinates": [ -73.921604926962317, 40.871940634327473 ] } },
{ "type": "Feature", "properties": { "Height": 120.39199829101599, "Radius": 23.28948359361322, "height_m": 36.7, "crown_diameter_m": 14.2, "site_id": 1950 }, "geometry": { "type": "Point", "coordinates": [ -73.925125382432711, 40.871969077395022 ] } },
{ "type": "Feature", "properties": { "Height": 128.34225463867199, "Radius": 27.145669756251646, "height_m": 39.12, "crown_diameter_m": 16.55, "site_id": 1951 }, "geometry": { "type": "Point", "coordinates": [ -73.923514822548427, 40.872012275671423 ] } },
{ "type": "Feature", "properties": { "Height": 95.926002502441406, "Radius": 23.207333483685147, "height_m": 29.24, "crown_diameter_m": 14.15, "site_id": 1952 }, "geometry": { "type": "Point", "coordinates": [ -73.922985845154557, 40.871984103263195 ] } },
{ "type": "Feature", "properties": { "Height": 106.268501281738, "Radius": 14.820047957642226, "height_m": 32.39, "crown_diameter_m": 9.03, "site_id": 1953 }, "geometry": { "type": "Point", "coordinates": [ -73.924680671229183, 40.87198232233478 ] } },
{ "type": "Feature", "properties": { "Height": 111.432746887207, "Radius": 24.579506992143571, "height_m": 33.96, "crown_diameter_m": 14.98, "site_id": 1954 }, "geometry": { "type": "Point", "coordinates": [ -73.924284333296683, 40.872024208531066 ] } },
{ "type": "Feature", "properties": { "Height": 120.727500915527, "Radius": 22.959119571977435, "height_m": 36.8, "crown_diameter_m": 14.0, "site_id": 1955 }, "geometry": { "type": "Point", "coordinates": [ -73.92524422060518, 40.872012972210776 ] } },
{ "type": "Feature", "properties": { "Height": 91.589248657226605, "Radius": 38.771361047852722, "height_m": 27.92, "crown_diameter_m": 23.64, "site_id": 1956 }, "geometry": { "type": "Point", "coordinates": [ -73.92254746029252, 40.871884927216541 ] } },
{ "type": "Feature", "properties": { "Height": 107.962997436523, "Radius": 14.025530637433388, "height_m": 32.91, "crown_diameter_m": 8.55, "site_id": 1957 }, "geometry": { "type": "Point", "coordinates": [ -73.92473036531635, 40.87201504249154 ] } },
{ "type": "Feature", "properties": { "Height": 109.39275360107401, "Radius": 25.496438281823728, "height_m": 33.34, "crown_diameter_m": 15.54, "site_id": 1958 }, "geometry": { "type": "Point", "coordinates": [ -73.925670831190033, 40.872028811826873 ] } },
{ "type": "Feature", "properties": { "Height": 107.708503723145, "Radius": 14.830783234644061, "height_m": 32.83, "crown_diameter_m": 9.04, "site_id": 1959 }, "geometry": { "type": "Point", "coordinates": [ -73.923380267534654, 40.872037191175551 ] } },
{ "type": "Feature", "properties": { "Height": 108.945503234863, "Radius": 37.584301209575749, "height_m": 33.21, "crown_diameter_m": 22.91, "site_id": 1960 }, "geometry": { "type": "Point", "coordinates": [ -73.921813857872309, 40.872064486989117 ] } },
{ "type": "Feature", "properties": { "Height": 135.67825317382801, "Radius": 34.49409158906797, "height_m": 41.35, "crown_diameter_m": 21.03, "site_id": 1961 }, "geometry": { "type": "Point", "coordinates": [ -73.923918124289841, 40.872011909229307 ] } },
{ "type": "Feature", "properties": { "Height": 129.46499633789099, "Radius": 20.744998580874501, "height_m": 39.46, "crown_diameter_m": 12.65, "site_id": 1962 }, "geometry": { "type": "Point", "coordinates": [ -73.924807506444083, 40.872018334540456 ] } },
{ "type": "Feature", "properties": { "Height": 131.60150146484401, "Radius": 23.540975167693873, "height_m": 40.11, "crown_diameter_m": 14.35, "site_id": 1963 }, "geometry": { "type": "Point", "coordinates": [ -73.92489858511631, 40.872076283554193 ] } },
{ "type": "Feature", "properties": { "Height": 61.958248138427699, "Radius": 19.861156221460586, "height_m": 18.88, "crown_diameter_m": 12.11, "site_id": 1964 }, "geometry": { "type": "Point", "coordinates": [ -73.923730511054885, 40.872029319695699 ] } },
{ "type": "Feature", "properties": { "Height": 96.471748352050795, "Radius": 24.862779389459288, "height_m": 29.4, "crown_diameter_m": 15.16, "site_id": 1965 }, "geometry": { "type": "Point", "coordinates": [ -73.923066108163766, 40.872097344604498 ] } },
{ "type": "Feature", "properties": { "Height": 120.6875, "Radius": 24.34528718405717, "height_m": 36.79, "crown_diameter_m": 14.84, "site_id": 1966 }, "geometry": { "type": "Point", "coordinates": [ -73.92324602919777, 40.872080569449096 ] } },
{ "type": "Feature", "properties": { "Height": 115.418251037598, "Radius": 28.06807738882166, "height_m": 35.18, "crown_diameter_m": 17.11, "site_id": 1967 }, "geometry": { "type": "Point", "coordinates": [ -73.925054015826404, 40.872103944054153 ] } },
{ "type": "Feature", "properties": { "Height": 96.638748168945298, "Radius": 13.517021664164625, "height_m": 29.46, "crown_diameter_m": 8.24, "site_id": 1968 }, "geometry": { "type": "Point", "coordinates": [ -73.924200559563459, 40.872098049421311 ] } },
{ "type": "Feature", "properties": { "Height": 109.317253112793, "Radius": 51.204672955657905, "height_m": 33.32, "crown_diameter_m": 31.21, "site_id": 1969 }, "geometry": { "type": "Point", "coordinates": [ -73.922360470733821, 40.872085472727534 ] } },
{ "type": "Feature", "properties": { "Height": 139.07800292968801, "Radius": 36.784987782617165, "height_m": 42.39, "crown_diameter_m": 22.42, "site_id": 1970 }, "geometry": { "type": "Point", "coordinates": [ -73.924080631076293, 40.872118111809883 ] } },
{ "type": "Feature", "properties": { "Height": 56.899627685546903, "Radius": 26.094911841557813, "height_m": 17.34, "crown_diameter_m": 15.91, "site_id": 1971 }, "geometry": { "type": "Point", "coordinates": [ -73.921489209463815, 40.872078071961674 ] } },
{ "type": "Feature", "properties": { "Height": 56.637001037597699, "Radius": 18.686517737224836, "height_m": 17.26, "crown_diameter_m": 11.39, "site_id": 1972 }, "geometry": { "type": "Point", "coordinates": [ -73.92360896701355, 40.872095695351412 ] } },
{ "type": "Feature", "properties": { "Height": 104.179496765137, "Radius": 23.601743597065742, "height_m": 31.75, "crown_diameter_m": 14.39, "site_id": 1973 }, "geometry": { "type": "Point", "coordinates": [ -73.925693889517746, 40.872187476536844 ] } },
{ "type": "Feature", "properties": { "Height": 138.84300231933599, "Radius": 31.392473741726953, "height_m": 42.32, "crown_diameter_m": 19.14, "site_id": 1974 }, "geometry": { "type": "Point", "coordinates": [ -73.924508506995224, 40.872092886175615 ] } },
{ "type": "Feature", "properties": { "Height": 98.373497009277301, "Radius": 25.771177263029319, "height_m": 29.98, "crown_diameter_m": 15.71, "site_id": 1975 }, "geometry": { "type": "Point", "coordinates": [ -73.925254311435111, 40.872098142445751 ] } },
{ "type": "Feature", "properties": { "Height": 40.930500030517599, "Radius": 12.354334883963913, "height_m": 12.48, "crown_diameter_m": 7.53, "site_id": 1976 }, "geometry": { "type": "Point", "coordinates": [ -73.925612684696986, 40.872128377390069 ] } },
{ "type": "Feature", "properties": { "Height": 106.30300140380901, "Radius": 39.981899009614295, "height_m": 32.4, "crown_diameter_m": 24.37, "site_id": 1977 }, "geometry": { "type": "Point", "coordinates": [ -73.922828990083246, 40.87206137385084 ] } },
{ "type": "Feature", "properties": { "Height": 124.456497192383, "Radius": 29.709818484596159, "height_m": 37.93, "crown_diameter_m": 18.11, "site_id": 1978 }, "geometry": { "type": "Point", "coordinates": [ -73.924869291064041, 40.872183439723855 ] } },
{ "type": "Feature", "properties": { "Height": 81.146247863769503, "Radius": 26.411666277835963, "height_m": 24.73, "crown_diameter_m": 16.1, "site_id": 1979 }, "geometry": { "type": "Point", "coordinates": [ -73.921663630664568, 40.872117181649259 ] } },
{ "type": "Feature", "properties": { "Height": 125.367752075195, "Radius": 24.547110105792814, "height_m": 38.21, "crown_diameter_m": 14.96, "site_id": 1980 }, "geometry": { "type": "Point", "coordinates": [ -73.924697051832709, 40.872109690913476 ] } },
{ "type": "Feature", "properties": { "Height": 12.5129995346069, "Radius": 6.9672273999797136, "height_m": 3.81, "crown_diameter_m": 4.25, "site_id": 1981 }, "geometry": { "type": "Point", "coordinates": [ -73.925448077092597, 40.872139460634088 ] } },
{ "type": "Feature", "properties": { "Height": 122.654747009277, "Radius": 24.108792009795966, "height_m": 37.39, "crown_diameter_m": 14.7, "site_id": 1982 }, "geometry": { "type": "Point", "coordinates": [ -73.923939711346577, 40.872198272348513 ] } },
{ "type": "Feature", "properties": { "Height": 105.94024658203099, "Radius": 47.766570571534771, "height_m": 32.29, "crown_diameter_m": 29.12, "site_id": 1983 }, "geometry": { "type": "Point", "coordinates": [ -73.922670917371377, 40.871993926801046 ] } },
{ "type": "Feature", "properties": { "Height": 130.40725708007801, "Radius": 35.453154486847055, "height_m": 39.75, "crown_diameter_m": 21.61, "site_id": 1984 }, "geometry": { "type": "Point", "coordinates": [ -73.923747364394998, 40.872170107801068 ] } },
{ "type": "Feature", "properties": { "Height": 106.44024658203099, "Radius": 22.305119414727752, "height_m": 32.44, "crown_diameter_m": 13.6, "site_id": 1985 }, "geometry": { "type": "Point", "coordinates": [ -73.925218564642464, 40.872182033105545 ] } },
{ "type": "Feature", "properties": { "Height": 99.565750122070298, "Radius": 22.847936741452536, "height_m": 30.35, "crown_diameter_m": 13.93, "site_id": 1986 }, "geometry": { "type": "Point", "coordinates": [ -73.924257577586872, 40.872156812215991 ] } },
{ "type": "Feature", "properties": { "Height": 127.44174957275401, "Radius": 12.283276682185287, "height_m": 38.84, "crown_diameter_m": 7.49, "site_id": 1987 }, "geometry": { "type": "Point", "coordinates": [ -73.924515175820673, 40.87215806069036 ] } },
{ "type": "Feature", "properties": { "Height": 63.675251007080099, "Radius": 22.711696778550756, "height_m": 19.41, "crown_diameter_m": 13.85, "site_id": 1988 }, "geometry": { "type": "Point", "coordinates": [ -73.921368361515306, 40.872136673615678 ] } },
{ "type": "Feature", "properties": { "Height": 66.936248779296903, "Radius": 16.821934752500674, "height_m": 20.4, "crown_diameter_m": 10.25, "site_id": 1989 }, "geometry": { "type": "Point", "coordinates": [ -73.923222531149037, 40.872167068249503 ] } },
{ "type": "Feature", "properties": { "Height": 101.546997070313, "Radius": 17.242431200258867, "height_m": 30.95, "crown_diameter_m": 10.51, "site_id": 1990 }, "geometry": { "type": "Point", "coordinates": [ -73.922777874261357, 40.872189272057106 ] } },
{ "type": "Feature", "properties": { "Height": 76.954246520996094, "Radius": 14.924387520334211, "height_m": 23.46, "crown_diameter_m": 9.1, "site_id": 1991 }, "geometry": { "type": "Point", "coordinates": [ -73.923152652906467, 40.8722033150244 ] } },
{ "type": "Feature", "properties": { "Height": 112.73574829101599, "Radius": 28.186902559783714, "height_m": 34.36, "crown_diameter_m": 17.18, "site_id": 1992 }, "geometry": { "type": "Point", "coordinates": [ -73.923493544268837, 40.872142193952129 ] } },
{ "type": "Feature", "properties": { "Height": 102.36049652099599, "Radius": 22.394133733693792, "height_m": 31.2, "crown_diameter_m": 13.65, "site_id": 1993 }, "geometry": { "type": "Point", "coordinates": [ -73.925379033655972, 40.872197199452998 ] } },
{ "type": "Feature", "properties": { "Height": 63.510501861572301, "Radius": 26.473360041845105, "height_m": 19.36, "crown_diameter_m": 16.14, "site_id": 1994 }, "geometry": { "type": "Point", "coordinates": [ -73.921269905082781, 40.872237792577863 ] } },
{ "type": "Feature", "properties": { "Height": 112.114501953125, "Radius": 25.206081266687335, "height_m": 34.17, "crown_diameter_m": 15.37, "site_id": 1995 }, "geometry": { "type": "Point", "coordinates": [ -73.922941002300902, 40.872190178035865 ] } },
{ "type": "Feature", "properties": { "Height": 103.56925201416, "Radius": 23.581504853657716, "height_m": 31.57, "crown_diameter_m": 14.38, "site_id": 1996 }, "geometry": { "type": "Point", "coordinates": [ -73.922522524411576, 40.87221917811587 ] } },
{ "type": "Feature", "properties": { "Height": 101.178497314453, "Radius": 35.882634931306725, "height_m": 30.84, "crown_diameter_m": 21.87, "site_id": 1997 }, "geometry": { "type": "Point", "coordinates": [ -73.922176266049476, 40.872151704745441 ] } },
{ "type": "Feature", "properties": { "Height": 102.478996276855, "Radius": 12.741194683142286, "height_m": 31.24, "crown_diameter_m": 7.77, "site_id": 1998 }, "geometry": { "type": "Point", "coordinates": [ -73.925260814824483, 40.872236218554612 ] } },
{ "type": "Feature", "properties": { "Height": 122.28399658203099, "Radius": 12.539740179716349, "height_m": 37.27, "crown_diameter_m": 7.64, "site_id": 1999 }, "geometry": { "type": "Point", "coordinates": [ -73.924646015172087, 40.872210652783522 ] } },
{ "type": "Feature", "properties": { "Height": 107.84625244140599, "Radius": 14.830783234644061, "height_m": 32.87, "crown_diameter_m": 9.04, "site_id": 2000 }, "geometry": { "type": "Point", "coordinates": [ -73.925096220844523, 40.872228599060755 ] } },
{ "type": "Feature", "properties": { "Height": 90.164001464843807, "Radius": 29.483966815337659, "height_m": 27.48, "crown_diameter_m": 17.97, "site_id": 2001 }, "geometry": { "type": "Point", "coordinates": [ -73.921973091061929, 40.872207916514988 ] } },
{ "type": "Feature", "properties": { "Height": 120.927001953125, "Radius": 28.966616301882279, "height_m": 36.86, "crown_diameter_m": 17.66, "site_id": 2002 }, "geometry": { "type": "Point", "coordinates": [ -73.924460362324339, 40.872193751702696 ] } },
{ "type": "Feature", "properties": { "Height": 88.981246948242202, "Radius": 30.4557877642258, "height_m": 27.12, "crown_diameter_m": 18.57, "site_id": 2003 }, "geometry": { "type": "Point", "coordinates": [ -73.921764030950939, 40.872226510532684 ] } },
{ "type": "Feature", "properties": { "Height": 86.712753295898395, "Radius": 11.901592303208293, "height_m": 26.43, "crown_diameter_m": 7.26, "site_id": 2004 }, "geometry": { "type": "Point", "coordinates": [ -73.922090463314134, 40.872230888935611 ] } },
{ "type": "Feature", "properties": { "Height": 64.686996459960895, "Radius": 23.540975167693873, "height_m": 19.72, "crown_diameter_m": 14.35, "site_id": 2005 }, "geometry": { "type": "Point", "coordinates": [ -73.925554363458787, 40.872244003921558 ] } },
{ "type": "Feature", "properties": { "Height": 88.6405029296875, "Radius": 22.447372893702742, "height_m": 27.02, "crown_diameter_m": 13.68, "site_id": 2006 }, "geometry": { "type": "Point", "coordinates": [ -73.924165672933825, 40.872268052232016 ] } },
{ "type": "Feature", "properties": { "Height": 127.71199798584, "Radius": 27.80029502818709, "height_m": 38.93, "crown_diameter_m": 16.95, "site_id": 2007 }, "geometry": { "type": "Point", "coordinates": [ -73.92432789692451, 40.872260892682384 ] } },
{ "type": "Feature", "properties": { "Height": 106.28800201416, "Radius": 25.123863243984928, "height_m": 32.4, "crown_diameter_m": 15.32, "site_id": 2008 }, "geometry": { "type": "Point", "coordinates": [ -73.922668382798562, 40.872263801504964 ] } },
{ "type": "Feature", "properties": { "Height": 63.671501159667997, "Radius": 28.952876977340484, "height_m": 19.41, "crown_diameter_m": 17.65, "site_id": 2009 }, "geometry": { "type": "Point", "coordinates": [ -73.92127948888097, 40.872334135174945 ] } },
{ "type": "Feature", "properties": { "Height": 65.003997802734403, "Radius": 15.347615963921077, "height_m": 19.81, "crown_diameter_m": 9.36, "site_id": 2010 }, "geometry": { "type": "Point", "coordinates": [ -73.923885184373333, 40.872280785975107 ] } },
{ "type": "Feature", "properties": { "Height": 114.39299774169901, "Radius": 34.710271090927073, "height_m": 34.87, "crown_diameter_m": 21.16, "site_id": 2011 }, "geometry": { "type": "Point", "coordinates": [ -73.925168492409867, 40.87235745451774 ] } },
{ "type": "Feature", "properties": { "Height": 102.431503295898, "Radius": 16.73656774376801, "height_m": 31.22, "crown_diameter_m": 10.2, "site_id": 2012 }, "geometry": { "type": "Point", "coordinates": [ -73.922163709203559, 40.872279451279653 ] } },
{ "type": "Feature", "properties": { "Height": 131.33399963378901, "Radius": 22.986831253243508, "height_m": 40.03, "crown_diameter_m": 14.01, "site_id": 2013 }, "geometry": { "type": "Point", "coordinates": [ -73.923569869319692, 40.872271399789739 ] } },
{ "type": "Feature", "properties": { "Height": 99.965248107910199, "Radius": 11.753573524837677, "height_m": 30.47, "crown_diameter_m": 7.16, "site_id": 2014 }, "geometry": { "type": "Point", "coordinates": [ -73.922297136069091, 40.872285795991843 ] } },
{ "type": "Feature", "properties": { "Height": 89.319252014160199, "Radius": 16.688952945311364, "height_m": 27.22, "crown_diameter_m": 10.17, "site_id": 2015 }, "geometry": { "type": "Point", "coordinates": [ -73.923175737260394, 40.872290154592712 ] } },
{ "type": "Feature", "properties": { "Height": 121.064750671387, "Radius": 24.482187722588801, "height_m": 36.9, "crown_diameter_m": 14.92, "site_id": 2016 }, "geometry": { "type": "Point", "coordinates": [ -73.923748589123392, 40.872310372296177 ] } },
{ "type": "Feature", "properties": { "Height": 88.375251770019503, "Radius": 26.696363706795484, "height_m": 26.94, "crown_diameter_m": 16.27, "site_id": 2017 }, "geometry": { "type": "Point", "coordinates": [ -73.921986087718608, 40.872324401685951 ] } },
{ "type": "Feature", "properties": { "Height": 88.604751586914105, "Radius": 12.741194683142286, "height_m": 27.01, "crown_diameter_m": 7.77, "site_id": 2018 }, "geometry": { "type": "Point", "coordinates": [ -73.924026412157858, 40.87229045753574 ] } },
{ "type": "Feature", "properties": { "Height": 98.566749572753906, "Radius": 13.025327993411929, "height_m": 30.04, "crown_diameter_m": 7.94, "site_id": 2019 }, "geometry": { "type": "Point", "coordinates": [ -73.92236054299471, 40.872311108176554 ] } },
{ "type": "Feature", "properties": { "Height": 131.13150024414099, "Radius": 31.604689886862285, "height_m": 39.97, "crown_diameter_m": 19.27, "site_id": 2020 }, "geometry": { "type": "Point", "coordinates": [ -73.924669735080386, 40.872315181661705 ] } },
{ "type": "Feature", "properties": { "Height": 103.78549957275401, "Radius": 24.881975979159549, "height_m": 31.63, "crown_diameter_m": 15.17, "site_id": 2021 }, "geometry": { "type": "Point", "coordinates": [ -73.922193387315588, 40.872357780472527 ] } },
{ "type": "Feature", "properties": { "Height": 128.13699340820301, "Radius": 29.832774624058668, "height_m": 39.06, "crown_diameter_m": 18.19, "site_id": 2022 }, "geometry": { "type": "Point", "coordinates": [ -73.924854640559644, 40.872401718490352 ] } },
{ "type": "Feature", "properties": { "Height": 99.717498779296903, "Radius": 21.528102431092233, "height_m": 30.39, "crown_diameter_m": 13.12, "site_id": 2023 }, "geometry": { "type": "Point", "coordinates": [ -73.925345329629366, 40.872291760458509 ] } },
{ "type": "Feature", "properties": { "Height": 118.036003112793, "Radius": 35.763790349430487, "height_m": 35.98, "crown_diameter_m": 21.8, "site_id": 2024 }, "geometry": { "type": "Point", "coordinates": [ -73.922991535351613, 40.872291720232873 ] } },
{ "type": "Feature", "properties": { "Height": 100.675003051758, "Radius": 32.562098072424739, "height_m": 30.69, "crown_diameter_m": 19.85, "site_id": 2025 }, "geometry": { "type": "Point", "coordinates": [ -73.925443119935267, 40.872365595295321 ] } },
{ "type": "Feature", "properties": { "Height": 140.35200500488301, "Radius": 40.758548747387998, "height_m": 42.78, "crown_diameter_m": 24.85, "site_id": 2026 }, "geometry": { "type": "Point", "coordinates": [ -73.924969640575839, 40.872334112607803 ] } },
{ "type": "Feature", "properties": { "Height": 99.719253540039105, "Radius": 28.230628358799702, "height_m": 30.39, "crown_diameter_m": 17.21, "site_id": 2027 }, "geometry": { "type": "Point", "coordinates": [ -73.921773179967957, 40.872432873573736 ] } },
{ "type": "Feature", "properties": { "Height": 99.916496276855497, "Radius": 32.537650213979617, "height_m": 30.45, "crown_diameter_m": 19.83, "site_id": 2028 }, "geometry": { "type": "Point", "coordinates": [ -73.922600705786124, 40.872384728653849 ] } },
{ "type": "Feature", "properties": { "Height": 88.317497253417997, "Radius": 16.803001786735081, "height_m": 26.92, "crown_diameter_m": 10.24, "site_id": 2029 }, "geometry": { "type": "Point", "coordinates": [ -73.921906431539583, 40.872368508662767 ] } },
{ "type": "Feature", "properties": { "Height": 102.21250152587901, "Radius": 20.33431931864807, "height_m": 31.15, "crown_diameter_m": 12.4, "site_id": 2030 }, "geometry": { "type": "Point", "coordinates": [ -73.922425249151672, 40.872369802306935 ] } },
{ "type": "Feature", "properties": { "Height": 100.94450378418, "Radius": 39.047462847416313, "height_m": 30.77, "crown_diameter_m": 23.8, "site_id": 2031 }, "geometry": { "type": "Point", "coordinates": [ -73.925608677526441, 40.872414595059816 ] } },
{ "type": "Feature", "properties": { "Height": 139.02600097656301, "Radius": 22.082815618339236, "height_m": 42.38, "crown_diameter_m": 13.46, "site_id": 2032 }, "geometry": { "type": "Point", "coordinates": [ -73.923639130189628, 40.872361482780803 ] } },
{ "type": "Feature", "properties": { "Height": 82.002502441406307, "Radius": 44.19174956039987, "height_m": 24.99, "crown_diameter_m": 26.94, "site_id": 2033 }, "geometry": { "type": "Point", "coordinates": [ -73.921506212626639, 40.872291932437449 ] } },
{ "type": "Feature", "properties": { "Height": 101.01300048828099, "Radius": 22.887955242593723, "height_m": 30.79, "crown_diameter_m": 13.95, "site_id": 2034 }, "geometry": { "type": "Point", "coordinates": [ -73.922254767680542, 40.872416929903814 ] } },
{ "type": "Feature", "properties": { "Height": 106.80850219726599, "Radius": 24.410573670769317, "height_m": 32.56, "crown_diameter_m": 14.88, "site_id": 2035 }, "geometry": { "type": "Point", "coordinates": [ -73.922772534124775, 40.872331836520154 ] } },
{ "type": "Feature", "properties": { "Height": 106.18374633789099, "Radius": 16.641201909113953, "height_m": 32.36, "crown_diameter_m": 10.14, "site_id": 2036 }, "geometry": { "type": "Point", "coordinates": [ -73.923472012283838, 40.872351268595189 ] } },
{ "type": "Feature", "properties": { "Height": 130.18675231933599, "Radius": 19.915173064399998, "height_m": 39.68, "crown_diameter_m": 12.14, "site_id": 2037 }, "geometry": { "type": "Point", "coordinates": [ -73.924433167013248, 40.872355383281821 ] } },
{ "type": "Feature", "properties": { "Height": 121.418251037598, "Radius": 25.047730150020609, "height_m": 37.01, "crown_diameter_m": 15.27, "site_id": 2038 }, "geometry": { "type": "Point", "coordinates": [ -73.924543575150764, 40.872373609374854 ] } },
{ "type": "Feature", "properties": { "Height": 102.883750915527, "Radius": 24.952237121658943, "height_m": 31.36, "crown_diameter_m": 15.21, "site_id": 2039 }, "geometry": { "type": "Point", "coordinates": [ -73.921692699449608, 40.872393032707777 ] } },
{ "type": "Feature", "properties": { "Height": 132.11349487304699, "Radius": 28.271471914413979, "height_m": 40.27, "crown_diameter_m": 17.23, "site_id": 2040 }, "geometry": { "type": "Point", "coordinates": [ -73.924282072237887, 40.872405505381948 ] } },
{ "type": "Feature", "properties": { "Height": 101.56575012207, "Radius": 22.333642596988071, "height_m": 30.96, "crown_diameter_m": 13.61, "site_id": 2041 }, "geometry": { "type": "Point", "coordinates": [ -73.92309006670439, 40.872380036513782 ] } },
{ "type": "Feature", "properties": { "Height": 131.42175292968801, "Radius": 13.351162356249091, "height_m": 40.06, "crown_diameter_m": 8.14, "site_id": 2042 }, "geometry": { "type": "Point", "coordinates": [ -73.923568633855325, 40.872415326742448 ] } },
{ "type": "Feature", "properties": { "Height": 83.5625, "Radius": 33.494524833989963, "height_m": 25.47, "crown_diameter_m": 20.42, "site_id": 2043 }, "geometry": { "type": "Point", "coordinates": [ -73.92157094878884, 40.872483441911882 ] } },
{ "type": "Feature", "properties": { "Height": 93.861000061035199, "Radius": 28.955625363789061, "height_m": 28.61, "crown_diameter_m": 17.65, "site_id": 2044 }, "geometry": { "type": "Point", "coordinates": [ -73.924116195949139, 40.87237780816006 ] } },
{ "type": "Feature", "properties": { "Height": 91.790748596191406, "Radius": 27.908856864653835, "height_m": 27.98, "crown_diameter_m": 17.01, "site_id": 2045 }, "geometry": { "type": "Point", "coordinates": [ -73.92532089582815, 40.872474430339025 ] } },
{ "type": "Feature", "properties": { "Height": 112.845748901367, "Radius": 45.556343772501272, "height_m": 34.4, "crown_diameter_m": 27.77, "site_id": 2046 }, "geometry": { "type": "Point", "coordinates": [ -73.92334995857604, 40.872282748665377 ] } },
{ "type": "Feature", "properties": { "Height": 89.924247741699205, "Radius": 35.944677325300979, "height_m": 27.41, "crown_diameter_m": 21.91, "site_id": 2047 }, "geometry": { "type": "Point", "coordinates": [ -73.923930280134144, 40.872403828736381 ] } },
{ "type": "Feature", "properties": { "Height": 129.56500244140599, "Radius": 15.927742441679584, "height_m": 39.49, "crown_diameter_m": 9.71, "site_id": 2048 }, "geometry": { "type": "Point", "coordinates": [ -73.924385595129991, 40.872455103726907 ] } },
{ "type": "Feature", "properties": { "Height": 36.762001037597699, "Radius": 20.141647150648858, "height_m": 11.21, "crown_diameter_m": 12.28, "site_id": 2049 }, "geometry": { "type": "Point", "coordinates": [ -73.921377210958639, 40.872451877628464 ] } },
{ "type": "Feature", "properties": { "Height": 76.868751525878906, "Radius": 10.509687459947386, "height_m": 23.43, "crown_diameter_m": 6.41, "site_id": 2050 }, "geometry": { "type": "Point", "coordinates": [ -73.92231950264258, 40.872443867486218 ] } },
{ "type": "Feature", "properties": { "Height": 112.539749145508, "Radius": 25.700058634784586, "height_m": 34.3, "crown_diameter_m": 15.67, "site_id": 2051 }, "geometry": { "type": "Point", "coordinates": [ -73.92323904897971, 40.87243214251977 ] } },
{ "type": "Feature", "properties": { "Height": 97.410247802734403, "Radius": 15.604712843580296, "height_m": 29.69, "crown_diameter_m": 9.51, "site_id": 2052 }, "geometry": { "type": "Point", "coordinates": [ -73.922618517582222, 40.872485877158049 ] } },
{ "type": "Feature", "properties": { "Height": 81.524002075195298, "Radius": 22.465091242734808, "height_m": 24.85, "crown_diameter_m": 13.69, "site_id": 2053 }, "geometry": { "type": "Point", "coordinates": [ -73.921931075116277, 40.872440498678152 ] } },
{ "type": "Feature", "properties": { "Height": 106.69725036621099, "Radius": 14.395128895068906, "height_m": 32.52, "crown_diameter_m": 8.78, "site_id": 2054 }, "geometry": { "type": "Point", "coordinates": [ -73.924495846860168, 40.872461811615217 ] } },
{ "type": "Feature", "properties": { "Height": 71.436248779296903, "Radius": 22.597536036266128, "height_m": 21.77, "crown_diameter_m": 13.78, "site_id": 2055 }, "geometry": { "type": "Point", "coordinates": [ -73.922181177238727, 40.872519666555398 ] } },
{ "type": "Feature", "properties": { "Height": 101.60800170898401, "Radius": 19.470672162123595, "height_m": 30.97, "crown_diameter_m": 11.87, "site_id": 2056 }, "geometry": { "type": "Point", "coordinates": [ -73.922972089205928, 40.872465297114907 ] } },
{ "type": "Feature", "properties": { "Height": 121.72624969482401, "Radius": 37.585359847734104, "height_m": 37.1, "crown_diameter_m": 22.91, "site_id": 2057 }, "geometry": { "type": "Point", "coordinates": [ -73.922810647994041, 40.872487374574796 ] } },
{ "type": "Feature", "properties": { "Height": 127.98000335693401, "Radius": 16.821934752500674, "height_m": 39.01, "crown_diameter_m": 10.25, "site_id": 2058 }, "geometry": { "type": "Point", "coordinates": [ -73.923769494274381, 40.872463110748825 ] } },
{ "type": "Feature", "properties": { "Height": 136.70425415039099, "Radius": 33.090572803628525, "height_m": 41.67, "crown_diameter_m": 20.17, "site_id": 2059 }, "geometry": { "type": "Point", "coordinates": [ -73.923664412960434, 40.872508657328481 ] } },
{ "type": "Feature", "properties": { "Height": 98.741752624511705, "Radius": 24.727985994800747, "height_m": 30.1, "crown_diameter_m": 15.07, "site_id": 2060 }, "geometry": { "type": "Point", "coordinates": [ -73.925183316327747, 40.872520774909034 ] } },
{ "type": "Feature", "properties": { "Height": 112.65550231933599, "Radius": 30.450561545780769, "height_m": 34.34, "crown_diameter_m": 18.56, "site_id": 2061 }, "geometry": { "type": "Point", "coordinates": [ -73.923103282776211, 40.872510593632889 ] } },
{ "type": "Feature", "properties": { "Height": 124.991752624512, "Radius": 24.521161779189431, "height_m": 38.1, "crown_diameter_m": 14.95, "site_id": 2062 }, "geometry": { "type": "Point", "coordinates": [ -73.923918412151764, 40.872519250022073 ] } },
{ "type": "Feature", "properties": { "Height": 134.403244018555, "Radius": 32.444580342636513, "height_m": 40.97, "crown_diameter_m": 19.78, "site_id": 2063 }, "geometry": { "type": "Point", "coordinates": [ -73.923426140452491, 40.872498064606994 ] } },
{ "type": "Feature", "properties": { "Height": 80.930496215820298, "Radius": 19.979003910967972, "height_m": 24.67, "crown_diameter_m": 12.18, "site_id": 2064 }, "geometry": { "type": "Point", "coordinates": [ -73.92570415434129, 40.872496492956323 ] } },
{ "type": "Feature", "properties": { "Height": 83.328750610351605, "Radius": 39.001581616657418, "height_m": 25.4, "crown_diameter_m": 23.78, "site_id": 2065 }, "geometry": { "type": "Point", "coordinates": [ -73.922061072391514, 40.872583763311283 ] } },
{ "type": "Feature", "properties": { "Height": 82.386749267578097, "Radius": 38.53150511766632, "height_m": 25.11, "crown_diameter_m": 23.49, "site_id": 2066 }, "geometry": { "type": "Point", "coordinates": [ -73.921896665047683, 40.872610736146186 ] } },
{ "type": "Feature", "properties": { "Height": 94.722999572753906, "Radius": 46.199858677331562, "height_m": 28.87, "crown_diameter_m": 28.16, "site_id": 2067 }, "geometry": { "type": "Point", "coordinates": [ -73.922453350948942, 40.87254179017431 ] } },
{ "type": "Feature", "properties": { "Height": 105.556999206543, "Radius": 22.154770242442265, "height_m": 32.17, "crown_diameter_m": 13.51, "site_id": 2068 }, "geometry": { "type": "Point", "coordinates": [ -73.924367715982228, 40.872527622750802 ] } },
{ "type": "Feature", "properties": { "Height": 142.95774841308599, "Radius": 24.553592902711806, "height_m": 43.57, "crown_diameter_m": 14.97, "site_id": 2069 }, "geometry": { "type": "Point", "coordinates": [ -73.924832360206366, 40.872498912605586 ] } },
{ "type": "Feature", "properties": { "Height": 54.315498352050803, "Radius": 17.66192765414112, "height_m": 16.56, "crown_diameter_m": 10.77, "site_id": 2070 }, "geometry": { "type": "Point", "coordinates": [ -73.925432742179908, 40.872549784396433 ] } },
{ "type": "Feature", "properties": { "Height": 110.236251831055, "Radius": 26.738062838747201, "height_m": 33.6, "crown_diameter_m": 16.3, "site_id": 2071 }, "geometry": { "type": "Point", "coordinates": [ -73.924684659713662, 40.872502653284286 ] } },
{ "type": "Feature", "properties": { "Height": 89.088996887207003, "Radius": 20.050570721306851, "height_m": 27.15, "crown_diameter_m": 12.22, "site_id": 2072 }, "geometry": { "type": "Point", "coordinates": [ -73.925636417282035, 40.872580372143858 ] } },
{ "type": "Feature", "properties": { "Height": 109.616500854492, "Radius": 17.607777518557306, "height_m": 33.41, "crown_diameter_m": 10.73, "site_id": 2073 }, "geometry": { "type": "Point", "coordinates": [ -73.924073044785445, 40.872547203072756 ] } },
{ "type": "Feature", "properties": { "Height": 123.789749145508, "Radius": 24.02944305508133, "height_m": 37.73, "crown_diameter_m": 14.65, "site_id": 2074 }, "geometry": { "type": "Point", "coordinates": [ -73.924182855813882, 40.872537887679108 ] } },
{ "type": "Feature", "properties": { "Height": 52.971626281738303, "Radius": 17.970124638784664, "height_m": 16.15, "crown_diameter_m": 10.95, "site_id": 2075 }, "geometry": { "type": "Point", "coordinates": [ -73.921406598868344, 40.872546179688065 ] } },
{ "type": "Feature", "properties": { "Height": 70.324501037597699, "Radius": 14.712264360219255, "height_m": 21.43, "crown_diameter_m": 8.97, "site_id": 2076 }, "geometry": { "type": "Point", "coordinates": [ -73.92292846372392, 40.872568502682157 ] } },
{ "type": "Feature", "properties": { "Height": 102.526252746582, "Radius": 19.269366420134105, "height_m": 31.25, "crown_diameter_m": 11.75, "site_id": 2077 }, "geometry": { "type": "Point", "coordinates": [ -73.923213267052788, 40.872578345778102 ] } },
{ "type": "Feature", "properties": { "Height": 140.847244262695, "Radius": 28.22076071320269, "height_m": 42.93, "crown_diameter_m": 17.2, "site_id": 2078 }, "geometry": { "type": "Point", "coordinates": [ -73.923525888920338, 40.872633578618554 ] } },
{ "type": "Feature", "properties": { "Height": 136.71675109863301, "Radius": 28.130381743817551, "height_m": 41.67, "crown_diameter_m": 17.15, "site_id": 2079 }, "geometry": { "type": "Point", "coordinates": [ -73.924938896694982, 40.872581202846519 ] } },
{ "type": "Feature", "properties": { "Height": 78.349502563476605, "Radius": 12.753679933255228, "height_m": 23.88, "crown_diameter_m": 7.77, "site_id": 2080 }, "geometry": { "type": "Point", "coordinates": [ -73.923005264129245, 40.872609377591715 ] } },
{ "type": "Feature", "properties": { "Height": 133.15875244140599, "Radius": 22.546416305823719, "height_m": 40.59, "crown_diameter_m": 13.74, "site_id": 2081 }, "geometry": { "type": "Point", "coordinates": [ -73.923686224659534, 40.872617674977015 ] } },
{ "type": "Feature", "properties": { "Height": 48.090999603271499, "Radius": 17.235506992282609, "height_m": 14.66, "crown_diameter_m": 10.51, "site_id": 2082 }, "geometry": { "type": "Point", "coordinates": [ -73.921308139421001, 40.872580217688594 ] } },
{ "type": "Feature", "properties": { "Height": 49.522125244140597, "Radius": 17.83231830967603, "height_m": 15.09, "crown_diameter_m": 10.87, "site_id": 2083 }, "geometry": { "type": "Point", "coordinates": [ -73.921503636529664, 40.872613065579266 ] } },
{ "type": "Feature", "properties": { "Height": 45.504001617431598, "Radius": 22.720454615138372, "height_m": 13.87, "crown_diameter_m": 13.85, "site_id": 2084 }, "geometry": { "type": "Point", "coordinates": [ -73.921763949269902, 40.872659904764141 ] } },
{ "type": "Feature", "properties": { "Height": 123.65374755859401, "Radius": 15.937731619482898, "height_m": 37.69, "crown_diameter_m": 9.72, "site_id": 2085 }, "geometry": { "type": "Point", "coordinates": [ -73.923991480346032, 40.872605362352367 ] } },
{ "type": "Feature", "properties": { "Height": 48.203750610351598, "Radius": 17.428344984274389, "height_m": 14.69, "crown_diameter_m": 10.62, "site_id": 2086 }, "geometry": { "type": "Point", "coordinates": [ -73.925501215013227, 40.872607740831015 ] } },
{ "type": "Feature", "properties": { "Height": 38.994251251220703, "Radius": 18.102486785693632, "height_m": 11.89, "crown_diameter_m": 11.04, "site_id": 2087 }, "geometry": { "type": "Point", "coordinates": [ -73.921654349655299, 40.872623236359452 ] } },
{ "type": "Feature", "properties": { "Height": 119.788497924805, "Radius": 20.412438389731442, "height_m": 36.51, "crown_diameter_m": 12.44, "site_id": 2088 }, "geometry": { "type": "Point", "coordinates": [ -73.923868606446675, 40.872615120091425 ] } },
{ "type": "Feature", "properties": { "Height": 134.91375732421901, "Radius": 24.785844353879011, "height_m": 41.12, "crown_diameter_m": 15.11, "site_id": 2089 }, "geometry": { "type": "Point", "coordinates": [ -73.924249616177988, 40.872622527004445 ] } },
{ "type": "Feature", "properties": { "Height": 148.98425292968801, "Radius": 33.733630743029302, "height_m": 45.41, "crown_diameter_m": 20.56, "site_id": 2090 }, "geometry": { "type": "Point", "coordinates": [ -73.924483649107657, 40.872602097027283 ] } },
{ "type": "Feature", "properties": { "Height": 137.76075744628901, "Radius": 15.42003518087075, "height_m": 41.99, "crown_diameter_m": 9.4, "site_id": 2091 }, "geometry": { "type": "Point", "coordinates": [ -73.924760617955457, 40.872609325163516 ] } },
{ "type": "Feature", "properties": { "Height": 101.539749145508, "Radius": 17.760774116241009, "height_m": 30.95, "crown_diameter_m": 10.83, "site_id": 2092 }, "geometry": { "type": "Point", "coordinates": [ -73.923282443546, 40.872642712774329 ] } },
{ "type": "Feature", "properties": { "Height": 74.643753051757798, "Radius": 16.885676786825293, "height_m": 22.75, "crown_diameter_m": 10.29, "site_id": 2093 }, "geometry": { "type": "Point", "coordinates": [ -73.925683848641398, 40.872651487252583 ] } },
{ "type": "Feature", "properties": { "Height": 25.445249557495099, "Radius": 11.961617526054489, "height_m": 7.76, "crown_diameter_m": 7.29, "site_id": 2094 }, "geometry": { "type": "Point", "coordinates": [ -73.925549310562431, 40.872660851158322 ] } },
{ "type": "Feature", "properties": { "Height": 130.83900451660199, "Radius": 28.206658088408574, "height_m": 39.88, "crown_diameter_m": 17.19, "site_id": 2095 }, "geometry": { "type": "Point", "coordinates": [ -73.923428718752575, 40.872690270166849 ] } },
{ "type": "Feature", "properties": { "Height": 77.381752014160199, "Radius": 25.482389366284572, "height_m": 23.59, "crown_diameter_m": 15.53, "site_id": 2096 }, "geometry": { "type": "Point", "coordinates": [ -73.925343242907545, 40.872654209298148 ] } },
{ "type": "Feature", "properties": { "Height": 87.345252990722699, "Radius": 29.486665700126629, "height_m": 26.62, "crown_diameter_m": 17.98, "site_id": 2097 }, "geometry": { "type": "Point", "coordinates": [ -73.923077625847583, 40.872664337632315 ] } },
{ "type": "Feature", "properties": { "Height": 72.3907470703125, "Radius": 39.78036700638539, "height_m": 22.06, "crown_diameter_m": 24.25, "site_id": 2098 }, "geometry": { "type": "Point", "coordinates": [ -73.922518830952043, 40.872731745363239 ] } },
{ "type": "Feature", "properties": { "Height": 76.132247924804702, "Radius": 48.411937494498716, "height_m": 23.21, "crown_diameter_m": 29.51, "site_id": 2099 }, "geometry": { "type": "Point", "coordinates": [ -73.922799509184117, 40.872716907924854 ] } },
{ "type": "Feature", "properties": { "Height": 78.903747558593807, "Radius": 18.498192550829796, "height_m": 24.05, "crown_diameter_m": 11.28, "site_id": 2100 }, "geometry": { "type": "Point", "coordinates": [ -73.92544416831997, 40.872702299393453 ] } },
{ "type": "Feature", "properties": { "Height": 120.721000671387, "Radius": 26.516910426744548, "height_m": 36.8, "crown_diameter_m": 16.16, "site_id": 2101 }, "geometry": { "type": "Point", "coordinates": [ -73.923884217781975, 40.872695113570188 ] } },
{ "type": "Feature", "properties": { "Height": 151.73724365234401, "Radius": 32.829822945278202, "height_m": 46.25, "crown_diameter_m": 20.01, "site_id": 2102 }, "geometry": { "type": "Point", "coordinates": [ -73.924613587708919, 40.872662030244854 ] } },
{ "type": "Feature", "properties": { "Height": 56.255500793457003, "Radius": 34.68045422057579, "height_m": 17.15, "crown_diameter_m": 21.14, "site_id": 2103 }, "geometry": { "type": "Point", "coordinates": [ -73.92135201747945, 40.872680825855007 ] } },
{ "type": "Feature", "properties": { "Height": 64.825248718261705, "Radius": 9.9175478234688299, "height_m": 19.76, "crown_diameter_m": 6.05, "site_id": 2104 }, "geometry": { "type": "Point", "coordinates": [ -73.925718633747564, 40.872711365111229 ] } },
{ "type": "Feature", "properties": { "Height": 99.814247131347699, "Radius": 17.279313448178307, "height_m": 30.42, "crown_diameter_m": 10.53, "site_id": 2105 }, "geometry": { "type": "Point", "coordinates": [ -73.923681177588762, 40.872694679606411 ] } },
{ "type": "Feature", "properties": { "Height": 74.672996520996094, "Radius": 17.894684839384389, "height_m": 22.76, "crown_diameter_m": 10.91, "site_id": 2106 }, "geometry": { "type": "Point", "coordinates": [ -73.925282017172336, 40.872734575180402 ] } },
{ "type": "Feature", "properties": { "Height": 122.140747070313, "Radius": 24.527651434398777, "height_m": 37.23, "crown_diameter_m": 14.95, "site_id": 2107 }, "geometry": { "type": "Point", "coordinates": [ -73.925158676919324, 40.872727552489572 ] } },
{ "type": "Feature", "properties": { "Height": 53.401248931884801, "Radius": 30.919957036726544, "height_m": 16.28, "crown_diameter_m": 18.85, "site_id": 2108 }, "geometry": { "type": "Point", "coordinates": [ -73.922240036160289, 40.872680872047745 ] } },
{ "type": "Feature", "properties": { "Height": 133.67924499511699, "Radius": 41.532171544839329, "height_m": 40.75, "crown_diameter_m": 25.32, "site_id": 2109 }, "geometry": { "type": "Point", "coordinates": [ -73.925080438579258, 40.87267182992845 ] } },
{ "type": "Feature", "properties": { "Height": 151.062744140625, "Radius": 26.552898107308298, "height_m": 46.04, "crown_diameter_m": 16.19, "site_id": 2110 }, "geometry": { "type": "Point", "coordinates": [ -73.924783663556468, 40.872701991437403 ] } },
{ "type": "Feature", "properties": { "Height": 82.768249511718807, "Radius": 37.93519468036137, "height_m": 25.23, "crown_diameter_m": 23.13, "site_id": 2111 }, "geometry": { "type": "Point", "coordinates": [ -73.923293330529958, 40.872822318819431 ] } },
{ "type": "Feature", "properties": { "Height": 130.60775756835901, "Radius": 24.47568601281472, "height_m": 39.81, "crown_diameter_m": 14.92, "site_id": 2112 }, "geometry": { "type": "Point", "coordinates": [ -73.92431841174151, 40.872712944257479 ] } },
{ "type": "Feature", "properties": { "Height": 129.58050537109401, "Radius": 32.878265974350796, "height_m": 39.5, "crown_diameter_m": 20.04, "site_id": 2113 }, "geometry": { "type": "Point", "coordinates": [ -73.924124138109846, 40.872714650079061 ] } },
{ "type": "Feature", "properties": { "Height": 75.972000122070298, "Radius": 21.735948301564651, "height_m": 23.16, "crown_diameter_m": 13.25, "site_id": 2114 }, "geometry": { "type": "Point", "coordinates": [ -73.92559469144129, 40.872769548662873 ] } },
{ "type": "Feature", "properties": { "Height": 78.208000183105497, "Radius": 29.739267286899693, "height_m": 23.84, "crown_diameter_m": 18.13, "site_id": 2115 }, "geometry": { "type": "Point", "coordinates": [ -73.923077888002339, 40.872767921887856 ] } },
{ "type": "Feature", "properties": { "Height": 87.179000854492202, "Radius": 16.390654164465779, "height_m": 26.57, "crown_diameter_m": 9.99, "site_id": 2116 }, "geometry": { "type": "Point", "coordinates": [ -73.923899383971474, 40.872765024884167 ] } },
{ "type": "Feature", "properties": { "Height": 122.30100250244099, "Radius": 25.65667251667837, "height_m": 37.28, "crown_diameter_m": 15.64, "site_id": 2117 }, "geometry": { "type": "Point", "coordinates": [ -73.924435735687354, 40.872789314119089 ] } },
{ "type": "Feature", "properties": { "Height": 58.330501556396499, "Radius": 24.569792411568297, "height_m": 17.78, "crown_diameter_m": 14.98, "site_id": 2118 }, "geometry": { "type": "Point", "coordinates": [ -73.921732493676828, 40.872781798758901 ] } },
{ "type": "Feature", "properties": { "Height": 66.429000854492202, "Radius": 23.468184432748604, "height_m": 20.25, "crown_diameter_m": 14.31, "site_id": 2119 }, "geometry": { "type": "Point", "coordinates": [ -73.925458935205413, 40.872794414485469 ] } },
{ "type": "Feature", "properties": { "Height": 100.821502685547, "Radius": 31.367114279035889, "height_m": 30.73, "crown_diameter_m": 19.12, "site_id": 2120 }, "geometry": { "type": "Point", "coordinates": [ -73.923691016354098, 40.872781793956563 ] } },
{ "type": "Feature", "properties": { "Height": 74.155746459960895, "Radius": 21.697472702271718, "height_m": 22.6, "crown_diameter_m": 13.23, "site_id": 2121 }, "geometry": { "type": "Point", "coordinates": [ -73.92568434124658, 40.872807252247391 ] } },
{ "type": "Feature", "properties": { "Height": 45.977500915527301, "Radius": 29.398825120411491, "height_m": 14.01, "crown_diameter_m": 17.92, "site_id": 2122 }, "geometry": { "type": "Point", "coordinates": [ -73.922003265311631, 40.872792470975853 ] } },
{ "type": "Feature", "properties": { "Height": 146.91749572753901, "Radius": 14.472315126092795, "height_m": 44.78, "crown_diameter_m": 8.82, "site_id": 2123 }, "geometry": { "type": "Point", "coordinates": [ -73.924725255688017, 40.872804400114497 ] } },
{ "type": "Feature", "properties": { "Height": 84.198997497558594, "Radius": 21.349935761383176, "height_m": 25.66, "crown_diameter_m": 13.01, "site_id": 2124 }, "geometry": { "type": "Point", "coordinates": [ -73.925280350828757, 40.872820789559221 ] } },
{ "type": "Feature", "properties": { "Height": 150.22149658203099, "Radius": 21.712138113004762, "height_m": 45.79, "crown_diameter_m": 13.24, "site_id": 2125 }, "geometry": { "type": "Point", "coordinates": [ -73.924592914737545, 40.872805947198842 ] } },
{ "type": "Feature", "properties": { "Height": 137.63000488281301, "Radius": 40.314889046783144, "height_m": 41.95, "crown_diameter_m": 24.58, "site_id": 2126 }, "geometry": { "type": "Point", "coordinates": [ -73.924918292576649, 40.872847591726355 ] } },
{ "type": "Feature", "properties": { "Height": 107.869750976563, "Radius": 25.149189725460182, "height_m": 32.88, "crown_diameter_m": 15.33, "site_id": 2127 }, "geometry": { "type": "Point", "coordinates": [ -73.92514571995541, 40.8728742912716 ] } },
{ "type": "Feature", "properties": { "Height": 131.95150756835901, "Radius": 23.398568422792877, "height_m": 40.22, "crown_diameter_m": 14.26, "site_id": 2128 }, "geometry": { "type": "Point", "coordinates": [ -73.923597732041415, 40.872850159444909 ] } },
{ "type": "Feature", "properties": { "Height": 147.12774658203099, "Radius": 19.722441048627633, "height_m": 44.84, "crown_diameter_m": 12.02, "site_id": 2129 }, "geometry": { "type": "Point", "coordinates": [ -73.92467731081679, 40.872873240881667 ] } },
{ "type": "Feature", "properties": { "Height": 69.805999755859403, "Radius": 17.325305846400365, "height_m": 21.28, "crown_diameter_m": 10.56, "site_id": 2130 }, "geometry": { "type": "Point", "coordinates": [ -73.925373834183588, 40.872866285091085 ] } },
{ "type": "Feature", "properties": { "Height": 63.569499969482401, "Radius": 17.65742148551206, "height_m": 19.38, "crown_diameter_m": 10.76, "site_id": 2131 }, "geometry": { "type": "Point", "coordinates": [ -73.923444618943975, 40.872857921036619 ] } },
{ "type": "Feature", "properties": { "Height": 68.472999572753906, "Radius": 20.987170009480085, "height_m": 20.87, "crown_diameter_m": 12.79, "site_id": 2132 }, "geometry": { "type": "Point", "coordinates": [ -73.925599313709398, 40.872900588907534 ] } },
{ "type": "Feature", "properties": { "Height": 131.51524353027301, "Radius": 27.725770956528049, "height_m": 40.09, "crown_diameter_m": 16.9, "site_id": 2133 }, "geometry": { "type": "Point", "coordinates": [ -73.923573448782818, 40.872944974695216 ] } },
{ "type": "Feature", "properties": { "Height": 135.80474853515599, "Radius": 31.071431972077455, "height_m": 41.39, "crown_diameter_m": 18.94, "site_id": 2134 }, "geometry": { "type": "Point", "coordinates": [ -73.923995966448885, 40.872839262663405 ] } },
{ "type": "Feature", "properties": { "Height": 76.985748291015597, "Radius": 15.987583888930306, "height_m": 23.47, "crown_diameter_m": 9.75, "site_id": 2135 }, "geometry": { "type": "Point", "coordinates": [ -73.923810191776226, 40.872866209740458 ] } },
{ "type": "Feature", "properties": { "Height": 37.328498840332003, "Radius": 22.449145357908098, "height_m": 11.38, "crown_diameter_m": 13.68, "site_id": 2136 }, "geometry": { "type": "Point", "coordinates": [ -73.921828552898248, 40.872883349811268 ] } },
{ "type": "Feature", "properties": { "Height": 64.626998901367202, "Radius": 33.746602722260164, "height_m": 19.7, "crown_diameter_m": 20.57, "site_id": 2137 }, "geometry": { "type": "Point", "coordinates": [ -73.923103419521965, 40.872911401109874 ] } },
{ "type": "Feature", "properties": { "Height": 132.50375366210901, "Radius": 31.935323316554435, "height_m": 40.39, "crown_diameter_m": 19.47, "site_id": 2138 }, "geometry": { "type": "Point", "coordinates": [ -73.924235522086107, 40.872858680735696 ] } },
{ "type": "Feature", "properties": { "Height": 69.852752685546903, "Radius": 12.202026440819907, "height_m": 21.29, "crown_diameter_m": 7.44, "site_id": 2139 }, "geometry": { "type": "Point", "coordinates": [ -73.925713019562963, 40.872902021897588 ] } },
{ "type": "Feature", "properties": { "Height": 65.731498718261705, "Radius": 21.249060533390814, "height_m": 20.03, "crown_diameter_m": 12.95, "site_id": 2140 }, "geometry": { "type": "Point", "coordinates": [ -73.925362219871957, 40.87295127827668 ] } },
{ "type": "Feature", "properties": { "Height": 105.05249786377, "Radius": 27.771655590247494, "height_m": 32.02, "crown_diameter_m": 16.93, "site_id": 2141 }, "geometry": { "type": "Point", "coordinates": [ -73.92370259154535, 40.87297775328129 ] } },
{ "type": "Feature", "properties": { "Height": 146.23350524902301, "Radius": 29.46371729932839, "height_m": 44.57, "crown_diameter_m": 17.96, "site_id": 2142 }, "geometry": { "type": "Point", "coordinates": [ -73.924043606271255, 40.87296017468671 ] } },
{ "type": "Feature", "properties": { "Height": 137.89125061035199, "Radius": 19.891183688419648, "height_m": 42.03, "crown_diameter_m": 12.13, "site_id": 2143 }, "geometry": { "type": "Point", "coordinates": [ -73.924261326998732, 40.872964328560727 ] } },
{ "type": "Feature", "properties": { "Height": 98.769752502441406, "Radius": 24.907548417542184, "height_m": 30.11, "crown_diameter_m": 15.18, "site_id": 2144 }, "geometry": { "type": "Point", "coordinates": [ -73.925165207942598, 40.872973764649593 ] } },
{ "type": "Feature", "properties": { "Height": 33.824249267578097, "Radius": 14.80124248723714, "height_m": 10.31, "crown_diameter_m": 9.02, "site_id": 2145 }, "geometry": { "type": "Point", "coordinates": [ -73.921787849646705, 40.872961289216832 ] } },
{ "type": "Feature", "properties": { "Height": 102.85724639892599, "Radius": 26.910128038865288, "height_m": 31.35, "crown_diameter_m": 16.4, "site_id": 2146 }, "geometry": { "type": "Point", "coordinates": [ -73.924798285635902, 40.872950704146795 ] } },
{ "type": "Feature", "properties": { "Height": 78.625, "Radius": 29.435344574036808, "height_m": 23.96, "crown_diameter_m": 17.94, "site_id": 2147 }, "geometry": { "type": "Point", "coordinates": [ -73.925562251245054, 40.873050245978277 ] } },
{ "type": "Feature", "properties": { "Height": 124.71499633789099, "Radius": 25.23605565024414, "height_m": 38.01, "crown_diameter_m": 15.38, "site_id": 2148 }, "geometry": { "type": "Point", "coordinates": [ -73.923895855575239, 40.872995442221118 ] } },
{ "type": "Feature", "properties": { "Height": 75.429496765136705, "Radius": 27.834623456611492, "height_m": 22.99, "crown_diameter_m": 16.97, "site_id": 2149 }, "geometry": { "type": "Point", "coordinates": [ -73.925460653631518, 40.873000168177711 ] } },
{ "type": "Feature", "properties": { "Height": 135.72650146484401, "Radius": 41.63168661333264, "height_m": 41.37, "crown_diameter_m": 25.38, "site_id": 2150 }, "geometry": { "type": "Point", "coordinates": [ -73.924484879670999, 40.872956911863724 ] } },
{ "type": "Feature", "properties": { "Height": 75.872749328613295, "Radius": 23.078388528166947, "height_m": 23.13, "crown_diameter_m": 14.07, "site_id": 2151 }, "geometry": { "type": "Point", "coordinates": [ -73.925237823771127, 40.873030447930425 ] } },
{ "type": "Feature", "properties": { "Height": 125.72850036621099, "Radius": 15.965169631471829, "height_m": 38.32, "crown_diameter_m": 9.73, "site_id": 2152 }, "geometry": { "type": "Point", "coordinates": [ -73.924181583106432, 40.873027751619219 ] } },
{ "type": "Feature", "properties": { "Height": 125.893753051758, "Radius": 15.389040103942165, "height_m": 38.37, "crown_diameter_m": 9.38, "site_id": 2153 }, "geometry": { "type": "Point", "coordinates": [ -73.924275526378807, 40.87304816433862 ] } },
{ "type": "Feature", "properties": { "Height": 62.101249694824197, "Radius": 17.876888032555495, "height_m": 18.93, "crown_diameter_m": 10.9, "site_id": 2154 }, "geometry": { "type": "Point", "coordinates": [ -73.92324719143727, 40.873054090954334 ] } },
{ "type": "Feature", "properties": { "Height": 116.696746826172, "Radius": 16.688952945311364, "height_m": 35.57, "crown_diameter_m": 10.17, "site_id": 2155 }, "geometry": { "type": "Point", "coordinates": [ -73.924585747309905, 40.873061029252504 ] } },
{ "type": "Feature", "properties": { "Height": 138.32725524902301, "Radius": 35.545063169658469, "height_m": 42.16, "crown_diameter_m": 21.67, "site_id": 2156 }, "geometry": { "type": "Point", "coordinates": [ -73.924961333176626, 40.873049846891099 ] } },
{ "type": "Feature", "properties": { "Height": 138.05424499511699, "Radius": 43.259031668248255, "height_m": 42.08, "crown_diameter_m": 26.37, "site_id": 2157 }, "geometry": { "type": "Point", "coordinates": [ -73.924391949979011, 40.873146872062691 ] } },
{ "type": "Feature", "properties": { "Height": 135.81750488281301, "Radius": 25.283311273023511, "height_m": 41.4, "crown_diameter_m": 15.41, "site_id": 2158 }, "geometry": { "type": "Point", "coordinates": [ -73.924086634842098, 40.873097964208426 ] } },
{ "type": "Feature", "properties": { "Height": 54.562248229980497, "Radius": 14.838829595612896, "height_m": 16.63, "crown_diameter_m": 9.05, "site_id": 2159 }, "geometry": { "type": "Point", "coordinates": [ -73.925367021547302, 40.87308061852076 ] } },
{ "type": "Feature", "properties": { "Height": 101.88649749755901, "Radius": 41.292935023015993, "height_m": 31.06, "crown_diameter_m": 25.17, "site_id": 2160 }, "geometry": { "type": "Point", "coordinates": [ -73.923406207054214, 40.87303378073485 ] } },
{ "type": "Feature", "properties": { "Height": 147.61924743652301, "Radius": 38.999541198041008, "height_m": 44.99, "crown_diameter_m": 23.77, "site_id": 2161 }, "geometry": { "type": "Point", "coordinates": [ -73.924821254158601, 40.873131629918973 ] } },
{ "type": "Feature", "properties": { "Height": 76.5989990234375, "Radius": 37.207650725151296, "height_m": 23.35, "crown_diameter_m": 22.68, "site_id": 2162 }, "geometry": { "type": "Point", "coordinates": [ -73.925662441921958, 40.873120610784134 ] } },
{ "type": "Feature", "properties": { "Height": 30.314750671386701, "Radius": 15.326861909850873, "height_m": 9.24, "crown_diameter_m": 9.34, "site_id": 2163 }, "geometry": { "type": "Point", "coordinates": [ -73.925296223320615, 40.873111254149336 ] } },
{ "type": "Feature", "properties": { "Height": 127.302001953125, "Radius": 29.245489638162084, "height_m": 38.8, "crown_diameter_m": 17.83, "site_id": 2164 }, "geometry": { "type": "Point", "coordinates": [ -73.923784919215052, 40.873093701433177 ] } },
{ "type": "Feature", "properties": { "Height": 116.63825225830099, "Radius": 30.658915406464299, "height_m": 35.55, "crown_diameter_m": 18.69, "site_id": 2165 }, "geometry": { "type": "Point", "coordinates": [ -73.923628727399191, 40.873157008758639 ] } },
{ "type": "Feature", "properties": { "Height": 129.37649536132801, "Radius": 21.894626934314015, "height_m": 39.43, "crown_diameter_m": 13.35, "site_id": 2166 }, "geometry": { "type": "Point", "coordinates": [ -73.923955083834514, 40.873123996259373 ] } },
{ "type": "Feature", "properties": { "Height": 88.299499511718807, "Radius": 13.957279475043833, "height_m": 26.91, "crown_diameter_m": 8.51, "site_id": 2167 }, "geometry": { "type": "Point", "coordinates": [ -73.924194639751846, 40.873178396585111 ] } },
{ "type": "Feature", "properties": { "Height": 49.6450004577637, "Radius": 22.418994408407471, "height_m": 15.13, "crown_diameter_m": 13.67, "site_id": 2168 }, "geometry": { "type": "Point", "coordinates": [ -73.925397871574191, 40.87318707978838 ] } },
{ "type": "Feature", "properties": { "Height": 157.68525695800801, "Radius": 35.686942354611254, "height_m": 48.06, "crown_diameter_m": 21.75, "site_id": 2169 }, "geometry": { "type": "Point", "coordinates": [ -73.92467025415651, 40.873227690093287 ] } },
{ "type": "Feature", "properties": { "Height": 78.440246582031307, "Radius": 19.562414489639625, "height_m": 23.91, "crown_diameter_m": 11.93, "site_id": 2170 }, "geometry": { "type": "Point", "coordinates": [ -73.92509161887574, 40.873151385952383 ] } },
{ "type": "Feature", "properties": { "Height": 31.036750793456999, "Radius": 13.610890997982686, "height_m": 9.46, "crown_diameter_m": 8.3, "site_id": 2171 }, "geometry": { "type": "Point", "coordinates": [ -73.925296274427097, 40.873195641643072 ] } },
{ "type": "Feature", "properties": { "Height": 136.54725646972699, "Radius": 23.330450175131254, "height_m": 41.62, "crown_diameter_m": 14.22, "site_id": 2172 }, "geometry": { "type": "Point", "coordinates": [ -73.92389432113535, 40.873214623669803 ] } },
{ "type": "Feature", "properties": { "Height": 48.672248840332003, "Radius": 21.936384625510776, "height_m": 14.84, "crown_diameter_m": 13.37, "site_id": 2173 }, "geometry": { "type": "Point", "coordinates": [ -73.92521039523541, 40.873167719506654 ] } },
{ "type": "Feature", "properties": { "Height": 109.037246704102, "Radius": 15.481839176803071, "height_m": 33.23, "crown_diameter_m": 9.44, "site_id": 2174 }, "geometry": { "type": "Point", "coordinates": [ -73.924494731628798, 40.873210968578796 ] } },
{ "type": "Feature", "properties": { "Height": 78.613998413085895, "Radius": 16.972638186102081, "height_m": 23.96, "crown_diameter_m": 10.35, "site_id": 2175 }, "geometry": { "type": "Point", "coordinates": [ -73.925000589410644, 40.873252394932976 ] } },
{ "type": "Feature", "properties": { "Height": 89.0157470703125, "Radius": 15.316474337048122, "height_m": 27.13, "crown_diameter_m": 9.34, "site_id": 2176 }, "geometry": { "type": "Point", "coordinates": [ -73.924588113828349, 40.873231652623218 ] } },
{ "type": "Feature", "properties": { "Height": 66.834747314453097, "Radius": 25.112774876576967, "height_m": 20.37, "crown_diameter_m": 15.31, "site_id": 2177 }, "geometry": { "type": "Point", "coordinates": [ -73.925113362517394, 40.873260950769584 ] } },
{ "type": "Feature", "properties": { "Height": 56.839000701904297, "Radius": 18.856090338861186, "height_m": 17.32, "crown_diameter_m": 11.49, "site_id": 2178 }, "geometry": { "type": "Point", "coordinates": [ -73.925507927261819, 40.873224881342587 ] } },
{ "type": "Feature", "properties": { "Height": 130.28825378418, "Radius": 31.255288203727282, "height_m": 39.71, "crown_diameter_m": 19.05, "site_id": 2179 }, "geometry": { "type": "Point", "coordinates": [ -73.924082631599845, 40.873245058142011 ] } },
{ "type": "Feature", "properties": { "Height": 83.616996765136705, "Radius": 10.958211741102424, "height_m": 25.49, "crown_diameter_m": 6.68, "site_id": 2180 }, "geometry": { "type": "Point", "coordinates": [ -73.923528315780771, 40.873238285173414 ] } },
{ "type": "Feature", "properties": { "Height": 37.446750640869098, "Radius": 13.954428432326917, "height_m": 11.41, "crown_diameter_m": 8.51, "site_id": 2181 }, "geometry": { "type": "Point", "coordinates": [ -73.925295037746096, 40.873262658783283 ] } },
{ "type": "Feature", "properties": { "Height": 95.738998413085895, "Radius": 34.043594046386787, "height_m": 29.18, "crown_diameter_m": 20.75, "site_id": 2182 }, "geometry": { "type": "Point", "coordinates": [ -73.923824481942702, 40.873297948399156 ] } },
{ "type": "Feature", "properties": { "Height": 64.990753173828097, "Radius": 11.968268412042981, "height_m": 19.81, "crown_diameter_m": 7.3, "site_id": 2183 }, "geometry": { "type": "Point", "coordinates": [ -73.924391006111762, 40.873278991988784 ] } },
{ "type": "Feature", "properties": { "Height": 62.413249969482401, "Radius": 18.925596408787502, "height_m": 19.02, "crown_diameter_m": 11.54, "site_id": 2184 }, "geometry": { "type": "Point", "coordinates": [ -73.924483628661037, 40.87329069865195 ] } },
{ "type": "Feature", "properties": { "Height": 55.407501220703097, "Radius": 11.548672751057079, "height_m": 16.89, "crown_diameter_m": 7.04, "site_id": 2185 }, "geometry": { "type": "Point", "coordinates": [ -73.925592498738013, 40.873294694029511 ] } },
{ "type": "Feature", "properties": { "Height": 80.748748779296903, "Radius": 13.195283541573993, "height_m": 24.61, "crown_diameter_m": 8.04, "site_id": 2186 }, "geometry": { "type": "Point", "coordinates": [ -73.923661445177515, 40.873294727675741 ] } },
{ "type": "Feature", "properties": { "Height": 88.327003479003906, "Radius": 16.388226458881185, "height_m": 26.92, "crown_diameter_m": 9.99, "site_id": 2187 }, "geometry": { "type": "Point", "coordinates": [ -73.923555667950737, 40.873293276305446 ] } },
{ "type": "Feature", "properties": { "Height": 60.382251739502003, "Radius": 19.827070117316413, "height_m": 18.4, "crown_diameter_m": 12.09, "site_id": 2188 }, "geometry": { "type": "Point", "coordinates": [ -73.925679973123636, 40.873296713462253 ] } },
{ "type": "Feature", "properties": { "Height": 33.772998809814503, "Radius": 11.451797811161432, "height_m": 10.29, "crown_diameter_m": 6.98, "site_id": 2189 }, "geometry": { "type": "Point", "coordinates": [ -73.925258170515789, 40.873319104531525 ] } },
{ "type": "Feature", "properties": { "Height": 83.903251647949205, "Radius": 33.159039858692516, "height_m": 25.57, "crown_diameter_m": 20.21, "site_id": 2190 }, "geometry": { "type": "Point", "coordinates": [ -73.923438962703372, 40.873348335836035 ] } },
{ "type": "Feature", "properties": { "Height": 105.086502075195, "Radius": 31.306167755889437, "height_m": 32.03, "crown_diameter_m": 19.08, "site_id": 2191 }, "geometry": { "type": "Point", "coordinates": [ -73.924842433801899, 40.873319957429644 ] } },
{ "type": "Feature", "properties": { "Height": 101.33750152587901, "Radius": 30.198639438169401, "height_m": 30.89, "crown_diameter_m": 18.41, "site_id": 2192 }, "geometry": { "type": "Point", "coordinates": [ -73.924235526527298, 40.873331618107436 ] } },
{ "type": "Feature", "properties": { "Height": 62.068248748779297, "Radius": 30.58875464018195, "height_m": 18.92, "crown_diameter_m": 18.65, "site_id": 2193 }, "geometry": { "type": "Point", "coordinates": [ -73.925426377644271, 40.873327322249239 ] } },
{ "type": "Feature", "properties": { "Height": 47.608001708984403, "Radius": 11.672044863118989, "height_m": 14.51, "crown_diameter_m": 7.12, "site_id": 2194 }, "geometry": { "type": "Point", "coordinates": [ -73.92556901307934, 40.873351272771245 ] } },
{ "type": "Feature", "properties": { "Height": 63.904998779296903, "Radius": 14.75277549067181, "height_m": 19.48, "crown_diameter_m": 8.99, "site_id": 2195 }, "geometry": { "type": "Point", "coordinates": [ -73.923997633981472, 40.873356465535508 ] } },
{ "type": "Feature", "properties": { "Height": 90.000747680664105, "Radius": 24.768179750391642, "height_m": 27.43, "crown_diameter_m": 15.1, "site_id": 2196 }, "geometry": { "type": "Point", "coordinates": [ -73.92371582419463, 40.873394881724181 ] } },
{ "type": "Feature", "properties": { "Height": 61.284999847412102, "Radius": 21.379733313582829, "height_m": 18.68, "crown_diameter_m": 13.03, "site_id": 2197 }, "geometry": { "type": "Point", "coordinates": [ -73.925678168057928, 40.87339710683662 ] } },
{ "type": "Feature", "properties": { "Height": 95.177253723144503, "Radius": 27.495199211616978, "height_m": 29.01, "crown_diameter_m": 16.76, "site_id": 2198 }, "geometry": { "type": "Point", "coordinates": [ -73.924673077989596, 40.873443019396056 ] } },
{ "type": "Feature", "properties": { "Height": 117.23024749755901, "Radius": 27.406782991117364, "height_m": 35.73, "crown_diameter_m": 16.71, "site_id": 2199 }, "geometry": { "type": "Point", "coordinates": [ -73.924437340921614, 40.87338731235716 ] } },
{ "type": "Feature", "properties": { "Height": 53.780250549316399, "Radius": 15.787230310662732, "height_m": 16.39, "crown_diameter_m": 9.62, "site_id": 2200 }, "geometry": { "type": "Point", "coordinates": [ -73.924586545303285, 40.8734096763312 ] } },
{ "type": "Feature", "properties": { "Height": 60.873748779296903, "Radius": 28.260210622625074, "height_m": 18.55, "crown_diameter_m": 17.23, "site_id": 2201 }, "geometry": { "type": "Point", "coordinates": [ -73.925375136409002, 40.873447937443494 ] } },
{ "type": "Feature", "properties": { "Height": 58.012248992919901, "Radius": 16.136216622812821, "height_m": 17.68, "crown_diameter_m": 9.84, "site_id": 2202 }, "geometry": { "type": "Point", "coordinates": [ -73.923796191210101, 40.87344788983593 ] } },
{ "type": "Feature", "properties": { "Height": 111.70774841308599, "Radius": 24.694172682165259, "height_m": 34.05, "crown_diameter_m": 15.05, "site_id": 2203 }, "geometry": { "type": "Point", "coordinates": [ -73.924294428007983, 40.87346982588322 ] } },
{ "type": "Feature", "properties": { "Height": 87.802749633789105, "Radius": 27.294766689113903, "height_m": 26.76, "crown_diameter_m": 16.64, "site_id": 2204 }, "geometry": { "type": "Point", "coordinates": [ -73.923545663955252, 40.873463442153209 ] } },
{ "type": "Feature", "properties": { "Height": 97.253501892089801, "Radius": 40.520636352450566, "height_m": 29.64, "crown_diameter_m": 24.7, "site_id": 2205 }, "geometry": { "type": "Point", "coordinates": [ -73.9251135106812, 40.873410633629241 ] } },
{ "type": "Feature", "properties": { "Height": 116.833000183105, "Radius": 28.15300368695388, "height_m": 35.61, "crown_diameter_m": 17.16, "site_id": 2206 }, "geometry": { "type": "Point", "coordinates": [ -73.92492795668133, 40.873457566282397 ] } },
{ "type": "Feature", "properties": { "Height": 57.031749725341797, "Radius": 14.250673927406329, "height_m": 17.38, "crown_diameter_m": 8.69, "site_id": 2207 }, "geometry": { "type": "Point", "coordinates": [ -73.924554735047224, 40.873474095379819 ] } },
{ "type": "Feature", "properties": { "Height": 103.91300201416, "Radius": 16.126350393444792, "height_m": 31.67, "crown_diameter_m": 9.83, "site_id": 2208 }, "geometry": { "type": "Point", "coordinates": [ -73.924394926241106, 40.873487135218397 ] } },
{ "type": "Feature", "properties": { "Height": 99.199249267578097, "Radius": 28.512513907289922, "height_m": 30.24, "crown_diameter_m": 17.38, "site_id": 2209 }, "geometry": { "type": "Point", "coordinates": [ -73.923966625261542, 40.873465371772966 ] } },
{ "type": "Feature", "properties": { "Height": 73.120002746582003, "Radius": 26.405639656815616, "height_m": 22.29, "crown_diameter_m": 16.1, "site_id": 2210 }, "geometry": { "type": "Point", "coordinates": [ -73.925233830203496, 40.87353413526678 ] } },
{ "type": "Feature", "properties": { "Height": 60.654998779296903, "Radius": 16.911576884966578, "height_m": 18.49, "crown_diameter_m": 10.31, "site_id": 2211 }, "geometry": { "type": "Point", "coordinates": [ -73.925503427918954, 40.873503096896044 ] } },
{ "type": "Feature", "properties": { "Height": 79.045249938964801, "Radius": 20.185060176161283, "height_m": 24.09, "crown_diameter_m": 12.3, "site_id": 2212 }, "geometry": { "type": "Point", "coordinates": [ -73.923679938227011, 40.873523311747938 ] } },
{ "type": "Feature", "properties": { "Height": 81.479751586914105, "Radius": 20.796719882044513, "height_m": 24.84, "crown_diameter_m": 12.68, "site_id": 2213 }, "geometry": { "type": "Point", "coordinates": [ -73.923463536128779, 40.873547957068745 ] } },
{ "type": "Feature", "properties": { "Height": 130.42399597168, "Radius": 37.157356355400097, "height_m": 39.75, "crown_diameter_m": 22.65, "site_id": 2214 }, "geometry": { "type": "Point", "coordinates": [ -73.924155131891197, 40.873490885085907 ] } },
{ "type": "Feature", "properties": { "Height": 100.900497436523, "Radius": 22.048554911245191, "height_m": 30.75, "crown_diameter_m": 13.44, "site_id": 2215 }, "geometry": { "type": "Point", "coordinates": [ -73.924753670118264, 40.873488617769553 ] } },
{ "type": "Feature", "properties": { "Height": 59.359001159667997, "Radius": 16.017420774398584, "height_m": 18.09, "crown_diameter_m": 9.76, "site_id": 2216 }, "geometry": { "type": "Point", "coordinates": [ -73.923842149608461, 40.873491558736944 ] } },
{ "type": "Feature", "properties": { "Height": 83.129249572753906, "Radius": 30.832328408472346, "height_m": 25.34, "crown_diameter_m": 18.8, "site_id": 2217 }, "geometry": { "type": "Point", "coordinates": [ -73.925622177680012, 40.873490834103023 ] } },
{ "type": "Feature", "properties": { "Height": 108.46450042724599, "Radius": 37.247196390225824, "height_m": 33.06, "crown_diameter_m": 22.71, "site_id": 2218 }, "geometry": { "type": "Point", "coordinates": [ -73.924471232898441, 40.873606191911726 ] } },
{ "type": "Feature", "properties": { "Height": 94.232002258300795, "Radius": 25.885175495191827, "height_m": 28.72, "crown_diameter_m": 15.78, "site_id": 2219 }, "geometry": { "type": "Point", "coordinates": [ -73.925058589885339, 40.873586156265795 ] } },
{ "type": "Feature", "properties": { "Height": 57.080001831054702, "Radius": 19.724458380095971, "height_m": 17.4, "crown_diameter_m": 12.02, "site_id": 2220 }, "geometry": { "type": "Point", "coordinates": [ -73.923864836396746, 40.873570384438977 ] } },
{ "type": "Feature", "properties": { "Height": 102.00025177002, "Radius": 28.555741120330353, "height_m": 31.09, "crown_diameter_m": 17.41, "site_id": 2221 }, "geometry": { "type": "Point", "coordinates": [ -73.924655820575964, 40.873631692835914 ] } },
{ "type": "Feature", "properties": { "Height": 118.089248657227, "Radius": 29.743280773584814, "height_m": 35.99, "crown_diameter_m": 18.13, "site_id": 2222 }, "geometry": { "type": "Point", "coordinates": [ -73.924122125957211, 40.873625490884564 ] } },
{ "type": "Feature", "properties": { "Height": 57.602001190185497, "Radius": 11.712880130233289, "height_m": 17.56, "crown_diameter_m": 7.14, "site_id": 2223 }, "geometry": { "type": "Point", "coordinates": [ -73.923986318779058, 40.873574606768429 ] } },
{ "type": "Feature", "properties": { "Height": 114.47225189209, "Radius": 44.474460454805694, "height_m": 34.89, "crown_diameter_m": 27.11, "site_id": 2224 }, "geometry": { "type": "Point", "coordinates": [ -73.924907357314481, 40.873641736044114 ] } },
{ "type": "Feature", "properties": { "Height": 93.953750610351605, "Radius": 35.965703106979284, "height_m": 28.64, "crown_diameter_m": 21.92, "site_id": 2225 }, "geometry": { "type": "Point", "coordinates": [ -73.92549934806361, 40.873611230292823 ] } },
{ "type": "Feature", "properties": { "Height": 71.827499389648395, "Radius": 22.646783526885947, "height_m": 21.89, "crown_diameter_m": 13.81, "site_id": 2226 }, "geometry": { "type": "Point", "coordinates": [ -73.923628206805589, 40.873624721127435 ] } },
{ "type": "Feature", "properties": { "Height": 92.491752624511705, "Radius": 34.377391261247105, "height_m": 28.19, "crown_diameter_m": 20.96, "site_id": 2227 }, "geometry": { "type": "Point", "coordinates": [ -73.925246598795923, 40.873704732029026 ] } },
{ "type": "Feature", "properties": { "Height": 71.038002014160199, "Radius": 16.972638186102081, "height_m": 21.65, "crown_diameter_m": 10.35, "site_id": 2228 }, "geometry": { "type": "Point", "coordinates": [ -73.923785638259602, 40.873630726106931 ] } },
{ "type": "Feature", "properties": { "Height": 86.096000671386705, "Radius": 14.98292518939871, "height_m": 26.24, "crown_diameter_m": 9.13, "site_id": 2229 }, "geometry": { "type": "Point", "coordinates": [ -73.924322954374873, 40.873650751782286 ] } },
{ "type": "Feature", "properties": { "Height": 80.611747741699205, "Radius": 29.766013642954967, "height_m": 24.57, "crown_diameter_m": 18.15, "site_id": 2230 }, "geometry": { "type": "Point", "coordinates": [ -73.925693116865631, 40.873706893421904 ] } },
{ "type": "Feature", "properties": { "Height": 90.461746215820298, "Radius": 26.021619960803147, "height_m": 27.57, "crown_diameter_m": 15.86, "site_id": 2231 }, "geometry": { "type": "Point", "coordinates": [ -73.925425216288076, 40.87369749961011 ] } },
{ "type": "Feature", "properties": { "Height": 86.330497741699205, "Radius": 15.807379942744328, "height_m": 26.31, "crown_diameter_m": 9.64, "site_id": 2232 }, "geometry": { "type": "Point", "coordinates": [ -73.923931677360045, 40.873648378381972 ] } },
{ "type": "Feature", "properties": { "Height": 75.165748596191406, "Radius": 37.705849766845212, "height_m": 22.91, "crown_diameter_m": 22.99, "site_id": 2233 }, "geometry": { "type": "Point", "coordinates": [ -73.92348008249823, 40.873731637926916 ] } },
{ "type": "Feature", "properties": { "Height": 103.91974639892599, "Radius": 27.524126309792685, "height_m": 31.67, "crown_diameter_m": 16.78, "site_id": 2234 }, "geometry": { "type": "Point", "coordinates": [ -73.924232292974153, 40.873726960944694 ] } },
{ "type": "Feature", "properties": { "Height": 63.1310005187988, "Radius": 14.798554040663838, "height_m": 19.24, "crown_diameter_m": 9.02, "site_id": 2235 }, "geometry": { "type": "Point", "coordinates": [ -73.923775527600441, 40.873702960197328 ] } },
{ "type": "Feature", "properties": { "Height": 114.326499938965, "Radius": 32.469098278836057, "height_m": 34.85, "crown_diameter_m": 19.79, "site_id": 2236 }, "geometry": { "type": "Point", "coordinates": [ -73.923969288638602, 40.873738119710772 ] } },
{ "type": "Feature", "properties": { "Height": 48.372001647949197, "Radius": 26.510907730475957, "height_m": 14.74, "crown_diameter_m": 16.16, "site_id": 2237 }, "geometry": { "type": "Point", "coordinates": [ -73.922400570339292, 40.87374966073984 ] } },
{ "type": "Feature", "properties": { "Height": 78.867996215820298, "Radius": 23.303147122857609, "height_m": 24.04, "crown_diameter_m": 14.21, "site_id": 2238 }, "geometry": { "type": "Point", "coordinates": [ -73.923696284058693, 40.873740633782639 ] } },
{ "type": "Feature", "properties": { "Height": 74.571746826171903, "Radius": 20.951117704013964, "height_m": 22.73, "crown_diameter_m": 12.77, "site_id": 2239 }, "geometry": { "type": "Point", "coordinates": [ -73.925569214928061, 40.873772906707806 ] } },
{ "type": "Feature", "properties": { "Height": 65.138999938964801, "Radius": 11.726460285670077, "height_m": 19.85, "crown_diameter_m": 7.15, "site_id": 2240 }, "geometry": { "type": "Point", "coordinates": [ -73.924105248435552, 40.873757429226771 ] } },
{ "type": "Feature", "properties": { "Height": 109.612251281738, "Radius": 18.429233531487537, "height_m": 33.41, "crown_diameter_m": 11.23, "site_id": 2241 }, "geometry": { "type": "Point", "coordinates": [ -73.923851137677673, 40.873786234136375 ] } },
{ "type": "Feature", "properties": { "Height": 34.271251678466797, "Radius": 14.527197064122632, "height_m": 10.45, "crown_diameter_m": 8.86, "site_id": 2242 }, "geometry": { "type": "Point", "coordinates": [ -73.923314560772752, 40.873773488104312 ] } },
{ "type": "Feature", "properties": { "Height": 78.175498962402301, "Radius": 11.521077316754745, "height_m": 23.83, "crown_diameter_m": 7.02, "site_id": 2243 }, "geometry": { "type": "Point", "coordinates": [ -73.924325863614456, 40.873789022756156 ] } },
{ "type": "Feature", "properties": { "Height": 65.217498779296903, "Radius": 20.962509341124289, "height_m": 19.88, "crown_diameter_m": 12.78, "site_id": 2244 }, "geometry": { "type": "Point", "coordinates": [ -73.925379271372748, 40.873812011109813 ] } },
{ "type": "Feature", "properties": { "Height": 76.273498535156307, "Radius": 18.126648339205399, "height_m": 23.25, "crown_diameter_m": 11.05, "site_id": 2245 }, "geometry": { "type": "Point", "coordinates": [ -73.923403964643072, 40.873789939967153 ] } },
{ "type": "Feature", "properties": { "Height": 112.740997314453, "Radius": 27.541467985130588, "height_m": 34.36, "crown_diameter_m": 16.79, "site_id": 2246 }, "geometry": { "type": "Point", "coordinates": [ -73.924556401349406, 40.873768296781883 ] } },
{ "type": "Feature", "properties": { "Height": 103.255996704102, "Radius": 33.468380443050414, "height_m": 31.47, "crown_diameter_m": 20.4, "site_id": 2247 }, "geometry": { "type": "Point", "coordinates": [ -73.92417301919302, 40.873867282911156 ] } },
{ "type": "Feature", "properties": { "Height": 82.100997924804702, "Radius": 18.532575838029373, "height_m": 25.02, "crown_diameter_m": 11.3, "site_id": 2248 }, "geometry": { "type": "Point", "coordinates": [ -73.925115692970849, 40.873828215751665 ] } },
{ "type": "Feature", "properties": { "Height": 82.044998168945298, "Radius": 20.40268986327176, "height_m": 25.01, "crown_diameter_m": 12.44, "site_id": 2249 }, "geometry": { "type": "Point", "coordinates": [ -73.923605120020554, 40.873811668814476 ] } },
{ "type": "Feature", "properties": { "Height": 100.620246887207, "Radius": 15.877702285203682, "height_m": 30.67, "crown_diameter_m": 9.68, "site_id": 2250 }, "geometry": { "type": "Point", "coordinates": [ -73.923965785638288, 40.873850013869173 ] } },
{ "type": "Feature", "properties": { "Height": 60.989250183105497, "Radius": 22.438508472516862, "height_m": 18.59, "crown_diameter_m": 13.68, "site_id": 2251 }, "geometry": { "type": "Point", "coordinates": [ -73.922479934065379, 40.873831364948778 ] } },
{ "type": "Feature", "properties": { "Height": 113.731002807617, "Radius": 31.980144845020941, "height_m": 34.67, "crown_diameter_m": 19.5, "site_id": 2252 }, "geometry": { "type": "Point", "coordinates": [ -73.924706622000699, 40.87381170747328 ] } },
{ "type": "Feature", "properties": { "Height": 116.927001953125, "Radius": 13.422495877444907, "height_m": 35.64, "crown_diameter_m": 8.18, "site_id": 2253 }, "geometry": { "type": "Point", "coordinates": [ -73.923773610972106, 40.873843306323636 ] } },
{ "type": "Feature", "properties": { "Height": 46.013999938964801, "Radius": 12.027960894122199, "height_m": 14.03, "crown_diameter_m": 7.33, "site_id": 2254 }, "geometry": { "type": "Point", "coordinates": [ -73.925657114825867, 40.873863887461482 ] } },
{ "type": "Feature", "properties": { "Height": 101.755752563477, "Radius": 39.774365291396414, "height_m": 31.02, "crown_diameter_m": 24.25, "site_id": 2255 }, "geometry": { "type": "Point", "coordinates": [ -73.924900115255241, 40.87382523912332 ] } },
{ "type": "Feature", "properties": { "Height": 110.77825164794901, "Radius": 32.537650213979617, "height_m": 33.77, "crown_diameter_m": 19.83, "site_id": 2256 }, "geometry": { "type": "Point", "coordinates": [ -73.923625290084203, 40.873925946013941 ] } },
{ "type": "Feature", "properties": { "Height": 101.739753723145, "Radius": 32.518078693283101, "height_m": 31.01, "crown_diameter_m": 19.82, "site_id": 2257 }, "geometry": { "type": "Point", "coordinates": [ -73.924396174191685, 40.873837733024395 ] } },
{ "type": "Feature", "properties": { "Height": 113.90675354003901, "Radius": 34.9683775399293, "height_m": 34.72, "crown_diameter_m": 21.32, "site_id": 2258 }, "geometry": { "type": "Point", "coordinates": [ -73.924582017650351, 40.873967780666014 ] } },
{ "type": "Feature", "properties": { "Height": 41.158000946044901, "Radius": 19.756707669368225, "height_m": 12.54, "crown_diameter_m": 12.04, "site_id": 2259 }, "geometry": { "type": "Point", "coordinates": [ -73.923323924341972, 40.873874280569012 ] } },
{ "type": "Feature", "properties": { "Height": 41.454250335693402, "Radius": 14.43652998399674, "height_m": 12.64, "crown_diameter_m": 8.8, "site_id": 2260 }, "geometry": { "type": "Point", "coordinates": [ -73.925218876941031, 40.873883177322696 ] } },
{ "type": "Feature", "properties": { "Height": 52.289501190185497, "Radius": 9.423823971471327, "height_m": 15.94, "crown_diameter_m": 5.74, "site_id": 2261 }, "geometry": { "type": "Point", "coordinates": [ -73.925716613607818, 40.873882520856974 ] } },
{ "type": "Feature", "properties": { "Height": 81.794998168945298, "Radius": 36.535359690465981, "height_m": 24.93, "crown_diameter_m": 22.27, "site_id": 2262 }, "geometry": { "type": "Point", "coordinates": [ -73.925460153854686, 40.873927486156632 ] } },
{ "type": "Feature", "properties": { "Height": 64.946998596191406, "Radius": 14.339741506551949, "height_m": 19.8, "crown_diameter_m": 8.74, "site_id": 2263 }, "geometry": { "type": "Point", "coordinates": [ -73.925563514656019, 40.873902239249723 ] } },
{ "type": "Feature", "properties": { "Height": 99.903503417968807, "Radius": 17.652914166616544, "height_m": 30.45, "crown_diameter_m": 10.76, "site_id": 2264 }, "geometry": { "type": "Point", "coordinates": [ -73.923995970415518, 40.873904770828737 ] } },
{ "type": "Feature", "properties": { "Height": 90.079002380371094, "Radius": 17.769732893161912, "height_m": 27.46, "crown_diameter_m": 10.83, "site_id": 2265 }, "geometry": { "type": "Point", "coordinates": [ -73.925016821953605, 40.873900057334751 ] } },
{ "type": "Feature", "properties": { "Height": 87.539253234863295, "Radius": 22.868824696515738, "height_m": 26.68, "crown_diameter_m": 13.94, "site_id": 2266 }, "geometry": { "type": "Point", "coordinates": [ -73.925136609879573, 40.873937899779349 ] } },
{ "type": "Feature", "properties": { "Height": 114.779998779297, "Radius": 32.405313060057381, "height_m": 34.98, "crown_diameter_m": 19.75, "site_id": 2267 }, "geometry": { "type": "Point", "coordinates": [ -73.923809040063276, 40.873938622082996 ] } },
{ "type": "Feature", "properties": { "Height": 68.922996520996094, "Radius": 44.495926690689096, "height_m": 21.01, "crown_diameter_m": 27.12, "site_id": 2268 }, "geometry": { "type": "Point", "coordinates": [ -73.922544634643529, 40.873950183688308 ] } },
{ "type": "Feature", "properties": { "Height": 68.467247009277301, "Radius": 20.236246405285904, "height_m": 20.87, "crown_diameter_m": 12.34, "site_id": 2269 }, "geometry": { "type": "Point", "coordinates": [ -73.925268146453675, 40.873944728790917 ] } },
{ "type": "Feature", "properties": { "Height": 95.415748596191406, "Radius": 19.802974013476614, "height_m": 29.08, "crown_diameter_m": 12.07, "site_id": 2270 }, "geometry": { "type": "Point", "coordinates": [ -73.924762378791328, 40.873965635469133 ] } },
{ "type": "Feature", "properties": { "Height": 37.762500762939503, "Radius": 17.228580001450638, "height_m": 11.51, "crown_diameter_m": 10.5, "site_id": 2271 }, "geometry": { "type": "Point", "coordinates": [ -73.923257144760129, 40.873927509961945 ] } },
{ "type": "Feature", "properties": { "Height": 25.9777507781982, "Radius": 16.826664665360209, "height_m": 7.92, "crown_diameter_m": 10.26, "site_id": 2272 }, "geometry": { "type": "Point", "coordinates": [ -73.922341526003876, 40.873911630558936 ] } },
{ "type": "Feature", "properties": { "Height": 38.768501281738303, "Radius": 12.48568247067462, "height_m": 11.82, "crown_diameter_m": 7.61, "site_id": 2273 }, "geometry": { "type": "Point", "coordinates": [ -73.92318446536278, 40.873932625906505 ] } },
{ "type": "Feature", "properties": { "Height": 74.433998107910199, "Radius": 19.867165345562018, "height_m": 22.69, "crown_diameter_m": 12.11, "site_id": 2274 }, "geometry": { "type": "Point", "coordinates": [ -73.923472784042715, 40.873951434154968 ] } },
{ "type": "Feature", "properties": { "Height": 91.457252502441406, "Radius": 14.116018870455401, "height_m": 27.88, "crown_diameter_m": 8.61, "site_id": 2275 }, "geometry": { "type": "Point", "coordinates": [ -73.924016759466554, 40.873976294086702 ] } },
{ "type": "Feature", "properties": { "Height": 95.362747192382798, "Radius": 17.607777518557306, "height_m": 29.07, "crown_diameter_m": 10.73, "site_id": 2276 }, "geometry": { "type": "Point", "coordinates": [ -73.924055964908717, 40.874028080854913 ] } },
{ "type": "Feature", "properties": { "Height": 100.30124664306599, "Radius": 23.774750900711165, "height_m": 30.57, "crown_diameter_m": 14.49, "site_id": 2277 }, "geometry": { "type": "Point", "coordinates": [ -73.924392663271703, 40.873977041650349 ] } },
{ "type": "Feature", "properties": { "Height": 91.7969970703125, "Radius": 18.299234963936271, "height_m": 27.98, "crown_diameter_m": 11.16, "site_id": 2278 }, "geometry": { "type": "Point", "coordinates": [ -73.924894498474927, 40.873960369029049 ] } },
{ "type": "Feature", "properties": { "Height": 44.043750762939503, "Radius": 18.212053739309848, "height_m": 13.42, "crown_diameter_m": 11.1, "site_id": 2279 }, "geometry": { "type": "Point", "coordinates": [ -73.923162096653016, 40.873985665978303 ] } },
{ "type": "Feature", "properties": { "Height": 93.022750854492202, "Radius": 29.413708889691947, "height_m": 28.35, "crown_diameter_m": 17.93, "site_id": 2280 }, "geometry": { "type": "Point", "coordinates": [ -73.92499785026051, 40.874030642806375 ] } },
{ "type": "Feature", "properties": { "Height": 56.180999755859403, "Radius": 25.017530128069765, "height_m": 17.12, "crown_diameter_m": 15.25, "site_id": 2281 }, "geometry": { "type": "Point", "coordinates": [ -73.925665297616149, 40.873966100842409 ] } },
{ "type": "Feature", "properties": { "Height": 100.24600219726599, "Radius": 21.049640414216977, "height_m": 30.55, "crown_diameter_m": 12.83, "site_id": 2282 }, "geometry": { "type": "Point", "coordinates": [ -73.9241835132745, 40.873984872852461 ] } },
{ "type": "Feature", "properties": { "Height": 87.413749694824205, "Radius": 15.907745268142609, "height_m": 26.64, "crown_diameter_m": 9.7, "site_id": 2283 }, "geometry": { "type": "Point", "coordinates": [ -73.925111781197543, 40.874027741583532 ] } },
{ "type": "Feature", "properties": { "Height": 43.273250579833999, "Radius": 14.878996130143538, "height_m": 13.19, "crown_diameter_m": 9.07, "site_id": 2284 }, "geometry": { "type": "Point", "coordinates": [ -73.92302941442027, 40.873998146572248 ] } },
{ "type": "Feature", "properties": { "Height": 49.787998199462898, "Radius": 12.561931621992464, "height_m": 15.18, "crown_diameter_m": 7.66, "site_id": 2285 }, "geometry": { "type": "Point", "coordinates": [ -73.923141507154881, 40.874041978703794 ] } },
{ "type": "Feature", "properties": { "Height": 69.210746765136705, "Radius": 17.251659154465237, "height_m": 21.1, "crown_diameter_m": 10.52, "site_id": 2286 }, "geometry": { "type": "Point", "coordinates": [ -73.925404041599691, 40.874028721500238 ] } },
{ "type": "Feature", "properties": { "Height": 96.103248596191406, "Radius": 17.407785949022028, "height_m": 29.29, "crown_diameter_m": 10.61, "site_id": 2287 }, "geometry": { "type": "Point", "coordinates": [ -73.923946537898416, 40.874042793005643 ] } },
{ "type": "Feature", "properties": { "Height": 54.915500640869098, "Radius": 21.690136278494027, "height_m": 16.74, "crown_diameter_m": 13.22, "site_id": 2288 }, "geometry": { "type": "Point", "coordinates": [ -73.92338961334157, 40.874032347267075 ] } },
{ "type": "Feature", "properties": { "Height": 50.153251647949197, "Radius": 8.8803870581205047, "height_m": 15.29, "crown_diameter_m": 5.41, "site_id": 2289 }, "geometry": { "type": "Point", "coordinates": [ -73.925718836659556, 40.874059946372391 ] } },
{ "type": "Feature", "properties": { "Height": 43.361499786377003, "Radius": 13.243441670776848, "height_m": 13.22, "crown_diameter_m": 8.07, "site_id": 2290 }, "geometry": { "type": "Point", "coordinates": [ -73.922994754856688, 40.874063902310638 ] } },
{ "type": "Feature", "properties": { "Height": 109.776252746582, "Radius": 32.009990996962529, "height_m": 33.46, "crown_diameter_m": 19.51, "site_id": 2291 }, "geometry": { "type": "Point", "coordinates": [ -73.924210056794493, 40.874104771377581 ] } },
{ "type": "Feature", "properties": { "Height": 79.791252136230497, "Radius": 19.560380446016801, "height_m": 24.32, "crown_diameter_m": 11.92, "site_id": 2292 }, "geometry": { "type": "Point", "coordinates": [ -73.925229242820976, 40.874043628519964 ] } },
{ "type": "Feature", "properties": { "Height": 67.462997436523395, "Radius": 23.035246477265641, "height_m": 20.56, "crown_diameter_m": 14.04, "site_id": 2293 }, "geometry": { "type": "Point", "coordinates": [ -73.925583256276369, 40.874074831439593 ] } },
{ "type": "Feature", "properties": { "Height": 74.219375610351605, "Radius": 21.110041228223761, "height_m": 22.62, "crown_diameter_m": 12.87, "site_id": 2294 }, "geometry": { "type": "Point", "coordinates": [ -73.925332297250435, 40.874084388304574 ] } },
{ "type": "Feature", "properties": { "Height": 108.31999969482401, "Radius": 23.525758534042343, "height_m": 33.02, "crown_diameter_m": 14.34, "site_id": 2295 }, "geometry": { "type": "Point", "coordinates": [ -73.924373725857151, 40.874065961453567 ] } },
{ "type": "Feature", "properties": { "Height": 71.038253784179702, "Radius": 30.614758856933232, "height_m": 21.65, "crown_diameter_m": 18.66, "site_id": 2296 }, "geometry": { "type": "Point", "coordinates": [ -73.922588518592732, 40.874093968869495 ] } },
{ "type": "Feature", "properties": { "Height": 77.295753479003906, "Radius": 19.042965573536165, "height_m": 23.56, "crown_diameter_m": 11.61, "site_id": 2297 }, "geometry": { "type": "Point", "coordinates": [ -73.924978127084572, 40.874125896230353 ] } },
{ "type": "Feature", "properties": { "Height": 87.884246826171903, "Radius": 33.635589975035941, "height_m": 26.79, "crown_diameter_m": 20.5, "site_id": 2298 }, "geometry": { "type": "Point", "coordinates": [ -73.924802112523807, 40.874110951530945 ] } },
{ "type": "Feature", "properties": { "Height": 67.272499084472699, "Radius": 23.357721312641292, "height_m": 20.5, "crown_diameter_m": 14.24, "site_id": 2299 }, "geometry": { "type": "Point", "coordinates": [ -73.925476344435992, 40.874142538589055 ] } },
{ "type": "Feature", "properties": { "Height": 127.90249633789099, "Radius": 30.267075386250148, "height_m": 38.98, "crown_diameter_m": 18.45, "site_id": 2300 }, "geometry": { "type": "Point", "coordinates": [ -73.923591614779028, 40.874087555947888 ] } },
{ "type": "Feature", "properties": { "Height": 95.610000610351605, "Radius": 26.330190506494557, "height_m": 29.14, "crown_diameter_m": 16.05, "site_id": 2301 }, "geometry": { "type": "Point", "coordinates": [ -73.924601595412369, 40.874127811106611 ] } },
{ "type": "Feature", "properties": { "Height": 119.071746826172, "Radius": 42.755744366734042, "height_m": 36.29, "crown_diameter_m": 26.06, "site_id": 2302 }, "geometry": { "type": "Point", "coordinates": [ -73.923779677812064, 40.874134071661864 ] } },
{ "type": "Feature", "properties": { "Height": 67.202751159667997, "Radius": 27.888890384705025, "height_m": 20.48, "crown_diameter_m": 17.0, "site_id": 2303 }, "geometry": { "type": "Point", "coordinates": [ -73.922869922167379, 40.874118411940827 ] } },
{ "type": "Feature", "properties": { "Height": 76.033752441406307, "Radius": 28.995447692404014, "height_m": 23.18, "crown_diameter_m": 17.68, "site_id": 2304 }, "geometry": { "type": "Point", "coordinates": [ -73.922750991382173, 40.874172763298596 ] } },
{ "type": "Feature", "properties": { "Height": 77.665496826171903, "Radius": 27.610725767537851, "height_m": 23.67, "crown_diameter_m": 16.83, "site_id": 2305 }, "geometry": { "type": "Point", "coordinates": [ -73.925200846292299, 40.874162548393983 ] } },
{ "type": "Feature", "properties": { "Height": 86.6094970703125, "Radius": 23.069766572275888, "height_m": 26.4, "crown_diameter_m": 14.06, "site_id": 2306 }, "geometry": { "type": "Point", "coordinates": [ -73.923086843767962, 40.874104882806115 ] } },
{ "type": "Feature", "properties": { "Height": 34.424751281738303, "Radius": 11.098915530497878, "height_m": 10.49, "crown_diameter_m": 6.77, "site_id": 2307 }, "geometry": { "type": "Point", "coordinates": [ -73.92559925960623, 40.874162879782801 ] } },
{ "type": "Feature", "properties": { "Height": 90.842498779296903, "Radius": 23.369642428155352, "height_m": 27.69, "crown_diameter_m": 14.25, "site_id": 2308 }, "geometry": { "type": "Point", "coordinates": [ -73.923481932217229, 40.874152004151554 ] } },
{ "type": "Feature", "properties": { "Height": 69.524002075195298, "Radius": 20.901682199939142, "height_m": 21.19, "crown_diameter_m": 12.74, "site_id": 2309 }, "geometry": { "type": "Point", "coordinates": [ -73.922623157231399, 40.874192331711335 ] } },
{ "type": "Feature", "properties": { "Height": 84.838249206542997, "Radius": 18.652418223889448, "height_m": 25.86, "crown_diameter_m": 11.37, "site_id": 2310 }, "geometry": { "type": "Point", "coordinates": [ -73.92471655462127, 40.874200745555022 ] } },
{ "type": "Feature", "properties": { "Height": 64.525749206542997, "Radius": 20.973894791049151, "height_m": 19.67, "crown_diameter_m": 12.79, "site_id": 2311 }, "geometry": { "type": "Point", "coordinates": [ -73.925688229390545, 40.874151549535227 ] } },
{ "type": "Feature", "properties": { "Height": 98.297996520996094, "Radius": 26.886460375501063, "height_m": 29.96, "crown_diameter_m": 16.39, "site_id": 2312 }, "geometry": { "type": "Point", "coordinates": [ -73.924046019441079, 40.874156342545092 ] } },
{ "type": "Feature", "properties": { "Height": 104.172248840332, "Radius": 38.888176471251377, "height_m": 31.75, "crown_diameter_m": 23.71, "site_id": 2313 }, "geometry": { "type": "Point", "coordinates": [ -73.924402904576056, 40.874211933492433 ] } },
{ "type": "Feature", "properties": { "Height": 59.160499572753899, "Radius": 20.026743534373637, "height_m": 18.03, "crown_diameter_m": 12.21, "site_id": 2314 }, "geometry": { "type": "Point", "coordinates": [ -73.92538002622058, 40.87419859116784 ] } },
{ "type": "Feature", "properties": { "Height": 89.153503417968807, "Radius": 13.303394180365684, "height_m": 27.17, "crown_diameter_m": 8.11, "site_id": 2315 }, "geometry": { "type": "Point", "coordinates": [ -73.923403841869288, 40.874176629324239 ] } },
{ "type": "Feature", "properties": { "Height": 95.459747314453097, "Radius": 36.63541503919334, "height_m": 29.1, "crown_diameter_m": 22.33, "site_id": 2316 }, "geometry": { "type": "Point", "coordinates": [ -73.923267970801106, 40.874138461019626 ] } },
{ "type": "Feature", "properties": { "Height": 109.880752563477, "Radius": 22.418994408407471, "height_m": 33.49, "crown_diameter_m": 13.67, "site_id": 2317 }, "geometry": { "type": "Point", "coordinates": [ -73.9238380934069, 40.874223990653157 ] } },
{ "type": "Feature", "properties": { "Height": 43.398750305175803, "Radius": 13.825523015545066, "height_m": 13.23, "crown_diameter_m": 8.43, "site_id": 2318 }, "geometry": { "type": "Point", "coordinates": [ -73.925578755771028, 40.874236665166428 ] } },
{ "type": "Feature", "properties": { "Height": 109.84375, "Radius": 39.104484310970399, "height_m": 33.48, "crown_diameter_m": 23.84, "site_id": 2319 }, "geometry": { "type": "Point", "coordinates": [ -73.924170583013549, 40.874335986298952 ] } },
{ "type": "Feature", "properties": { "Height": 67.477500915527301, "Radius": 21.349935761383176, "height_m": 20.57, "crown_diameter_m": 13.01, "site_id": 2320 }, "geometry": { "type": "Point", "coordinates": [ -73.925231802004561, 40.874254357911191 ] } },
{ "type": "Feature", "properties": { "Height": 92.633247375488295, "Radius": 23.798169362211656, "height_m": 28.23, "crown_diameter_m": 14.51, "site_id": 2321 }, "geometry": { "type": "Point", "coordinates": [ -73.923156154650059, 40.874243109788189 ] } },
{ "type": "Feature", "properties": { "Height": 100.78424835205099, "Radius": 25.627190104822379, "height_m": 30.72, "crown_diameter_m": 15.62, "site_id": 2322 }, "geometry": { "type": "Point", "coordinates": [ -73.923987885682607, 40.874270068338859 ] } },
{ "type": "Feature", "properties": { "Height": 96.513748168945298, "Radius": 22.212166116452387, "height_m": 29.42, "crown_diameter_m": 13.54, "site_id": 2323 }, "geometry": { "type": "Point", "coordinates": [ -73.923422260755046, 40.874269219834062 ] } },
{ "type": "Feature", "properties": { "Height": 78.618499755859403, "Radius": 21.594535958414419, "height_m": 23.96, "crown_diameter_m": 13.16, "site_id": 2324 }, "geometry": { "type": "Point", "coordinates": [ -73.924649152596317, 40.874261668213819 ] } },
{ "type": "Feature", "properties": { "Height": 72.504997253417997, "Radius": 28.831688604189829, "height_m": 22.1, "crown_diameter_m": 17.58, "site_id": 2325 }, "geometry": { "type": "Point", "coordinates": [ -73.92287361292054, 40.874282965110915 ] } },
{ "type": "Feature", "properties": { "Height": 87.736000061035199, "Radius": 37.189466996295742, "height_m": 26.74, "crown_diameter_m": 22.67, "site_id": 2326 }, "geometry": { "type": "Point", "coordinates": [ -73.924950405077908, 40.874266895548224 ] } },
{ "type": "Feature", "properties": { "Height": 66.861747741699205, "Radius": 12.257335203001883, "height_m": 20.38, "crown_diameter_m": 7.47, "site_id": 2327 }, "geometry": { "type": "Point", "coordinates": [ -73.922950223695807, 40.874317173602741 ] } },
{ "type": "Feature", "properties": { "Height": 90.658752441406307, "Radius": 26.215091918030804, "height_m": 27.63, "crown_diameter_m": 15.98, "site_id": 2328 }, "geometry": { "type": "Point", "coordinates": [ -73.923290803926918, 40.874340948257753 ] } },
{ "type": "Feature", "properties": { "Height": 75.079750061035199, "Radius": 41.397831189731775, "height_m": 22.88, "crown_diameter_m": 25.24, "site_id": 2329 }, "geometry": { "type": "Point", "coordinates": [ -73.925426370957481, 40.874333915864071 ] } },
{ "type": "Feature", "properties": { "Height": 77.955253601074205, "Radius": 24.597307091709045, "height_m": 23.76, "crown_diameter_m": 14.99, "site_id": 2330 }, "geometry": { "type": "Point", "coordinates": [ -73.925691700374699, 40.874321552222142 ] } },
{ "type": "Feature", "properties": { "Height": 96.955253601074205, "Radius": 12.728697186576065, "height_m": 29.55, "crown_diameter_m": 7.76, "site_id": 2331 }, "geometry": { "type": "Point", "coordinates": [ -73.92340203513389, 40.874364030512979 ] } },
{ "type": "Feature", "properties": { "Height": 76.673248291015597, "Radius": 21.331291154070556, "height_m": 23.37, "crown_diameter_m": 13.0, "site_id": 2332 }, "geometry": { "type": "Point", "coordinates": [ -73.923028712996853, 40.87432430291674 ] } },
{ "type": "Feature", "properties": { "Height": 93.197502136230497, "Radius": 22.255115881567058, "height_m": 28.41, "crown_diameter_m": 13.57, "site_id": 2333 }, "geometry": { "type": "Point", "coordinates": [ -73.923128237226862, 40.874357867413281 ] } },
{ "type": "Feature", "properties": { "Height": 102.104248046875, "Radius": 18.784209028722291, "height_m": 31.12, "crown_diameter_m": 11.45, "site_id": 2334 }, "geometry": { "type": "Point", "coordinates": [ -73.924020105475847, 40.874351581931307 ] } },
{ "type": "Feature", "properties": { "Height": 99.125999450683594, "Radius": 16.400361393131039, "height_m": 30.21, "crown_diameter_m": 10.0, "site_id": 2335 }, "geometry": { "type": "Point", "coordinates": [ -73.92430520855568, 40.874355066876255 ] } },
{ "type": "Feature", "properties": { "Height": 74.535247802734403, "Radius": 40.421338990456483, "height_m": 22.72, "crown_diameter_m": 24.64, "site_id": 2336 }, "geometry": { "type": "Point", "coordinates": [ -73.925142662241456, 40.874363792275098 ] } },
{ "type": "Feature", "properties": { "Height": 34.666751861572301, "Radius": 19.351784958892804, "height_m": 10.57, "crown_diameter_m": 11.8, "site_id": 2337 }, "geometry": { "type": "Point", "coordinates": [ -73.922697449480637, 40.874352246962005 ] } },
{ "type": "Feature", "properties": { "Height": 108.13950347900401, "Radius": 32.459293326693775, "height_m": 32.96, "crown_diameter_m": 19.79, "site_id": 2338 }, "geometry": { "type": "Point", "coordinates": [ -73.923724747432701, 40.87436089444553 ] } },
{ "type": "Feature", "properties": { "Height": 102.47250366210901, "Radius": 35.097852634189316, "height_m": 31.23, "crown_diameter_m": 21.4, "site_id": 2339 }, "geometry": { "type": "Point", "coordinates": [ -73.924517320010651, 40.874345802912863 ] } },
{ "type": "Feature", "properties": { "Height": 97.774246215820298, "Radius": 31.425410448953738, "height_m": 29.8, "crown_diameter_m": 19.16, "site_id": 2340 }, "geometry": { "type": "Point", "coordinates": [ -73.923544648377614, 40.874338426053491 ] } },
{ "type": "Feature", "properties": { "Height": 101.161750793457, "Radius": 12.877866698399815, "height_m": 30.83, "crown_diameter_m": 7.85, "site_id": 2341 }, "geometry": { "type": "Point", "coordinates": [ -73.923438685845866, 40.87440786268062 ] } },
{ "type": "Feature", "properties": { "Height": 80.310501098632798, "Radius": 18.779972148319072, "height_m": 24.48, "crown_diameter_m": 11.45, "site_id": 2342 }, "geometry": { "type": "Point", "coordinates": [ -73.925582581200743, 40.874399238155441 ] } },
{ "type": "Feature", "properties": { "Height": 58.159248352050803, "Radius": 14.261837794318172, "height_m": 17.73, "crown_diameter_m": 8.69, "site_id": 2343 }, "geometry": { "type": "Point", "coordinates": [ -73.924916119389366, 40.874438052434577 ] } },
{ "type": "Feature", "properties": { "Height": 102.095497131348, "Radius": 22.81482503509601, "height_m": 31.12, "crown_diameter_m": 13.91, "site_id": 2344 }, "geometry": { "type": "Point", "coordinates": [ -73.923843913784339, 40.874383234113978 ] } },
{ "type": "Feature", "properties": { "Height": 63.332748413085902, "Radius": 23.843268583066589, "height_m": 19.3, "crown_diameter_m": 14.53, "site_id": 2345 }, "geometry": { "type": "Point", "coordinates": [ -73.925028379007884, 40.874455579579916 ] } },
{ "type": "Feature", "properties": { "Height": 103.22575378418, "Radius": 25.014349057406761, "height_m": 31.46, "crown_diameter_m": 15.25, "site_id": 2346 }, "geometry": { "type": "Point", "coordinates": [ -73.924440070423358, 40.874475259658631 ] } },
{ "type": "Feature", "properties": { "Height": 96.408752441406307, "Radius": 21.988922600099762, "height_m": 29.39, "crown_diameter_m": 13.4, "site_id": 2347 }, "geometry": { "type": "Point", "coordinates": [ -73.923979955675193, 40.874442887497068 ] } },
{ "type": "Feature", "properties": { "Height": 101.015747070313, "Radius": 42.800390126583139, "height_m": 30.79, "crown_diameter_m": 26.09, "site_id": 2348 }, "geometry": { "type": "Point", "coordinates": [ -73.924733131594238, 40.874443384787654 ] } },
{ "type": "Feature", "properties": { "Height": 99.715248107910199, "Radius": 18.906665549070173, "height_m": 30.39, "crown_diameter_m": 11.53, "site_id": 2349 }, "geometry": { "type": "Point", "coordinates": [ -73.923380582682114, 40.87445894212744 ] } },
{ "type": "Feature", "properties": { "Height": 100.554000854492, "Radius": 25.738734440916367, "height_m": 30.65, "crown_diameter_m": 15.69, "site_id": 2350 }, "geometry": { "type": "Point", "coordinates": [ -73.924296066819409, 40.874473810948089 ] } },
{ "type": "Feature", "properties": { "Height": 73.801498413085895, "Radius": 33.949964622536882, "height_m": 22.49, "crown_diameter_m": 20.7, "site_id": 2351 }, "geometry": { "type": "Point", "coordinates": [ -73.9254062109665, 40.87449753593026 ] } },
{ "type": "Feature", "properties": { "Height": 78.157249450683594, "Radius": 36.637587120838695, "height_m": 23.82, "crown_diameter_m": 22.33, "site_id": 2352 }, "geometry": { "type": "Point", "coordinates": [ -73.925635904924746, 40.87452246290173 ] } },
{ "type": "Feature", "properties": { "Height": 96.574752807617202, "Radius": 28.745999104799278, "height_m": 29.44, "crown_diameter_m": 17.52, "site_id": 2353 }, "geometry": { "type": "Point", "coordinates": [ -73.923153508067912, 40.874461666400308 ] } },
{ "type": "Feature", "properties": { "Height": 100.174751281738, "Radius": 22.290844136840068, "height_m": 30.53, "crown_diameter_m": 13.59, "site_id": 2354 }, "geometry": { "type": "Point", "coordinates": [ -73.92353583159678, 40.874496307295686 ] } },
{ "type": "Feature", "properties": { "Height": 79.364753723144503, "Radius": 11.382096629215674, "height_m": 24.19, "crown_diameter_m": 6.94, "site_id": 2355 }, "geometry": { "type": "Point", "coordinates": [ -73.924185172160307, 40.874507842333671 ] } },
{ "type": "Feature", "properties": { "Height": 88.154998779296903, "Radius": 27.514005284883559, "height_m": 26.87, "crown_diameter_m": 16.77, "site_id": 2356 }, "geometry": { "type": "Point", "coordinates": [ -73.922903106860417, 40.874458190092554 ] } },
{ "type": "Feature", "properties": { "Height": 58.375, "Radius": 20.583256751802555, "height_m": 17.79, "crown_diameter_m": 12.55, "site_id": 2357 }, "geometry": { "type": "Point", "coordinates": [ -73.9249692655155, 40.874542027639549 ] } },
{ "type": "Feature", "properties": { "Height": 98.475753784179702, "Radius": 33.53607617713913, "height_m": 30.02, "crown_diameter_m": 20.44, "site_id": 2358 }, "geometry": { "type": "Point", "coordinates": [ -73.923748016489768, 40.87454762963398 ] } },
{ "type": "Feature", "properties": { "Height": 93.990249633789105, "Radius": 15.337242447383471, "height_m": 28.65, "crown_diameter_m": 9.35, "site_id": 2359 }, "geometry": { "type": "Point", "coordinates": [ -73.92303867771156, 40.874515258068371 ] } },
{ "type": "Feature", "properties": { "Height": 102.84799957275401, "Radius": 22.884478151006231, "height_m": 31.35, "crown_diameter_m": 13.95, "site_id": 2360 }, "geometry": { "type": "Point", "coordinates": [ -73.923895977620859, 40.874515045889787 ] } },
{ "type": "Feature", "properties": { "Height": 95.764999389648395, "Radius": 36.044164582621995, "height_m": 29.19, "crown_diameter_m": 21.97, "site_id": 2361 }, "geometry": { "type": "Point", "coordinates": [ -73.924635641711689, 40.874583954889843 ] } },
{ "type": "Feature", "properties": { "Height": 52.074249267578097, "Radius": 12.399341717477219, "height_m": 15.87, "crown_diameter_m": 7.56, "site_id": 2362 }, "geometry": { "type": "Point", "coordinates": [ -73.922880502331338, 40.874541345871563 ] } },
{ "type": "Feature", "properties": { "Height": 53.825248718261697, "Radius": 16.719917988462569, "height_m": 16.41, "crown_diameter_m": 10.19, "site_id": 2363 }, "geometry": { "type": "Point", "coordinates": [ -73.924882623438293, 40.874560012554042 ] } },
{ "type": "Feature", "properties": { "Height": 101.62525177002, "Radius": 22.161952855774896, "height_m": 30.98, "crown_diameter_m": 13.51, "site_id": 2364 }, "geometry": { "type": "Point", "coordinates": [ -73.923302489831002, 40.874515217584658 ] } },
{ "type": "Feature", "properties": { "Height": 102.899002075195, "Radius": 21.600062862730081, "height_m": 31.36, "crown_diameter_m": 13.17, "site_id": 2365 }, "geometry": { "type": "Point", "coordinates": [ -73.923647830309989, 40.874593079463686 ] } },
{ "type": "Feature", "properties": { "Height": 105.668251037598, "Radius": 30.645934790527672, "height_m": 32.21, "crown_diameter_m": 18.68, "site_id": 2366 }, "geometry": { "type": "Point", "coordinates": [ -73.92406662299598, 40.874554544747099 ] } },
{ "type": "Feature", "properties": { "Height": 101.169998168945, "Radius": 22.01062576965338, "height_m": 30.84, "crown_diameter_m": 13.42, "site_id": 2367 }, "geometry": { "type": "Point", "coordinates": [ -73.924333530933183, 40.87458321240387 ] } },
{ "type": "Feature", "properties": { "Height": 64.563247680664105, "Radius": 19.633473257897354, "height_m": 19.68, "crown_diameter_m": 11.97, "site_id": 2368 }, "geometry": { "type": "Point", "coordinates": [ -73.925265666608439, 40.874603747617343 ] } },
{ "type": "Feature", "properties": { "Height": 100.845497131348, "Radius": 28.707216781322327, "height_m": 30.74, "crown_diameter_m": 17.5, "site_id": 2369 }, "geometry": { "type": "Point", "coordinates": [ -73.923000094917413, 40.874598253731911 ] } },
{ "type": "Feature", "properties": { "Height": 67.739250183105497, "Radius": 24.436639426909572, "height_m": 20.65, "crown_diameter_m": 14.9, "site_id": 2370 }, "geometry": { "type": "Point", "coordinates": [ -73.92507072556252, 40.874600142624139 ] } },
{ "type": "Feature", "properties": { "Height": 102.564247131348, "Radius": 23.169584006817278, "height_m": 31.26, "crown_diameter_m": 14.12, "site_id": 2371 }, "geometry": { "type": "Point", "coordinates": [ -73.924033527162706, 40.874672727334413 ] } },
{ "type": "Feature", "properties": { "Height": 106.890998840332, "Radius": 29.96053869739811, "height_m": 32.58, "crown_diameter_m": 18.26, "site_id": 2372 }, "geometry": { "type": "Point", "coordinates": [ -73.923483629697699, 40.874601593783126 ] } },
{ "type": "Feature", "properties": { "Height": 68.150253295898395, "Radius": 19.203176902375333, "height_m": 20.77, "crown_diameter_m": 11.71, "site_id": 2373 }, "geometry": { "type": "Point", "coordinates": [ -73.925348963267041, 40.87459944406811 ] } },
{ "type": "Feature", "properties": { "Height": 102.203750610352, "Radius": 19.5522421554852, "height_m": 31.15, "crown_diameter_m": 11.92, "site_id": 2374 }, "geometry": { "type": "Point", "coordinates": [ -73.923160370672832, 40.874593296216155 ] } },
{ "type": "Feature", "properties": { "Height": 26.518499374389599, "Radius": 13.957279475043833, "height_m": 8.08, "crown_diameter_m": 8.51, "site_id": 2375 }, "geometry": { "type": "Point", "coordinates": [ -73.924925609323878, 40.874642450493248 ] } },
{ "type": "Feature", "properties": { "Height": 65.681251525878906, "Radius": 21.847326480203343, "height_m": 20.02, "crown_diameter_m": 13.32, "site_id": 2376 }, "geometry": { "type": "Point", "coordinates": [ -73.925186552583611, 40.874580935619747 ] } },
{ "type": "Feature", "properties": { "Height": 70.276252746582003, "Radius": 22.945251180756113, "height_m": 21.42, "crown_diameter_m": 13.99, "site_id": 2377 }, "geometry": { "type": "Point", "coordinates": [ -73.922811274946838, 40.874642080415022 ] } },
{ "type": "Feature", "properties": { "Height": 97.367996215820298, "Radius": 20.113971893676243, "height_m": 29.68, "crown_diameter_m": 12.26, "site_id": 2378 }, "geometry": { "type": "Point", "coordinates": [ -73.924187555541067, 40.874635768137232 ] } },
{ "type": "Feature", "properties": { "Height": 107.491752624512, "Radius": 32.439674531715205, "height_m": 32.76, "crown_diameter_m": 19.78, "site_id": 2379 }, "geometry": { "type": "Point", "coordinates": [ -73.92327840588284, 40.874666709597314 ] } },
{ "type": "Feature", "properties": { "Height": 92.0938720703125, "Radius": 30.292042261893183, "height_m": 28.07, "crown_diameter_m": 18.47, "site_id": 2380 }, "geometry": { "type": "Point", "coordinates": [ -73.924489402146691, 40.874686529342561 ] } },
{ "type": "Feature", "properties": { "Height": 69.628997802734403, "Radius": 13.517021664164625, "height_m": 21.22, "crown_diameter_m": 8.24, "site_id": 2381 }, "geometry": { "type": "Point", "coordinates": [ -73.925532024463124, 40.874636955107484 ] } },
{ "type": "Feature", "properties": { "Height": 96.727249145507798, "Radius": 20.973894791049151, "height_m": 29.48, "crown_diameter_m": 12.79, "site_id": 2382 }, "geometry": { "type": "Point", "coordinates": [ -73.92427704372281, 40.874702314427218 ] } },
{ "type": "Feature", "properties": { "Height": 70.353118896484403, "Radius": 17.028808129561895, "height_m": 21.44, "crown_diameter_m": 10.38, "site_id": 2383 }, "geometry": { "type": "Point", "coordinates": [ -73.925622308516523, 40.874660299052117 ] } },
{ "type": "Feature", "properties": { "Height": 95.465751647949205, "Radius": 19.503341098120341, "height_m": 29.1, "crown_diameter_m": 11.89, "site_id": 2384 }, "geometry": { "type": "Point", "coordinates": [ -73.924373770438919, 40.874680742728891 ] } },
{ "type": "Feature", "properties": { "Height": 32.541999816894503, "Radius": 13.357121366747201, "height_m": 9.92, "crown_diameter_m": 8.14, "site_id": 2385 }, "geometry": { "type": "Point", "coordinates": [ -73.922728070042496, 40.874696885167658 ] } },
{ "type": "Feature", "properties": { "Height": 91.540000915527301, "Radius": 18.973889460884589, "height_m": 27.9, "crown_diameter_m": 11.57, "site_id": 2386 }, "geometry": { "type": "Point", "coordinates": [ -73.922939763537784, 40.87469317083027 ] } },
{ "type": "Feature", "properties": { "Height": 66.089248657226605, "Radius": 15.599612430682628, "height_m": 20.14, "crown_diameter_m": 9.51, "site_id": 2387 }, "geometry": { "type": "Point", "coordinates": [ -73.925204603335871, 40.874714129504838 ] } },
{ "type": "Feature", "properties": { "Height": 97.724250793457003, "Radius": 19.019968076941616, "height_m": 29.79, "crown_diameter_m": 11.59, "site_id": 2388 }, "geometry": { "type": "Point", "coordinates": [ -73.923450777885094, 40.874686196264193 ] } },
{ "type": "Feature", "properties": { "Height": 65.730751037597699, "Radius": 19.082623241951211, "height_m": 20.03, "crown_diameter_m": 11.63, "site_id": 2389 }, "geometry": { "type": "Point", "coordinates": [ -73.925305370368903, 40.87473270880475 ] } },
{ "type": "Feature", "properties": { "Height": 99.229248046875, "Radius": 34.322949884387988, "height_m": 30.25, "crown_diameter_m": 20.92, "site_id": 2390 }, "geometry": { "type": "Point", "coordinates": [ -73.92305160752386, 40.874766338976968 ] } },
{ "type": "Feature", "properties": { "Height": 91.656005859375, "Radius": 17.047490316342781, "height_m": 27.94, "crown_diameter_m": 10.39, "site_id": 2391 }, "geometry": { "type": "Point", "coordinates": [ -73.923920312305867, 40.874712348067625 ] } },
{ "type": "Feature", "properties": { "Height": 68.968246459960895, "Radius": 38.650074978718081, "height_m": 21.02, "crown_diameter_m": 23.56, "site_id": 2392 }, "geometry": { "type": "Point", "coordinates": [ -73.925558463714381, 40.874717817982983 ] } },
{ "type": "Feature", "properties": { "Height": 66.657997131347699, "Radius": 19.827070117316413, "height_m": 20.32, "crown_diameter_m": 12.09, "site_id": 2393 }, "geometry": { "type": "Point", "coordinates": [ -73.925107367457827, 40.874706609501395 ] } },
{ "type": "Feature", "properties": { "Height": 64.155502319335895, "Radius": 22.917489221187704, "height_m": 19.55, "crown_diameter_m": 13.97, "site_id": 2394 }, "geometry": { "type": "Point", "coordinates": [ -73.925400812715125, 40.874766544245041 ] } },
{ "type": "Feature", "properties": { "Height": 103.773002624512, "Radius": 25.857492452460512, "height_m": 31.63, "crown_diameter_m": 15.76, "site_id": 2395 }, "geometry": { "type": "Point", "coordinates": [ -73.923589004559389, 40.874742327944062 ] } },
{ "type": "Feature", "properties": { "Height": 84.557624816894503, "Radius": 20.385130767619295, "height_m": 25.77, "crown_diameter_m": 12.43, "site_id": 2396 }, "geometry": { "type": "Point", "coordinates": [ -73.922810764306107, 40.874753917090622 ] } },
{ "type": "Feature", "properties": { "Height": 69.604499816894503, "Radius": 39.822353684427611, "height_m": 21.22, "crown_diameter_m": 24.28, "site_id": 2397 }, "geometry": { "type": "Point", "coordinates": [ -73.924682479755731, 40.874763394207548 ] } },
{ "type": "Feature", "properties": { "Height": 90.664993286132798, "Radius": 9.4575408017964797, "height_m": 27.63, "crown_diameter_m": 5.77, "site_id": 2398 }, "geometry": { "type": "Point", "coordinates": [ -73.922963140197268, 40.874751441712476 ] } },
{ "type": "Feature", "properties": { "Height": 97.326873779296903, "Radius": 27.022266353983262, "height_m": 29.67, "crown_diameter_m": 16.47, "site_id": 2399 }, "geometry": { "type": "Point", "coordinates": [ -73.92410445223625, 40.87475950270737 ] } },
{ "type": "Feature", "properties": { "Height": 101.15299987793, "Radius": 18.83920176374059, "height_m": 30.83, "crown_diameter_m": 11.48, "site_id": 2400 }, "geometry": { "type": "Point", "coordinates": [ -73.923428990957547, 40.874752174078367 ] } },
{ "type": "Feature", "properties": { "Height": 108.55500030517599, "Radius": 28.888214622962654, "height_m": 33.09, "crown_diameter_m": 17.61, "site_id": 2401 }, "geometry": { "type": "Point", "coordinates": [ -73.923814470865352, 40.874695596701343 ] } },
{ "type": "Feature", "properties": { "Height": 93.5260009765625, "Radius": 16.205112036071434, "height_m": 28.51, "crown_diameter_m": 9.88, "site_id": 2402 }, "geometry": { "type": "Point", "coordinates": [ -73.92318219801642, 40.874783119225889 ] } },
{ "type": "Feature", "properties": { "Height": 63.439498901367202, "Radius": 32.237893516637783, "height_m": 19.34, "crown_diameter_m": 19.65, "site_id": 2403 }, "geometry": { "type": "Point", "coordinates": [ -73.924984756768268, 40.874759475861893 ] } },
{ "type": "Feature", "properties": { "Height": 96.435623168945298, "Radius": 22.461548691069996, "height_m": 29.39, "crown_diameter_m": 13.69, "site_id": 2404 }, "geometry": { "type": "Point", "coordinates": [ -73.923699679415279, 40.874797068000404 ] } },
{ "type": "Feature", "properties": { "Height": 63.6710014343262, "Radius": 14.56002692986536, "height_m": 19.41, "crown_diameter_m": 8.88, "site_id": 2405 }, "geometry": { "type": "Point", "coordinates": [ -73.923933196071317, 40.874785744536332 ] } },
{ "type": "Feature", "properties": { "Height": 101.397247314453, "Radius": 13.762063154896342, "height_m": 30.91, "crown_diameter_m": 8.39, "site_id": 2406 }, "geometry": { "type": "Point", "coordinates": [ -73.923324288509377, 40.874791952957352 ] } },
{ "type": "Feature", "properties": { "Height": 63.0112495422363, "Radius": 23.303147122857609, "height_m": 19.21, "crown_diameter_m": 14.21, "site_id": 2407 }, "geometry": { "type": "Point", "coordinates": [ -73.924774123733528, 40.87478627955344 ] } },
{ "type": "Feature", "properties": { "Height": 57.746875762939503, "Radius": 15.980115963000586, "height_m": 17.6, "crown_diameter_m": 9.74, "site_id": 2408 }, "geometry": { "type": "Point", "coordinates": [ -73.924952738356623, 40.874844120731105 ] } },
{ "type": "Feature", "properties": { "Height": 77.764251708984403, "Radius": 24.763359944342625, "height_m": 23.7, "crown_diameter_m": 15.1, "site_id": 2409 }, "geometry": { "type": "Point", "coordinates": [ -73.924492875108498, 40.874825999204361 ] } },
{ "type": "Feature", "properties": { "Height": 68.241500854492202, "Radius": 23.396867883641477, "height_m": 20.8, "crown_diameter_m": 14.26, "site_id": 2410 }, "geometry": { "type": "Point", "coordinates": [ -73.924827090153684, 40.874881365082302 ] } },
{ "type": "Feature", "properties": { "Height": 55.272251129150398, "Radius": 21.162750526824095, "height_m": 16.85, "crown_diameter_m": 12.9, "site_id": 2411 }, "geometry": { "type": "Point", "coordinates": [ -73.925690715493204, 40.87483659744607 ] } },
{ "type": "Feature", "properties": { "Height": 100.46768188476599, "Radius": 26.462837142006137, "height_m": 30.62, "crown_diameter_m": 16.13, "site_id": 2412 }, "geometry": { "type": "Point", "coordinates": [ -73.923216837510708, 40.874856129536589 ] } },
{ "type": "Feature", "properties": { "Height": 84.579750061035199, "Radius": 13.243441670776848, "height_m": 25.78, "crown_diameter_m": 8.07, "site_id": 2413 }, "geometry": { "type": "Point", "coordinates": [ -73.923824736478153, 40.874825778931957 ] } },
{ "type": "Feature", "properties": { "Height": 87.969001770019503, "Radius": 14.059531973722809, "height_m": 26.81, "crown_diameter_m": 8.57, "site_id": 2414 }, "geometry": { "type": "Point", "coordinates": [ -73.922939719109891, 40.874843079551013 ] } },
{ "type": "Feature", "properties": { "Height": 88.785499572753906, "Radius": 30.303861497179465, "height_m": 27.06, "crown_diameter_m": 18.47, "site_id": 2415 }, "geometry": { "type": "Point", "coordinates": [ -73.924199325164324, 40.87484277015777 ] } },
{ "type": "Feature", "properties": { "Height": 99.000503540039105, "Radius": 29.74729371877277, "height_m": 30.18, "crown_diameter_m": 18.13, "site_id": 2416 }, "geometry": { "type": "Point", "coordinates": [ -73.923435796529063, 40.874870988086855 ] } },
{ "type": "Feature", "properties": { "Height": 66.996246337890597, "Radius": 34.799568416666197, "height_m": 20.42, "crown_diameter_m": 21.21, "site_id": 2417 }, "geometry": { "type": "Point", "coordinates": [ -73.925214930239051, 40.874851307540844 ] } },
{ "type": "Feature", "properties": { "Height": 41.301624298095703, "Radius": 12.037880863556122, "height_m": 12.59, "crown_diameter_m": 7.34, "site_id": 2418 }, "geometry": { "type": "Point", "coordinates": [ -73.922662612307263, 40.874836470098721 ] } },
{ "type": "Feature", "properties": { "Height": 85.530998229980497, "Radius": 34.881793817657083, "height_m": 26.07, "crown_diameter_m": 21.26, "site_id": 2419 }, "geometry": { "type": "Point", "coordinates": [ -73.922824551308594, 40.874876989710806 ] } },
{ "type": "Feature", "properties": { "Height": 60.602001190185497, "Radius": 18.58403149237035, "height_m": 18.47, "crown_diameter_m": 11.33, "site_id": 2420 }, "geometry": { "type": "Point", "coordinates": [ -73.925525971945831, 40.874861397846651 ] } },
{ "type": "Feature", "properties": { "Height": 80.629501342773395, "Radius": 24.585981246698665, "height_m": 24.58, "crown_diameter_m": 14.99, "site_id": 2421 }, "geometry": { "type": "Point", "coordinates": [ -73.924434474231134, 40.87492543969239 ] } },
{ "type": "Feature", "properties": { "Height": 99.313629150390597, "Radius": 51.356749477735541, "height_m": 30.27, "crown_diameter_m": 31.31, "site_id": 2422 }, "geometry": { "type": "Point", "coordinates": [ -73.923928830473756, 40.874974388499396 ] } },
{ "type": "Feature", "properties": { "Height": 57.792125701904297, "Radius": 15.075584855494879, "height_m": 17.62, "crown_diameter_m": 9.19, "site_id": 2423 }, "geometry": { "type": "Point", "coordinates": [ -73.925604718410966, 40.874902455961895 ] } },
{ "type": "Feature", "properties": { "Height": 101.489875793457, "Radius": 22.176311103381387, "height_m": 30.93, "crown_diameter_m": 13.52, "site_id": 2424 }, "geometry": { "type": "Point", "coordinates": [ -73.923228387164173, 40.874937683616473 ] } },
{ "type": "Feature", "properties": { "Height": 80.987747192382798, "Radius": 21.930942479148218, "height_m": 24.69, "crown_diameter_m": 13.37, "site_id": 2425 }, "geometry": { "type": "Point", "coordinates": [ -73.924147326232244, 40.874954887273248 ] } },
{ "type": "Feature", "properties": { "Height": 69.841003417968807, "Radius": 14.183506197980657, "height_m": 21.29, "crown_diameter_m": 8.65, "site_id": 2426 }, "geometry": { "type": "Point", "coordinates": [ -73.924515379357587, 40.874919353113015 ] } },
{ "type": "Feature", "properties": { "Height": 64.515625, "Radius": 25.288031978452484, "height_m": 19.66, "crown_diameter_m": 15.42, "site_id": 2427 }, "geometry": { "type": "Point", "coordinates": [ -73.925334689898605, 40.874927569075155 ] } },
{ "type": "Feature", "properties": { "Height": 96.208000183105497, "Radius": 14.261837794318172, "height_m": 29.32, "crown_diameter_m": 8.69, "site_id": 2428 }, "geometry": { "type": "Point", "coordinates": [ -73.923687928286228, 40.874932958283594 ] } },
{ "type": "Feature", "properties": { "Height": 60.092750549316399, "Radius": 10.940041919714261, "height_m": 18.32, "crown_diameter_m": 6.67, "site_id": 2429 }, "geometry": { "type": "Point", "coordinates": [ -73.924724382016947, 40.874916384748616 ] } },
{ "type": "Feature", "properties": { "Height": 94.463127136230497, "Radius": 25.964982937357547, "height_m": 28.79, "crown_diameter_m": 15.83, "site_id": 2430 }, "geometry": { "type": "Point", "coordinates": [ -73.923069541920825, 40.874960559190953 ] } },
{ "type": "Feature", "properties": { "Height": 106.82375335693401, "Radius": 27.541467985130588, "height_m": 32.56, "crown_diameter_m": 16.79, "site_id": 2431 }, "geometry": { "type": "Point", "coordinates": [ -73.923630339333158, 40.874897615653836 ] } },
{ "type": "Feature", "properties": { "Height": 83.407501220703097, "Radius": 21.132647025771721, "height_m": 25.42, "crown_diameter_m": 12.88, "site_id": 2432 }, "geometry": { "type": "Point", "coordinates": [ -73.924320065274159, 40.874906054655952 ] } },
{ "type": "Feature", "properties": { "Height": 57.168125152587898, "Radius": 20.390985479558768, "height_m": 17.42, "crown_diameter_m": 12.43, "site_id": 2433 }, "geometry": { "type": "Point", "coordinates": [ -73.924990577543497, 40.874909274929514 ] } },
{ "type": "Feature", "properties": { "Height": 58.9243774414063, "Radius": 14.127289146798008, "height_m": 17.96, "crown_diameter_m": 8.61, "site_id": 2434 }, "geometry": { "type": "Point", "coordinates": [ -73.925145448867454, 40.874934976362766 ] } },
{ "type": "Feature", "properties": { "Height": 58.641250610351598, "Radius": 27.656801270205658, "height_m": 17.87, "crown_diameter_m": 16.86, "site_id": 2435 }, "geometry": { "type": "Point", "coordinates": [ -73.925658540462877, 40.874987819088965 ] } },
{ "type": "Feature", "properties": { "Height": 61.393997192382798, "Radius": 30.651127696570288, "height_m": 18.71, "crown_diameter_m": 18.68, "site_id": 2436 }, "geometry": { "type": "Point", "coordinates": [ -73.925425551513698, 40.874983096987414 ] } },
{ "type": "Feature", "properties": { "Height": 98.732749938964801, "Radius": 18.069487146928751, "height_m": 30.09, "crown_diameter_m": 11.02, "site_id": 2437 }, "geometry": { "type": "Point", "coordinates": [ -73.923452925036116, 40.87496451152996 ] } },
{ "type": "Feature", "properties": { "Height": 87.889251708984403, "Radius": 32.576757980756128, "height_m": 26.79, "crown_diameter_m": 19.86, "site_id": 2438 }, "geometry": { "type": "Point", "coordinates": [ -73.922782932746074, 40.875001412919715 ] } },
{ "type": "Feature", "properties": { "Height": 79.518997192382798, "Radius": 12.853125337029409, "height_m": 24.24, "crown_diameter_m": 7.84, "site_id": 2439 }, "geometry": { "type": "Point", "coordinates": [ -73.92422909015589, 40.874997877155586 ] } },
{ "type": "Feature", "properties": { "Height": 60.2005004882813, "Radius": 26.402625830445377, "height_m": 18.35, "crown_diameter_m": 16.1, "site_id": 2440 }, "geometry": { "type": "Point", "coordinates": [ -73.924772945281148, 40.874997419814939 ] } },
{ "type": "Feature", "properties": { "Height": 68.374496459960895, "Radius": 21.349935761383176, "height_m": 20.84, "crown_diameter_m": 13.01, "site_id": 2441 }, "geometry": { "type": "Point", "coordinates": [ -73.92462625642662, 40.87498920259943 ] } },
{ "type": "Feature", "properties": { "Height": 57.880500793457003, "Radius": 23.186750478763134, "height_m": 17.64, "crown_diameter_m": 14.13, "site_id": 2442 }, "geometry": { "type": "Point", "coordinates": [ -73.924947368922943, 40.874999766593518 ] } },
{ "type": "Feature", "properties": { "Height": 82.554252624511705, "Radius": 16.516403133234203, "height_m": 25.16, "crown_diameter_m": 10.07, "site_id": 2443 }, "geometry": { "type": "Point", "coordinates": [ -73.924333529775353, 40.874998091559775 ] } },
{ "type": "Feature", "properties": { "Height": 91.346252441406307, "Radius": 14.733884157863645, "height_m": 27.84, "crown_diameter_m": 8.98, "site_id": 2444 }, "geometry": { "type": "Point", "coordinates": [ -73.923572530449434, 40.875005155086292 ] } },
{ "type": "Feature", "properties": { "Height": 89.680747985839801, "Radius": 15.716503163191918, "height_m": 27.33, "crown_diameter_m": 9.58, "site_id": 2445 }, "geometry": { "type": "Point", "coordinates": [ -73.923696736139036, 40.874992448545541 ] } },
{ "type": "Feature", "properties": { "Height": 91.079750061035199, "Radius": 25.798952924688752, "height_m": 27.76, "crown_diameter_m": 15.73, "site_id": 2446 }, "geometry": { "type": "Point", "coordinates": [ -73.923178068654138, 40.875057062047169 ] } },
{ "type": "Feature", "properties": { "Height": 60.940750122070298, "Radius": 11.794126515444734, "height_m": 18.57, "crown_diameter_m": 7.19, "site_id": 2447 }, "geometry": { "type": "Point", "coordinates": [ -73.924527168472125, 40.87501083779938 ] } },
{ "type": "Feature", "properties": { "Height": 54.821750640869098, "Radius": 29.065347717372667, "height_m": 16.71, "crown_diameter_m": 17.72, "site_id": 2448 }, "geometry": { "type": "Point", "coordinates": [ -73.925144546281828, 40.875022251075237 ] } },
{ "type": "Feature", "properties": { "Height": 71.4947509765625, "Radius": 24.330573582024424, "height_m": 21.79, "crown_diameter_m": 14.83, "site_id": 2449 }, "geometry": { "type": "Point", "coordinates": [ -73.922830228538601, 40.875094155200415 ] } },
{ "type": "Feature", "properties": { "Height": 90.036003112792997, "Radius": 22.048554911245191, "height_m": 27.44, "crown_diameter_m": 13.44, "site_id": 2450 }, "geometry": { "type": "Point", "coordinates": [ -73.923541619554399, 40.875066918894646 ] } },
{ "type": "Feature", "properties": { "Height": 92.990997314453097, "Radius": 27.529908082004297, "height_m": 28.34, "crown_diameter_m": 16.78, "site_id": 2451 }, "geometry": { "type": "Point", "coordinates": [ -73.923781788024343, 40.87509366107021 ] } },
{ "type": "Feature", "properties": { "Height": 94.898246765136705, "Radius": 25.879026267050612, "height_m": 28.92, "crown_diameter_m": 15.78, "site_id": 2452 }, "geometry": { "type": "Point", "coordinates": [ -73.923340260033385, 40.875039938162352 ] } },
{ "type": "Feature", "properties": { "Height": 84.590499877929702, "Radius": 10.778826859036359, "height_m": 25.78, "crown_diameter_m": 6.57, "site_id": 2453 }, "geometry": { "type": "Point", "coordinates": [ -73.923050364872424, 40.875063079573756 ] } },
{ "type": "Feature", "properties": { "Height": 56.754001617431598, "Radius": 16.205112036071434, "height_m": 17.3, "crown_diameter_m": 9.88, "site_id": 2454 }, "geometry": { "type": "Point", "coordinates": [ -73.924686984502472, 40.875079466642589 ] } },
{ "type": "Feature", "properties": { "Height": 53.015998840332003, "Radius": 13.923028430838189, "height_m": 16.16, "crown_diameter_m": 8.49, "site_id": 2455 }, "geometry": { "type": "Point", "coordinates": [ -73.92491989442928, 40.875085084368173 ] } },
{ "type": "Feature", "properties": { "Height": 50.8602485656738, "Radius": 25.347751483356102, "height_m": 15.5, "crown_diameter_m": 15.45, "site_id": 2456 }, "geometry": { "type": "Point", "coordinates": [ -73.925543274785298, 40.875074131293665 ] } },
{ "type": "Feature", "properties": { "Height": 86.797752380371094, "Radius": 20.88263738304607, "height_m": 26.46, "crown_diameter_m": 12.73, "site_id": 2457 }, "geometry": { "type": "Point", "coordinates": [ -73.922961083632302, 40.87508068398045 ] } },
{ "type": "Feature", "properties": { "Height": 90.379997253417997, "Radius": 29.656200288064781, "height_m": 27.55, "crown_diameter_m": 18.08, "site_id": 2458 }, "geometry": { "type": "Point", "coordinates": [ -73.924050860389372, 40.87512363021024 ] } },
{ "type": "Feature", "properties": { "Height": 73.960998535156307, "Radius": 25.482389366284572, "height_m": 22.54, "crown_diameter_m": 15.53, "site_id": 2459 }, "geometry": { "type": "Point", "coordinates": [ -73.924355750451312, 40.875071522013819 ] } },
{ "type": "Feature", "properties": { "Height": 59.5564994812012, "Radius": 13.657583728599336, "height_m": 18.15, "crown_diameter_m": 8.33, "site_id": 2460 }, "geometry": { "type": "Point", "coordinates": [ -73.924781640279207, 40.875096712389116 ] } },
{ "type": "Feature", "properties": { "Height": 45.242000579833999, "Radius": 15.065024024177415, "height_m": 13.79, "crown_diameter_m": 9.18, "site_id": 2461 }, "geometry": { "type": "Point", "coordinates": [ -73.925136566810252, 40.87512147607417 ] } },
{ "type": "Feature", "properties": { "Height": 61.725250244140597, "Radius": 22.048554911245191, "height_m": 18.81, "crown_diameter_m": 13.44, "site_id": 2462 }, "geometry": { "type": "Point", "coordinates": [ -73.92502546023006, 40.875105099709216 ] } },
{ "type": "Feature", "properties": { "Height": 87.918998718261705, "Radius": 12.244343853084386, "height_m": 26.8, "crown_diameter_m": 7.46, "site_id": 2463 }, "geometry": { "type": "Point", "coordinates": [ -73.923078839886855, 40.875124035481129 ] } },
{ "type": "Feature", "properties": { "Height": 95.678497314453097, "Radius": 20.42023386008999, "height_m": 29.16, "crown_diameter_m": 12.45, "site_id": 2464 }, "geometry": { "type": "Point", "coordinates": [ -73.923692038939137, 40.875108672327769 ] } },
{ "type": "Feature", "properties": { "Height": 55.176750183105497, "Radius": 16.361497922884933, "height_m": 16.82, "crown_diameter_m": 9.97, "site_id": 2465 }, "geometry": { "type": "Point", "coordinates": [ -73.92568180050344, 40.875105949279607 ] } },
{ "type": "Feature", "properties": { "Height": 55.620124816894503, "Radius": 16.925687506432688, "height_m": 16.95, "crown_diameter_m": 10.32, "site_id": 2466 }, "geometry": { "type": "Point", "coordinates": [ -73.925413347543468, 40.875102764855733 ] } },
{ "type": "Feature", "properties": { "Height": 72.628997802734403, "Radius": 38.777518001185008, "height_m": 22.14, "crown_diameter_m": 23.64, "site_id": 2467 }, "geometry": { "type": "Point", "coordinates": [ -73.924591341687176, 40.875152232052749 ] } },
{ "type": "Feature", "properties": { "Height": 89.169998168945298, "Radius": 25.786611879770842, "height_m": 27.18, "crown_diameter_m": 15.72, "site_id": 2468 }, "geometry": { "type": "Point", "coordinates": [ -73.92414633434862, 40.87515568554128 ] } },
{ "type": "Feature", "properties": { "Height": 80.792251586914105, "Radius": 15.212208493693998, "height_m": 24.63, "crown_diameter_m": 9.27, "site_id": 2469 }, "geometry": { "type": "Point", "coordinates": [ -73.922918021175477, 40.875168485223682 ] } },
{ "type": "Feature", "properties": { "Height": 60.137500762939503, "Radius": 18.796913939900019, "height_m": 18.33, "crown_diameter_m": 11.46, "site_id": 2470 }, "geometry": { "type": "Point", "coordinates": [ -73.924853716998271, 40.875135668530746 ] } },
{ "type": "Feature", "properties": { "Height": 58.612751007080099, "Radius": 21.175907351549665, "height_m": 17.87, "crown_diameter_m": 12.91, "site_id": 2471 }, "geometry": { "type": "Point", "coordinates": [ -73.925510503990893, 40.875188087611029 ] } },
{ "type": "Feature", "properties": { "Height": 41.512248992919901, "Radius": 19.867165345562018, "height_m": 12.65, "crown_diameter_m": 12.11, "site_id": 2472 }, "geometry": { "type": "Point", "coordinates": [ -73.925666145982106, 40.875180994870284 ] } },
{ "type": "Feature", "properties": { "Height": 58.835750579833999, "Radius": 14.60368527951557, "height_m": 17.93, "crown_diameter_m": 8.9, "site_id": 2473 }, "geometry": { "type": "Point", "coordinates": [ -73.924759575151185, 40.875181041312111 ] } },
{ "type": "Feature", "properties": { "Height": 58.759750366210902, "Radius": 15.138795132120961, "height_m": 17.91, "crown_diameter_m": 9.23, "site_id": 2474 }, "geometry": { "type": "Point", "coordinates": [ -73.924969759037978, 40.875174907157316 ] } },
{ "type": "Feature", "properties": { "Height": 96.524002075195298, "Radius": 34.262616074167774, "height_m": 29.42, "crown_diameter_m": 20.89, "site_id": 2475 }, "geometry": { "type": "Point", "coordinates": [ -73.923476568506814, 40.875156327554706 ] } },
{ "type": "Feature", "properties": { "Height": 68.884002685546903, "Radius": 27.230550487736018, "height_m": 21.0, "crown_diameter_m": 16.6, "site_id": 2476 }, "geometry": { "type": "Point", "coordinates": [ -73.9227251995014, 40.875194707250778 ] } },
{ "type": "Feature", "properties": { "Height": 94.781997680664105, "Radius": 27.783114908082073, "height_m": 28.89, "crown_diameter_m": 16.94, "site_id": 2477 }, "geometry": { "type": "Point", "coordinates": [ -73.923346311136513, 40.875222406264456 ] } },
{ "type": "Feature", "properties": { "Height": 64.589500427246094, "Radius": 23.702678100045794, "height_m": 19.69, "crown_diameter_m": 14.45, "site_id": 2478 }, "geometry": { "type": "Point", "coordinates": [ -73.924873012533723, 40.875239776603401 ] } },
{ "type": "Feature", "properties": { "Height": 61.493251800537102, "Radius": 24.154958525629645, "height_m": 18.74, "crown_diameter_m": 14.72, "site_id": 2479 }, "geometry": { "type": "Point", "coordinates": [ -73.925389890312786, 40.875212596619185 ] } },
{ "type": "Feature", "properties": { "Height": 88.722747802734403, "Radius": 20.536810833075389, "height_m": 27.04, "crown_diameter_m": 12.52, "site_id": 2480 }, "geometry": { "type": "Point", "coordinates": [ -73.9231416158717, 40.875174361457198 ] } },
{ "type": "Feature", "properties": { "Height": 33.981998443603501, "Radius": 18.841313663502142, "height_m": 10.36, "crown_diameter_m": 11.49, "site_id": 2481 }, "geometry": { "type": "Point", "coordinates": [ -73.925639989722669, 40.875252027420558 ] } },
{ "type": "Feature", "properties": { "Height": 96.330497741699205, "Radius": 16.583719174624104, "height_m": 29.36, "crown_diameter_m": 10.11, "site_id": 2482 }, "geometry": { "type": "Point", "coordinates": [ -73.923212549077348, 40.875214515511288 ] } },
{ "type": "Feature", "properties": { "Height": 80.858001708984403, "Radius": 20.287303488528025, "height_m": 24.65, "crown_diameter_m": 12.37, "site_id": 2483 }, "geometry": { "type": "Point", "coordinates": [ -73.923905336270252, 40.875235706334166 ] } },
{ "type": "Feature", "properties": { "Height": 97.435501098632798, "Radius": 26.215091918030804, "height_m": 29.7, "crown_diameter_m": 15.98, "site_id": 2484 }, "geometry": { "type": "Point", "coordinates": [ -73.922998528350476, 40.875224696101782 ] } },
{ "type": "Feature", "properties": { "Height": 88.230751037597699, "Radius": 22.68715685050001, "height_m": 26.89, "crown_diameter_m": 13.83, "site_id": 2485 }, "geometry": { "type": "Point", "coordinates": [ -73.923615659132054, 40.875259539082705 ] } },
{ "type": "Feature", "properties": { "Height": 81.219749450683594, "Radius": 18.098090310392436, "height_m": 24.76, "crown_diameter_m": 11.03, "site_id": 2486 }, "geometry": { "type": "Point", "coordinates": [ -73.923762406643206, 40.875258397948826 ] } },
{ "type": "Feature", "properties": { "Height": 59.711750030517599, "Radius": 30.476683675956295, "height_m": 18.2, "crown_diameter_m": 18.58, "site_id": 2487 }, "geometry": { "type": "Point", "coordinates": [ -73.925041068073625, 40.875262552967037 ] } },
{ "type": "Feature", "properties": { "Height": 58.999000549316399, "Radius": 40.353361696948213, "height_m": 17.98, "crown_diameter_m": 24.6, "site_id": 2488 }, "geometry": { "type": "Point", "coordinates": [ -73.925231967912026, 40.875228279966166 ] } },
{ "type": "Feature", "properties": { "Height": 77.079498291015597, "Radius": 19.83509564693766, "height_m": 23.49, "crown_diameter_m": 12.09, "site_id": 2489 }, "geometry": { "type": "Point", "coordinates": [ -73.922851267152367, 40.875257588027836 ] } },
{ "type": "Feature", "properties": { "Height": 40.821624755859403, "Radius": 13.819765978853418, "height_m": 12.44, "crown_diameter_m": 8.42, "site_id": 2490 }, "geometry": { "type": "Point", "coordinates": [ -73.925455767382715, 40.875279368050371 ] } },
{ "type": "Feature", "properties": { "Height": 97.337753295898395, "Radius": 26.426726817508762, "height_m": 29.67, "crown_diameter_m": 16.11, "site_id": 2491 }, "geometry": { "type": "Point", "coordinates": [ -73.923127877309284, 40.875318718540107 ] } },
{ "type": "Feature", "properties": { "Height": 87.518501281738295, "Radius": 44.667285193976141, "height_m": 26.68, "crown_diameter_m": 27.23, "site_id": 2492 }, "geometry": { "type": "Point", "coordinates": [ -73.924310378537271, 40.875261741063071 ] } },
{ "type": "Feature", "properties": { "Height": 81.782997131347699, "Radius": 31.443131308552168, "height_m": 24.93, "crown_diameter_m": 19.17, "site_id": 2493 }, "geometry": { "type": "Point", "coordinates": [ -73.924523281830318, 40.875270214519198 ] } },
{ "type": "Feature", "properties": { "Height": 73.886749267578097, "Radius": 24.80349637695705, "height_m": 22.52, "crown_diameter_m": 15.12, "site_id": 2494 }, "geometry": { "type": "Point", "coordinates": [ -73.922705212439183, 40.875313842834018 ] } },
{ "type": "Feature", "properties": { "Height": 65.091499328613295, "Radius": 15.787230310662732, "height_m": 19.84, "crown_diameter_m": 9.62, "site_id": 2495 }, "geometry": { "type": "Point", "coordinates": [ -73.924787748072163, 40.875301784496912 ] } },
{ "type": "Feature", "properties": { "Height": 88.455497741699205, "Radius": 24.724767671627777, "height_m": 26.96, "crown_diameter_m": 15.07, "site_id": 2496 }, "geometry": { "type": "Point", "coordinates": [ -73.924153621460405, 40.875321517893035 ] } },
{ "type": "Feature", "properties": { "Height": 92.454750061035199, "Radius": 35.120518347003205, "height_m": 28.18, "crown_diameter_m": 21.41, "site_id": 2497 }, "geometry": { "type": "Point", "coordinates": [ -73.923485641304552, 40.875379254772113 ] } },
{ "type": "Feature", "properties": { "Height": 51.243499755859403, "Radius": 22.017855405509259, "height_m": 15.62, "crown_diameter_m": 13.42, "site_id": 2498 }, "geometry": { "type": "Point", "coordinates": [ -73.925311421198799, 40.875355318226916 ] } },
{ "type": "Feature", "properties": { "Height": 90.107246398925795, "Radius": 22.351451102008109, "height_m": 27.46, "crown_diameter_m": 13.63, "site_id": 2499 }, "geometry": { "type": "Point", "coordinates": [ -73.924035410145009, 40.87530277662745 ] } },
{ "type": "Feature", "properties": { "Height": 81.300247192382798, "Radius": 23.876620492757535, "height_m": 24.78, "crown_diameter_m": 14.56, "site_id": 2500 }, "geometry": { "type": "Point", "coordinates": [ -73.923774901376788, 40.875359599438234 ] } },
{ "type": "Feature", "properties": { "Height": 65.451499938964801, "Radius": 28.022678123537936, "height_m": 19.95, "crown_diameter_m": 17.08, "site_id": 2501 }, "geometry": { "type": "Point", "coordinates": [ -73.924853764924137, 40.875391374726661 ] } },
{ "type": "Feature", "properties": { "Height": 58.199249267578097, "Radius": 23.344089726237979, "height_m": 17.74, "crown_diameter_m": 14.23, "site_id": 2502 }, "geometry": { "type": "Point", "coordinates": [ -73.925516971813266, 40.875339596183402 ] } },
{ "type": "Feature", "properties": { "Height": 97.645751953125, "Radius": 26.630704579816989, "height_m": 29.76, "crown_diameter_m": 16.23, "site_id": 2503 }, "geometry": { "type": "Point", "coordinates": [ -73.923270819836972, 40.875335522221846 ] } },
{ "type": "Feature", "properties": { "Height": 82.5052490234375, "Radius": 27.656801270205658, "height_m": 25.15, "crown_diameter_m": 16.86, "site_id": 2504 }, "geometry": { "type": "Point", "coordinates": [ -73.92366839691914, 40.875400758783769 ] } },
{ "type": "Feature", "properties": { "Height": 79.618751525878906, "Radius": 17.61229638877634, "height_m": 24.27, "crown_diameter_m": 10.74, "site_id": 2505 }, "geometry": { "type": "Point", "coordinates": [ -73.924481662622554, 40.875346607202623 ] } },
{ "type": "Feature", "properties": { "Height": 49.113998413085902, "Radius": 22.711696778550756, "height_m": 14.97, "crown_diameter_m": 13.85, "site_id": 2506 }, "geometry": { "type": "Point", "coordinates": [ -73.925110012791421, 40.875392449892288 ] } },
{ "type": "Feature", "properties": { "Height": 98.215499877929702, "Radius": 33.720653773615453, "height_m": 29.94, "crown_diameter_m": 20.56, "site_id": 2507 }, "geometry": { "type": "Point", "coordinates": [ -73.922884056187655, 40.87538656072131 ] } },
{ "type": "Feature", "properties": { "Height": 91.351753234863295, "Radius": 18.455123359562137, "height_m": 27.84, "crown_diameter_m": 11.25, "site_id": 2508 }, "geometry": { "type": "Point", "coordinates": [ -73.923370800111911, 40.87541228411304 ] } },
{ "type": "Feature", "properties": { "Height": 79.741500854492202, "Radius": 11.507254783503184, "height_m": 24.31, "crown_diameter_m": 7.01, "site_id": 2509 }, "geometry": { "type": "Point", "coordinates": [ -73.923862059800868, 40.875374650098529 ] } },
{ "type": "Feature", "properties": { "Height": 90.793251037597699, "Radius": 30.293355737981035, "height_m": 27.67, "crown_diameter_m": 18.47, "site_id": 2510 }, "geometry": { "type": "Point", "coordinates": [ -73.923995817186295, 40.875390091587256 ] } },
{ "type": "Feature", "properties": { "Height": 67.633003234863295, "Radius": 19.786893642157743, "height_m": 20.61, "crown_diameter_m": 12.06, "site_id": 2511 }, "geometry": { "type": "Point", "coordinates": [ -73.924700841849727, 40.875379249932202 ] } },
{ "type": "Feature", "properties": { "Height": 66.039749145507798, "Radius": 23.868286884429711, "height_m": 20.13, "crown_diameter_m": 14.55, "site_id": 2512 }, "geometry": { "type": "Point", "coordinates": [ -73.922618390305061, 40.875394426949704 ] } },
{ "type": "Feature", "properties": { "Height": 53.946250915527301, "Radius": 16.755575776860173, "height_m": 16.44, "crown_diameter_m": 10.21, "site_id": 2513 }, "geometry": { "type": "Point", "coordinates": [ -73.924962716921925, 40.875413563405019 ] } },
{ "type": "Feature", "properties": { "Height": 92.834251403808594, "Radius": 20.208700699792736, "height_m": 28.3, "crown_diameter_m": 12.32, "site_id": 2514 }, "geometry": { "type": "Point", "coordinates": [ -73.92294461110636, 40.875496553450397 ] } },
{ "type": "Feature", "properties": { "Height": 81.246002197265597, "Radius": 34.767539354733536, "height_m": 24.76, "crown_diameter_m": 21.19, "site_id": 2515 }, "geometry": { "type": "Point", "coordinates": [ -73.924509934330743, 40.875431158105357 ] } },
{ "type": "Feature", "properties": { "Height": 57.852001190185497, "Radius": 26.718710620812086, "height_m": 17.63, "crown_diameter_m": 16.29, "site_id": 2516 }, "geometry": { "type": "Point", "coordinates": [ -73.925368339232378, 40.875428313483198 ] } },
{ "type": "Feature", "properties": { "Height": 56.913501739502003, "Radius": 14.924387520334211, "height_m": 17.35, "crown_diameter_m": 9.1, "site_id": 2517 }, "geometry": { "type": "Point", "coordinates": [ -73.922737640098845, 40.875444243499857 ] } },
{ "type": "Feature", "properties": { "Height": 89.367752075195298, "Radius": 26.606788360731368, "height_m": 27.24, "crown_diameter_m": 16.22, "site_id": 2518 }, "geometry": { "type": "Point", "coordinates": [ -73.924217893525821, 40.875459018701548 ] } },
{ "type": "Feature", "properties": { "Height": 55.770248413085902, "Radius": 16.631635250140441, "height_m": 17.0, "crown_diameter_m": 10.14, "site_id": 2519 }, "geometry": { "type": "Point", "coordinates": [ -73.925034749776742, 40.875457100184647 ] } },
{ "type": "Feature", "properties": { "Height": 73.482749938964801, "Radius": 16.322541920173855, "height_m": 22.4, "crown_diameter_m": 9.95, "site_id": 2520 }, "geometry": { "type": "Point", "coordinates": [ -73.922637574819362, 40.875474774143505 ] } },
{ "type": "Feature", "properties": { "Height": 99.551246643066406, "Radius": 19.69013563619756, "height_m": 30.34, "crown_diameter_m": 12.0, "site_id": 2521 }, "geometry": { "type": "Point", "coordinates": [ -73.923025233840761, 40.875489173726052 ] } },
{ "type": "Feature", "properties": { "Height": 59.509998321533203, "Radius": 19.446134443285722, "height_m": 18.14, "crown_diameter_m": 11.85, "site_id": 2522 }, "geometry": { "type": "Point", "coordinates": [ -73.92501804319086, 40.875528073893783 ] } },
{ "type": "Feature", "properties": { "Height": 75.454750061035199, "Radius": 26.411666277835963, "height_m": 23.0, "crown_diameter_m": 16.1, "site_id": 2523 }, "geometry": { "type": "Point", "coordinates": [ -73.92250782520739, 40.875591510994276 ] } },
{ "type": "Feature", "properties": { "Height": 68.467247009277301, "Radius": 25.022300975799894, "height_m": 20.87, "crown_diameter_m": 15.25, "site_id": 2524 }, "geometry": { "type": "Point", "coordinates": [ -73.924701844116484, 40.875479983669564 ] } },
{ "type": "Feature", "properties": { "Height": 101.08975219726599, "Radius": 42.317979862819612, "height_m": 30.81, "crown_diameter_m": 25.8, "site_id": 2525 }, "geometry": { "type": "Point", "coordinates": [ -73.923174245603093, 40.87551455782183 ] } },
{ "type": "Feature", "properties": { "Height": 57.641998291015597, "Radius": 24.658699480763094, "height_m": 17.57, "crown_diameter_m": 15.03, "site_id": 2526 }, "geometry": { "type": "Point", "coordinates": [ -73.925156799736229, 40.875518804293634 ] } },
{ "type": "Feature", "properties": { "Height": 81.558746337890597, "Radius": 26.846473880039593, "height_m": 24.86, "crown_diameter_m": 16.37, "site_id": 2527 }, "geometry": { "type": "Point", "coordinates": [ -73.923541763378594, 40.875536090332169 ] } },
{ "type": "Feature", "properties": { "Height": 76.8280029296875, "Radius": 26.588837079011167, "height_m": 23.42, "crown_diameter_m": 16.21, "site_id": 2528 }, "geometry": { "type": "Point", "coordinates": [ -73.923342837715751, 40.875541249634537 ] } },
{ "type": "Feature", "properties": { "Height": 90.574249267578097, "Radius": 18.299234963936271, "height_m": 27.61, "crown_diameter_m": 11.16, "site_id": 2529 }, "geometry": { "type": "Point", "coordinates": [ -73.923903097260023, 40.875562572979433 ] } },
{ "type": "Feature", "properties": { "Height": 90.945999145507798, "Radius": 39.766361595713938, "height_m": 27.72, "crown_diameter_m": 24.24, "site_id": 2530 }, "geometry": { "type": "Point", "coordinates": [ -73.924076989066165, 40.875523906198104 ] } },
{ "type": "Feature", "properties": { "Height": 75.277748107910199, "Radius": 16.390654164465779, "height_m": 22.94, "crown_diameter_m": 9.99, "site_id": 2531 }, "geometry": { "type": "Point", "coordinates": [ -73.924724366635871, 40.875549271097888 ] } },
{ "type": "Feature", "properties": { "Height": 82.380752563476605, "Radius": 20.840677524921841, "height_m": 25.11, "crown_diameter_m": 12.7, "site_id": 2532 }, "geometry": { "type": "Point", "coordinates": [ -73.922644197688697, 40.875555731548751 ] } },
{ "type": "Feature", "properties": { "Height": 95.247253417968807, "Radius": 31.825493834924576, "height_m": 29.03, "crown_diameter_m": 19.4, "site_id": 2533 }, "geometry": { "type": "Point", "coordinates": [ -73.923732188196396, 40.875549107721532 ] } },
{ "type": "Feature", "properties": { "Height": 71.893997192382798, "Radius": 31.690182879085121, "height_m": 21.91, "crown_diameter_m": 19.32, "site_id": 2534 }, "geometry": { "type": "Point", "coordinates": [ -73.924536134912415, 40.875576200623136 ] } },
{ "type": "Feature", "properties": { "Height": 65.065498352050795, "Radius": 38.703569917785607, "height_m": 19.83, "crown_diameter_m": 23.59, "site_id": 2535 }, "geometry": { "type": "Point", "coordinates": [ -73.924873322661355, 40.875592126930599 ] } },
{ "type": "Feature", "properties": { "Height": 94.398750305175795, "Radius": 27.466241647804381, "height_m": 28.77, "crown_diameter_m": 16.74, "site_id": 2536 }, "geometry": { "type": "Point", "coordinates": [ -73.922795172288872, 40.875577512796184 ] } },
{ "type": "Feature", "properties": { "Height": 89.857749938964801, "Radius": 42.226678829029986, "height_m": 27.39, "crown_diameter_m": 25.74, "site_id": 2537 }, "geometry": { "type": "Point", "coordinates": [ -73.924235928086361, 40.875670520036671 ] } },
{ "type": "Feature", "properties": { "Height": 69.832000732421903, "Radius": 13.552298857686367, "height_m": 21.28, "crown_diameter_m": 8.26, "site_id": 2538 }, "geometry": { "type": "Point", "coordinates": [ -73.924370860429192, 40.875618346925336 ] } },
{ "type": "Feature", "properties": { "Height": 69.694503784179702, "Radius": 28.629494527903582, "height_m": 21.24, "crown_diameter_m": 17.45, "site_id": 2539 }, "geometry": { "type": "Point", "coordinates": [ -73.924561039138496, 40.875670873493064 ] } },
{ "type": "Feature", "properties": { "Height": 94.763748168945298, "Radius": 21.770700965464211, "height_m": 28.88, "crown_diameter_m": 13.27, "site_id": 2540 }, "geometry": { "type": "Point", "coordinates": [ -73.922620715796853, 40.875658220148345 ] } },
{ "type": "Feature", "properties": { "Height": 96.358001708984403, "Radius": 25.563454311483849, "height_m": 29.37, "crown_diameter_m": 15.58, "site_id": 2541 }, "geometry": { "type": "Point", "coordinates": [ -73.923059254510477, 40.875622455119796 ] } },
{ "type": "Feature", "properties": { "Height": 93.611747741699205, "Radius": 31.997558483580629, "height_m": 28.53, "crown_diameter_m": 19.51, "site_id": 2542 }, "geometry": { "type": "Point", "coordinates": [ -73.923884959027859, 40.87569752164395 ] } },
{ "type": "Feature", "properties": { "Height": 99.402496337890597, "Radius": 21.398335712746047, "height_m": 30.3, "crown_diameter_m": 13.04, "site_id": 2543 }, "geometry": { "type": "Point", "coordinates": [ -73.922968527633216, 40.875664568947784 ] } },
{ "type": "Feature", "properties": { "Height": 87.572746276855497, "Radius": 19.339444569737623, "height_m": 26.69, "crown_diameter_m": 11.79, "site_id": 2544 }, "geometry": { "type": "Point", "coordinates": [ -73.924037288388035, 40.875675326832173 ] } },
{ "type": "Feature", "properties": { "Height": 97.4427490234375, "Radius": 21.770700965464211, "height_m": 29.7, "crown_diameter_m": 13.27, "site_id": 2545 }, "geometry": { "type": "Point", "coordinates": [ -73.922830899811942, 40.875682069832813 ] } },
{ "type": "Feature", "properties": { "Height": 31.684999465942401, "Radius": 11.095330030313702, "height_m": 9.66, "crown_diameter_m": 6.76, "site_id": 2546 }, "geometry": { "type": "Point", "coordinates": [ -73.924960397304432, 40.875699772976205 ] } },
{ "type": "Feature", "properties": { "Height": 90.528747558593807, "Radius": 32.732721807002847, "height_m": 27.59, "crown_diameter_m": 19.95, "site_id": 2547 }, "geometry": { "type": "Point", "coordinates": [ -73.923669454450987, 40.875729975167836 ] } },
{ "type": "Feature", "properties": { "Height": 64.575752258300795, "Radius": 17.512611893663443, "height_m": 19.68, "crown_diameter_m": 10.68, "site_id": 2548 }, "geometry": { "type": "Point", "coordinates": [ -73.922442949726886, 40.875746423374629 ] } },
{ "type": "Feature", "properties": { "Height": 78.116500854492202, "Radius": 23.843268583066589, "height_m": 23.81, "crown_diameter_m": 14.53, "site_id": 2549 }, "geometry": { "type": "Point", "coordinates": [ -73.922533567413353, 40.875762772263435 ] } },
{ "type": "Feature", "properties": { "Height": 94.687248229980497, "Radius": 19.115955360352558, "height_m": 28.86, "crown_diameter_m": 11.65, "site_id": 2550 }, "geometry": { "type": "Point", "coordinates": [ -73.922684210158451, 40.875711193383943 ] } },
{ "type": "Feature", "properties": { "Height": 89.898498535156307, "Radius": 24.133535054873146, "height_m": 27.4, "crown_diameter_m": 14.71, "site_id": 2551 }, "geometry": { "type": "Point", "coordinates": [ -73.923782500690265, 40.875795627013531 ] } },
{ "type": "Feature", "properties": { "Height": 42.521751403808601, "Radius": 20.389034095710141, "height_m": 12.96, "crown_diameter_m": 12.43, "site_id": 2552 }, "geometry": { "type": "Point", "coordinates": [ -73.924849735550396, 40.875706767996462 ] } },
{ "type": "Feature", "properties": { "Height": 92.03125, "Radius": 35.650130407339752, "height_m": 28.05, "crown_diameter_m": 21.73, "site_id": 2553 }, "geometry": { "type": "Point", "coordinates": [ -73.923492531236576, 40.875679557658323 ] } },
{ "type": "Feature", "properties": { "Height": 99.626747131347699, "Radius": 12.908726715567823, "height_m": 30.37, "crown_diameter_m": 7.87, "site_id": 2554 }, "geometry": { "type": "Point", "coordinates": [ -73.922963602628386, 40.875731551155013 ] } },
{ "type": "Feature", "properties": { "Height": 94.246749877929702, "Radius": 22.945251180756113, "height_m": 28.73, "crown_diameter_m": 13.99, "site_id": 2555 }, "geometry": { "type": "Point", "coordinates": [ -73.923170772641967, 40.87572857987719 ] } },
{ "type": "Feature", "properties": { "Height": 57.058750152587898, "Radius": 19.570548550069979, "height_m": 17.39, "crown_diameter_m": 11.93, "site_id": 2556 }, "geometry": { "type": "Point", "coordinates": [ -73.924588309141328, 40.875763336303699 ] } },
{ "type": "Feature", "properties": { "Height": 96.452499389648395, "Radius": 17.112717355495807, "height_m": 29.4, "crown_diameter_m": 10.43, "site_id": 2557 }, "geometry": { "type": "Point", "coordinates": [ -73.922859638997295, 40.875762840299814 ] } },
{ "type": "Feature", "properties": { "Height": 96.185752868652301, "Radius": 20.028730215945348, "height_m": 29.32, "crown_diameter_m": 12.21, "site_id": 2558 }, "geometry": { "type": "Point", "coordinates": [ -73.922938369144248, 40.87582771632102 ] } },
{ "type": "Feature", "properties": { "Height": 79.539749145507798, "Radius": 13.422495877444907, "height_m": 24.24, "crown_diameter_m": 8.18, "site_id": 2559 }, "geometry": { "type": "Point", "coordinates": [ -73.923260077711404, 40.875771209861902 ] } },
{ "type": "Feature", "properties": { "Height": 67.231246948242202, "Radius": 23.119729158753795, "height_m": 20.49, "crown_diameter_m": 14.09, "site_id": 2560 }, "geometry": { "type": "Point", "coordinates": [ -73.924446487523809, 40.875770651856435 ] } },
{ "type": "Feature", "properties": { "Height": 99.666999816894503, "Radius": 27.353014230153864, "height_m": 30.38, "crown_diameter_m": 16.67, "site_id": 2561 }, "geometry": { "type": "Point", "coordinates": [ -73.923053362886748, 40.875826669242009 ] } },
{ "type": "Feature", "properties": { "Height": 49.7647514343262, "Radius": 27.007537914259348, "height_m": 15.17, "crown_diameter_m": 16.46, "site_id": 2562 }, "geometry": { "type": "Point", "coordinates": [ -73.924745998496391, 40.875780817754446 ] } },
{ "type": "Feature", "properties": { "Height": 88.183250427246094, "Radius": 43.873676153531157, "height_m": 26.88, "crown_diameter_m": 26.75, "site_id": 2563 }, "geometry": { "type": "Point", "coordinates": [ -73.923487933120171, 40.875833038269562 ] } },
{ "type": "Feature", "properties": { "Height": 80.127250671386705, "Radius": 39.891235860829326, "height_m": 24.42, "crown_diameter_m": 24.32, "site_id": 2564 }, "geometry": { "type": "Point", "coordinates": [ -73.924095763147491, 40.875819870201376 ] } },
{ "type": "Feature", "properties": { "Height": 76.340248107910199, "Radius": 11.928307471060361, "height_m": 23.27, "crown_diameter_m": 7.27, "site_id": 2565 }, "geometry": { "type": "Point", "coordinates": [ -73.92316902433258, 40.875814506870391 ] } },
{ "type": "Feature", "properties": { "Height": 69.868751525878906, "Radius": 14.844191413166604, "height_m": 21.3, "crown_diameter_m": 9.05, "site_id": 2566 }, "geometry": { "type": "Point", "coordinates": [ -73.922451746150699, 40.875861640409113 ] } },
{ "type": "Feature", "properties": { "Height": 78.253250122070298, "Radius": 21.635033802452543, "height_m": 23.85, "crown_diameter_m": 13.19, "site_id": 2567 }, "geometry": { "type": "Point", "coordinates": [ -73.924358785513007, 40.875845966142215 ] } },
{ "type": "Feature", "properties": { "Height": 84.595748901367202, "Radius": 18.523985999404296, "height_m": 25.78, "crown_diameter_m": 11.29, "site_id": 2568 }, "geometry": { "type": "Point", "coordinates": [ -73.923249606754467, 40.875840307239855 ] } },
{ "type": "Feature", "properties": { "Height": 97.757003784179702, "Radius": 31.045810270703484, "height_m": 29.8, "crown_diameter_m": 18.93, "site_id": 2569 }, "geometry": { "type": "Point", "coordinates": [ -73.922733702925285, 40.875846226776744 ] } },
{ "type": "Feature", "properties": { "Height": 38.770500183105497, "Radius": 12.373643572303322, "height_m": 11.82, "crown_diameter_m": 7.54, "site_id": 2570 }, "geometry": { "type": "Point", "coordinates": [ -73.924123465760701, 40.875916334271864 ] } },
{ "type": "Feature", "properties": { "Height": 87.563499450683594, "Radius": 23.179885415554555, "height_m": 26.69, "crown_diameter_m": 14.13, "site_id": 2571 }, "geometry": { "type": "Point", "coordinates": [ -73.923347928135342, 40.875897454513719 ] } },
{ "type": "Feature", "properties": { "Height": 70.733001708984403, "Radius": 7.2196429179423909, "height_m": 21.56, "crown_diameter_m": 4.4, "site_id": 2572 }, "geometry": { "type": "Point", "coordinates": [ -73.924371802664766, 40.87592474304877 ] } },
{ "type": "Feature", "properties": { "Height": 92.606750488281307, "Radius": 17.983404693292407, "height_m": 28.23, "crown_diameter_m": 10.96, "site_id": 2573 }, "geometry": { "type": "Point", "coordinates": [ -73.922481299124954, 40.875916682775184 ] } },
{ "type": "Feature", "properties": { "Height": 86.873748779296903, "Radius": 20.310825007719227, "height_m": 26.48, "crown_diameter_m": 12.38, "site_id": 2574 }, "geometry": { "type": "Point", "coordinates": [ -73.923125612999655, 40.87593196911736 ] } },
{ "type": "Feature", "properties": { "Height": 100.692497253418, "Radius": 30.557520369299436, "height_m": 30.69, "crown_diameter_m": 18.63, "site_id": 2575 }, "geometry": { "type": "Point", "coordinates": [ -73.922842342051183, 40.875964269677603 ] } },
{ "type": "Feature", "properties": { "Height": 107.939002990723, "Radius": 32.027388407849699, "height_m": 32.9, "crown_diameter_m": 19.52, "site_id": 2576 }, "geometry": { "type": "Point", "coordinates": [ -73.922642942847048, 40.875983737110182 ] } },
{ "type": "Feature", "properties": { "Height": 91.513000488281307, "Radius": 29.992394675240465, "height_m": 27.89, "crown_diameter_m": 18.28, "site_id": 2577 }, "geometry": { "type": "Point", "coordinates": [ -73.923321919548584, 40.875988236129061 ] } },
{ "type": "Feature", "properties": { "Height": 80.736000061035199, "Radius": 20.739243807473965, "height_m": 24.61, "crown_diameter_m": 12.64, "site_id": 2578 }, "geometry": { "type": "Point", "coordinates": [ -73.922426449810089, 40.876017105246838 ] } },
{ "type": "Feature", "properties": { "Height": 99.279998779296903, "Radius": 23.17473528357122, "height_m": 30.26, "crown_diameter_m": 14.13, "site_id": 2579 }, "geometry": { "type": "Point", "coordinates": [ -73.922968367047162, 40.876019243104523 ] } },
{ "type": "Feature", "properties": { "Height": 93.435249328613295, "Radius": 28.621154625451176, "height_m": 28.48, "crown_diameter_m": 17.45, "site_id": 2580 }, "geometry": { "type": "Point", "coordinates": [ -73.922531838176781, 40.876057668276758 ] } },
{ "type": "Feature", "properties": { "Height": 91.657249450683594, "Radius": 31.8854477226058, "height_m": 27.94, "crown_diameter_m": 19.44, "site_id": 2581 }, "geometry": { "type": "Point", "coordinates": [ -73.923169217799966, 40.876068015045782 ] } },
{ "type": "Feature", "properties": { "Height": 41.394500732421903, "Radius": 12.865501965161373, "height_m": 12.62, "crown_diameter_m": 7.84, "site_id": 2582 }, "geometry": { "type": "Point", "coordinates": [ -73.922842327984057, 40.876088847661052 ] } },
{ "type": "Feature", "properties": { "Height": 90.658500671386705, "Radius": 22.362129397593943, "height_m": 27.63, "crown_diameter_m": 13.63, "site_id": 2583 }, "geometry": { "type": "Point", "coordinates": [ -73.923054788216504, 40.876110178891665 ] } },
{ "type": "Feature", "properties": { "Height": 103.18049621582, "Radius": 28.423062662817685, "height_m": 31.45, "crown_diameter_m": 17.33, "site_id": 2584 }, "geometry": { "type": "Point", "coordinates": [ -73.92275836421237, 40.876171388741348 ] } },
{ "type": "Feature", "properties": { "Height": 89.574501037597699, "Radius": 37.577948754327203, "height_m": 27.3, "crown_diameter_m": 22.91, "site_id": 2585 }, "geometry": { "type": "Point", "coordinates": [ -73.923444979180886, 40.87607612079595 ] } },
{ "type": "Feature", "properties": { "Height": 61.364749908447301, "Radius": 16.81956929727524, "height_m": 18.7, "crown_diameter_m": 10.25, "site_id": 2586 }, "geometry": { "type": "Point", "coordinates": [ -73.922443215489452, 40.87615526485915 ] } },
{ "type": "Feature", "properties": { "Height": 100.949501037598, "Radius": 32.228018223553697, "height_m": 30.77, "crown_diameter_m": 19.65, "site_id": 2587 }, "geometry": { "type": "Point", "coordinates": [ -73.922924235291219, 40.876195907363524 ] } },
{ "type": "Feature", "properties": { "Height": 68.865501403808594, "Radius": 21.043968949634923, "height_m": 20.99, "crown_diameter_m": 12.83, "site_id": 2588 }, "geometry": { "type": "Point", "coordinates": [ -73.922618640923119, 40.876181122162727 ] } },
{ "type": "Feature", "properties": { "Height": 92.647247314453097, "Radius": 18.386002804502823, "height_m": 28.24, "crown_diameter_m": 11.21, "site_id": 2589 }, "geometry": { "type": "Point", "coordinates": [ -73.923025228678654, 40.876228381525628 ] } },
{ "type": "Feature", "properties": { "Height": 91.5, "Radius": 27.145669756251646, "height_m": 27.89, "crown_diameter_m": 16.55, "site_id": 2590 }, "geometry": { "type": "Point", "coordinates": [ -73.923289824668018, 40.876221133184174 ] } },
{ "type": "Feature", "properties": { "Height": 89.416748046875, "Radius": 13.074112164146964, "height_m": 27.25, "crown_diameter_m": 7.97, "site_id": 2591 }, "geometry": { "type": "Point", "coordinates": [ -73.923185276065539, 40.876262247453667 ] } },
{ "type": "Feature", "properties": { "Height": 90.625251770019503, "Radius": 37.368776681720391, "height_m": 27.62, "crown_diameter_m": 22.78, "site_id": 2592 }, "geometry": { "type": "Point", "coordinates": [ -73.922743627227064, 40.876344042013748 ] } },
{ "type": "Feature", "properties": { "Height": 90.792503356933594, "Radius": 20.523244307192297, "height_m": 27.67, "crown_diameter_m": 12.51, "site_id": 2593 }, "geometry": { "type": "Point", "coordinates": [ -73.923102405725913, 40.876295039358901 ] } },
{ "type": "Feature", "properties": { "Height": 80.946746826171903, "Radius": 22.475715547534318, "height_m": 24.67, "crown_diameter_m": 13.7, "site_id": 2594 }, "geometry": { "type": "Point", "coordinates": [ -73.92342546682579, 40.8762279355022 ] } },
{ "type": "Feature", "properties": { "Height": 78.013252258300795, "Radius": 28.484590568981019, "height_m": 23.78, "crown_diameter_m": 17.36, "site_id": 2595 }, "geometry": { "type": "Point", "coordinates": [ -73.922564565129221, 40.876294762574062 ] } },
{ "type": "Feature", "properties": { "Height": 79.106246948242202, "Radius": 28.533438478153844, "height_m": 24.11, "crown_diameter_m": 17.39, "site_id": 2596 }, "geometry": { "type": "Point", "coordinates": [ -73.922430632884783, 40.8762865781448 ] } },
{ "type": "Feature", "properties": { "Height": 84.995246887207003, "Radius": 28.540409926003523, "height_m": 25.91, "crown_diameter_m": 17.4, "site_id": 2597 }, "geometry": { "type": "Point", "coordinates": [ -73.923366396808277, 40.876348627394876 ] } },
{ "type": "Feature", "properties": { "Height": 79.660751342773395, "Radius": 32.638989132410359, "height_m": 24.28, "crown_diameter_m": 19.9, "site_id": 2598 }, "geometry": { "type": "Point", "coordinates": [ -73.923590196624744, 40.876284798832131 ] } },
{ "type": "Feature", "properties": { "Height": 90.554496765136705, "Radius": 18.843425326569967, "height_m": 27.6, "crown_diameter_m": 11.49, "site_id": 2599 }, "geometry": { "type": "Point", "coordinates": [ -73.923201062777721, 40.876380449686536 ] } },
{ "type": "Feature", "properties": { "Height": 65.172996520996094, "Radius": 19.535955403674656, "height_m": 19.86, "crown_diameter_m": 11.91, "site_id": 2600 }, "geometry": { "type": "Point", "coordinates": [ -73.922416229239815, 40.876407666963757 ] } },
{ "type": "Feature", "properties": { "Height": 89.549751281738295, "Radius": 22.363908617821732, "height_m": 27.29, "crown_diameter_m": 13.63, "site_id": 2601 }, "geometry": { "type": "Point", "coordinates": [ -73.923057814092857, 40.876371013510109 ] } },
{ "type": "Feature", "properties": { "Height": 85.195251464843807, "Radius": 24.325667070312107, "height_m": 25.97, "crown_diameter_m": 14.83, "site_id": 2602 }, "geometry": { "type": "Point", "coordinates": [ -73.923565985126771, 40.876394521645558 ] } },
{ "type": "Feature", "properties": { "Height": 85.438499450683594, "Radius": 27.893170119309318, "height_m": 26.04, "crown_diameter_m": 17.0, "site_id": 2603 }, "geometry": { "type": "Point", "coordinates": [ -73.922962091144825, 40.876418667399811 ] } },
{ "type": "Feature", "properties": { "Height": 84.751747131347699, "Radius": 14.093451279891857, "height_m": 25.83, "crown_diameter_m": 8.59, "site_id": 2604 }, "geometry": { "type": "Point", "coordinates": [ -73.923287571723137, 40.876424780605916 ] } },
{ "type": "Feature", "properties": { "Height": 64.248497009277301, "Radius": 21.411347775798809, "height_m": 19.58, "crown_diameter_m": 13.05, "site_id": 2605 }, "geometry": { "type": "Point", "coordinates": [ -73.923864544378063, 40.876452842782157 ] } },
{ "type": "Feature", "properties": { "Height": 63.805500030517599, "Radius": 14.07650184347694, "height_m": 19.45, "crown_diameter_m": 8.58, "site_id": 2606 }, "geometry": { "type": "Point", "coordinates": [ -73.923773193087357, 40.876414038092449 ] } },
{ "type": "Feature", "properties": { "Height": 84.991500854492202, "Radius": 17.81445919822545, "height_m": 25.91, "crown_diameter_m": 10.86, "site_id": 2607 }, "geometry": { "type": "Point", "coordinates": [ -73.923171686390162, 40.876463474918772 ] } },
{ "type": "Feature", "properties": { "Height": 83.078750610351605, "Radius": 24.324031346471354, "height_m": 25.32, "crown_diameter_m": 14.83, "site_id": 2608 }, "geometry": { "type": "Point", "coordinates": [ -73.922576059623722, 40.876453777522137 ] } },
{ "type": "Feature", "properties": { "Height": 82.641998291015597, "Radius": 25.675275544512282, "height_m": 25.19, "crown_diameter_m": 15.65, "site_id": 2609 }, "geometry": { "type": "Point", "coordinates": [ -73.923653387509844, 40.876444149551325 ] } },
{ "type": "Feature", "properties": { "Height": 86.130996704101605, "Radius": 19.560380446016801, "height_m": 26.25, "crown_diameter_m": 11.92, "site_id": 2610 }, "geometry": { "type": "Point", "coordinates": [ -73.923379200929332, 40.876462055935932 ] } },
{ "type": "Feature", "properties": { "Height": 81.369003295898395, "Radius": 16.293263794503588, "height_m": 24.8, "crown_diameter_m": 9.93, "site_id": 2611 }, "geometry": { "type": "Point", "coordinates": [ -73.922775836498602, 40.876463788826818 ] } },
{ "type": "Feature", "properties": { "Height": 35.270999908447301, "Radius": 9.0358444987805271, "height_m": 10.75, "crown_diameter_m": 5.51, "site_id": 2612 }, "geometry": { "type": "Point", "coordinates": [ -73.922442234231781, 40.87647474286873 ] } },
{ "type": "Feature", "properties": { "Height": 66.413749694824205, "Radius": 12.126795430653198, "height_m": 20.24, "crown_diameter_m": 7.39, "site_id": 2613 }, "geometry": { "type": "Point", "coordinates": [ -73.922899666355278, 40.87647790932558 ] } },
{ "type": "Feature", "properties": { "Height": 83.676246643066406, "Radius": 9.338999347593866, "height_m": 25.5, "crown_diameter_m": 5.69, "site_id": 2614 }, "geometry": { "type": "Point", "coordinates": [ -73.923474464117234, 40.876481752479265 ] } },
{ "type": "Feature", "properties": { "Height": 16.221250534057599, "Radius": 2.5231325220201604, "height_m": 4.94, "crown_diameter_m": 1.54, "site_id": 2615 }, "geometry": { "type": "Point", "coordinates": [ -73.923975708772119, 40.87638821241665 ] } },
{ "type": "Feature", "properties": { "Height": 12.4589996337891, "Radius": 2.1850968611841584, "height_m": 3.8, "crown_diameter_m": 1.33, "site_id": 2616 }, "geometry": { "type": "Point", "coordinates": [ -73.924926841772091, 40.876368896461713 ] } },
{ "type": "Feature", "properties": { "Height": 8.9665002822875994, "Radius": 2.4102189574505841, "height_m": 2.73, "crown_diameter_m": 1.47, "site_id": 2617 }, "geometry": { "type": "Point", "coordinates": [ -73.923817161661958, 40.876333427543415 ] } },
{ "type": "Feature", "properties": { "Height": 23.462499618530298, "Radius": 2.6160394784772456, "height_m": 7.15, "crown_diameter_m": 1.59, "site_id": 2618 }, "geometry": { "type": "Point", "coordinates": [ -73.923647940608163, 40.876211992088052 ] } },
{ "type": "Feature", "properties": { "Height": 27.283000946044901, "Radius": 12.994744884779422, "height_m": 8.32, "crown_diameter_m": 7.92, "site_id": 2619 }, "geometry": { "type": "Point", "coordinates": [ -73.923959657520442, 40.876157793125657 ] } },
{ "type": "Feature", "properties": { "Height": 11.2652502059937, "Radius": 4.3336224206596095, "height_m": 3.43, "crown_diameter_m": 2.64, "site_id": 2620 }, "geometry": { "type": "Point", "coordinates": [ -73.923864378122772, 40.876132848027204 ] } },
{ "type": "Feature", "properties": { "Height": 10.3237495422363, "Radius": 2.4913937425834396, "height_m": 3.15, "crown_diameter_m": 1.52, "site_id": 2621 }, "geometry": { "type": "Point", "coordinates": [ -73.924435167197586, 40.87593473494686 ] } },
{ "type": "Feature", "properties": { "Height": 9.59899997711182, "Radius": 2.6761861742291568, "height_m": 2.93, "crown_diameter_m": 1.63, "site_id": 2622 }, "geometry": { "type": "Point", "coordinates": [ -73.924661242312069, 40.875928550524151 ] } },
{ "type": "Feature", "properties": { "Height": 30.402250289916999, "Radius": 15.399378727952763, "height_m": 9.27, "crown_diameter_m": 9.39, "site_id": 2623 }, "geometry": { "type": "Point", "coordinates": [ -73.925678299956161, 40.87564375804466 ] } },
{ "type": "Feature", "properties": { "Height": 52.562999725341797, "Radius": 11.651573561428805, "height_m": 16.02, "crown_diameter_m": 7.1, "site_id": 2624 }, "geometry": { "type": "Point", "coordinates": [ -73.920566855539931, 40.874553101071889 ] } },
{ "type": "Feature", "properties": { "Height": 32.0632514953613, "Radius": 12.621968865236012, "height_m": 9.77, "crown_diameter_m": 7.69, "site_id": 2625 }, "geometry": { "type": "Point", "coordinates": [ -73.920737533423988, 40.874531911075735 ] } },
{ "type": "Feature", "properties": { "Height": 47.445499420166001, "Radius": 25.157099022043894, "height_m": 14.46, "crown_diameter_m": 15.34, "site_id": 2626 }, "geometry": { "type": "Point", "coordinates": [ -73.920676456776661, 40.874607479495182 ] } },
{ "type": "Feature", "properties": { "Height": 56.985748291015597, "Radius": 16.419758633965078, "height_m": 17.37, "crown_diameter_m": 10.01, "site_id": 2627 }, "geometry": { "type": "Point", "coordinates": [ -73.920118010458012, 40.874606102851047 ] } },
{ "type": "Feature", "properties": { "Height": 62.665748596191399, "Radius": 22.052163808054896, "height_m": 19.1, "crown_diameter_m": 13.44, "site_id": 2628 }, "geometry": { "type": "Point", "coordinates": [ -73.920492970346729, 40.874609471175503 ] } },
{ "type": "Feature", "properties": { "Height": 59.428249359130902, "Radius": 15.520341696289535, "height_m": 18.11, "crown_diameter_m": 9.46, "site_id": 2629 }, "geometry": { "type": "Point", "coordinates": [ -73.920135161872579, 40.874666736482183 ] } },
{ "type": "Feature", "properties": { "Height": 65.2655029296875, "Radius": 43.182622555099542, "height_m": 19.89, "crown_diameter_m": 26.32, "site_id": 2630 }, "geometry": { "type": "Point", "coordinates": [ -73.919852179914614, 40.874745008829862 ] } },
{ "type": "Feature", "properties": { "Height": 79.621749877929702, "Radius": 22.156566114065402, "height_m": 24.27, "crown_diameter_m": 13.51, "site_id": 2631 }, "geometry": { "type": "Point", "coordinates": [ -73.920657097372128, 40.874754429446298 ] } },
{ "type": "Feature", "properties": { "Height": 71.764503479003906, "Radius": 14.480560677113719, "height_m": 21.87, "crown_diameter_m": 8.83, "site_id": 2632 }, "geometry": { "type": "Point", "coordinates": [ -73.920557969136155, 40.874775228260582 ] } },
{ "type": "Feature", "properties": { "Height": 68.656997680664105, "Radius": 44.340958373559417, "height_m": 20.93, "crown_diameter_m": 27.03, "site_id": 2633 }, "geometry": { "type": "Point", "coordinates": [ -73.920300152381216, 40.874653933945062 ] } },
{ "type": "Feature", "properties": { "Height": 72.703498840332003, "Radius": 18.489586738523691, "height_m": 22.16, "crown_diameter_m": 11.27, "site_id": 2634 }, "geometry": { "type": "Point", "coordinates": [ -73.920444053092183, 40.87478823747972 ] } },
{ "type": "Feature", "properties": { "Height": 55.727874755859403, "Radius": 29.08040216569891, "height_m": 16.99, "crown_diameter_m": 17.73, "site_id": 2635 }, "geometry": { "type": "Point", "coordinates": [ -73.919538512468137, 40.874805999437335 ] } },
{ "type": "Feature", "properties": { "Height": 58.014125823974602, "Radius": 15.604712843580296, "height_m": 17.68, "crown_diameter_m": 9.51, "site_id": 2636 }, "geometry": { "type": "Point", "coordinates": [ -73.919515951456489, 40.874863350199007 ] } },
{ "type": "Feature", "properties": { "Height": 72.835250854492202, "Radius": 25.16658689680024, "height_m": 22.2, "crown_diameter_m": 15.34, "site_id": 2637 }, "geometry": { "type": "Point", "coordinates": [ -73.920156687891236, 40.874805916409393 ] } },
{ "type": "Feature", "properties": { "Height": 78.222999572753906, "Radius": 29.791400439589179, "height_m": 23.84, "crown_diameter_m": 18.16, "site_id": 2638 }, "geometry": { "type": "Point", "coordinates": [ -73.920674604526695, 40.874893202191679 ] } },
{ "type": "Feature", "properties": { "Height": 73.019248962402301, "Radius": 14.777028859756632, "height_m": 22.26, "crown_diameter_m": 9.01, "site_id": 2639 }, "geometry": { "type": "Point", "coordinates": [ -73.920267569892403, 40.874858776981178 ] } },
{ "type": "Feature", "properties": { "Height": 73.362876892089801, "Radius": 21.140176919837781, "height_m": 22.36, "crown_diameter_m": 12.89, "site_id": 2640 }, "geometry": { "type": "Point", "coordinates": [ -73.920352317545124, 40.874860860700196 ] } },
{ "type": "Feature", "properties": { "Height": 73.193748474121094, "Radius": 24.611861234123552, "height_m": 22.31, "crown_diameter_m": 15.0, "site_id": 2641 }, "geometry": { "type": "Point", "coordinates": [ -73.920091281447611, 40.874883432877979 ] } },
{ "type": "Feature", "properties": { "Height": 57.5416259765625, "Radius": 24.019506004664638, "height_m": 17.54, "crown_diameter_m": 14.64, "site_id": 2642 }, "geometry": { "type": "Point", "coordinates": [ -73.919654179991312, 40.874932192480109 ] } },
{ "type": "Feature", "properties": { "Height": 78.373374938964801, "Radius": 28.781964470711777, "height_m": 23.89, "crown_diameter_m": 17.55, "site_id": 2643 }, "geometry": { "type": "Point", "coordinates": [ -73.920799077811935, 40.874886199943006 ] } },
{ "type": "Feature", "properties": { "Height": 56.5632514953613, "Radius": 23.653946868113955, "height_m": 17.24, "crown_diameter_m": 14.42, "site_id": 2644 }, "geometry": { "type": "Point", "coordinates": [ -73.919752435292011, 40.874890028855432 ] } },
{ "type": "Feature", "properties": { "Height": 41.783126831054702, "Radius": 20.187031277203641, "height_m": 12.74, "crown_diameter_m": 12.31, "site_id": 2645 }, "geometry": { "type": "Point", "coordinates": [ -73.919470071959481, 40.874919675238978 ] } },
{ "type": "Feature", "properties": { "Height": 67.018753051757798, "Radius": 16.786417924745013, "height_m": 20.43, "crown_diameter_m": 10.23, "site_id": 2646 }, "geometry": { "type": "Point", "coordinates": [ -73.920222594661951, 40.874944073446635 ] } },
{ "type": "Feature", "properties": { "Height": 82.842254638671903, "Radius": 23.741255884218663, "height_m": 25.25, "crown_diameter_m": 14.47, "site_id": 2647 }, "geometry": { "type": "Point", "coordinates": [ -73.920519151884207, 40.874914688936258 ] } },
{ "type": "Feature", "properties": { "Height": 83.232002258300795, "Radius": 23.126612079167895, "height_m": 25.37, "crown_diameter_m": 14.1, "site_id": 2648 }, "geometry": { "type": "Point", "coordinates": [ -73.920401166710121, 40.874954263309988 ] } },
{ "type": "Feature", "properties": { "Height": 58.042999267578097, "Radius": 40.641235210161732, "height_m": 17.69, "crown_diameter_m": 24.77, "site_id": 2649 }, "geometry": { "type": "Point", "coordinates": [ -73.919888421963492, 40.875000224210453 ] } },
{ "type": "Feature", "properties": { "Height": 64.249748229980497, "Radius": 19.111792024713431, "height_m": 19.58, "crown_diameter_m": 11.65, "site_id": 2650 }, "geometry": { "type": "Point", "coordinates": [ -73.920210340679503, 40.875018531735009 ] } },
{ "type": "Feature", "properties": { "Height": 63.7820014953613, "Radius": 17.901354080502717, "height_m": 19.44, "crown_diameter_m": 10.91, "site_id": 2651 }, "geometry": { "type": "Point", "coordinates": [ -73.920305059401102, 40.875018845719175 ] } },
{ "type": "Feature", "properties": { "Height": 82.635749816894503, "Radius": 31.402611792610237, "height_m": 25.19, "crown_diameter_m": 19.14, "site_id": 2652 }, "geometry": { "type": "Point", "coordinates": [ -73.920483017827493, 40.875048302774509 ] } },
{ "type": "Feature", "properties": { "Height": 60.6744995117188, "Radius": 23.568002702620237, "height_m": 18.49, "crown_diameter_m": 14.37, "site_id": 2653 }, "geometry": { "type": "Point", "coordinates": [ -73.920807846911856, 40.875023863569496 ] } },
{ "type": "Feature", "properties": { "Height": 43.151500701904297, "Radius": 11.682267061717955, "height_m": 13.15, "crown_diameter_m": 7.12, "site_id": 2654 }, "geometry": { "type": "Point", "coordinates": [ -73.920165169424166, 40.87505154390368 ] } },
{ "type": "Feature", "properties": { "Height": 48.521251678466797, "Radius": 19.990949504807148, "height_m": 14.79, "crown_diameter_m": 12.19, "site_id": 2655 }, "geometry": { "type": "Point", "coordinates": [ -73.920628317479242, 40.875101926907895 ] } },
{ "type": "Feature", "properties": { "Height": 39.964000701904297, "Radius": 21.633194636061457, "height_m": 12.18, "crown_diameter_m": 13.19, "site_id": 2656 }, "geometry": { "type": "Point", "coordinates": [ -73.920104231835026, 40.875078569501675 ] } },
{ "type": "Feature", "properties": { "Height": 40.827999114990199, "Radius": 16.634027430699401, "height_m": 12.44, "crown_diameter_m": 10.14, "site_id": 2657 }, "geometry": { "type": "Point", "coordinates": [ -73.920002070557601, 40.875099465691946 ] } },
{ "type": "Feature", "properties": { "Height": 61.2022514343262, "Radius": 24.002935112037051, "height_m": 18.65, "crown_diameter_m": 14.63, "site_id": 2658 }, "geometry": { "type": "Point", "coordinates": [ -73.920917840645131, 40.875137062805948 ] } },
{ "type": "Feature", "properties": { "Height": 47.5755004882813, "Radius": 16.547691065209246, "height_m": 14.5, "crown_diameter_m": 10.09, "site_id": 2659 }, "geometry": { "type": "Point", "coordinates": [ -73.920555170824713, 40.875124530153592 ] } },
{ "type": "Feature", "properties": { "Height": 29.024000167846701, "Radius": 12.495239060264087, "height_m": 8.85, "crown_diameter_m": 7.62, "site_id": 2660 }, "geometry": { "type": "Point", "coordinates": [ -73.92006593782051, 40.875150921510361 ] } },
{ "type": "Feature", "properties": { "Height": 61.696250915527301, "Radius": 29.314793453556668, "height_m": 18.81, "crown_diameter_m": 17.87, "site_id": 2661 }, "geometry": { "type": "Point", "coordinates": [ -73.920778971836953, 40.87519392522848 ] } },
{ "type": "Feature", "properties": { "Height": 52.6189994812012, "Radius": 32.308167609262455, "height_m": 16.04, "crown_diameter_m": 19.7, "site_id": 2662 }, "geometry": { "type": "Point", "coordinates": [ -73.920492408457974, 40.875243070396486 ] } },
{ "type": "Feature", "properties": { "Height": 41.675998687744098, "Radius": 20.310825007719227, "height_m": 12.7, "crown_diameter_m": 12.38, "site_id": 2663 }, "geometry": { "type": "Point", "coordinates": [ -73.920340978995313, 40.875198208113332 ] } },
{ "type": "Feature", "properties": { "Height": 46.738498687744098, "Radius": 21.756075031018273, "height_m": 14.25, "crown_diameter_m": 13.26, "site_id": 2664 }, "geometry": { "type": "Point", "coordinates": [ -73.920224293050453, 40.875174821979769 ] } },
{ "type": "Feature", "properties": { "Height": 60.6397514343262, "Radius": 18.383838599586316, "height_m": 18.48, "crown_diameter_m": 11.21, "site_id": 2665 }, "geometry": { "type": "Point", "coordinates": [ -73.920827638377148, 40.875266057999582 ] } },
{ "type": "Feature", "properties": { "Height": 24.3059997558594, "Radius": 21.045859607645983, "height_m": 7.41, "crown_diameter_m": 12.83, "site_id": 2666 }, "geometry": { "type": "Point", "coordinates": [ -73.920581812747159, 40.875372478052974 ] } },
{ "type": "Feature", "properties": { "Height": 30.542749404907202, "Radius": 21.383455088058508, "height_m": 9.31, "crown_diameter_m": 13.04, "site_id": 2667 }, "geometry": { "type": "Point", "coordinates": [ -73.920981879183458, 40.875353484033539 ] } },
{ "type": "Feature", "properties": { "Height": 9.4537496566772496, "Radius": 2.1850968611841584, "height_m": 2.88, "crown_diameter_m": 1.33, "site_id": 2668 }, "geometry": { "type": "Point", "coordinates": [ -73.920705959702204, 40.875377252262027 ] } },
{ "type": "Feature", "properties": { "Height": 15.1844997406006, "Radius": 4.6524264916812781, "height_m": 4.63, "crown_diameter_m": 2.84, "site_id": 2669 }, "geometry": { "type": "Point", "coordinates": [ -73.921056483474544, 40.875241355899277 ] } },
{ "type": "Feature", "properties": { "Height": 12.088250160217299, "Radius": 6.4451097854873414, "height_m": 3.68, "crown_diameter_m": 3.93, "site_id": 2670 }, "geometry": { "type": "Point", "coordinates": [ -73.921088653352214, 40.875202360656218 ] } },
{ "type": "Feature", "properties": { "Height": 10.671750068664601, "Radius": 2.9316150714175193, "height_m": 3.25, "crown_diameter_m": 1.79, "site_id": 2671 }, "geometry": { "type": "Point", "coordinates": [ -73.923732120862624, 40.875214793418827 ] } },
{ "type": "Feature", "properties": { "Height": 11.2150001525879, "Radius": 4.7203487194131482, "height_m": 3.42, "crown_diameter_m": 2.88, "site_id": 2672 }, "geometry": { "type": "Point", "coordinates": [ -73.921031292417055, 40.875146803631779 ] } },
{ "type": "Feature", "properties": { "Height": 18.983749389648398, "Radius": 15.445816899560578, "height_m": 5.79, "crown_diameter_m": 9.42, "site_id": 2673 }, "geometry": { "type": "Point", "coordinates": [ -73.920900771833359, 40.874812828585107 ] } },
{ "type": "Feature", "properties": { "Height": 19.784873962402301, "Radius": 17.616814099864822, "height_m": 6.03, "crown_diameter_m": 10.74, "site_id": 2674 }, "geometry": { "type": "Point", "coordinates": [ -73.920972306271238, 40.874925581779678 ] } },
{ "type": "Feature", "properties": { "Height": 43.999500274658203, "Radius": 37.944633252685833, "height_m": 13.41, "crown_diameter_m": 23.13, "site_id": 2675 }, "geometry": { "type": "Point", "coordinates": [ -73.919098722469272, 40.874684478165051 ] } },
{ "type": "Feature", "properties": { "Height": 52.251750946044901, "Radius": 29.949912508485269, "height_m": 15.93, "crown_diameter_m": 18.26, "site_id": 2676 }, "geometry": { "type": "Point", "coordinates": [ -73.919285717920474, 40.874743392066812 ] } },
{ "type": "Feature", "properties": { "Height": 25.704750061035199, "Radius": 17.771971881754322, "height_m": 7.83, "crown_diameter_m": 10.83, "site_id": 2677 }, "geometry": { "type": "Point", "coordinates": [ -73.92082524396956, 40.874706468770995 ] } },
{ "type": "Feature", "properties": { "Height": 8.2622499465942401, "Radius": 2.5854414729132054, "height_m": 2.52, "crown_diameter_m": 1.58, "site_id": 2678 }, "geometry": { "type": "Point", "coordinates": [ -73.922657325093141, 40.874633297536114 ] } },
{ "type": "Feature", "properties": { "Height": 41.2195014953613, "Radius": 27.098725199278377, "height_m": 12.56, "crown_diameter_m": 16.52, "site_id": 2679 }, "geometry": { "type": "Point", "coordinates": [ -73.918989851620765, 40.874527184668956 ] } },
{ "type": "Feature", "properties": { "Height": 12.025500297546399, "Radius": 6.9386144355554409, "height_m": 3.67, "crown_diameter_m": 4.23, "site_id": 2680 }, "geometry": { "type": "Point", "coordinates": [ -73.922692265042613, 40.874536097949274 ] } },
{ "type": "Feature", "properties": { "Height": 8.8662500381469709, "Radius": 2.9586351363515986, "height_m": 2.7, "crown_diameter_m": 1.8, "site_id": 2681 }, "geometry": { "type": "Point", "coordinates": [ -73.922771443968998, 40.874527785429322 ] } },
{ "type": "Feature", "properties": { "Height": 10.3452501296997, "Radius": 3.8265199286629055, "height_m": 3.15, "crown_diameter_m": 2.33, "site_id": 2682 }, "geometry": { "type": "Point", "coordinates": [ -73.919148755528596, 40.874486616555018 ] } },
{ "type": "Feature", "properties": { "Height": 56.2752494812012, "Radius": 21.898261198914419, "height_m": 17.15, "crown_diameter_m": 13.35, "site_id": 2683 }, "geometry": { "type": "Point", "coordinates": [ -73.920655815649894, 40.874424780577854 ] } },
{ "type": "Feature", "properties": { "Height": 42.745498657226598, "Radius": 21.262163950372706, "height_m": 13.03, "crown_diameter_m": 12.96, "site_id": 2684 }, "geometry": { "type": "Point", "coordinates": [ -73.919109900771247, 40.874408876298737 ] } },
{ "type": "Feature", "properties": { "Height": 50.572250366210902, "Radius": 28.98309489407616, "height_m": 15.41, "crown_diameter_m": 17.67, "site_id": 2685 }, "geometry": { "type": "Point", "coordinates": [ -73.916979249637819, 40.87430424376609 ] } },
{ "type": "Feature", "properties": { "Height": 40.340999603271499, "Radius": 14.549091872423544, "height_m": 12.3, "crown_diameter_m": 8.87, "site_id": 2686 }, "geometry": { "type": "Point", "coordinates": [ -73.916881580277362, 40.874360007330843 ] } },
{ "type": "Feature", "properties": { "Height": 33.093498229980497, "Radius": 12.590406002966217, "height_m": 10.09, "crown_diameter_m": 7.68, "site_id": 2687 }, "geometry": { "type": "Point", "coordinates": [ -73.916759122101013, 40.874425625887149 ] } },
{ "type": "Feature", "properties": { "Height": 10.8982496261597, "Radius": 4.4513807312946136, "height_m": 3.32, "crown_diameter_m": 2.71, "site_id": 2688 }, "geometry": { "type": "Point", "coordinates": [ -73.922719000286406, 40.874426654322029 ] } },
{ "type": "Feature", "properties": { "Height": 28.219749450683601, "Radius": 17.082464346779421, "height_m": 8.6, "crown_diameter_m": 10.41, "site_id": 2689 }, "geometry": { "type": "Point", "coordinates": [ -73.920217390970478, 40.874176233532303 ] } },
{ "type": "Feature", "properties": { "Height": 26.6567497253418, "Radius": 12.722443834596307, "height_m": 8.12, "crown_diameter_m": 7.76, "site_id": 2690 }, "geometry": { "type": "Point", "coordinates": [ -73.920439142697603, 40.87422525071694 ] } },
{ "type": "Feature", "properties": { "Height": 31.961500167846701, "Radius": 12.775499760899324, "height_m": 9.74, "crown_diameter_m": 7.79, "site_id": 2691 }, "geometry": { "type": "Point", "coordinates": [ -73.92019816077898, 40.874250365532205 ] } },
{ "type": "Feature", "properties": { "Height": 42.556251525878899, "Radius": 21.245315215562588, "height_m": 12.97, "crown_diameter_m": 12.95, "site_id": 2692 }, "geometry": { "type": "Point", "coordinates": [ -73.920320908606598, 40.874243851571144 ] } },
{ "type": "Feature", "properties": { "Height": 56.953750610351598, "Radius": 30.872307602539458, "height_m": 17.36, "crown_diameter_m": 18.82, "site_id": 2693 }, "geometry": { "type": "Point", "coordinates": [ -73.920093987386167, 40.874354379074198 ] } },
{ "type": "Feature", "properties": { "Height": 37.308498382568402, "Radius": 29.267249678105742, "height_m": 11.37, "crown_diameter_m": 17.84, "site_id": 2694 }, "geometry": { "type": "Point", "coordinates": [ -73.91928047522579, 40.873924747402008 ] } },
{ "type": "Feature", "properties": { "Height": 26.6940002441406, "Radius": 17.5625248672306, "height_m": 8.14, "crown_diameter_m": 10.71, "site_id": 2695 }, "geometry": { "type": "Point", "coordinates": [ -73.919252724518813, 40.874058007449136 ] } },
{ "type": "Feature", "properties": { "Height": 29.442750930786101, "Radius": 18.904560950015501, "height_m": 8.97, "crown_diameter_m": 11.52, "site_id": 2696 }, "geometry": { "type": "Point", "coordinates": [ -73.919246924946989, 40.874143702853615 ] } },
{ "type": "Feature", "properties": { "Height": 33.731250762939503, "Radius": 13.374982468597496, "height_m": 10.28, "crown_diameter_m": 8.15, "site_id": 2697 }, "geometry": { "type": "Point", "coordinates": [ -73.919208602582387, 40.874209771864514 ] } },
{ "type": "Feature", "properties": { "Height": 46.722499847412102, "Radius": 10.532378427261861, "height_m": 14.24, "crown_diameter_m": 6.42, "site_id": 2698 }, "geometry": { "type": "Point", "coordinates": [ -73.919308157855497, 40.874267839261371 ] } },
{ "type": "Feature", "properties": { "Height": 34.112751007080099, "Radius": 16.805369573935835, "height_m": 10.4, "crown_diameter_m": 10.24, "site_id": 2699 }, "geometry": { "type": "Point", "coordinates": [ -73.919168274863154, 40.874292759630144 ] } },
{ "type": "Feature", "properties": { "Height": 45.669998168945298, "Radius": 15.324265676765448, "height_m": 13.92, "crown_diameter_m": 9.34, "site_id": 2700 }, "geometry": { "type": "Point", "coordinates": [ -73.919252647733117, 40.874277537412659 ] } },
{ "type": "Feature", "properties": { "Height": 45.522499084472699, "Radius": 15.987583888930306, "height_m": 13.88, "crown_diameter_m": 9.75, "site_id": 2701 }, "geometry": { "type": "Point", "coordinates": [ -73.919770933751479, 40.87386650995829 ] } },
{ "type": "Feature", "properties": { "Height": 43.197498321533203, "Radius": 18.12006201972223, "height_m": 13.17, "crown_diameter_m": 11.05, "site_id": 2702 }, "geometry": { "type": "Point", "coordinates": [ -73.919683276652435, 40.8738443897237 ] } },
{ "type": "Feature", "properties": { "Height": 49.507499694824197, "Radius": 20.775663783985824, "height_m": 15.09, "crown_diameter_m": 12.66, "site_id": 2703 }, "geometry": { "type": "Point", "coordinates": [ -73.919759329586356, 40.873944879485691 ] } },
{ "type": "Feature", "properties": { "Height": 51.947750091552699, "Radius": 13.47279527775534, "height_m": 15.83, "crown_diameter_m": 8.21, "site_id": 2704 }, "geometry": { "type": "Point", "coordinates": [ -73.919529528165739, 40.873993580863498 ] } },
{ "type": "Feature", "properties": { "Height": 53.9487495422363, "Radius": 14.189115652895625, "height_m": 16.44, "crown_diameter_m": 8.65, "site_id": 2705 }, "geometry": { "type": "Point", "coordinates": [ -73.919576750155983, 40.874054724514423 ] } },
{ "type": "Feature", "properties": { "Height": 52.273998260497997, "Radius": 21.930942479148218, "height_m": 15.93, "crown_diameter_m": 13.37, "site_id": 2706 }, "geometry": { "type": "Point", "coordinates": [ -73.919628007450285, 40.873995671087975 ] } },
{ "type": "Feature", "properties": { "Height": 47.251251220703097, "Radius": 11.368105109938904, "height_m": 14.4, "crown_diameter_m": 6.93, "site_id": 2707 }, "geometry": { "type": "Point", "coordinates": [ -73.919359357321881, 40.874088554532548 ] } },
{ "type": "Feature", "properties": { "Height": 58.724372863769503, "Radius": 27.057581899030048, "height_m": 17.9, "crown_diameter_m": 16.49, "site_id": 2708 }, "geometry": { "type": "Point", "coordinates": [ -73.919458359456939, 40.874091016268125 ] } },
{ "type": "Feature", "properties": { "Height": 53.956501007080099, "Radius": 21.821814538001895, "height_m": 16.45, "crown_diameter_m": 13.3, "site_id": 2709 }, "geometry": { "type": "Point", "coordinates": [ -73.91971375282256, 40.874099964085318 ] } },
{ "type": "Feature", "properties": { "Height": 58.925998687744098, "Radius": 23.425760260466578, "height_m": 17.96, "crown_diameter_m": 14.28, "site_id": 2710 }, "geometry": { "type": "Point", "coordinates": [ -73.9196268485627, 40.87416632270137 ] } },
{ "type": "Feature", "properties": { "Height": 50.073249816894503, "Radius": 31.735350634355903, "height_m": 15.26, "crown_diameter_m": 19.35, "site_id": 2711 }, "geometry": { "type": "Point", "coordinates": [ -73.919838506065062, 40.874195147766287 ] } },
{ "type": "Feature", "properties": { "Height": 50.297500610351598, "Radius": 15.74938026744922, "height_m": 15.33, "crown_diameter_m": 9.6, "site_id": 2712 }, "geometry": { "type": "Point", "coordinates": [ -73.919962995060629, 40.874241099637764 ] } },
{ "type": "Feature", "properties": { "Height": 13.9277496337891, "Radius": 3.5904805236128943, "height_m": 4.25, "crown_diameter_m": 2.19, "site_id": 2713 }, "geometry": { "type": "Point", "coordinates": [ -73.917247497582252, 40.874278620336952 ] } },
{ "type": "Feature", "properties": { "Height": 41.364749908447301, "Radius": 23.91990845332322, "height_m": 12.61, "crown_diameter_m": 14.58, "site_id": 2714 }, "geometry": { "type": "Point", "coordinates": [ -73.917420941616896, 40.874141460650314 ] } },
{ "type": "Feature", "properties": { "Height": 42.590751647949197, "Radius": 26.354357735544063, "height_m": 12.98, "crown_diameter_m": 16.07, "site_id": 2715 }, "geometry": { "type": "Point", "coordinates": [ -73.917270691495133, 40.874202182816589 ] } },
{ "type": "Feature", "properties": { "Height": 43.677501678466797, "Radius": 12.609353201048952, "height_m": 13.31, "crown_diameter_m": 7.69, "site_id": 2716 }, "geometry": { "type": "Point", "coordinates": [ -73.917138700975229, 40.874248573121967 ] } },
{ "type": "Feature", "properties": { "Height": 9.8707504272460902, "Radius": 4.2220082456447523, "height_m": 3.01, "crown_diameter_m": 2.57, "site_id": 2717 }, "geometry": { "type": "Point", "coordinates": [ -73.924787031774699, 40.874269585201397 ] } },
{ "type": "Feature", "properties": { "Height": 19.8867492675781, "Radius": 14.051039353211424, "height_m": 6.06, "crown_diameter_m": 8.57, "site_id": 2718 }, "geometry": { "type": "Point", "coordinates": [ -73.920536179930394, 40.874150789572155 ] } },
{ "type": "Feature", "properties": { "Height": 44.972251892089801, "Radius": 30.463625410788548, "height_m": 13.71, "crown_diameter_m": 18.57, "site_id": 2719 }, "geometry": { "type": "Point", "coordinates": [ -73.920008610833889, 40.874099533099873 ] } },
{ "type": "Feature", "properties": { "Height": 14.0769996643066, "Radius": 6.6576761449542472, "height_m": 4.29, "crown_diameter_m": 4.06, "site_id": 2720 }, "geometry": { "type": "Point", "coordinates": [ -73.92017556411092, 40.874105827853789 ] } },
{ "type": "Feature", "properties": { "Height": 17.271999359130898, "Radius": 7.1587632783596291, "height_m": 5.26, "crown_diameter_m": 4.36, "site_id": 2721 }, "geometry": { "type": "Point", "coordinates": [ -73.917529022528143, 40.874084710829891 ] } },
{ "type": "Feature", "properties": { "Height": 10.302249908447299, "Radius": 3.0119481662601757, "height_m": 3.14, "crown_diameter_m": 1.84, "site_id": 2722 }, "geometry": { "type": "Point", "coordinates": [ -73.917580998365096, 40.874057106575684 ] } },
{ "type": "Feature", "properties": { "Height": 8.3017501831054705, "Radius": 2.6160394784772456, "height_m": 2.53, "crown_diameter_m": 1.59, "site_id": 2723 }, "geometry": { "type": "Point", "coordinates": [ -73.917649281426961, 40.874032219002629 ] } },
{ "type": "Feature", "properties": { "Height": 8.9905004501342791, "Radius": 3.3377905890622728, "height_m": 2.74, "crown_diameter_m": 2.03, "site_id": 2724 }, "geometry": { "type": "Point", "coordinates": [ -73.920227663395252, 40.873959592176874 ] } },
{ "type": "Feature", "properties": { "Height": 9.8129997253418004, "Radius": 3.5458765494951643, "height_m": 2.99, "crown_diameter_m": 2.16, "site_id": 2725 }, "geometry": { "type": "Point", "coordinates": [ -73.92017264341483, 40.873958585205365 ] } },
{ "type": "Feature", "properties": { "Height": 9.4610004425048793, "Radius": 3.8472600259855412, "height_m": 2.88, "crown_diameter_m": 2.35, "site_id": 2726 }, "geometry": { "type": "Point", "coordinates": [ -73.920055609630225, 40.873887931126113 ] } },
{ "type": "Feature", "properties": { "Height": 17.096000671386701, "Radius": 15.574085310927526, "height_m": 5.21, "crown_diameter_m": 9.49, "site_id": 2727 }, "geometry": { "type": "Point", "coordinates": [ -73.919842572673858, 40.873744516568252 ] } },
{ "type": "Feature", "properties": { "Height": 27.8159999847412, "Radius": 16.847932840689843, "height_m": 8.48, "crown_diameter_m": 10.27, "site_id": 2728 }, "geometry": { "type": "Point", "coordinates": [ -73.919930018121818, 40.873807367420021 ] } },
{ "type": "Feature", "properties": { "Height": 8.6282501220703107, "Radius": 3.2410224072142872, "height_m": 2.63, "crown_diameter_m": 1.98, "site_id": 2729 }, "geometry": { "type": "Point", "coordinates": [ -73.922337105346017, 40.873841942403004 ] } },
{ "type": "Feature", "properties": { "Height": 10.161749839782701, "Radius": 3.4085643379153576, "height_m": 3.1, "crown_diameter_m": 2.08, "site_id": 2730 }, "geometry": { "type": "Point", "coordinates": [ -73.919996290067701, 40.873836029098577 ] } },
{ "type": "Feature", "properties": { "Height": 52.041000366210902, "Radius": 26.256039990877234, "height_m": 15.86, "crown_diameter_m": 16.01, "site_id": 2731 }, "geometry": { "type": "Point", "coordinates": [ -73.919362689306325, 40.873778770898909 ] } },
{ "type": "Feature", "properties": { "Height": 10.6330003738403, "Radius": 5.9105422770394789, "height_m": 3.24, "crown_diameter_m": 3.6, "site_id": 2732 }, "geometry": { "type": "Point", "coordinates": [ -73.922296161352861, 40.873827443995474 ] } },
{ "type": "Feature", "properties": { "Height": 8.4997501373290998, "Radius": 4.2874696415384577, "height_m": 2.59, "crown_diameter_m": 2.61, "site_id": 2733 }, "geometry": { "type": "Point", "coordinates": [ -73.922273362628616, 40.873771807285152 ] } },
{ "type": "Feature", "properties": { "Height": 15.388500213623001, "Radius": 12.146465833574265, "height_m": 4.69, "crown_diameter_m": 7.4, "site_id": 2734 }, "geometry": { "type": "Point", "coordinates": [ -73.918031378815186, 40.873690730527755 ] } },
{ "type": "Feature", "properties": { "Height": 15.330249786376999, "Radius": 8.6993204010541092, "height_m": 4.67, "crown_diameter_m": 5.3, "site_id": 2735 }, "geometry": { "type": "Point", "coordinates": [ -73.919842371964307, 40.87367089701069 ] } },
{ "type": "Feature", "properties": { "Height": 10.8687496185303, "Radius": 7.7665773305767294, "height_m": 3.31, "crown_diameter_m": 4.73, "site_id": 2736 }, "geometry": { "type": "Point", "coordinates": [ -73.922392785018431, 40.873656803460321 ] } },
{ "type": "Feature", "properties": { "Height": 10.324999809265099, "Radius": 6.7171739866220781, "height_m": 3.15, "crown_diameter_m": 4.09, "site_id": 2737 }, "geometry": { "type": "Point", "coordinates": [ -73.922320322644794, 40.87366826834932 ] } },
{ "type": "Feature", "properties": { "Height": 12.2337503433228, "Radius": 3.5570799788317498, "height_m": 3.73, "crown_diameter_m": 2.17, "site_id": 2738 }, "geometry": { "type": "Point", "coordinates": [ -73.919733202588148, 40.873666478074966 ] } },
{ "type": "Feature", "properties": { "Height": 8.9197502136230504, "Radius": 3.0643338007504708, "height_m": 2.72, "crown_diameter_m": 1.87, "site_id": 2739 }, "geometry": { "type": "Point", "coordinates": [ -73.922425084479372, 40.873665050236859 ] } },
{ "type": "Feature", "properties": { "Height": 17.810249328613299, "Radius": 12.587245363779234, "height_m": 5.43, "crown_diameter_m": 7.67, "site_id": 2740 }, "geometry": { "type": "Point", "coordinates": [ -73.918251667224794, 40.873530154128481 ] } },
{ "type": "Feature", "properties": { "Height": 37.617500305175803, "Radius": 17.101087916602197, "height_m": 11.47, "crown_diameter_m": 10.42, "site_id": 2741 }, "geometry": { "type": "Point", "coordinates": [ -73.918192696983724, 40.873599737194894 ] } },
{ "type": "Feature", "properties": { "Height": 29.4440002441406, "Radius": 9.3645274116548105, "height_m": 8.97, "crown_diameter_m": 5.71, "site_id": 2742 }, "geometry": { "type": "Point", "coordinates": [ -73.918088450792155, 40.873643639494446 ] } },
{ "type": "Feature", "properties": { "Height": 16.309999465942401, "Radius": 8.7312781275720379, "height_m": 4.97, "crown_diameter_m": 5.32, "site_id": 2743 }, "geometry": { "type": "Point", "coordinates": [ -73.922460593153716, 40.873602895387165 ] } },
{ "type": "Feature", "properties": { "Height": 10.4667501449585, "Radius": 2.8068077388821662, "height_m": 3.19, "crown_diameter_m": 1.71, "site_id": 2744 }, "geometry": { "type": "Point", "coordinates": [ -73.919278190079496, 40.873625005679507 ] } },
{ "type": "Feature", "properties": { "Height": 49.916751861572301, "Radius": 27.104597715372734, "height_m": 15.21, "crown_diameter_m": 16.52, "site_id": 2745 }, "geometry": { "type": "Point", "coordinates": [ -73.918934581752708, 40.873261472711114 ] } },
{ "type": "Feature", "properties": { "Height": 52.915000915527301, "Radius": 34.856689968548778, "height_m": 16.13, "crown_diameter_m": 21.25, "site_id": 2746 }, "geometry": { "type": "Point", "coordinates": [ -73.919076475706518, 40.873397474900223 ] } },
{ "type": "Feature", "properties": { "Height": 40.952499389648402, "Radius": 23.574754744787878, "height_m": 12.48, "crown_diameter_m": 14.37, "site_id": 2747 }, "geometry": { "type": "Point", "coordinates": [ -73.919198157349442, 40.873557418450808 ] } },
{ "type": "Feature", "properties": { "Height": 17.6515007019043, "Radius": 11.420484922445642, "height_m": 5.38, "crown_diameter_m": 6.96, "site_id": 2748 }, "geometry": { "type": "Point", "coordinates": [ -73.919383167461959, 40.873583992483354 ] } },
{ "type": "Feature", "properties": { "Height": 55.012500762939503, "Radius": 10.896310731002211, "height_m": 16.77, "crown_diameter_m": 6.64, "site_id": 2749 }, "geometry": { "type": "Point", "coordinates": [ -73.919761009978032, 40.873281817814274 ] } },
{ "type": "Feature", "properties": { "Height": 51.199001312255902, "Radius": 22.169133142001129, "height_m": 15.61, "crown_diameter_m": 13.51, "site_id": 2750 }, "geometry": { "type": "Point", "coordinates": [ -73.919811905444433, 40.873326411154757 ] } },
{ "type": "Feature", "properties": { "Height": 55.075748443603501, "Radius": 25.572791423006564, "height_m": 16.79, "crown_diameter_m": 15.59, "site_id": 2751 }, "geometry": { "type": "Point", "coordinates": [ -73.919689033574969, 40.873342694786402 ] } },
{ "type": "Feature", "properties": { "Height": 38.948501586914098, "Radius": 14.77433600709468, "height_m": 11.87, "crown_diameter_m": 9.01, "site_id": 2752 }, "geometry": { "type": "Point", "coordinates": [ -73.919919054172823, 40.873409483567805 ] } },
{ "type": "Feature", "properties": { "Height": 23.3320007324219, "Radius": 12.260580889594715, "height_m": 7.11, "crown_diameter_m": 7.47, "site_id": 2753 }, "geometry": { "type": "Point", "coordinates": [ -73.919343407486195, 40.873452728436469 ] } },
{ "type": "Feature", "properties": { "Height": 21.651750564575199, "Radius": 13.398760233979035, "height_m": 6.6, "crown_diameter_m": 8.17, "site_id": 2754 }, "geometry": { "type": "Point", "coordinates": [ -73.91983812554561, 40.873465755625098 ] } },
{ "type": "Feature", "properties": { "Height": 21.840000152587901, "Radius": 14.073674952828195, "height_m": 6.66, "crown_diameter_m": 8.58, "site_id": 2755 }, "geometry": { "type": "Point", "coordinates": [ -73.919905140179267, 40.873507838751529 ] } },
{ "type": "Feature", "properties": { "Height": 53.187999725341797, "Radius": 24.504930122033016, "height_m": 16.21, "crown_diameter_m": 14.94, "site_id": 2756 }, "geometry": { "type": "Point", "coordinates": [ -73.919689734168273, 40.873496340192055 ] } },
{ "type": "Feature", "properties": { "Height": 22.656999588012699, "Radius": 12.634571932644613, "height_m": 6.91, "crown_diameter_m": 7.7, "site_id": 2757 }, "geometry": { "type": "Point", "coordinates": [ -73.919369763091893, 40.873504017056341 ] } },
{ "type": "Feature", "properties": { "Height": 61.306751251220703, "Radius": 30.631649759656579, "height_m": 18.69, "crown_diameter_m": 18.67, "site_id": 2758 }, "geometry": { "type": "Point", "coordinates": [ -73.919555422642503, 40.873534009520398 ] } },
{ "type": "Feature", "properties": { "Height": 21.702999114990199, "Radius": 15.159806655254442, "height_m": 6.62, "crown_diameter_m": 9.24, "site_id": 2759 }, "geometry": { "type": "Point", "coordinates": [ -73.919830716241719, 40.873540242472082 ] } },
{ "type": "Feature", "properties": { "Height": 11.1547498703003, "Radius": 7.5693975660604806, "height_m": 3.4, "crown_diameter_m": 4.61, "site_id": 2760 }, "geometry": { "type": "Point", "coordinates": [ -73.922385554870388, 40.873584306591724 ] } },
{ "type": "Feature", "properties": { "Height": 12.832750320434601, "Radius": 18.227340554900803, "height_m": 3.91, "crown_diameter_m": 11.11, "site_id": 2761 }, "geometry": { "type": "Point", "coordinates": [ -73.922284879085339, 40.873468526093902 ] } },
{ "type": "Feature", "properties": { "Height": 14.2825002670288, "Radius": 5.4041587742555084, "height_m": 4.35, "crown_diameter_m": 3.29, "site_id": 2762 }, "geometry": { "type": "Point", "coordinates": [ -73.922447623838352, 40.873510863074834 ] } },
{ "type": "Feature", "properties": { "Height": 9.5672502517700195, "Radius": 4.9747958401114039, "height_m": 2.92, "crown_diameter_m": 3.03, "site_id": 2763 }, "geometry": { "type": "Point", "coordinates": [ -73.921986788953433, 40.87351031833434 ] } },
{ "type": "Feature", "properties": { "Height": 11.4954996109009, "Radius": 3.6996385101659595, "height_m": 3.5, "crown_diameter_m": 2.26, "site_id": 2764 }, "geometry": { "type": "Point", "coordinates": [ -73.921958138785001, 40.87348076925052 ] } },
{ "type": "Feature", "properties": { "Height": 8.0994997024536097, "Radius": 2.3601743597065741, "height_m": 2.47, "crown_diameter_m": 1.44, "site_id": 2765 }, "geometry": { "type": "Point", "coordinates": [ -73.922141898032521, 40.87347711852798 ] } },
{ "type": "Feature", "properties": { "Height": 28.365749359130898, "Radius": 15.804862643589466, "height_m": 8.65, "crown_diameter_m": 9.63, "site_id": 2766 }, "geometry": { "type": "Point", "coordinates": [ -73.922115116227587, 40.873400990285205 ] } },
{ "type": "Feature", "properties": { "Height": 9.6599998474121094, "Radius": 4.433467657697423, "height_m": 2.94, "crown_diameter_m": 2.7, "site_id": 2767 }, "geometry": { "type": "Point", "coordinates": [ -73.918597772120577, 40.873409706336567 ] } },
{ "type": "Feature", "properties": { "Height": 9.3420000076293892, "Radius": 5.4990398423233957, "height_m": 2.85, "crown_diameter_m": 3.35, "site_id": 2768 }, "geometry": { "type": "Point", "coordinates": [ -73.921886275964056, 40.873392972548061 ] } },
{ "type": "Feature", "properties": { "Height": 12.9934997558594, "Radius": 11.368105109938904, "height_m": 3.96, "crown_diameter_m": 6.93, "site_id": 2769 }, "geometry": { "type": "Point", "coordinates": [ -73.922222353284326, 40.873363444712091 ] } },
{ "type": "Feature", "properties": { "Height": 61.396751403808601, "Radius": 35.612163147269897, "height_m": 18.71, "crown_diameter_m": 21.71, "site_id": 2770 }, "geometry": { "type": "Point", "coordinates": [ -73.921409893641524, 40.873018535824464 ] } },
{ "type": "Feature", "properties": { "Height": 51.075000762939503, "Radius": 22.611617692741795, "height_m": 15.57, "crown_diameter_m": 13.78, "site_id": 2771 }, "geometry": { "type": "Point", "coordinates": [ -73.921687994899017, 40.873043503621282 ] } },
{ "type": "Feature", "properties": { "Height": 56.780250549316399, "Radius": 23.621965000401321, "height_m": 17.31, "crown_diameter_m": 14.4, "site_id": 2772 }, "geometry": { "type": "Point", "coordinates": [ -73.921546501066402, 40.873073248798413 ] } },
{ "type": "Feature", "properties": { "Height": 54.774501800537102, "Radius": 21.823637808635315, "height_m": 16.7, "crown_diameter_m": 13.3, "site_id": 2773 }, "geometry": { "type": "Point", "coordinates": [ -73.921601433761538, 40.873163779806553 ] } },
{ "type": "Feature", "properties": { "Height": 55.958751678466797, "Radius": 33.091775200852943, "height_m": 17.06, "crown_diameter_m": 20.17, "site_id": 2774 }, "geometry": { "type": "Point", "coordinates": [ -73.92173942956461, 40.873193335650562 ] } },
{ "type": "Feature", "properties": { "Height": 52.946250915527301, "Radius": 23.169584006817278, "height_m": 16.14, "crown_diameter_m": 14.12, "site_id": 2775 }, "geometry": { "type": "Point", "coordinates": [ -73.921926894467987, 40.873303478890961 ] } },
{ "type": "Feature", "properties": { "Height": 30.4327507019043, "Radius": 14.755472278097805, "height_m": 9.28, "crown_diameter_m": 8.99, "site_id": 2776 }, "geometry": { "type": "Point", "coordinates": [ -73.921797595551936, 40.873326008907384 ] } },
{ "type": "Feature", "properties": { "Height": 25.4869995117188, "Radius": 11.88151650769005, "height_m": 7.77, "crown_diameter_m": 7.24, "site_id": 2777 }, "geometry": { "type": "Point", "coordinates": [ -73.921743309337231, 40.873342026912987 ] } },
{ "type": "Feature", "properties": { "Height": 15.611000061035201, "Radius": 9.0270333367641005, "height_m": 4.76, "crown_diameter_m": 5.5, "site_id": 2778 }, "geometry": { "type": "Point", "coordinates": [ -73.919241390378957, 40.873354828037705 ] } },
{ "type": "Feature", "properties": { "Height": 8.1595001220703107, "Radius": 2.4266711549775604, "height_m": 2.49, "crown_diameter_m": 1.48, "site_id": 2779 }, "geometry": { "type": "Point", "coordinates": [ -73.919894766752421, 40.873367339166307 ] } },
{ "type": "Feature", "properties": { "Height": 52.923248291015597, "Radius": 35.318222866995022, "height_m": 16.13, "crown_diameter_m": 21.53, "site_id": 2780 }, "geometry": { "type": "Point", "coordinates": [ -73.920921506154613, 40.87240814199567 ] } },
{ "type": "Feature", "properties": { "Height": 53.840499877929702, "Radius": 18.999037105401385, "height_m": 16.41, "crown_diameter_m": 11.58, "site_id": 2781 }, "geometry": { "type": "Point", "coordinates": [ -73.920742865905098, 40.87246283127422 ] } },
{ "type": "Feature", "properties": { "Height": 52.583000183105497, "Radius": 19.714369658460004, "height_m": 16.03, "crown_diameter_m": 12.02, "site_id": 2782 }, "geometry": { "type": "Point", "coordinates": [ -73.920858870942297, 40.87250727165214 ] } },
{ "type": "Feature", "properties": { "Height": 64.382499694824205, "Radius": 37.063004651891738, "height_m": 19.62, "crown_diameter_m": 22.59, "site_id": 2783 }, "geometry": { "type": "Point", "coordinates": [ -73.920744512538818, 40.872835998412256 ] } },
{ "type": "Feature", "properties": { "Height": 62.756748199462898, "Radius": 34.631085366603472, "height_m": 19.13, "crown_diameter_m": 21.11, "site_id": 2784 }, "geometry": { "type": "Point", "coordinates": [ -73.920934496484918, 40.8728756160519 ] } },
{ "type": "Feature", "properties": { "Height": 53.468498229980497, "Radius": 32.498495386060839, "height_m": 16.3, "crown_diameter_m": 19.81, "site_id": 2785 }, "geometry": { "type": "Point", "coordinates": [ -73.921097853199257, 40.872903151332707 ] } },
{ "type": "Feature", "properties": { "Height": 26.208999633789102, "Radius": 18.095891672188323, "height_m": 7.99, "crown_diameter_m": 11.03, "site_id": 2786 }, "geometry": { "type": "Point", "coordinates": [ -73.920262324432116, 40.872942200322392 ] } },
{ "type": "Feature", "properties": { "Height": 47.303249359130902, "Radius": 17.801053106374454, "height_m": 14.42, "crown_diameter_m": 10.85, "site_id": 2787 }, "geometry": { "type": "Point", "coordinates": [ -73.920469493026772, 40.872953091512926 ] } },
{ "type": "Feature", "properties": { "Height": 44.056751251220703, "Radius": 29.64814919512748, "height_m": 13.43, "crown_diameter_m": 18.07, "site_id": 2788 }, "geometry": { "type": "Point", "coordinates": [ -73.920809547479237, 40.873000354274538 ] } },
{ "type": "Feature", "properties": { "Height": 43.602500915527301, "Radius": 26.021619960803147, "height_m": 13.29, "crown_diameter_m": 15.86, "site_id": 2789 }, "geometry": { "type": "Point", "coordinates": [ -73.92059955925393, 40.872954360717692 ] } },
{ "type": "Feature", "properties": { "Height": 66.158752441406307, "Radius": 38.769308512789593, "height_m": 20.17, "crown_diameter_m": 23.63, "site_id": 2790 }, "geometry": { "type": "Point", "coordinates": [ -73.92005894755907, 40.873022861338924 ] } },
{ "type": "Feature", "properties": { "Height": 51.535999298095703, "Radius": 23.657310865410086, "height_m": 15.71, "crown_diameter_m": 14.42, "site_id": 2791 }, "geometry": { "type": "Point", "coordinates": [ -73.920384246813597, 40.873013736454517 ] } },
{ "type": "Feature", "properties": { "Height": 27.324499130248999, "Radius": 15.837556323903858, "height_m": 8.33, "crown_diameter_m": 9.65, "site_id": 2792 }, "geometry": { "type": "Point", "coordinates": [ -73.921152893059727, 40.873026726952062 ] } },
{ "type": "Feature", "properties": { "Height": 31.4183750152588, "Radius": 9.5078918628787825, "height_m": 9.58, "crown_diameter_m": 5.8, "site_id": 2793 }, "geometry": { "type": "Point", "coordinates": [ -73.921224364103381, 40.873044533393113 ] } },
{ "type": "Feature", "properties": { "Height": 40.860500335693402, "Radius": 18.724805463113508, "height_m": 12.45, "crown_diameter_m": 11.41, "site_id": 2794 }, "geometry": { "type": "Point", "coordinates": [ -73.920293424270625, 40.873061008830909 ] } },
{ "type": "Feature", "properties": { "Height": 24.035249710083001, "Radius": 14.633624839052871, "height_m": 7.33, "crown_diameter_m": 8.92, "site_id": 2795 }, "geometry": { "type": "Point", "coordinates": [ -73.920204501336912, 40.87311282721376 ] } },
{ "type": "Feature", "properties": { "Height": 55.742748260497997, "Radius": 11.763724878557939, "height_m": 16.99, "crown_diameter_m": 7.17, "site_id": 2796 }, "geometry": { "type": "Point", "coordinates": [ -73.919966795222578, 40.873088619563291 ] } },
{ "type": "Feature", "properties": { "Height": 33.530750274658203, "Radius": 25.407330618951839, "height_m": 10.22, "crown_diameter_m": 15.49, "site_id": 2797 }, "geometry": { "type": "Point", "coordinates": [ -73.920108643714073, 40.873190844937987 ] } },
{ "type": "Feature", "properties": { "Height": 34.422500610351598, "Radius": 24.250309579973475, "height_m": 10.49, "crown_diameter_m": 14.78, "site_id": 2798 }, "geometry": { "type": "Point", "coordinates": [ -73.919987562034834, 40.87329114118652 ] } },
{ "type": "Feature", "properties": { "Height": 21.586750030517599, "Radius": 12.985555906693525, "height_m": 6.58, "crown_diameter_m": 7.92, "site_id": 2799 }, "geometry": { "type": "Point", "coordinates": [ -73.919368961844796, 40.873159087142689 ] } },
{ "type": "Feature", "properties": { "Height": 9.8044996261596697, "Radius": 2.5231325220201604, "height_m": 2.99, "crown_diameter_m": 1.54, "site_id": 2800 }, "geometry": { "type": "Point", "coordinates": [ -73.925564611770241, 40.872148611884555 ] } },
{ "type": "Feature", "properties": { "Height": 13.632249832153301, "Radius": 4.7203487194131482, "height_m": 4.16, "crown_diameter_m": 2.88, "site_id": 2801 }, "geometry": { "type": "Point", "coordinates": [ -73.925473855165549, 40.872056723294385 ] } },
{ "type": "Feature", "properties": { "Height": 10.003999710083001, "Radius": 2.7350104799285653, "height_m": 3.05, "crown_diameter_m": 1.67, "site_id": 2802 }, "geometry": { "type": "Point", "coordinates": [ -73.922805029660779, 40.871511594256468 ] } },
{ "type": "Feature", "properties": { "Height": 8.7867498397827095, "Radius": 2.6761861742291568, "height_m": 2.68, "crown_diameter_m": 1.63, "site_id": 2803 }, "geometry": { "type": "Point", "coordinates": [ -73.922698715319953, 40.871475634115406 ] } },
{ "type": "Feature", "properties": { "Height": 25.804874420166001, "Radius": 15.427774220344601, "height_m": 7.87, "crown_diameter_m": 9.4, "site_id": 2804 }, "geometry": { "type": "Point", "coordinates": [ -73.921508834427115, 40.871260748746153 ] } },
{ "type": "Feature", "properties": { "Height": 33.396251678466797, "Radius": 15.059740831300877, "height_m": 10.18, "crown_diameter_m": 9.18, "site_id": 2805 }, "geometry": { "type": "Point", "coordinates": [ -73.921664177842942, 40.871056605465263 ] } },
{ "type": "Feature", "properties": { "Height": 13.020999908447299, "Radius": 3.5793816391798146, "height_m": 3.97, "crown_diameter_m": 2.18, "site_id": 2806 }, "geometry": { "type": "Point", "coordinates": [ -73.921865458951444, 40.870140027268405 ] } },
{ "type": "Feature", "properties": { "Height": 13.3272495269775, "Radius": 4.1266910365125229, "height_m": 4.06, "crown_diameter_m": 2.52, "site_id": 2807 }, "geometry": { "type": "Point", "coordinates": [ -73.923475938232542, 40.869740841906058 ] } },
{ "type": "Feature", "properties": { "Height": 55.7760009765625, "Radius": 33.287185429317624, "height_m": 17.0, "crown_diameter_m": 20.29, "site_id": 2808 }, "geometry": { "type": "Point", "coordinates": [ -73.916551307458263, 40.874441409038994 ] } },
{ "type": "Feature", "properties": { "Height": 27.081750869751001, "Radius": 16.984355576649364, "height_m": 8.25, "crown_diameter_m": 10.35, "site_id": 2809 }, "geometry": { "type": "Point", "coordinates": [ -73.931357098415489, 40.86961446650399 ] } },
{ "type": "Feature", "properties": { "Height": 45.334499359130902, "Radius": 21.168390167304441, "height_m": 13.82, "crown_diameter_m": 12.9, "site_id": 2810 }, "geometry": { "type": "Point", "coordinates": [ -73.931229872696903, 40.869128913789893 ] } },
{ "type": "Feature", "properties": { "Height": 29.403499603271499, "Radius": 11.148991459085897, "height_m": 8.96, "crown_diameter_m": 6.8, "site_id": 2811 }, "geometry": { "type": "Point", "coordinates": [ -73.931219063671278, 40.869193261687649 ] } },
{ "type": "Feature", "properties": { "Height": 66.779998779296903, "Radius": 31.26165267633468, "height_m": 20.35, "crown_diameter_m": 19.06, "site_id": 2812 }, "geometry": { "type": "Point", "coordinates": [ -73.931084404289805, 40.869424471013183 ] } },
{ "type": "Feature", "properties": { "Height": 60.714000701904297, "Radius": 22.732709918075852, "height_m": 18.51, "crown_diameter_m": 13.86, "site_id": 2813 }, "geometry": { "type": "Point", "coordinates": [ -73.93100383691889, 40.868946293877812 ] } },
{ "type": "Feature", "properties": { "Height": 58.793498992919901, "Radius": 26.437264090447375, "height_m": 17.92, "crown_diameter_m": 16.12, "site_id": 2814 }, "geometry": { "type": "Point", "coordinates": [ -73.93085155666644, 40.868972555534008 ] } },
{ "type": "Feature", "properties": { "Height": 73.927497863769503, "Radius": 26.007854739300495, "height_m": 22.53, "crown_diameter_m": 15.85, "site_id": 2815 }, "geometry": { "type": "Point", "coordinates": [ -73.930882854848434, 40.869124661461626 ] } },
{ "type": "Feature", "properties": { "Height": 57.583000183105497, "Radius": 16.75320095213322, "height_m": 17.55, "crown_diameter_m": 10.21, "site_id": 2816 }, "geometry": { "type": "Point", "coordinates": [ -73.930758478377044, 40.869117289334461 ] } },
{ "type": "Feature", "properties": { "Height": 72.642753601074205, "Radius": 33.327801425211618, "height_m": 22.14, "crown_diameter_m": 20.32, "site_id": 2817 }, "geometry": { "type": "Point", "coordinates": [ -73.930739869138776, 40.869250271372856 ] } },
{ "type": "Feature", "properties": { "Height": 61.3272514343262, "Radius": 11.48648979554595, "height_m": 18.69, "crown_diameter_m": 7.0, "site_id": 2818 }, "geometry": { "type": "Point", "coordinates": [ -73.93084229400246, 40.869295946168016 ] } },
{ "type": "Feature", "properties": { "Height": 57.558998107910199, "Radius": 16.136216622812821, "height_m": 17.54, "crown_diameter_m": 9.84, "site_id": 2819 }, "geometry": { "type": "Point", "coordinates": [ -73.930641169437806, 40.869305558838818 ] } },
{ "type": "Feature", "properties": { "Height": 54.789249420166001, "Radius": 21.952702969845401, "height_m": 16.7, "crown_diameter_m": 13.38, "site_id": 2820 }, "geometry": { "type": "Point", "coordinates": [ -73.930605157985795, 40.869395252895004 ] } },
{ "type": "Feature", "properties": { "Height": 55.753250122070298, "Radius": 13.294418539505584, "height_m": 16.99, "crown_diameter_m": 8.1, "site_id": 2821 }, "geometry": { "type": "Point", "coordinates": [ -73.930529592921019, 40.869467691378084 ] } },
{ "type": "Feature", "properties": { "Height": 68.022750854492202, "Radius": 30.886481329099638, "height_m": 20.73, "crown_diameter_m": 18.83, "site_id": 2822 }, "geometry": { "type": "Point", "coordinates": [ -73.930762440433469, 40.869455594581204 ] } },
{ "type": "Feature", "properties": { "Height": 74.075248718261705, "Radius": 20.836858802484851, "height_m": 22.58, "crown_diameter_m": 12.7, "site_id": 2823 }, "geometry": { "type": "Point", "coordinates": [ -73.930621184763794, 40.869517283275208 ] } },
{ "type": "Feature", "properties": { "Height": 65.957000732421903, "Radius": 26.336234392837557, "height_m": 20.1, "crown_diameter_m": 16.05, "site_id": 2824 }, "geometry": { "type": "Point", "coordinates": [ -73.930568246315829, 40.869580157784448 ] } },
{ "type": "Feature", "properties": { "Height": 60.012500762939503, "Radius": 14.019855731015593, "height_m": 18.29, "crown_diameter_m": 8.55, "site_id": 2825 }, "geometry": { "type": "Point", "coordinates": [ -73.930461359820214, 40.869602502086835 ] } },
{ "type": "Feature", "properties": { "Height": 60.336624145507798, "Radius": 19.053409804877795, "height_m": 18.39, "crown_diameter_m": 11.61, "site_id": 2826 }, "geometry": { "type": "Point", "coordinates": [ -73.928383703861329, 40.867215481060484 ] } },
{ "type": "Feature", "properties": { "Height": 66.948249816894503, "Radius": 33.7996180675703, "height_m": 20.41, "crown_diameter_m": 20.6, "site_id": 2827 }, "geometry": { "type": "Point", "coordinates": [ -73.928535174717467, 40.867207741615161 ] } },
{ "type": "Feature", "properties": { "Height": 34.324249267578097, "Radius": 17.925786735943745, "height_m": 10.46, "crown_diameter_m": 10.93, "site_id": 2828 }, "geometry": { "type": "Point", "coordinates": [ -73.928883658136797, 40.867299531268785 ] } },
{ "type": "Feature", "properties": { "Height": 80.28125, "Radius": 18.62039321619428, "height_m": 24.47, "crown_diameter_m": 11.35, "site_id": 2829 }, "geometry": { "type": "Point", "coordinates": [ -73.928192344248032, 40.867317170547437 ] } },
{ "type": "Feature", "properties": { "Height": 67.986503601074205, "Radius": 38.863612929604045, "height_m": 20.72, "crown_diameter_m": 23.69, "site_id": 2830 }, "geometry": { "type": "Point", "coordinates": [ -73.928623926876, 40.867319299627546 ] } },
{ "type": "Feature", "properties": { "Height": 91.054748535156307, "Radius": 17.827855209040571, "height_m": 27.75, "crown_diameter_m": 10.87, "site_id": 2831 }, "geometry": { "type": "Point", "coordinates": [ -73.928064292049484, 40.867329377964417 ] } },
{ "type": "Feature", "properties": { "Height": 91.156753540039105, "Radius": 19.931149940667517, "height_m": 27.78, "crown_diameter_m": 12.15, "site_id": 2832 }, "geometry": { "type": "Point", "coordinates": [ -73.928001977697903, 40.867374295123909 ] } },
{ "type": "Feature", "properties": { "Height": 41.458000183105497, "Radius": 17.473945127583558, "height_m": 12.64, "crown_diameter_m": 10.65, "site_id": 2833 }, "geometry": { "type": "Point", "coordinates": [ -73.928898554257074, 40.867388380013232 ] } },
{ "type": "Feature", "properties": { "Height": 80.162498474121094, "Radius": 15.117754405994354, "height_m": 24.43, "crown_diameter_m": 9.22, "site_id": 2834 }, "geometry": { "type": "Point", "coordinates": [ -73.928188613986478, 40.867392667043354 ] } },
{ "type": "Feature", "properties": { "Height": 84.780998229980497, "Radius": 10.54747861914092, "height_m": 25.84, "crown_diameter_m": 6.43, "site_id": 2835 }, "geometry": { "type": "Point", "coordinates": [ -73.928081455798008, 40.867420861258644 ] } },
{ "type": "Feature", "properties": { "Height": 83.022003173828097, "Radius": 15.967661658277217, "height_m": 25.31, "crown_diameter_m": 9.73, "site_id": 2836 }, "geometry": { "type": "Point", "coordinates": [ -73.928514776884086, 40.867422980123671 ] } },
{ "type": "Feature", "properties": { "Height": 83.061500549316406, "Radius": 17.652914166616544, "height_m": 25.32, "crown_diameter_m": 10.76, "site_id": 2837 }, "geometry": { "type": "Point", "coordinates": [ -73.928129234900993, 40.867467767794452 ] } },
{ "type": "Feature", "properties": { "Height": 90.032752990722699, "Radius": 20.664285913516469, "height_m": 27.44, "crown_diameter_m": 12.6, "site_id": 2838 }, "geometry": { "type": "Point", "coordinates": [ -73.928293527619189, 40.867406444936961 ] } },
{ "type": "Feature", "properties": { "Height": 79.291374206542997, "Radius": 18.847647942942654, "height_m": 24.17, "crown_diameter_m": 11.49, "site_id": 2839 }, "geometry": { "type": "Point", "coordinates": [ -73.928605926533265, 40.867499246757774 ] } },
{ "type": "Feature", "properties": { "Height": 61.210498809814503, "Radius": 25.42611607853781, "height_m": 18.66, "crown_diameter_m": 15.5, "site_id": 2840 }, "geometry": { "type": "Point", "coordinates": [ -73.928740467521891, 40.867462626883253 ] } },
{ "type": "Feature", "properties": { "Height": 85.869499206542997, "Radius": 25.228171107404702, "height_m": 26.17, "crown_diameter_m": 15.38, "site_id": 2841 }, "geometry": { "type": "Point", "coordinates": [ -73.928446881240816, 40.867458395704617 ] } },
{ "type": "Feature", "properties": { "Height": 71.891502380371094, "Radius": 17.614555389156148, "height_m": 21.91, "crown_diameter_m": 10.74, "site_id": 2842 }, "geometry": { "type": "Point", "coordinates": [ -73.927814127580618, 40.867518066932028 ] } },
{ "type": "Feature", "properties": { "Height": 59.238498687744098, "Radius": 19.804983141875585, "height_m": 18.06, "crown_diameter_m": 12.07, "site_id": 2843 }, "geometry": { "type": "Point", "coordinates": [ -73.929019116820612, 40.867516155313716 ] } },
{ "type": "Feature", "properties": { "Height": 63.084999084472699, "Radius": 30.679672968359181, "height_m": 19.23, "crown_diameter_m": 18.7, "site_id": 2844 }, "geometry": { "type": "Point", "coordinates": [ -73.928877363178714, 40.867526729820604 ] } },
{ "type": "Feature", "properties": { "Height": 83.022247314453097, "Radius": 27.705672533476086, "height_m": 25.31, "crown_diameter_m": 16.89, "site_id": 2845 }, "geometry": { "type": "Point", "coordinates": [ -73.928560834918073, 40.867602576098292 ] } },
{ "type": "Feature", "properties": { "Height": 22.611499786376999, "Radius": 17.103414436974379, "height_m": 6.89, "crown_diameter_m": 10.43, "site_id": 2846 }, "geometry": { "type": "Point", "coordinates": [ -73.92801658314302, 40.867525680974396 ] } },
{ "type": "Feature", "properties": { "Height": 80.443252563476605, "Radius": 19.673963037463739, "height_m": 24.52, "crown_diameter_m": 11.99, "site_id": 2847 }, "geometry": { "type": "Point", "coordinates": [ -73.929122460245821, 40.867553348708462 ] } },
{ "type": "Feature", "properties": { "Height": 87.404502868652301, "Radius": 33.738348403459753, "height_m": 26.64, "crown_diameter_m": 20.57, "site_id": 2848 }, "geometry": { "type": "Point", "coordinates": [ -73.928325266857186, 40.867538326891967 ] } },
{ "type": "Feature", "properties": { "Height": 55.874500274658203, "Radius": 19.435901250742493, "height_m": 17.03, "crown_diameter_m": 11.85, "site_id": 2849 }, "geometry": { "type": "Point", "coordinates": [ -73.928737632513872, 40.867565566355324 ] } },
{ "type": "Feature", "properties": { "Height": 61.779750823974602, "Radius": 13.159049284959083, "height_m": 18.83, "crown_diameter_m": 8.02, "site_id": 2850 }, "geometry": { "type": "Point", "coordinates": [ -73.928998482472309, 40.867598776909212 ] } },
{ "type": "Feature", "properties": { "Height": 86.6407470703125, "Radius": 19.811009304541098, "height_m": 26.41, "crown_diameter_m": 12.08, "site_id": 2851 }, "geometry": { "type": "Point", "coordinates": [ -73.928223079720993, 40.867620490642508 ] } },
{ "type": "Feature", "properties": { "Height": 87.9842529296875, "Radius": 46.21535822963223, "height_m": 26.82, "crown_diameter_m": 28.17, "site_id": 2852 }, "geometry": { "type": "Point", "coordinates": [ -73.929256937209416, 40.867605737946256 ] } },
{ "type": "Feature", "properties": { "Height": 86.689002990722699, "Radius": 24.644172999690468, "height_m": 26.42, "crown_diameter_m": 15.02, "site_id": 2853 }, "geometry": { "type": "Point", "coordinates": [ -73.928327477476969, 40.867680720818008 ] } },
{ "type": "Feature", "properties": { "Height": 97.231498718261705, "Radius": 43.132837922778862, "height_m": 29.64, "crown_diameter_m": 26.29, "site_id": 2854 }, "geometry": { "type": "Point", "coordinates": [ -73.927981845215811, 40.867632034086412 ] } },
{ "type": "Feature", "properties": { "Height": 66.594749450683594, "Radius": 24.798683434954437, "height_m": 20.3, "crown_diameter_m": 15.12, "site_id": 2855 }, "geometry": { "type": "Point", "coordinates": [ -73.9289200001501, 40.867654096068271 ] } },
{ "type": "Feature", "properties": { "Height": 82.095748901367202, "Radius": 16.027354059554529, "height_m": 25.02, "crown_diameter_m": 9.77, "site_id": 2856 }, "geometry": { "type": "Point", "coordinates": [ -73.928700985405953, 40.867679052178474 ] } },
{ "type": "Feature", "properties": { "Height": 93.130996704101605, "Radius": 40.881365649987686, "height_m": 28.39, "crown_diameter_m": 24.92, "site_id": 2857 }, "geometry": { "type": "Point", "coordinates": [ -73.927689578101862, 40.867699050309447 ] } },
{ "type": "Feature", "properties": { "Height": 66.264747619628906, "Radius": 15.604712843580296, "height_m": 20.2, "crown_diameter_m": 9.51, "site_id": 2858 }, "geometry": { "type": "Point", "coordinates": [ -73.928795257047611, 40.867693894620849 ] } },
{ "type": "Feature", "properties": { "Height": 64.2657470703125, "Radius": 14.777028859756632, "height_m": 19.59, "crown_diameter_m": 9.01, "site_id": 2859 }, "geometry": { "type": "Point", "coordinates": [ -73.928185889947684, 40.867687531434349 ] } },
{ "type": "Feature", "properties": { "Height": 73.820999145507798, "Radius": 26.234815634970666, "height_m": 22.5, "crown_diameter_m": 15.99, "site_id": 2860 }, "geometry": { "type": "Point", "coordinates": [ -73.928516053228222, 40.867709884873001 ] } },
{ "type": "Feature", "properties": { "Height": 80.105499267578097, "Radius": 14.996197337620233, "height_m": 24.42, "crown_diameter_m": 9.14, "site_id": 2861 }, "geometry": { "type": "Point", "coordinates": [ -73.928616363895301, 40.867755601771641 ] } },
{ "type": "Feature", "properties": { "Height": 65.0677490234375, "Radius": 21.880083839428522, "height_m": 19.83, "crown_diameter_m": 13.34, "site_id": 2862 }, "geometry": { "type": "Point", "coordinates": [ -73.928862525146755, 40.86775725850822 ] } },
{ "type": "Feature", "properties": { "Height": 45.366748809814503, "Radius": 11.269678104867614, "height_m": 13.83, "crown_diameter_m": 6.87, "site_id": 2863 }, "geometry": { "type": "Point", "coordinates": [ -73.928265586716634, 40.867758377464561 ] } },
{ "type": "Feature", "properties": { "Height": 78.175498962402301, "Radius": 39.524490432116878, "height_m": 23.83, "crown_diameter_m": 24.09, "site_id": 2864 }, "geometry": { "type": "Point", "coordinates": [ -73.929193051048657, 40.867772685471202 ] } },
{ "type": "Feature", "properties": { "Height": 90.858749389648395, "Radius": 47.736573768859422, "height_m": 27.69, "crown_diameter_m": 29.1, "site_id": 2865 }, "geometry": { "type": "Point", "coordinates": [ -73.928024368164699, 40.867825962049146 ] } },
{ "type": "Feature", "properties": { "Height": 80.110496520996094, "Radius": 19.314740138231286, "height_m": 24.42, "crown_diameter_m": 11.77, "site_id": 2866 }, "geometry": { "type": "Point", "coordinates": [ -73.927809484653864, 40.867769517525971 ] } },
{ "type": "Feature", "properties": { "Height": 71.041496276855497, "Radius": 18.203312652298376, "height_m": 21.65, "crown_diameter_m": 11.1, "site_id": 2867 }, "geometry": { "type": "Point", "coordinates": [ -73.928426601312651, 40.867758822336867 ] } },
{ "type": "Feature", "properties": { "Height": 73.379501342773395, "Radius": 13.110581167104948, "height_m": 22.37, "crown_diameter_m": 7.99, "site_id": 2868 }, "geometry": { "type": "Point", "coordinates": [ -73.928687119345327, 40.867754790956958 ] } },
{ "type": "Feature", "properties": { "Height": 46.243000030517599, "Radius": 17.914685114307954, "height_m": 14.09, "crown_diameter_m": 10.92, "site_id": 2869 }, "geometry": { "type": "Point", "coordinates": [ -73.929570513157913, 40.867783264896445 ] } },
{ "type": "Feature", "properties": { "Height": 63.301750183105497, "Radius": 30.098337762724842, "height_m": 19.29, "crown_diameter_m": 18.35, "site_id": 2870 }, "geometry": { "type": "Point", "coordinates": [ -73.928732980697831, 40.86783520775775 ] } },
{ "type": "Feature", "properties": { "Height": 76.237503051757798, "Radius": 39.438829328937913, "height_m": 23.24, "crown_diameter_m": 24.04, "site_id": 2871 }, "geometry": { "type": "Point", "coordinates": [ -73.927360290871107, 40.86786862441663 ] } },
{ "type": "Feature", "properties": { "Height": 49.673500061035199, "Radius": 15.579194081053757, "height_m": 15.14, "crown_diameter_m": 9.5, "site_id": 2872 }, "geometry": { "type": "Point", "coordinates": [ -73.929000761130126, 40.867811007397087 ] } },
{ "type": "Feature", "properties": { "Height": 78.101249694824205, "Radius": 32.592632107070692, "height_m": 23.81, "crown_diameter_m": 19.87, "site_id": 2873 }, "geometry": { "type": "Point", "coordinates": [ -73.927561069647581, 40.867823348871923 ] } },
{ "type": "Feature", "properties": { "Height": 56.413749694824197, "Radius": 9.1496174819681357, "height_m": 17.19, "crown_diameter_m": 5.58, "site_id": 2874 }, "geometry": { "type": "Point", "coordinates": [ -73.929104230988898, 40.867839067222363 ] } },
{ "type": "Feature", "properties": { "Height": 80.053001403808594, "Radius": 23.568002702620237, "height_m": 24.4, "crown_diameter_m": 14.37, "site_id": 2875 }, "geometry": { "type": "Point", "coordinates": [ -73.928215135280411, 40.867884640592834 ] } },
{ "type": "Feature", "properties": { "Height": 59.556751251220703, "Radius": 21.756075031018273, "height_m": 18.15, "crown_diameter_m": 13.26, "site_id": 2876 }, "geometry": { "type": "Point", "coordinates": [ -73.928360358761324, 40.867830651969982 ] } },
{ "type": "Feature", "properties": { "Height": 48.067249298095703, "Radius": 14.739284152238774, "height_m": 14.65, "crown_diameter_m": 8.99, "site_id": 2877 }, "geometry": { "type": "Point", "coordinates": [ -73.927792201415969, 40.867862620892105 ] } },
{ "type": "Feature", "properties": { "Height": 60.672500610351598, "Radius": 14.372999552399639, "height_m": 18.49, "crown_diameter_m": 8.76, "site_id": 2878 }, "geometry": { "type": "Point", "coordinates": [ -73.929074763203232, 40.867888112264062 ] } },
{ "type": "Feature", "properties": { "Height": 59.341251373291001, "Radius": 24.346921479845541, "height_m": 18.09, "crown_diameter_m": 14.84, "site_id": 2879 }, "geometry": { "type": "Point", "coordinates": [ -73.929428845400793, 40.867867824320278 ] } },
{ "type": "Feature", "properties": { "Height": 59.316249847412102, "Radius": 32.014962650482758, "height_m": 18.08, "crown_diameter_m": 19.52, "site_id": 2880 }, "geometry": { "type": "Point", "coordinates": [ -73.928483950362661, 40.867917895983219 ] } },
{ "type": "Feature", "properties": { "Height": 65.339500427246094, "Radius": 14.755472278097805, "height_m": 19.92, "crown_diameter_m": 8.99, "site_id": 2881 }, "geometry": { "type": "Point", "coordinates": [ -73.928288752776794, 40.867921606421362 ] } },
{ "type": "Feature", "properties": { "Height": 65.060997009277301, "Radius": 34.122977063267889, "height_m": 19.83, "crown_diameter_m": 20.8, "site_id": 2882 }, "geometry": { "type": "Point", "coordinates": [ -73.929677842749626, 40.867870001534428 ] } },
{ "type": "Feature", "properties": { "Height": 62.631999969482401, "Radius": 26.093387027121036, "height_m": 19.09, "crown_diameter_m": 15.91, "site_id": 2883 }, "geometry": { "type": "Point", "coordinates": [ -73.929262938370087, 40.867895501924018 ] } },
{ "type": "Feature", "properties": { "Height": 52.825248718261697, "Radius": 14.852230510107461, "height_m": 16.1, "crown_diameter_m": 9.05, "site_id": 2884 }, "geometry": { "type": "Point", "coordinates": [ -73.929500856535611, 40.867922418168789 ] } },
{ "type": "Feature", "properties": { "Height": 84.172500610351605, "Radius": 17.140595816588139, "height_m": 25.66, "crown_diameter_m": 10.45, "site_id": 2885 }, "geometry": { "type": "Point", "coordinates": [ -73.927514753226802, 40.867948428344896 ] } },
{ "type": "Feature", "properties": { "Height": 53.579750061035199, "Radius": 15.481839176803071, "height_m": 16.33, "crown_diameter_m": 9.44, "site_id": 2886 }, "geometry": { "type": "Point", "coordinates": [ -73.928986010713871, 40.867905405601036 ] } },
{ "type": "Feature", "properties": { "Height": 62.128501892089801, "Radius": 12.008096370418468, "height_m": 18.94, "crown_diameter_m": 7.32, "site_id": 2887 }, "geometry": { "type": "Point", "coordinates": [ -73.929100715392067, 40.867940019798944 ] } },
{ "type": "Feature", "properties": { "Height": 74.879997253417997, "Radius": 33.721833704465006, "height_m": 22.82, "crown_diameter_m": 20.56, "site_id": 2888 }, "geometry": { "type": "Point", "coordinates": [ -73.92767135605574, 40.867969170325281 ] } },
{ "type": "Feature", "properties": { "Height": 70.315002441406307, "Radius": 20.194913757502945, "height_m": 21.43, "crown_diameter_m": 12.31, "site_id": 2889 }, "geometry": { "type": "Point", "coordinates": [ -73.928898693002097, 40.867920932994195 ] } },
{ "type": "Feature", "properties": { "Height": 52.926498413085902, "Radius": 20.03667497239265, "height_m": 16.13, "crown_diameter_m": 12.21, "site_id": 2890 }, "geometry": { "type": "Point", "coordinates": [ -73.928611177833304, 40.86796552779473 ] } },
{ "type": "Feature", "properties": { "Height": 63.262748718261697, "Radius": 17.288521716057144, "height_m": 19.28, "crown_diameter_m": 10.54, "site_id": 2891 }, "geometry": { "type": "Point", "coordinates": [ -73.927957431777031, 40.867967316882869 ] } },
{ "type": "Feature", "properties": { "Height": 55.102249145507798, "Radius": 20.318659463172676, "height_m": 16.8, "crown_diameter_m": 12.39, "site_id": 2892 }, "geometry": { "type": "Point", "coordinates": [ -73.928101707847915, 40.867981369853538 ] } },
{ "type": "Feature", "properties": { "Height": 56.956249237060497, "Radius": 14.036873567421146, "height_m": 17.36, "crown_diameter_m": 8.56, "site_id": 2893 }, "geometry": { "type": "Point", "coordinates": [ -73.929020116359908, 40.867978856970602 ] } },
{ "type": "Feature", "properties": { "Height": 64.512001037597699, "Radius": 13.049742875180646, "height_m": 19.66, "crown_diameter_m": 7.96, "site_id": 2894 }, "geometry": { "type": "Point", "coordinates": [ -73.929300709815379, 40.867996731044421 ] } },
{ "type": "Feature", "properties": { "Height": 83.457252502441406, "Radius": 24.650630270337032, "height_m": 25.44, "crown_diameter_m": 15.03, "site_id": 2895 }, "geometry": { "type": "Point", "coordinates": [ -73.927443150695893, 40.868028517871352 ] } },
{ "type": "Feature", "properties": { "Height": 67.115501403808594, "Radius": 14.205930727710992, "height_m": 20.46, "crown_diameter_m": 8.66, "site_id": 2896 }, "geometry": { "type": "Point", "coordinates": [ -73.927932665092811, 40.868016471725497 ] } },
{ "type": "Feature", "properties": { "Height": 68.636749267578097, "Radius": 15.080862497825462, "height_m": 20.92, "crown_diameter_m": 9.19, "site_id": 2897 }, "geometry": { "type": "Point", "coordinates": [ -73.928302216501962, 40.867978539207762 ] } },
{ "type": "Feature", "properties": { "Height": 79.235748291015597, "Radius": 27.697054458966129, "height_m": 24.15, "crown_diameter_m": 16.88, "site_id": 2898 }, "geometry": { "type": "Point", "coordinates": [ -73.929219415620736, 40.86803231266083 ] } },
{ "type": "Feature", "properties": { "Height": 84.597999572753906, "Radius": 42.336780334608882, "height_m": 25.79, "crown_diameter_m": 25.81, "site_id": 2899 }, "geometry": { "type": "Point", "coordinates": [ -73.929461838722588, 40.86805099137257 ] } },
{ "type": "Feature", "properties": { "Height": 87.170501708984403, "Radius": 41.028066681375947, "height_m": 26.57, "crown_diameter_m": 25.01, "site_id": 2900 }, "geometry": { "type": "Point", "coordinates": [ -73.92875068336555, 40.868008133313147 ] } },
{ "type": "Feature", "properties": { "Height": 68.400001525878906, "Radius": 34.006173211723066, "height_m": 20.85, "crown_diameter_m": 20.73, "site_id": 2901 }, "geometry": { "type": "Point", "coordinates": [ -73.929755459867309, 40.867992188452376 ] } },
{ "type": "Feature", "properties": { "Height": 69.076499938964801, "Radius": 18.238251864201825, "height_m": 21.05, "crown_diameter_m": 11.12, "site_id": 2902 }, "geometry": { "type": "Point", "coordinates": [ -73.928026766048703, 40.868051207393016 ] } },
{ "type": "Feature", "properties": { "Height": 76.544502258300795, "Radius": 26.093387027121036, "height_m": 23.33, "crown_diameter_m": 15.91, "site_id": 2903 }, "geometry": { "type": "Point", "coordinates": [ -73.929092637815231, 40.868055262133375 ] } },
{ "type": "Feature", "properties": { "Height": 62.652999877929702, "Radius": 20.443602435953338, "height_m": 19.1, "crown_diameter_m": 12.46, "site_id": 2904 }, "geometry": { "type": "Point", "coordinates": [ -73.929926317653099, 40.868059545364268 ] } },
{ "type": "Feature", "properties": { "Height": 77.740753173828097, "Radius": 23.769729657196955, "height_m": 23.7, "crown_diameter_m": 14.49, "site_id": 2905 }, "geometry": { "type": "Point", "coordinates": [ -73.928910051176871, 40.868072701223269 ] } },
{ "type": "Feature", "properties": { "Height": 75.335746765136705, "Radius": 31.700225719736242, "height_m": 22.96, "crown_diameter_m": 19.32, "site_id": 2906 }, "geometry": { "type": "Point", "coordinates": [ -73.927814959991309, 40.868055977350963 ] } },
{ "type": "Feature", "properties": { "Height": 56.6744995117188, "Radius": 12.914889870235298, "height_m": 17.27, "crown_diameter_m": 7.87, "site_id": 2907 }, "geometry": { "type": "Point", "coordinates": [ -73.929999248335747, 40.868078440468537 ] } },
{ "type": "Feature", "properties": { "Height": 75.020751953125, "Radius": 22.322950674602232, "height_m": 22.87, "crown_diameter_m": 13.61, "site_id": 2908 }, "geometry": { "type": "Point", "coordinates": [ -73.928196101805042, 40.868040301708199 ] } },
{ "type": "Feature", "properties": { "Height": 64.068000793457003, "Radius": 20.951117704013964, "height_m": 19.53, "crown_diameter_m": 12.77, "site_id": 2909 }, "geometry": { "type": "Point", "coordinates": [ -73.929790934448548, 40.868111378067596 ] } },
{ "type": "Feature", "properties": { "Height": 60.885501861572301, "Radius": 21.528102431092233, "height_m": 18.56, "crown_diameter_m": 13.12, "site_id": 2910 }, "geometry": { "type": "Point", "coordinates": [ -73.927961152629635, 40.868139481017472 ] } },
{ "type": "Feature", "properties": { "Height": 99.279998779296903, "Radius": 29.704461020214922, "height_m": 30.26, "crown_diameter_m": 18.11, "site_id": 2911 }, "geometry": { "type": "Point", "coordinates": [ -73.928409294537474, 40.868049783952088 ] } },
{ "type": "Feature", "properties": { "Height": 67.688751220703097, "Radius": 19.248706645328987, "height_m": 20.63, "crown_diameter_m": 11.73, "site_id": 2912 }, "geometry": { "type": "Point", "coordinates": [ -73.929659469691799, 40.868116656814365 ] } },
{ "type": "Feature", "properties": { "Height": 79.335746765136705, "Radius": 23.662355964639019, "height_m": 24.18, "crown_diameter_m": 14.42, "site_id": 2913 }, "geometry": { "type": "Point", "coordinates": [ -73.927761753755746, 40.868145597650312 ] } },
{ "type": "Feature", "properties": { "Height": 85.811500549316406, "Radius": 38.142303742734462, "height_m": 26.16, "crown_diameter_m": 23.25, "site_id": 2914 }, "geometry": { "type": "Point", "coordinates": [ -73.927231740040213, 40.868082817510711 ] } },
{ "type": "Feature", "properties": { "Height": 89.600502014160199, "Radius": 45.274236736586957, "height_m": 27.31, "crown_diameter_m": 27.6, "site_id": 2915 }, "geometry": { "type": "Point", "coordinates": [ -73.928579196061648, 40.868182443032772 ] } },
{ "type": "Feature", "properties": { "Height": 68.075500488281307, "Radius": 13.54055000514615, "height_m": 20.75, "crown_diameter_m": 8.25, "site_id": 2916 }, "geometry": { "type": "Point", "coordinates": [ -73.928997547470132, 40.868120073095128 ] } },
{ "type": "Feature", "properties": { "Height": 83.894248962402301, "Radius": 31.050936302319485, "height_m": 25.57, "crown_diameter_m": 18.93, "site_id": 2917 }, "geometry": { "type": "Point", "coordinates": [ -73.928288718918139, 40.86816639806127 ] } },
{ "type": "Feature", "properties": { "Height": 92.783500671386705, "Radius": 32.108038617731729, "height_m": 28.28, "crown_diameter_m": 19.57, "site_id": 2918 }, "geometry": { "type": "Point", "coordinates": [ -73.927510209936457, 40.868192288748212 ] } },
{ "type": "Feature", "properties": { "Height": 93.827499389648395, "Radius": 22.111625566165472, "height_m": 28.6, "crown_diameter_m": 13.48, "site_id": 2919 }, "geometry": { "type": "Point", "coordinates": [ -73.927620810392938, 40.868140496306843 ] } },
{ "type": "Feature", "properties": { "Height": 59.032501220703097, "Radius": 29.102285643287896, "height_m": 17.99, "crown_diameter_m": 17.74, "site_id": 2920 }, "geometry": { "type": "Point", "coordinates": [ -73.929881817301975, 40.868187580486442 ] } },
{ "type": "Feature", "properties": { "Height": 69.503997802734403, "Radius": 20.42802635564556, "height_m": 21.18, "crown_diameter_m": 12.45, "site_id": 2921 }, "geometry": { "type": "Point", "coordinates": [ -73.928098877175003, 40.86813641250351 ] } },
{ "type": "Feature", "properties": { "Height": 80.066001892089801, "Radius": 18.616119052654398, "height_m": 24.4, "crown_diameter_m": 11.35, "site_id": 2922 }, "geometry": { "type": "Point", "coordinates": [ -73.926970411652576, 40.868122478347239 ] } },
{ "type": "Feature", "properties": { "Height": 62.653499603271499, "Radius": 23.642169108157916, "height_m": 19.1, "crown_diameter_m": 14.41, "site_id": 2923 }, "geometry": { "type": "Point", "coordinates": [ -73.929505762220899, 40.868202591238855 ] } },
{ "type": "Feature", "properties": { "Height": 39.097751617431598, "Radius": 18.299234963936271, "height_m": 11.92, "crown_diameter_m": 11.16, "site_id": 2924 }, "geometry": { "type": "Point", "coordinates": [ -73.93004369891564, 40.86817445956153 ] } },
{ "type": "Feature", "properties": { "Height": 76.495750427246094, "Radius": 23.028336248678393, "height_m": 23.32, "crown_diameter_m": 14.04, "site_id": 2925 }, "geometry": { "type": "Point", "coordinates": [ -73.927356244148015, 40.868197083379677 ] } },
{ "type": "Feature", "properties": { "Height": 65.625747680664105, "Radius": 16.047202183642064, "height_m": 20.0, "crown_diameter_m": 9.78, "site_id": 2926 }, "geometry": { "type": "Point", "coordinates": [ -73.928887866353463, 40.868158455537717 ] } },
{ "type": "Feature", "properties": { "Height": 73.508750915527301, "Radius": 20.208700699792736, "height_m": 22.41, "crown_diameter_m": 12.32, "site_id": 2927 }, "geometry": { "type": "Point", "coordinates": [ -73.929295183694208, 40.868180420229677 ] } },
{ "type": "Feature", "properties": { "Height": 89.954750061035199, "Radius": 18.463745234996065, "height_m": 27.42, "crown_diameter_m": 11.26, "site_id": 2928 }, "geometry": { "type": "Point", "coordinates": [ -73.927077410872528, 40.868150927631618 ] } },
{ "type": "Feature", "properties": { "Height": 50.581748962402301, "Radius": 12.666024736934256, "height_m": 15.42, "crown_diameter_m": 7.72, "site_id": 2929 }, "geometry": { "type": "Point", "coordinates": [ -73.93012511113605, 40.868170797973683 ] } },
{ "type": "Feature", "properties": { "Height": 90.456497192382798, "Radius": 21.550269695346056, "height_m": 27.57, "crown_diameter_m": 13.14, "site_id": 2930 }, "geometry": { "type": "Point", "coordinates": [ -73.926932044066362, 40.868204222070872 ] } },
{ "type": "Feature", "properties": { "Height": 91.360252380371094, "Radius": 28.428661611490689, "height_m": 27.85, "crown_diameter_m": 17.33, "site_id": 2931 }, "geometry": { "type": "Point", "coordinates": [ -73.927133319284408, 40.868215876507406 ] } },
{ "type": "Feature", "properties": { "Height": 78.759498596191406, "Radius": 27.11633893217439, "height_m": 24.01, "crown_diameter_m": 16.53, "site_id": 2932 }, "geometry": { "type": "Point", "coordinates": [ -73.929148829738338, 40.868185434432149 ] } },
{ "type": "Feature", "properties": { "Height": 72.077751159667997, "Radius": 11.141851534268367, "height_m": 21.97, "crown_diameter_m": 6.79, "site_id": 2933 }, "geometry": { "type": "Point", "coordinates": [ -73.928026100533231, 40.868210170318314 ] } },
{ "type": "Feature", "properties": { "Height": 48.873249053955099, "Radius": 20.287303488528025, "height_m": 14.9, "crown_diameter_m": 12.37, "site_id": 2934 }, "geometry": { "type": "Point", "coordinates": [ -73.930166884956066, 40.868222502329807 ] } },
{ "type": "Feature", "properties": { "Height": 71.333251953125, "Radius": 14.990889888387418, "height_m": 21.74, "crown_diameter_m": 9.14, "site_id": 2935 }, "geometry": { "type": "Point", "coordinates": [ -73.928218743611268, 40.868234185694376 ] } },
{ "type": "Feature", "properties": { "Height": 71.541000366210895, "Radius": 29.06671662577881, "height_m": 21.81, "crown_diameter_m": 17.72, "site_id": 2936 }, "geometry": { "type": "Point", "coordinates": [ -73.927735614860509, 40.86826638549676 ] } },
{ "type": "Feature", "properties": { "Height": 82.656501770019503, "Radius": 37.906864862517672, "height_m": 25.19, "crown_diameter_m": 23.11, "site_id": 2937 }, "geometry": { "type": "Point", "coordinates": [ -73.928923739882521, 40.868259270282785 ] } },
{ "type": "Feature", "properties": { "Height": 52.320751190185497, "Radius": 31.655007845624887, "height_m": 15.95, "crown_diameter_m": 19.3, "site_id": 2938 }, "geometry": { "type": "Point", "coordinates": [ -73.929680748201918, 40.868247615302849 ] } },
{ "type": "Feature", "properties": { "Height": 79.402000427246094, "Radius": 26.939683377854365, "height_m": 24.2, "crown_diameter_m": 16.42, "site_id": 2939 }, "geometry": { "type": "Point", "coordinates": [ -73.929055002103198, 40.86833296604096 ] } },
{ "type": "Feature", "properties": { "Height": 81.712249755859403, "Radius": 28.928129749038142, "height_m": 24.91, "crown_diameter_m": 17.63, "site_id": 2940 }, "geometry": { "type": "Point", "coordinates": [ -73.926841258329446, 40.868314503276792 ] } },
{ "type": "Feature", "properties": { "Height": 80.706001281738295, "Radius": 19.706294962377495, "height_m": 24.6, "crown_diameter_m": 12.01, "site_id": 2941 }, "geometry": { "type": "Point", "coordinates": [ -73.928121748708705, 40.868241541744304 ] } },
{ "type": "Feature", "properties": { "Height": 77.975997924804702, "Radius": 31.240008179248324, "height_m": 23.77, "crown_diameter_m": 19.04, "site_id": 2942 }, "geometry": { "type": "Point", "coordinates": [ -73.927975422306886, 40.868291000815574 ] } },
{ "type": "Feature", "properties": { "Height": 69.009750366210895, "Radius": 19.633473257897354, "height_m": 21.03, "crown_diameter_m": 11.97, "site_id": 2943 }, "geometry": { "type": "Point", "coordinates": [ -73.928377901025669, 40.868317906707865 ] } },
{ "type": "Feature", "properties": { "Height": 33.1952514648438, "Radius": 19.442041812609382, "height_m": 10.12, "crown_diameter_m": 11.85, "site_id": 2944 }, "geometry": { "type": "Point", "coordinates": [ -73.929758247765463, 40.868341139572344 ] } },
{ "type": "Feature", "properties": { "Height": 68.679000854492202, "Radius": 17.362012044001403, "height_m": 20.93, "crown_diameter_m": 10.58, "site_id": 2945 }, "geometry": { "type": "Point", "coordinates": [ -73.928672154790348, 40.86828950744939 ] } },
{ "type": "Feature", "properties": { "Height": 75.885246276855497, "Radius": 25.879026267050612, "height_m": 23.13, "crown_diameter_m": 15.78, "site_id": 2946 }, "geometry": { "type": "Point", "coordinates": [ -73.928497977397541, 40.868323719992077 ] } },
{ "type": "Feature", "properties": { "Height": 65.106498718261705, "Radius": 13.493452297211721, "height_m": 19.84, "crown_diameter_m": 8.23, "site_id": 2947 }, "geometry": { "type": "Point", "coordinates": [ -73.927190492320619, 40.868300313637391 ] } },
{ "type": "Feature", "properties": { "Height": 70.989753723144503, "Radius": 29.473168804788614, "height_m": 21.64, "crown_diameter_m": 17.97, "site_id": 2948 }, "geometry": { "type": "Point", "coordinates": [ -73.92821978952712, 40.868338880806363 ] } },
{ "type": "Feature", "properties": { "Height": 66.959999084472699, "Radius": 18.159544104586082, "height_m": 20.41, "crown_diameter_m": 11.07, "site_id": 2949 }, "geometry": { "type": "Point", "coordinates": [ -73.927074926438777, 40.868312562052111 ] } },
{ "type": "Feature", "properties": { "Height": 71.042999267578097, "Radius": 27.425649692437503, "height_m": 21.65, "crown_diameter_m": 16.72, "site_id": 2950 }, "geometry": { "type": "Point", "coordinates": [ -73.929467338310616, 40.868336977457794 ] } },
{ "type": "Feature", "properties": { "Height": 77.666748046875, "Radius": 32.1216670810336, "height_m": 23.67, "crown_diameter_m": 19.58, "site_id": 2951 }, "geometry": { "type": "Point", "coordinates": [ -73.927316851205234, 40.868323062209846 ] } },
{ "type": "Feature", "properties": { "Height": 46.563751220703097, "Radius": 25.766545075113221, "height_m": 14.19, "crown_diameter_m": 15.71, "site_id": 2952 }, "geometry": { "type": "Point", "coordinates": [ -73.930020819710236, 40.868293558780152 ] } },
{ "type": "Feature", "properties": { "Height": 54.938751220703097, "Radius": 21.845505186675087, "height_m": 16.75, "crown_diameter_m": 13.32, "site_id": 2953 }, "geometry": { "type": "Point", "coordinates": [ -73.929608968576645, 40.868371658029552 ] } },
{ "type": "Feature", "properties": { "Height": 83.982749938964801, "Radius": 10.969099187147178, "height_m": 25.6, "crown_diameter_m": 6.69, "site_id": 2954 }, "geometry": { "type": "Point", "coordinates": [ -73.926750078186032, 40.868318430996823 ] } },
{ "type": "Feature", "properties": { "Height": 66.036750793457003, "Radius": 24.851574530964832, "height_m": 20.13, "crown_diameter_m": 15.15, "site_id": 2955 }, "geometry": { "type": "Point", "coordinates": [ -73.927563218458516, 40.868385790313425 ] } },
{ "type": "Feature", "properties": { "Height": 75.65625, "Radius": 23.588253030889469, "height_m": 23.06, "crown_diameter_m": 14.38, "site_id": 2956 }, "geometry": { "type": "Point", "coordinates": [ -73.929191224793371, 40.868337012765203 ] } },
{ "type": "Feature", "properties": { "Height": 80.971748352050795, "Radius": 28.119063947445618, "height_m": 24.68, "crown_diameter_m": 17.14, "site_id": 2957 }, "geometry": { "type": "Point", "coordinates": [ -73.929347679851162, 40.868269313546257 ] } },
{ "type": "Feature", "properties": { "Height": 61.3810005187988, "Radius": 23.159278015941847, "height_m": 18.71, "crown_diameter_m": 14.12, "site_id": 2958 }, "geometry": { "type": "Point", "coordinates": [ -73.928737778250181, 40.868347194603274 ] } },
{ "type": "Feature", "properties": { "Height": 59.995498657226598, "Radius": 10.186708148166206, "height_m": 18.29, "crown_diameter_m": 6.21, "site_id": 2959 }, "geometry": { "type": "Point", "coordinates": [ -73.927002809950835, 40.868356449514337 ] } },
{ "type": "Feature", "properties": { "Height": 71.314498901367202, "Radius": 35.98450523483212, "height_m": 21.74, "crown_diameter_m": 21.94, "site_id": 2960 }, "geometry": { "type": "Point", "coordinates": [ -73.927835441606774, 40.868397591596178 ] } },
{ "type": "Feature", "properties": { "Height": 76.843498229980497, "Radius": 20.026743534373637, "height_m": 23.42, "crown_diameter_m": 12.21, "site_id": 2961 }, "geometry": { "type": "Point", "coordinates": [ -73.927079221949953, 40.868399965335257 ] } },
{ "type": "Feature", "properties": { "Height": 84.948753356933594, "Radius": 27.466241647804381, "height_m": 25.89, "crown_diameter_m": 16.74, "site_id": 2962 }, "geometry": { "type": "Point", "coordinates": [ -73.930236796199125, 40.868369908750815 ] } },
{ "type": "Feature", "properties": { "Height": 49.215999603271499, "Radius": 20.81775468294386, "height_m": 15.0, "crown_diameter_m": 12.69, "site_id": 2963 }, "geometry": { "type": "Point", "coordinates": [ -73.93000894578357, 40.868391559005481 ] } },
{ "type": "Feature", "properties": { "Height": 63.643001556396499, "Radius": 15.347615963921077, "height_m": 19.4, "crown_diameter_m": 9.36, "site_id": 2964 }, "geometry": { "type": "Point", "coordinates": [ -73.929342536292566, 40.868400067710851 ] } },
{ "type": "Feature", "properties": { "Height": 75.169998168945298, "Radius": 21.682797372420811, "height_m": 22.91, "crown_diameter_m": 13.22, "site_id": 2965 }, "geometry": { "type": "Point", "coordinates": [ -73.926924722878468, 40.86837468181885 ] } },
{ "type": "Feature", "properties": { "Height": 68.909751892089801, "Radius": 25.15551736167189, "height_m": 21.0, "crown_diameter_m": 15.33, "site_id": 2966 }, "geometry": { "type": "Point", "coordinates": [ -73.929180514502434, 40.868426098777832 ] } },
{ "type": "Feature", "properties": { "Height": 72.443000793457003, "Radius": 17.19621714984844, "height_m": 22.08, "crown_diameter_m": 10.48, "site_id": 2967 }, "geometry": { "type": "Point", "coordinates": [ -73.927166599539859, 40.868436868531909 ] } },
{ "type": "Feature", "properties": { "Height": 83.445251464843807, "Radius": 19.851136972363392, "height_m": 25.43, "crown_diameter_m": 12.1, "site_id": 2968 }, "geometry": { "type": "Point", "coordinates": [ -73.928378147376364, 40.868422888576418 ] } },
{ "type": "Feature", "properties": { "Height": 68.867752075195298, "Radius": 28.665606066913284, "height_m": 20.99, "crown_diameter_m": 17.47, "site_id": 2969 }, "geometry": { "type": "Point", "coordinates": [ -73.926466815838239, 40.868477938164176 ] } },
{ "type": "Feature", "properties": { "Height": 83.362503051757798, "Radius": 23.164431584529009, "height_m": 25.41, "crown_diameter_m": 14.12, "site_id": 2970 }, "geometry": { "type": "Point", "coordinates": [ -73.928555024140195, 40.868416996465925 ] } },
{ "type": "Feature", "properties": { "Height": 66.203750610351605, "Radius": 17.38033607236688, "height_m": 20.18, "crown_diameter_m": 10.6, "site_id": 2971 }, "geometry": { "type": "Point", "coordinates": [ -73.926584270733372, 40.868454801045843 ] } },
{ "type": "Feature", "properties": { "Height": 72.034248352050795, "Radius": 23.309975884065832, "height_m": 21.96, "crown_diameter_m": 14.21, "site_id": 2972 }, "geometry": { "type": "Point", "coordinates": [ -73.927008272320819, 40.868480854632871 ] } },
{ "type": "Feature", "properties": { "Height": 62.060749053955099, "Radius": 21.836396440423002, "height_m": 18.92, "crown_diameter_m": 13.31, "site_id": 2973 }, "geometry": { "type": "Point", "coordinates": [ -73.927682170999887, 40.868431365735645 ] } },
{ "type": "Feature", "properties": { "Height": 87.814498901367202, "Radius": 25.338331445316321, "height_m": 26.77, "crown_diameter_m": 15.45, "site_id": 2974 }, "geometry": { "type": "Point", "coordinates": [ -73.930119286462471, 40.868444330602742 ] } },
{ "type": "Feature", "properties": { "Height": 37.162998199462898, "Radius": 13.306384715231015, "height_m": 11.33, "crown_diameter_m": 8.11, "site_id": 2975 }, "geometry": { "type": "Point", "coordinates": [ -73.929562446520748, 40.868478013415746 ] } },
{ "type": "Feature", "properties": { "Height": 57.978500366210902, "Radius": 19.199032480852509, "height_m": 17.67, "crown_diameter_m": 11.7, "site_id": 2976 }, "geometry": { "type": "Point", "coordinates": [ -73.930416429845664, 40.86844975731826 ] } },
{ "type": "Feature", "properties": { "Height": 81.886001586914105, "Radius": 50.502846855589922, "height_m": 24.96, "crown_diameter_m": 30.79, "site_id": 2977 }, "geometry": { "type": "Point", "coordinates": [ -73.927344582784229, 40.86850191500006 ] } },
{ "type": "Feature", "properties": { "Height": 79.375, "Radius": 23.200474511026496, "height_m": 24.19, "crown_diameter_m": 14.14, "site_id": 2978 }, "geometry": { "type": "Point", "coordinates": [ -73.928409152907932, 40.868515189933682 ] } },
{ "type": "Feature", "properties": { "Height": 76.094497680664105, "Radius": 16.888032982579009, "height_m": 23.19, "crown_diameter_m": 10.29, "site_id": 2979 }, "geometry": { "type": "Point", "coordinates": [ -73.926901497711256, 40.868509842222267 ] } },
{ "type": "Feature", "properties": { "Height": 84.602500915527301, "Radius": 32.761882366734397, "height_m": 25.79, "crown_diameter_m": 19.97, "site_id": 2980 }, "geometry": { "type": "Point", "coordinates": [ -73.928713875511548, 40.868504839262073 ] } },
{ "type": "Feature", "properties": { "Height": 62.099998474121101, "Radius": 34.88065312556509, "height_m": 18.93, "crown_diameter_m": 21.26, "site_id": 2981 }, "geometry": { "type": "Point", "coordinates": [ -73.929403281540033, 40.868504684985737 ] } },
{ "type": "Feature", "properties": { "Height": 72.596748352050795, "Radius": 12.067591844650872, "height_m": 22.13, "crown_diameter_m": 7.36, "site_id": 2982 }, "geometry": { "type": "Point", "coordinates": [ -73.929990090253881, 40.86847669600899 ] } },
{ "type": "Feature", "properties": { "Height": 71.179496765136705, "Radius": 19.024151507780051, "height_m": 21.7, "crown_diameter_m": 11.6, "site_id": 2983 }, "geometry": { "type": "Point", "coordinates": [ -73.928271946117192, 40.868464235200783 ] } },
{ "type": "Feature", "properties": { "Height": 62.463001251220703, "Radius": 20.145597655178491, "height_m": 19.04, "crown_diameter_m": 12.28, "site_id": 2984 }, "geometry": { "type": "Point", "coordinates": [ -73.929070678701834, 40.868481234895853 ] } },
{ "type": "Feature", "properties": { "Height": 76.741249084472699, "Radius": 28.248944841582372, "height_m": 23.39, "crown_diameter_m": 17.22, "site_id": 2985 }, "geometry": { "type": "Point", "coordinates": [ -73.930230182725026, 40.868519466074538 ] } },
{ "type": "Feature", "properties": { "Height": 88.736503601074205, "Radius": 52.46659790492825, "height_m": 27.05, "crown_diameter_m": 31.98, "site_id": 2986 }, "geometry": { "type": "Point", "coordinates": [ -73.92812882951138, 40.86857270640666 ] } },
{ "type": "Feature", "properties": { "Height": 79.514747619628906, "Radius": 30.33666854532456, "height_m": 24.24, "crown_diameter_m": 18.49, "site_id": 2987 }, "geometry": { "type": "Point", "coordinates": [ -73.928883226293365, 40.868448692009267 ] } },
{ "type": "Feature", "properties": { "Height": 82.190498352050795, "Radius": 27.954440981375502, "height_m": 25.05, "crown_diameter_m": 17.04, "site_id": 2988 }, "geometry": { "type": "Point", "coordinates": [ -73.926689953931472, 40.868486199852448 ] } },
{ "type": "Feature", "properties": { "Height": 71.350753784179702, "Radius": 19.281751659604673, "height_m": 21.75, "crown_diameter_m": 11.75, "site_id": 2989 }, "geometry": { "type": "Point", "coordinates": [ -73.93044702347656, 40.868530302893802 ] } },
{ "type": "Feature", "properties": { "Height": 76.575248718261705, "Radius": 34.022549891319947, "height_m": 23.34, "crown_diameter_m": 20.74, "site_id": 2990 }, "geometry": { "type": "Point", "coordinates": [ -73.930581599324, 40.868545402287189 ] } },
{ "type": "Feature", "properties": { "Height": 86.341003417968807, "Radius": 25.526071711452577, "height_m": 26.32, "crown_diameter_m": 15.56, "site_id": 2991 }, "geometry": { "type": "Point", "coordinates": [ -73.927946053199861, 40.868508571252633 ] } },
{ "type": "Feature", "properties": { "Height": 68.894752502441406, "Radius": 21.930942479148218, "height_m": 21.0, "crown_diameter_m": 13.37, "site_id": 2992 }, "geometry": { "type": "Point", "coordinates": [ -73.926809756613906, 40.868489704964816 ] } },
{ "type": "Feature", "properties": { "Height": 84.104751586914105, "Radius": 27.891743614073043, "height_m": 25.64, "crown_diameter_m": 17.0, "site_id": 2993 }, "geometry": { "type": "Point", "coordinates": [ -73.928571239105054, 40.868565514255494 ] } },
{ "type": "Feature", "properties": { "Height": 80.594749450683594, "Radius": 18.971792319185905, "height_m": 24.57, "crown_diameter_m": 11.57, "site_id": 2994 }, "geometry": { "type": "Point", "coordinates": [ -73.930022254439805, 40.868526323459179 ] } },
{ "type": "Feature", "properties": { "Height": 53.802249908447301, "Radius": 24.72637688557537, "height_m": 16.4, "crown_diameter_m": 15.07, "site_id": 2995 }, "geometry": { "type": "Point", "coordinates": [ -73.926378842982487, 40.868542929797208 ] } },
{ "type": "Feature", "properties": { "Height": 72.693496704101605, "Radius": 22.525229379008827, "height_m": 22.16, "crown_diameter_m": 13.73, "site_id": 2996 }, "geometry": { "type": "Point", "coordinates": [ -73.927602877583084, 40.868538999195366 ] } },
{ "type": "Feature", "properties": { "Height": 80.820747375488295, "Radius": 20.74883420974723, "height_m": 24.63, "crown_diameter_m": 12.65, "site_id": 2997 }, "geometry": { "type": "Point", "coordinates": [ -73.928872715890478, 40.868566754050768 ] } },
{ "type": "Feature", "properties": { "Height": 77.9217529296875, "Radius": 13.195283541573993, "height_m": 23.75, "crown_diameter_m": 8.04, "site_id": 2998 }, "geometry": { "type": "Point", "coordinates": [ -73.927876078480963, 40.868569694155305 ] } },
{ "type": "Feature", "properties": { "Height": 88.951499938964801, "Radius": 22.910543474939018, "height_m": 27.11, "crown_diameter_m": 13.97, "site_id": 2999 }, "geometry": { "type": "Point", "coordinates": [ -73.928301084030394, 40.868600900718754 ] } },
{ "type": "Feature", "properties": { "Height": 73.368499755859403, "Radius": 23.021423945881615, "height_m": 22.36, "crown_diameter_m": 14.03, "site_id": 3000 }, "geometry": { "type": "Point", "coordinates": [ -73.929098668153728, 40.868567347852789 ] } },
{ "type": "Feature", "properties": { "Height": 60.486000061035199, "Radius": 24.121991458915023, "height_m": 18.44, "crown_diameter_m": 14.7, "site_id": 3001 }, "geometry": { "type": "Point", "coordinates": [ -73.929242326994256, 40.868556468076655 ] } },
{ "type": "Feature", "properties": { "Height": 45.024250030517599, "Radius": 24.17142519774843, "height_m": 13.72, "crown_diameter_m": 14.73, "site_id": 3002 }, "geometry": { "type": "Point", "coordinates": [ -73.929566382506536, 40.868558530342746 ] } },
{ "type": "Feature", "properties": { "Height": 63.125999450683601, "Radius": 21.550269695346056, "height_m": 19.24, "crown_diameter_m": 13.14, "site_id": 3003 }, "geometry": { "type": "Point", "coordinates": [ -73.927751233145557, 40.86856277323907 ] } },
{ "type": "Feature", "properties": { "Height": 68.040748596191406, "Radius": 17.205469890442554, "height_m": 20.74, "crown_diameter_m": 10.49, "site_id": 3004 }, "geometry": { "type": "Point", "coordinates": [ -73.929021723534433, 40.86864022485107 ] } },
{ "type": "Feature", "properties": { "Height": 69.497253417968807, "Radius": 21.222829428473098, "height_m": 21.18, "crown_diameter_m": 12.94, "site_id": 3005 }, "geometry": { "type": "Point", "coordinates": [ -73.930379215496345, 40.868580463364154 ] } },
{ "type": "Feature", "properties": { "Height": 74.460746765136705, "Radius": 16.545286401814263, "height_m": 22.7, "crown_diameter_m": 10.09, "site_id": 3006 }, "geometry": { "type": "Point", "coordinates": [ -73.928472074874648, 40.868600886171706 ] } },
{ "type": "Feature", "properties": { "Height": 81.232498168945298, "Radius": 18.900351048849835, "height_m": 24.76, "crown_diameter_m": 11.52, "site_id": 3007 }, "geometry": { "type": "Point", "coordinates": [ -73.929973282020626, 40.868587802552668 ] } },
{ "type": "Feature", "properties": { "Height": 66.356750488281307, "Radius": 27.964402601915669, "height_m": 20.23, "crown_diameter_m": 17.05, "site_id": 3008 }, "geometry": { "type": "Point", "coordinates": [ -73.926266641588541, 40.86860460198924 ] } },
{ "type": "Feature", "properties": { "Height": 66.503997802734403, "Radius": 13.738914167683992, "height_m": 20.27, "crown_diameter_m": 8.38, "site_id": 3009 }, "geometry": { "type": "Point", "coordinates": [ -73.928928129270034, 40.868610717650284 ] } },
{ "type": "Feature", "properties": { "Height": 73.999000549316406, "Radius": 13.54055000514615, "height_m": 22.55, "crown_diameter_m": 8.25, "site_id": 3010 }, "geometry": { "type": "Point", "coordinates": [ -73.927832249921693, 40.868621276480077 ] } },
{ "type": "Feature", "properties": { "Height": 53.6727485656738, "Radius": 21.042078121745792, "height_m": 16.36, "crown_diameter_m": 12.83, "site_id": 3011 }, "geometry": { "type": "Point", "coordinates": [ -73.9265531025993, 40.868602249800183 ] } },
{ "type": "Feature", "properties": { "Height": 71.713249206542997, "Radius": 22.411894172470603, "height_m": 21.86, "crown_diameter_m": 13.66, "site_id": 3012 }, "geometry": { "type": "Point", "coordinates": [ -73.926992831225675, 40.868596584720869 ] } },
{ "type": "Feature", "properties": { "Height": 76.178749084472699, "Radius": 22.01062576965338, "height_m": 23.22, "crown_diameter_m": 13.42, "site_id": 3013 }, "geometry": { "type": "Point", "coordinates": [ -73.930278021207613, 40.868638648595201 ] } },
{ "type": "Feature", "properties": { "Height": 56.9679985046387, "Radius": 16.812470934731934, "height_m": 17.36, "crown_diameter_m": 10.25, "site_id": 3014 }, "geometry": { "type": "Point", "coordinates": [ -73.927957990147064, 40.868637716036105 ] } },
{ "type": "Feature", "properties": { "Height": 65.816749572753906, "Radius": 30.374680329243262, "height_m": 20.06, "crown_diameter_m": 18.52, "site_id": 3015 }, "geometry": { "type": "Point", "coordinates": [ -73.927153313750907, 40.868647109928062 ] } },
{ "type": "Feature", "properties": { "Height": 28.622499465942401, "Radius": 10.641369367232938, "height_m": 8.72, "crown_diameter_m": 6.49, "site_id": 3016 }, "geometry": { "type": "Point", "coordinates": [ -73.929403578228332, 40.868627465944101 ] } },
{ "type": "Feature", "properties": { "Height": 68.191253662109403, "Radius": 22.945251180756113, "height_m": 20.78, "crown_diameter_m": 13.99, "site_id": 3017 }, "geometry": { "type": "Point", "coordinates": [ -73.929124096526323, 40.868670255149333 ] } },
{ "type": "Feature", "properties": { "Height": 82.597503662109403, "Radius": 17.08479340321492, "height_m": 25.18, "crown_diameter_m": 10.41, "site_id": 3018 }, "geometry": { "type": "Point", "coordinates": [ -73.927616266794558, 40.868619281689426 ] } },
{ "type": "Feature", "properties": { "Height": 78.2552490234375, "Radius": 17.765254069425197, "height_m": 23.85, "crown_diameter_m": 10.83, "site_id": 3019 }, "geometry": { "type": "Point", "coordinates": [ -73.926062075360093, 40.868648966958595 ] } },
{ "type": "Feature", "properties": { "Height": 79.597747802734403, "Radius": 55.95156593534788, "height_m": 24.26, "crown_diameter_m": 34.11, "site_id": 3020 }, "geometry": { "type": "Point", "coordinates": [ -73.92677585606549, 40.868712426623595 ] } },
{ "type": "Feature", "properties": { "Height": 78.962997436523395, "Radius": 29.598452396186833, "height_m": 24.07, "crown_diameter_m": 18.04, "site_id": 3021 }, "geometry": { "type": "Point", "coordinates": [ -73.928398743088039, 40.868697686484488 ] } },
{ "type": "Feature", "properties": { "Height": 67.978248596191406, "Radius": 19.413369239820483, "height_m": 20.72, "crown_diameter_m": 11.83, "site_id": 3022 }, "geometry": { "type": "Point", "coordinates": [ -73.928706242155457, 40.868650941591035 ] } },
{ "type": "Feature", "properties": { "Height": 69.570999145507798, "Radius": 25.45739437315213, "height_m": 21.21, "crown_diameter_m": 15.52, "site_id": 3023 }, "geometry": { "type": "Point", "coordinates": [ -73.93040396175094, 40.868689842680546 ] } },
{ "type": "Feature", "properties": { "Height": 59.541000366210902, "Radius": 14.701442538703267, "height_m": 18.15, "crown_diameter_m": 8.96, "site_id": 3024 }, "geometry": { "type": "Point", "coordinates": [ -73.926551325013563, 40.868675851039924 ] } },
{ "type": "Feature", "properties": { "Height": 76.756752014160199, "Radius": 41.580045055377937, "height_m": 23.4, "crown_diameter_m": 25.35, "site_id": 3025 }, "geometry": { "type": "Point", "coordinates": [ -73.930031280992537, 40.868675657925039 ] } },
{ "type": "Feature", "properties": { "Height": 76.263748168945298, "Radius": 32.019933532067014, "height_m": 23.25, "crown_diameter_m": 19.52, "site_id": 3026 }, "geometry": { "type": "Point", "coordinates": [ -73.929297691192474, 40.868710502741621 ] } },
{ "type": "Feature", "properties": { "Height": 71.453498840332003, "Radius": 25.343041902016097, "height_m": 21.78, "crown_diameter_m": 15.45, "site_id": 3027 }, "geometry": { "type": "Point", "coordinates": [ -73.928920648522535, 40.868691051069646 ] } },
{ "type": "Feature", "properties": { "Height": 58.547500610351598, "Radius": 37.790174706708846, "height_m": 17.85, "crown_diameter_m": 23.04, "site_id": 3028 }, "geometry": { "type": "Point", "coordinates": [ -73.929727345979572, 40.868637253777486 ] } },
{ "type": "Feature", "properties": { "Height": 49.1484985351563, "Radius": 15.987583888930306, "height_m": 14.98, "crown_diameter_m": 9.75, "site_id": 3029 }, "geometry": { "type": "Point", "coordinates": [ -73.930593447512265, 40.868701988242051 ] } },
{ "type": "Feature", "properties": { "Height": 87.049247741699205, "Radius": 32.664579263907051, "height_m": 26.53, "crown_diameter_m": 19.91, "site_id": 3030 }, "geometry": { "type": "Point", "coordinates": [ -73.927610566497179, 40.868687320864687 ] } },
{ "type": "Feature", "properties": { "Height": 57.061500549316399, "Radius": 14.53814859003845, "height_m": 17.39, "crown_diameter_m": 8.86, "site_id": 3031 }, "geometry": { "type": "Point", "coordinates": [ -73.926009430071474, 40.868704175514274 ] } },
{ "type": "Feature", "properties": { "Height": 71.392997741699205, "Radius": 13.911592676604098, "height_m": 21.76, "crown_diameter_m": 8.48, "site_id": 3032 }, "geometry": { "type": "Point", "coordinates": [ -73.926176347338753, 40.868684193412818 ] } },
{ "type": "Feature", "properties": { "Height": 66.920753479003906, "Radius": 13.911592676604098, "height_m": 20.4, "crown_diameter_m": 8.48, "site_id": 3033 }, "geometry": { "type": "Point", "coordinates": [ -73.928568377399671, 40.868688602128181 ] } },
{ "type": "Feature", "properties": { "Height": 60.923000335693402, "Radius": 23.418965260973238, "height_m": 18.57, "crown_diameter_m": 14.28, "site_id": 3034 }, "geometry": { "type": "Point", "coordinates": [ -73.927904497356423, 40.868698167573406 ] } },
{ "type": "Feature", "properties": { "Height": 59.609249114990199, "Radius": 19.04923279949934, "height_m": 18.17, "crown_diameter_m": 11.61, "site_id": 3035 }, "geometry": { "type": "Point", "coordinates": [ -73.927050290137345, 40.86872116859702 ] } },
{ "type": "Feature", "properties": { "Height": 72.172500610351605, "Radius": 30.372060354223997, "height_m": 22.0, "crown_diameter_m": 18.51, "site_id": 3036 }, "geometry": { "type": "Point", "coordinates": [ -73.926348801332225, 40.86871708771735 ] } },
{ "type": "Feature", "properties": { "Height": 55.034751892089801, "Radius": 21.845505186675087, "height_m": 16.77, "crown_diameter_m": 13.32, "site_id": 3037 }, "geometry": { "type": "Point", "coordinates": [ -73.93065014819328, 40.86876510608802 ] } },
{ "type": "Feature", "properties": { "Height": 75.287498474121094, "Radius": 33.900705657354337, "height_m": 22.95, "crown_diameter_m": 20.67, "site_id": 3038 }, "geometry": { "type": "Point", "coordinates": [ -73.927427373787907, 40.868723382942285 ] } },
{ "type": "Feature", "properties": { "Height": 62.736251831054702, "Radius": 19.69013563619756, "height_m": 19.12, "crown_diameter_m": 12.0, "site_id": 3039 }, "geometry": { "type": "Point", "coordinates": [ -73.927761352744398, 40.868727669019002 ] } },
{ "type": "Feature", "properties": { "Height": 50.477249145507798, "Radius": 28.049642799415199, "height_m": 15.39, "crown_diameter_m": 17.1, "site_id": 3040 }, "geometry": { "type": "Point", "coordinates": [ -73.929516791958079, 40.868696913327156 ] } },
{ "type": "Feature", "properties": { "Height": 62.826000213622997, "Radius": 16.146076823319174, "height_m": 19.15, "crown_diameter_m": 9.84, "site_id": 3041 }, "geometry": { "type": "Point", "coordinates": [ -73.928562705694375, 40.868747490597492 ] } },
{ "type": "Feature", "properties": { "Height": 75.760246276855497, "Radius": 27.163253048448134, "height_m": 23.09, "crown_diameter_m": 16.56, "site_id": 3042 }, "geometry": { "type": "Point", "coordinates": [ -73.926105717779322, 40.868759739755681 ] } },
{ "type": "Feature", "properties": { "Height": 62.168498992919901, "Radius": 14.395128895068906, "height_m": 18.95, "crown_diameter_m": 8.78, "site_id": 3043 }, "geometry": { "type": "Point", "coordinates": [ -73.926537224705967, 40.868734661106153 ] } },
{ "type": "Feature", "properties": { "Height": 75.000747680664105, "Radius": 36.624552698681441, "height_m": 22.86, "crown_diameter_m": 22.33, "site_id": 3044 }, "geometry": { "type": "Point", "coordinates": [ -73.928766210815027, 40.86877773235814 ] } },
{ "type": "Feature", "properties": { "Height": 69.561500549316406, "Radius": 22.240808508901171, "height_m": 21.2, "crown_diameter_m": 13.56, "site_id": 3045 }, "geometry": { "type": "Point", "coordinates": [ -73.930230502620745, 40.868758384008679 ] } },
{ "type": "Feature", "properties": { "Height": 78.584503173828097, "Radius": 15.708906367535066, "height_m": 23.95, "crown_diameter_m": 9.58, "site_id": 3046 }, "geometry": { "type": "Point", "coordinates": [ -73.92578603790686, 40.868743360014506 ] } },
{ "type": "Feature", "properties": { "Height": 55.652999877929702, "Radius": 16.972638186102081, "height_m": 16.96, "crown_diameter_m": 10.35, "site_id": 3047 }, "geometry": { "type": "Point", "coordinates": [ -73.930456603262613, 40.868756109885048 ] } },
{ "type": "Feature", "properties": { "Height": 55.834251403808601, "Radius": 18.652418223889448, "height_m": 17.02, "crown_diameter_m": 11.37, "site_id": 3048 }, "geometry": { "type": "Point", "coordinates": [ -73.927281583343174, 40.868764002267461 ] } },
{ "type": "Feature", "properties": { "Height": 73.139251708984403, "Radius": 28.158656333067857, "height_m": 22.29, "crown_diameter_m": 17.17, "site_id": 3049 }, "geometry": { "type": "Point", "coordinates": [ -73.92913351233436, 40.868790837308765 ] } },
{ "type": "Feature", "properties": { "Height": 40.719749450683601, "Radius": 10.341765891652821, "height_m": 12.41, "crown_diameter_m": 6.3, "site_id": 3050 }, "geometry": { "type": "Point", "coordinates": [ -73.930540989604296, 40.868771021480747 ] } },
{ "type": "Feature", "properties": { "Height": 60.490749359130902, "Radius": 25.94045295272489, "height_m": 18.44, "crown_diameter_m": 15.81, "site_id": 3051 }, "geometry": { "type": "Point", "coordinates": [ -73.925889436022331, 40.868766696905219 ] } },
{ "type": "Feature", "properties": { "Height": 80.159248352050795, "Radius": 22.750206041590999, "height_m": 24.43, "crown_diameter_m": 13.87, "site_id": 3052 }, "geometry": { "type": "Point", "coordinates": [ -73.929973953592508, 40.868778006946613 ] } },
{ "type": "Feature", "properties": { "Height": 69.193000793457003, "Radius": 20.169284433089949, "height_m": 21.09, "crown_diameter_m": 12.3, "site_id": 3053 }, "geometry": { "type": "Point", "coordinates": [ -73.928609541351776, 40.868809232794916 ] } },
{ "type": "Feature", "properties": { "Height": 49.277999877929702, "Radius": 14.070847494245605, "height_m": 15.02, "crown_diameter_m": 8.58, "site_id": 3054 }, "geometry": { "type": "Point", "coordinates": [ -73.929018203151756, 40.868807735250158 ] } },
{ "type": "Feature", "properties": { "Height": 59.121498107910199, "Radius": 13.528790949515024, "height_m": 18.02, "crown_diameter_m": 8.25, "site_id": 3055 }, "geometry": { "type": "Point", "coordinates": [ -73.92707906831312, 40.868782375014582 ] } },
{ "type": "Feature", "properties": { "Height": 74.321746826171903, "Radius": 24.501682500241269, "height_m": 22.65, "crown_diameter_m": 14.94, "site_id": 3056 }, "geometry": { "type": "Point", "coordinates": [ -73.927979512546173, 40.868765075725797 ] } },
{ "type": "Feature", "properties": { "Height": 67.419998168945298, "Radius": 24.624791028151311, "height_m": 20.55, "crown_diameter_m": 15.01, "site_id": 3057 }, "geometry": { "type": "Point", "coordinates": [ -73.926420717657919, 40.868813031173822 ] } },
{ "type": "Feature", "properties": { "Height": 55.333751678466797, "Radius": 17.08479340321492, "height_m": 16.87, "crown_diameter_m": 10.41, "site_id": 3058 }, "geometry": { "type": "Point", "coordinates": [ -73.927692896009347, 40.868818226141897 ] } },
{ "type": "Feature", "properties": { "Height": 27.9309997558594, "Radius": 13.357121366747201, "height_m": 8.51, "crown_diameter_m": 8.14, "site_id": 3059 }, "geometry": { "type": "Point", "coordinates": [ -73.928166976744123, 40.868810182807501 ] } },
{ "type": "Feature", "properties": { "Height": 67.068748474121094, "Radius": 26.026206750102993, "height_m": 20.44, "crown_diameter_m": 15.87, "site_id": 3060 }, "geometry": { "type": "Point", "coordinates": [ -73.928425674020758, 40.868812111219178 ] } },
{ "type": "Feature", "properties": { "Height": 63.810501098632798, "Radius": 14.798554040663838, "height_m": 19.45, "crown_diameter_m": 9.02, "site_id": 3061 }, "geometry": { "type": "Point", "coordinates": [ -73.930579376607056, 40.868832636225385 ] } },
{ "type": "Feature", "properties": { "Height": 64.663497924804702, "Radius": 23.296316359960496, "height_m": 19.71, "crown_diameter_m": 14.2, "site_id": 3062 }, "geometry": { "type": "Point", "coordinates": [ -73.93028632013197, 40.868871597500998 ] } },
{ "type": "Feature", "properties": { "Height": 56.197498321533203, "Radius": 12.603040633343667, "height_m": 17.13, "crown_diameter_m": 7.68, "site_id": 3063 }, "geometry": { "type": "Point", "coordinates": [ -73.92778366057378, 40.86880323220803 ] } },
{ "type": "Feature", "properties": { "Height": 60.493251800537102, "Radius": 18.115669809738975, "height_m": 18.44, "crown_diameter_m": 11.04, "site_id": 3064 }, "geometry": { "type": "Point", "coordinates": [ -73.926552231467298, 40.868829262526553 ] } },
{ "type": "Feature", "properties": { "Height": 77.774497985839801, "Radius": 19.421565722870849, "height_m": 23.71, "crown_diameter_m": 11.84, "site_id": 3065 }, "geometry": { "type": "Point", "coordinates": [ -73.928905908090698, 40.868833516456135 ] } },
{ "type": "Feature", "properties": { "Height": 80.685752868652301, "Radius": 27.03404332832925, "height_m": 24.59, "crown_diameter_m": 16.48, "site_id": 3066 }, "geometry": { "type": "Point", "coordinates": [ -73.926043169264844, 40.868862418465042 ] } },
{ "type": "Feature", "properties": { "Height": 68.164001464843807, "Radius": 17.028808129561895, "height_m": 20.78, "crown_diameter_m": 10.38, "site_id": 3067 }, "geometry": { "type": "Point", "coordinates": [ -73.928035371408328, 40.868824487919298 ] } },
{ "type": "Feature", "properties": { "Height": 68.326751708984403, "Radius": 23.581504853657716, "height_m": 20.83, "crown_diameter_m": 14.38, "site_id": 3068 }, "geometry": { "type": "Point", "coordinates": [ -73.929825917962759, 40.868800567015249 ] } },
{ "type": "Feature", "properties": { "Height": 61.800251007080099, "Radius": 19.786893642157743, "height_m": 18.84, "crown_diameter_m": 12.06, "site_id": 3069 }, "geometry": { "type": "Point", "coordinates": [ -73.926973285165943, 40.868826270890992 ] } },
{ "type": "Feature", "properties": { "Height": 66.879997253417997, "Radius": 17.056823736322794, "height_m": 20.39, "crown_diameter_m": 10.4, "site_id": 3070 }, "geometry": { "type": "Point", "coordinates": [ -73.930183743589836, 40.868867431956254 ] } },
{ "type": "Feature", "properties": { "Height": 49.401500701904297, "Radius": 11.041407809169618, "height_m": 15.06, "crown_diameter_m": 6.73, "site_id": 3071 }, "geometry": { "type": "Point", "coordinates": [ -73.926825060917139, 40.868855359138138 ] } },
{ "type": "Feature", "properties": { "Height": 48.497501373291001, "Radius": 12.501606061472312, "height_m": 14.78, "crown_diameter_m": 7.62, "site_id": 3072 }, "geometry": { "type": "Point", "coordinates": [ -73.927385227863724, 40.868835945468092 ] } },
{ "type": "Feature", "properties": { "Height": 74.060249328613295, "Radius": 12.514330345744634, "height_m": 22.57, "crown_diameter_m": 7.63, "site_id": 3073 }, "geometry": { "type": "Point", "coordinates": [ -73.925941637123188, 40.868867614904133 ] } },
{ "type": "Feature", "properties": { "Height": 28.198499679565401, "Radius": 10.778826859036359, "height_m": 8.59, "crown_diameter_m": 6.57, "site_id": 3074 }, "geometry": { "type": "Point", "coordinates": [ -73.928122305821702, 40.868855377547476 ] } },
{ "type": "Feature", "properties": { "Height": 65.672996520996094, "Radius": 25.638055990451534, "height_m": 20.02, "crown_diameter_m": 15.63, "site_id": 3075 }, "geometry": { "type": "Point", "coordinates": [ -73.930415259889216, 40.868838911036249 ] } },
{ "type": "Feature", "properties": { "Height": 65.663002014160199, "Radius": 29.933966152305487, "height_m": 20.01, "crown_diameter_m": 18.25, "site_id": 3076 }, "geometry": { "type": "Point", "coordinates": [ -73.929388553971634, 40.868828191055442 ] } },
{ "type": "Feature", "properties": { "Height": 66.680747985839801, "Radius": 22.433188138482972, "height_m": 20.32, "crown_diameter_m": 13.68, "site_id": 3077 }, "geometry": { "type": "Point", "coordinates": [ -73.927081122992391, 40.868876354946231 ] } },
{ "type": "Feature", "properties": { "Height": 73.634002685546903, "Radius": 18.532575838029373, "height_m": 22.44, "crown_diameter_m": 11.3, "site_id": 3078 }, "geometry": { "type": "Point", "coordinates": [ -73.927288156414434, 40.868871194315822 ] } },
{ "type": "Feature", "properties": { "Height": 62.559501647949197, "Radius": 16.774562271083887, "height_m": 19.07, "crown_diameter_m": 10.23, "site_id": 3079 }, "geometry": { "type": "Point", "coordinates": [ -73.928611396119464, 40.868878187985381 ] } },
{ "type": "Feature", "properties": { "Height": 76.581253051757798, "Radius": 19.190740952726287, "height_m": 23.34, "crown_diameter_m": 11.7, "site_id": 3080 }, "geometry": { "type": "Point", "coordinates": [ -73.927891194137757, 40.868843448657877 ] } },
{ "type": "Feature", "properties": { "Height": 54.465999603271499, "Radius": 23.388363333222877, "height_m": 16.6, "crown_diameter_m": 14.26, "site_id": 3081 }, "geometry": { "type": "Point", "coordinates": [ -73.928259848300101, 40.868866304127138 ] } },
{ "type": "Feature", "properties": { "Height": 66.893501281738295, "Radius": 28.994075419150569, "height_m": 20.39, "crown_diameter_m": 17.67, "site_id": 3082 }, "geometry": { "type": "Point", "coordinates": [ -73.927498321577545, 40.868868073988736 ] } },
{ "type": "Feature", "properties": { "Height": 66.986000061035199, "Radius": 30.351092412232713, "height_m": 20.42, "crown_diameter_m": 18.5, "site_id": 3083 }, "geometry": { "type": "Point", "coordinates": [ -73.926212540784505, 40.868880236810547 ] } },
{ "type": "Feature", "properties": { "Height": 62.621250152587898, "Radius": 15.817445133157866, "height_m": 19.09, "crown_diameter_m": 9.64, "site_id": 3084 }, "geometry": { "type": "Point", "coordinates": [ -73.926380056282198, 40.868889189309613 ] } },
{ "type": "Feature", "properties": { "Height": 80.010002136230497, "Radius": 19.979003910967972, "height_m": 24.39, "crown_diameter_m": 12.18, "site_id": 3085 }, "geometry": { "type": "Point", "coordinates": [ -73.927189556575868, 40.868846168787677 ] } },
{ "type": "Feature", "properties": { "Height": 59.582248687744098, "Radius": 21.483699284957805, "height_m": 18.16, "crown_diameter_m": 13.1, "site_id": 3086 }, "geometry": { "type": "Point", "coordinates": [ -73.929177068029603, 40.868886574321138 ] } },
{ "type": "Feature", "properties": { "Height": 61.453250885009801, "Radius": 14.194722891072566, "height_m": 18.73, "crown_diameter_m": 8.65, "site_id": 3087 }, "geometry": { "type": "Point", "coordinates": [ -73.929741083637936, 40.868852747355646 ] } },
{ "type": "Feature", "properties": { "Height": 64.458999633789105, "Radius": 22.061183467235296, "height_m": 19.65, "crown_diameter_m": 13.45, "site_id": 3088 }, "geometry": { "type": "Point", "coordinates": [ -73.926851222698275, 40.868896644235193 ] } },
{ "type": "Feature", "properties": { "Height": 52.765251159667997, "Radius": 12.263825717199389, "height_m": 16.08, "crown_diameter_m": 7.48, "site_id": 3089 }, "geometry": { "type": "Point", "coordinates": [ -73.92734590681026, 40.868899088218505 ] } },
{ "type": "Feature", "properties": { "Height": 64.622497558593807, "Radius": 21.71763508885882, "height_m": 19.7, "crown_diameter_m": 13.24, "site_id": 3090 }, "geometry": { "type": "Point", "coordinates": [ -73.92663094153734, 40.868904932062399 ] } },
{ "type": "Feature", "properties": { "Height": 43.888748168945298, "Radius": 9.1496174819681357, "height_m": 13.38, "crown_diameter_m": 5.58, "site_id": 3091 }, "geometry": { "type": "Point", "coordinates": [ -73.928107982160896, 40.868911366431838 ] } },
{ "type": "Feature", "properties": { "Height": 67.115997314453097, "Radius": 36.813100119760207, "height_m": 20.46, "crown_diameter_m": 22.44, "site_id": 3092 }, "geometry": { "type": "Point", "coordinates": [ -73.930503103226428, 40.868954600263578 ] } },
{ "type": "Feature", "properties": { "Height": 60.7369995117188, "Radius": 14.570953780881622, "height_m": 18.51, "crown_diameter_m": 8.88, "site_id": 3093 }, "geometry": { "type": "Point", "coordinates": [ -73.927596460323272, 40.868902721588725 ] } },
{ "type": "Feature", "properties": { "Height": 51.114250183105497, "Radius": 15.022706457370044, "height_m": 15.58, "crown_diameter_m": 9.16, "site_id": 3094 }, "geometry": { "type": "Point", "coordinates": [ -73.928516461099861, 40.868910635064822 ] } },
{ "type": "Feature", "properties": { "Height": 60.537750244140597, "Radius": 18.940307329321033, "height_m": 18.45, "crown_diameter_m": 11.55, "site_id": 3095 }, "geometry": { "type": "Point", "coordinates": [ -73.92838290657609, 40.868920627824075 ] } },
{ "type": "Feature", "properties": { "Height": 59.436500549316399, "Radius": 39.802365552021229, "height_m": 18.12, "crown_diameter_m": 24.26, "site_id": 3096 }, "geometry": { "type": "Point", "coordinates": [ -73.929613858386077, 40.868843238100574 ] } },
{ "type": "Feature", "properties": { "Height": 94.549003601074205, "Radius": 31.765426790814832, "height_m": 28.82, "crown_diameter_m": 19.36, "site_id": 3097 }, "geometry": { "type": "Point", "coordinates": [ -73.92584791879635, 40.868916258565811 ] } },
{ "type": "Feature", "properties": { "Height": 72.647499084472699, "Radius": 15.726626515715482, "height_m": 22.14, "crown_diameter_m": 9.59, "site_id": 3098 }, "geometry": { "type": "Point", "coordinates": [ -73.927196632838928, 40.868936767846925 ] } },
{ "type": "Feature", "properties": { "Height": 68.304000854492202, "Radius": 24.772998618704769, "height_m": 20.82, "crown_diameter_m": 15.1, "site_id": 3099 }, "geometry": { "type": "Point", "coordinates": [ -73.927992536053679, 40.868920631618892 ] } },
{ "type": "Feature", "properties": { "Height": 74.504501342773395, "Radius": 25.532305945691693, "height_m": 22.71, "crown_diameter_m": 15.56, "site_id": 3100 }, "geometry": { "type": "Point", "coordinates": [ -73.928975338046712, 40.86892085711461 ] } },
{ "type": "Feature", "properties": { "Height": 86.852752685546903, "Radius": 22.574634610116039, "height_m": 26.47, "crown_diameter_m": 13.76, "site_id": 3101 }, "geometry": { "type": "Point", "coordinates": [ -73.929904943587317, 40.868894346942852 ] } },
{ "type": "Feature", "properties": { "Height": 49.909999847412102, "Radius": 19.380548642824149, "height_m": 15.21, "crown_diameter_m": 11.81, "site_id": 3102 }, "geometry": { "type": "Point", "coordinates": [ -73.929149882070092, 40.868961279305793 ] } },
{ "type": "Feature", "properties": { "Height": 66.922996520996094, "Radius": 18.973889460884589, "height_m": 20.4, "crown_diameter_m": 11.57, "site_id": 3103 }, "geometry": { "type": "Point", "coordinates": [ -73.928628843728433, 40.868973731652346 ] } },
{ "type": "Feature", "properties": { "Height": 46.4297485351563, "Radius": 15.767054928221077, "height_m": 14.15, "crown_diameter_m": 9.61, "site_id": 3104 }, "geometry": { "type": "Point", "coordinates": [ -73.929501810068984, 40.86894973266314 ] } },
{ "type": "Feature", "properties": { "Height": 67.454498291015597, "Radius": 14.56002692986536, "height_m": 20.56, "crown_diameter_m": 8.88, "site_id": 3105 }, "geometry": { "type": "Point", "coordinates": [ -73.929767037048592, 40.86893691745022 ] } },
{ "type": "Feature", "properties": { "Height": 64.815002441406307, "Radius": 28.950128329973271, "height_m": 19.76, "crown_diameter_m": 17.65, "site_id": 3106 }, "geometry": { "type": "Point", "coordinates": [ -73.926938850668321, 40.868973894167887 ] } },
{ "type": "Feature", "properties": { "Height": 75.674499511718807, "Radius": 26.986904594423443, "height_m": 23.07, "crown_diameter_m": 16.45, "site_id": 3107 }, "geometry": { "type": "Point", "coordinates": [ -73.92935677999921, 40.868953110849588 ] } },
{ "type": "Feature", "properties": { "Height": 77.972999572753906, "Radius": 27.977205187901475, "height_m": 23.77, "crown_diameter_m": 17.05, "site_id": 3108 }, "geometry": { "type": "Point", "coordinates": [ -73.927798064260614, 40.868928321842297 ] } },
{ "type": "Feature", "properties": { "Height": 86.189498901367202, "Radius": 37.364517403575626, "height_m": 26.27, "crown_diameter_m": 22.78, "site_id": 3109 }, "geometry": { "type": "Point", "coordinates": [ -73.930088129078911, 40.868930884652329 ] } },
{ "type": "Feature", "properties": { "Height": 69.215751647949205, "Radius": 17.787636910694122, "height_m": 21.1, "crown_diameter_m": 10.84, "site_id": 3110 }, "geometry": { "type": "Point", "coordinates": [ -73.92714601705535, 40.868985163297772 ] } },
{ "type": "Feature", "properties": { "Height": 63.0702514648438, "Radius": 15.907745268142609, "height_m": 19.22, "crown_diameter_m": 9.7, "site_id": 3111 }, "geometry": { "type": "Point", "coordinates": [ -73.92768618657847, 40.868922004193024 ] } },
{ "type": "Feature", "properties": { "Height": 62.696998596191399, "Radius": 25.673725807040249, "height_m": 19.11, "crown_diameter_m": 15.65, "site_id": 3112 }, "geometry": { "type": "Point", "coordinates": [ -73.926481910174601, 40.86895669366789 ] } },
{ "type": "Feature", "properties": { "Height": 75.713996887207003, "Radius": 21.026945377521798, "height_m": 23.08, "crown_diameter_m": 12.82, "site_id": 3113 }, "geometry": { "type": "Point", "coordinates": [ -73.926041479321583, 40.868992157133547 ] } },
{ "type": "Feature", "properties": { "Height": 47.391250610351598, "Radius": 17.981192031986794, "height_m": 14.44, "crown_diameter_m": 10.96, "site_id": 3114 }, "geometry": { "type": "Point", "coordinates": [ -73.928511317534145, 40.868973625583699 ] } },
{ "type": "Feature", "properties": { "Height": 59.131748199462898, "Radius": 26.240881488377731, "height_m": 18.02, "crown_diameter_m": 16.0, "site_id": 3115 }, "geometry": { "type": "Point", "coordinates": [ -73.927381447694515, 40.868995329638011 ] } },
{ "type": "Feature", "properties": { "Height": 75.539749145507798, "Radius": 29.174657421389824, "height_m": 23.02, "crown_diameter_m": 17.78, "site_id": 3116 }, "geometry": { "type": "Point", "coordinates": [ -73.928796908137045, 40.868944720869905 ] } },
{ "type": "Feature", "properties": { "Height": 52.2135009765625, "Radius": 10.171072362820547, "height_m": 15.91, "crown_diameter_m": 6.2, "site_id": 3117 }, "geometry": { "type": "Point", "coordinates": [ -73.928347714914324, 40.868987770747616 ] } },
{ "type": "Feature", "properties": { "Height": 68.263748168945298, "Radius": 24.663539739810748, "height_m": 20.81, "crown_diameter_m": 15.03, "site_id": 3118 }, "geometry": { "type": "Point", "coordinates": [ -73.926306645215973, 40.86898598643841 ] } },
{ "type": "Feature", "properties": { "Height": 51.082748413085902, "Radius": 12.890219570974683, "height_m": 15.57, "crown_diameter_m": 7.86, "site_id": 3119 }, "geometry": { "type": "Point", "coordinates": [ -73.930298018190214, 40.868981811808347 ] } },
{ "type": "Feature", "properties": { "Height": 82.221252441406307, "Radius": 29.297143343585422, "height_m": 25.06, "crown_diameter_m": 17.86, "site_id": 3120 }, "geometry": { "type": "Point", "coordinates": [ -73.927582664179155, 40.869005456021277 ] } },
{ "type": "Feature", "properties": { "Height": 88.394996643066406, "Radius": 47.469102417204546, "height_m": 26.94, "crown_diameter_m": 28.94, "site_id": 3121 }, "geometry": { "type": "Point", "coordinates": [ -73.929891436791408, 40.869059057976209 ] } },
{ "type": "Feature", "properties": { "Height": 59.960498809814503, "Radius": 21.053420541824753, "height_m": 18.28, "crown_diameter_m": 12.83, "site_id": 3122 }, "geometry": { "type": "Point", "coordinates": [ -73.928427550500928, 40.869032644832387 ] } },
{ "type": "Feature", "properties": { "Height": 74.294998168945298, "Radius": 13.622579184763433, "height_m": 22.65, "crown_diameter_m": 8.3, "site_id": 3123 }, "geometry": { "type": "Point", "coordinates": [ -73.927733542863848, 40.86900942181196 ] } },
{ "type": "Feature", "properties": { "Height": 69.954498291015597, "Radius": 13.434347973244156, "height_m": 21.32, "crown_diameter_m": 8.19, "site_id": 3124 }, "geometry": { "type": "Point", "coordinates": [ -73.927902559097092, 40.868995736548726 ] } },
{ "type": "Feature", "properties": { "Height": 88.2239990234375, "Radius": 28.229218906323283, "height_m": 26.89, "crown_diameter_m": 17.21, "site_id": 3125 }, "geometry": { "type": "Point", "coordinates": [ -73.925820131449058, 40.86906839002522 ] } },
{ "type": "Feature", "properties": { "Height": 77.113998413085895, "Radius": 15.604712843580296, "height_m": 23.5, "crown_diameter_m": 9.51, "site_id": 3126 }, "geometry": { "type": "Point", "coordinates": [ -73.925940977764839, 40.869039998688798 ] } },
{ "type": "Feature", "properties": { "Height": 49.159000396728501, "Radius": 22.475715547534318, "height_m": 14.98, "crown_diameter_m": 13.7, "site_id": 3127 }, "geometry": { "type": "Point", "coordinates": [ -73.929074896875221, 40.869023977510203 ] } },
{ "type": "Feature", "properties": { "Height": 55.432750701904297, "Radius": 27.169111617059002, "height_m": 16.9, "crown_diameter_m": 16.56, "site_id": 3128 }, "geometry": { "type": "Point", "coordinates": [ -73.928903081867531, 40.869052685623053 ] } },
{ "type": "Feature", "properties": { "Height": 67.676498413085895, "Radius": 18.58403149237035, "height_m": 20.63, "crown_diameter_m": 11.33, "site_id": 3129 }, "geometry": { "type": "Point", "coordinates": [ -73.927060099586129, 40.86905478615563 ] } },
{ "type": "Feature", "properties": { "Height": 77.500503540039105, "Radius": 40.132879588810731, "height_m": 23.62, "crown_diameter_m": 24.47, "site_id": 3130 }, "geometry": { "type": "Point", "coordinates": [ -73.929322035511802, 40.86908257628194 ] } },
{ "type": "Feature", "properties": { "Height": 46.709251403808601, "Radius": 18.864528956575565, "height_m": 14.24, "crown_diameter_m": 11.5, "site_id": 3131 }, "geometry": { "type": "Point", "coordinates": [ -73.930328120879906, 40.869040794003233 ] } },
{ "type": "Feature", "properties": { "Height": 55.927627563476598, "Radius": 23.000674573530667, "height_m": 17.05, "crown_diameter_m": 14.02, "site_id": 3132 }, "geometry": { "type": "Point", "coordinates": [ -73.928709447505625, 40.869060156378104 ] } },
{ "type": "Feature", "properties": { "Height": 51.144748687744098, "Radius": 20.058506827187099, "height_m": 15.59, "crown_diameter_m": 12.23, "site_id": 3133 }, "geometry": { "type": "Point", "coordinates": [ -73.929556949572969, 40.869012172021982 ] } },
{ "type": "Feature", "properties": { "Height": 82.065246582031307, "Radius": 38.859517496437128, "height_m": 25.01, "crown_diameter_m": 23.69, "site_id": 3134 }, "geometry": { "type": "Point", "coordinates": [ -73.928216160265393, 40.869011973370903 ] } },
{ "type": "Feature", "properties": { "Height": 64.601249694824205, "Radius": 17.056823736322794, "height_m": 19.69, "crown_diameter_m": 10.4, "site_id": 3135 }, "geometry": { "type": "Point", "coordinates": [ -73.927170300269765, 40.869064207338745 ] } },
{ "type": "Feature", "properties": { "Height": 67.512748718261705, "Radius": 18.931902488734416, "height_m": 20.58, "crown_diameter_m": 11.54, "site_id": 3136 }, "geometry": { "type": "Point", "coordinates": [ -73.92728793754506, 40.869046405018238 ] } },
{ "type": "Feature", "properties": { "Height": 69.560501098632798, "Radius": 26.111678923533042, "height_m": 21.2, "crown_diameter_m": 15.92, "site_id": 3137 }, "geometry": { "type": "Point", "coordinates": [ -73.926163079529815, 40.869046306667684 ] } },
{ "type": "Feature", "properties": { "Height": 58.227249145507798, "Radius": 15.553633450087503, "height_m": 17.75, "crown_diameter_m": 9.48, "site_id": 3138 }, "geometry": { "type": "Point", "coordinates": [ -73.928538595642635, 40.869065515765506 ] } },
{ "type": "Feature", "properties": { "Height": 45.644248962402301, "Radius": 14.289709303792774, "height_m": 13.91, "crown_diameter_m": 8.71, "site_id": 3139 }, "geometry": { "type": "Point", "coordinates": [ -73.927416230019972, 40.869087831737573 ] } },
{ "type": "Feature", "properties": { "Height": 79.392250061035199, "Radius": 25.575903036015948, "height_m": 24.2, "crown_diameter_m": 15.59, "site_id": 3140 }, "geometry": { "type": "Point", "coordinates": [ -73.928019033038126, 40.869041971028139 ] } },
{ "type": "Feature", "properties": { "Height": 68.905998229980497, "Radius": 39.823352827696354, "height_m": 21.0, "crown_diameter_m": 24.28, "site_id": 3141 }, "geometry": { "type": "Point", "coordinates": [ -73.926400852048673, 40.869129169378404 ] } },
{ "type": "Feature", "properties": { "Height": 49.171749114990199, "Radius": 15.075584855494879, "height_m": 14.99, "crown_diameter_m": 9.19, "site_id": 3142 }, "geometry": { "type": "Point", "coordinates": [ -73.929515466609857, 40.869090045287152 ] } },
{ "type": "Feature", "properties": { "Height": 83.551002502441406, "Radius": 23.251867488078641, "height_m": 25.47, "crown_diameter_m": 14.17, "site_id": 3143 }, "geometry": { "type": "Point", "coordinates": [ -73.929080729859649, 40.869121558076387 ] } },
{ "type": "Feature", "properties": { "Height": 69.547752380371094, "Radius": 33.893662818251151, "height_m": 21.2, "crown_diameter_m": 20.66, "site_id": 3144 }, "geometry": { "type": "Point", "coordinates": [ -73.92606527061622, 40.869162515175006 ] } },
{ "type": "Feature", "properties": { "Height": 70.708999633789105, "Radius": 27.384997568906424, "height_m": 21.55, "crown_diameter_m": 16.69, "site_id": 3145 }, "geometry": { "type": "Point", "coordinates": [ -73.926872643213557, 40.86907596677738 ] } },
{ "type": "Feature", "properties": { "Height": 67.246002197265597, "Radius": 14.048207338801282, "height_m": 20.5, "crown_diameter_m": 8.56, "site_id": 3146 }, "geometry": { "type": "Point", "coordinates": [ -73.926181253982378, 40.869124044000145 ] } },
{ "type": "Feature", "properties": { "Height": 73.343002319335895, "Radius": 26.029264160598135, "height_m": 22.35, "crown_diameter_m": 15.87, "site_id": 3147 }, "geometry": { "type": "Point", "coordinates": [ -73.92753220182118, 40.869134240186263 ] } },
{ "type": "Feature", "properties": { "Height": 73.217002868652301, "Radius": 21.967197988242077, "height_m": 22.32, "crown_diameter_m": 13.39, "site_id": 3148 }, "geometry": { "type": "Point", "coordinates": [ -73.928652207557576, 40.869127438852118 ] } },
{ "type": "Feature", "properties": { "Height": 79.939247131347699, "Radius": 32.970111636414657, "height_m": 24.37, "crown_diameter_m": 20.1, "site_id": 3149 }, "geometry": { "type": "Point", "coordinates": [ -73.929667917769677, 40.869118286690259 ] } },
{ "type": "Feature", "properties": { "Height": 69.307998657226605, "Radius": 25.971111813387051, "height_m": 21.13, "crown_diameter_m": 15.83, "site_id": 3150 }, "geometry": { "type": "Point", "coordinates": [ -73.928339013924059, 40.869148513426772 ] } },
{ "type": "Feature", "properties": { "Height": 86.329750061035199, "Radius": 32.61459891144888, "height_m": 26.31, "crown_diameter_m": 19.88, "site_id": 3151 }, "geometry": { "type": "Point", "coordinates": [ -73.930373829762871, 40.86912002499615 ] } },
{ "type": "Feature", "properties": { "Height": 85.988502502441406, "Radius": 21.712138113004762, "height_m": 26.21, "crown_diameter_m": 13.24, "site_id": 3152 }, "geometry": { "type": "Point", "coordinates": [ -73.92770866618298, 40.86909486983528 ] } },
{ "type": "Feature", "properties": { "Height": 51.665500640869098, "Radius": 11.357600159187731, "height_m": 15.75, "crown_diameter_m": 6.92, "site_id": 3153 }, "geometry": { "type": "Point", "coordinates": [ -73.926243188326964, 40.869153743008475 ] } },
{ "type": "Feature", "properties": { "Height": 78.089996337890597, "Radius": 31.785461751362867, "height_m": 23.8, "crown_diameter_m": 19.38, "site_id": 3154 }, "geometry": { "type": "Point", "coordinates": [ -73.927217051543408, 40.869161968702343 ] } },
{ "type": "Feature", "properties": { "Height": 68.6927490234375, "Radius": 15.471555655790096, "height_m": 20.94, "crown_diameter_m": 9.43, "site_id": 3155 }, "geometry": { "type": "Point", "coordinates": [ -73.928484439095158, 40.869133366473363 ] } },
{ "type": "Feature", "properties": { "Height": 67.678001403808594, "Radius": 16.708015147921802, "height_m": 20.63, "crown_diameter_m": 10.19, "site_id": 3156 }, "geometry": { "type": "Point", "coordinates": [ -73.926908855913027, 40.869147555179282 ] } },
{ "type": "Feature", "properties": { "Height": 95.691749572753906, "Radius": 70.881614284135438, "height_m": 29.17, "crown_diameter_m": 43.21, "site_id": 3157 }, "geometry": { "type": "Point", "coordinates": [ -73.927919481716231, 40.869224503729143 ] } },
{ "type": "Feature", "properties": { "Height": 83.065002441406307, "Radius": 36.754688911266925, "height_m": 25.32, "crown_diameter_m": 22.41, "site_id": 3158 }, "geometry": { "type": "Point", "coordinates": [ -73.930155696239922, 40.869139915543023 ] } },
{ "type": "Feature", "properties": { "Height": 62.392501831054702, "Radius": 18.94240795676933, "height_m": 19.02, "crown_diameter_m": 11.55, "site_id": 3159 }, "geometry": { "type": "Point", "coordinates": [ -73.928830439721821, 40.869154734676584 ] } },
{ "type": "Feature", "properties": { "Height": 60.197750091552699, "Radius": 19.215604803731711, "height_m": 18.35, "crown_diameter_m": 11.71, "site_id": 3160 }, "geometry": { "type": "Point", "coordinates": [ -73.925869823579703, 40.869188668751463 ] } },
{ "type": "Feature", "properties": { "Height": 83.495498657226605, "Radius": 15.94771454036122, "height_m": 25.45, "crown_diameter_m": 9.72, "site_id": 3161 }, "geometry": { "type": "Point", "coordinates": [ -73.929121936882353, 40.869182871571049 ] } },
{ "type": "Feature", "properties": { "Height": 66.113746643066406, "Radius": 22.203207791378833, "height_m": 20.15, "crown_diameter_m": 13.54, "site_id": 3162 }, "geometry": { "type": "Point", "coordinates": [ -73.928977733133621, 40.869202863809342 ] } },
{ "type": "Feature", "properties": { "Height": 59.073249816894503, "Radius": 18.290535541070522, "height_m": 18.01, "crown_diameter_m": 11.15, "site_id": 3163 }, "geometry": { "type": "Point", "coordinates": [ -73.92945404959643, 40.869189719794846 ] } },
{ "type": "Feature", "properties": { "Height": 57.761501312255902, "Radius": 26.856846465891515, "height_m": 17.61, "crown_diameter_m": 16.37, "site_id": 3164 }, "geometry": { "type": "Point", "coordinates": [ -73.9283233148184, 40.869262402017526 ] } },
{ "type": "Feature", "properties": { "Height": 71.8646240234375, "Radius": 24.508177313476683, "height_m": 21.9, "crown_diameter_m": 14.94, "site_id": 3165 }, "geometry": { "type": "Point", "coordinates": [ -73.929274135170445, 40.86922138701658 ] } },
{ "type": "Feature", "properties": { "Height": 80.960746765136705, "Radius": 26.407146441013644, "height_m": 24.68, "crown_diameter_m": 16.1, "site_id": 3166 }, "geometry": { "type": "Point", "coordinates": [ -73.930305279645395, 40.86926081377549 ] } },
{ "type": "Feature", "properties": { "Height": 71.770126342773395, "Radius": 40.048519810457108, "height_m": 21.88, "crown_diameter_m": 24.41, "site_id": 3167 }, "geometry": { "type": "Point", "coordinates": [ -73.928591829460643, 40.869247068377724 ] } },
{ "type": "Feature", "properties": { "Height": 63.832248687744098, "Radius": 16.607694493163542, "height_m": 19.46, "crown_diameter_m": 10.12, "site_id": 3168 }, "geometry": { "type": "Point", "coordinates": [ -73.92578493175435, 40.869220055656463 ] } },
{ "type": "Feature", "properties": { "Height": 71.133499145507798, "Radius": 28.867547211863425, "height_m": 21.68, "crown_diameter_m": 17.6, "site_id": 3169 }, "geometry": { "type": "Point", "coordinates": [ -73.925984808654817, 40.869270307949655 ] } },
{ "type": "Feature", "properties": { "Height": 83.198501586914105, "Radius": 23.234749126420731, "height_m": 25.36, "crown_diameter_m": 14.16, "site_id": 3170 }, "geometry": { "type": "Point", "coordinates": [ -73.929789907120252, 40.869220330542134 ] } },
{ "type": "Feature", "properties": { "Height": 72.876747131347699, "Radius": 22.969515370369333, "height_m": 22.21, "crown_diameter_m": 14.0, "site_id": 3171 }, "geometry": { "type": "Point", "coordinates": [ -73.930061810394008, 40.869281605537417 ] } },
{ "type": "Feature", "properties": { "Height": 67.830001831054702, "Radius": 25.077893803659517, "height_m": 20.67, "crown_diameter_m": 15.29, "site_id": 3172 }, "geometry": { "type": "Point", "coordinates": [ -73.928821302308478, 40.869248844540358 ] } },
{ "type": "Feature", "properties": { "Height": 79.089996337890597, "Radius": 17.075475271404667, "height_m": 24.11, "crown_diameter_m": 10.41, "site_id": 3173 }, "geometry": { "type": "Point", "coordinates": [ -73.929582005744379, 40.869234389260612 ] } },
{ "type": "Feature", "properties": { "Height": 84.396499633789105, "Radius": 19.592899804205899, "height_m": 25.72, "crown_diameter_m": 11.94, "site_id": 3174 }, "geometry": { "type": "Point", "coordinates": [ -73.929933350591682, 40.86926084427882 ] } },
{ "type": "Feature", "properties": { "Height": 81.541252136230497, "Radius": 11.753573524837677, "height_m": 24.85, "crown_diameter_m": 7.16, "site_id": 3175 }, "geometry": { "type": "Point", "coordinates": [ -73.929865062437798, 40.869272579387953 ] } },
{ "type": "Feature", "properties": { "Height": 80.000251770019503, "Radius": 36.386947818984176, "height_m": 24.38, "crown_diameter_m": 22.18, "site_id": 3176 }, "geometry": { "type": "Point", "coordinates": [ -73.927357396576227, 40.869243294746987 ] } },
{ "type": "Feature", "properties": { "Height": 51.027748107910199, "Radius": 17.859073490978144, "height_m": 15.55, "crown_diameter_m": 10.89, "site_id": 3177 }, "geometry": { "type": "Point", "coordinates": [ -73.928199323333445, 40.86927752158428 ] } },
{ "type": "Feature", "properties": { "Height": 47.295501708984403, "Radius": 15.378694529593741, "height_m": 14.42, "crown_diameter_m": 9.37, "site_id": 3178 }, "geometry": { "type": "Point", "coordinates": [ -73.926117743266829, 40.86930674587758 ] } },
{ "type": "Feature", "properties": { "Height": 70.319503784179702, "Radius": 16.626849856500847, "height_m": 21.43, "crown_diameter_m": 10.14, "site_id": 3179 }, "geometry": { "type": "Point", "coordinates": [ -73.927416296257306, 40.869301009926758 ] } },
{ "type": "Feature", "properties": { "Height": 82.898002624511705, "Radius": 38.501547241090364, "height_m": 25.27, "crown_diameter_m": 23.47, "site_id": 3180 }, "geometry": { "type": "Point", "coordinates": [ -73.929112867918548, 40.869311077610966 ] } },
{ "type": "Feature", "properties": { "Height": 87.189002990722699, "Radius": 32.5082885143187, "height_m": 26.58, "crown_diameter_m": 19.82, "site_id": 3181 }, "geometry": { "type": "Point", "coordinates": [ -73.926873623864523, 40.869292028913456 ] } },
{ "type": "Feature", "properties": { "Height": 66.594253540039105, "Radius": 11.24139781410501, "height_m": 20.3, "crown_diameter_m": 6.85, "site_id": 3182 }, "geometry": { "type": "Point", "coordinates": [ -73.928922225853938, 40.86932283058507 ] } },
{ "type": "Feature", "properties": { "Height": 93.172752380371094, "Radius": 42.569216366340598, "height_m": 28.4, "crown_diameter_m": 25.95, "site_id": 3183 }, "geometry": { "type": "Point", "coordinates": [ -73.927051366677929, 40.869283949667022 ] } },
{ "type": "Feature", "properties": { "Height": 85.226997375488295, "Radius": 29.859437221769568, "height_m": 25.98, "crown_diameter_m": 18.2, "site_id": 3184 }, "geometry": { "type": "Point", "coordinates": [ -73.92945720683224, 40.869295303148711 ] } },
{ "type": "Feature", "properties": { "Height": 52.919750213622997, "Radius": 14.723078227434691, "height_m": 16.13, "crown_diameter_m": 8.98, "site_id": 3185 }, "geometry": { "type": "Point", "coordinates": [ -73.930174250582866, 40.869320120004176 ] } },
{ "type": "Feature", "properties": { "Height": 80.300247192382798, "Radius": 18.246976213834582, "height_m": 24.48, "crown_diameter_m": 11.12, "site_id": 3186 }, "geometry": { "type": "Point", "coordinates": [ -73.928814426653304, 40.869341071974397 ] } },
{ "type": "Feature", "properties": { "Height": 64.564376831054702, "Radius": 13.796713809378916, "height_m": 19.68, "crown_diameter_m": 8.41, "site_id": 3187 }, "geometry": { "type": "Point", "coordinates": [ -73.928474634019238, 40.869333827238563 ] } },
{ "type": "Feature", "properties": { "Height": 82.959747314453097, "Radius": 35.043395110877377, "height_m": 25.29, "crown_diameter_m": 21.36, "site_id": 3188 }, "geometry": { "type": "Point", "coordinates": [ -73.929732052876702, 40.869327645309731 ] } },
{ "type": "Feature", "properties": { "Height": 50.470626831054702, "Radius": 25.120695638444509, "height_m": 15.38, "crown_diameter_m": 15.31, "site_id": 3189 }, "geometry": { "type": "Point", "coordinates": [ -73.926212965294667, 40.869359302608046 ] } },
{ "type": "Feature", "properties": { "Height": 86.533248901367202, "Radius": 23.648899974944293, "height_m": 26.38, "crown_diameter_m": 14.42, "site_id": 3190 }, "geometry": { "type": "Point", "coordinates": [ -73.927538324588227, 40.869372041543365 ] } },
{ "type": "Feature", "properties": { "Height": 81.825996398925795, "Radius": 23.11112262561905, "height_m": 24.94, "crown_diameter_m": 14.09, "site_id": 3191 }, "geometry": { "type": "Point", "coordinates": [ -73.925821540368403, 40.869320696226815 ] } },
{ "type": "Feature", "properties": { "Height": 100.35537719726599, "Radius": 38.635659839827852, "height_m": 30.59, "crown_diameter_m": 23.55, "site_id": 3192 }, "geometry": { "type": "Point", "coordinates": [ -73.927708241859946, 40.869415346371646 ] } },
{ "type": "Feature", "properties": { "Height": 74.2655029296875, "Radius": 15.665788274060855, "height_m": 22.64, "crown_diameter_m": 9.55, "site_id": 3193 }, "geometry": { "type": "Point", "coordinates": [ -73.929911413399481, 40.869354503412978 ] } },
{ "type": "Feature", "properties": { "Height": 88.224502563476605, "Radius": 17.08479340321492, "height_m": 26.89, "crown_diameter_m": 10.41, "site_id": 3194 }, "geometry": { "type": "Point", "coordinates": [ -73.929589879453601, 40.869359191020351 ] } },
{ "type": "Feature", "properties": { "Height": 49.595874786377003, "Radius": 12.853125337029409, "height_m": 15.12, "crown_diameter_m": 7.84, "site_id": 3195 }, "geometry": { "type": "Point", "coordinates": [ -73.928232848037069, 40.869381307576489 ] } },
{ "type": "Feature", "properties": { "Height": 70.176498413085895, "Radius": 20.314742613119286, "height_m": 21.39, "crown_diameter_m": 12.38, "site_id": 3196 }, "geometry": { "type": "Point", "coordinates": [ -73.93005080773743, 40.869377819707886 ] } },
{ "type": "Feature", "properties": { "Height": 60.753376007080099, "Radius": 16.688952945311364, "height_m": 18.52, "crown_diameter_m": 10.17, "site_id": 3197 }, "geometry": { "type": "Point", "coordinates": [ -73.928023528595389, 40.869404937503688 ] } },
{ "type": "Feature", "properties": { "Height": 80.2706298828125, "Radius": 20.652729782919241, "height_m": 24.47, "crown_diameter_m": 12.59, "site_id": 3198 }, "geometry": { "type": "Point", "coordinates": [ -73.929282538042273, 40.869364508668234 ] } },
{ "type": "Feature", "properties": { "Height": 36.980499267578097, "Radius": 13.037541149394091, "height_m": 11.27, "crown_diameter_m": 7.95, "site_id": 3199 }, "geometry": { "type": "Point", "coordinates": [ -73.926024654661688, 40.869394552345319 ] } },
{ "type": "Feature", "properties": { "Height": 68.107749938964801, "Radius": 15.922745502751381, "height_m": 20.76, "crown_diameter_m": 9.71, "site_id": 3200 }, "geometry": { "type": "Point", "coordinates": [ -73.927837473384457, 40.869395774990664 ] } },
{ "type": "Feature", "properties": { "Height": 103.09774780273401, "Radius": 72.859683977894278, "height_m": 31.42, "crown_diameter_m": 44.42, "site_id": 3201 }, "geometry": { "type": "Point", "coordinates": [ -73.926616254699084, 40.869235123019223 ] } },
{ "type": "Feature", "properties": { "Height": 54.712501525878899, "Radius": 14.494292838262302, "height_m": 16.68, "crown_diameter_m": 8.84, "site_id": 3202 }, "geometry": { "type": "Point", "coordinates": [ -73.927920293588897, 40.869414465973044 ] } },
{ "type": "Feature", "properties": { "Height": 66.191001892089801, "Radius": 35.865998209170819, "height_m": 20.18, "crown_diameter_m": 21.86, "site_id": 3203 }, "geometry": { "type": "Point", "coordinates": [ -73.92857811399071, 40.869427363880959 ] } },
{ "type": "Feature", "properties": { "Height": 87.232002258300795, "Radius": 40.247720566378796, "height_m": 26.59, "crown_diameter_m": 24.54, "site_id": 3204 }, "geometry": { "type": "Point", "coordinates": [ -73.929535130123099, 40.869461097444137 ] } },
{ "type": "Feature", "properties": { "Height": 55.123249053955099, "Radius": 13.546425705142862, "height_m": 16.8, "crown_diameter_m": 8.26, "site_id": 3205 }, "geometry": { "type": "Point", "coordinates": [ -73.926965188654862, 40.869413233277925 ] } },
{ "type": "Feature", "properties": { "Height": 90.503753662109403, "Radius": 36.974869319030475, "height_m": 27.59, "crown_diameter_m": 22.54, "site_id": 3206 }, "geometry": { "type": "Point", "coordinates": [ -73.927235061522111, 40.869432359961898 ] } },
{ "type": "Feature", "properties": { "Height": 106.773246765137, "Radius": 19.955091270548529, "height_m": 32.54, "crown_diameter_m": 12.16, "site_id": 3207 }, "geometry": { "type": "Point", "coordinates": [ -73.926465421641353, 40.869441576644142 ] } },
{ "type": "Feature", "properties": { "Height": 60.878501892089801, "Radius": 16.497119526970184, "height_m": 18.56, "crown_diameter_m": 10.06, "site_id": 3208 }, "geometry": { "type": "Point", "coordinates": [ -73.928707556051805, 40.869416997353959 ] } },
{ "type": "Feature", "properties": { "Height": 63.926498413085902, "Radius": 32.179832771899498, "height_m": 19.48, "crown_diameter_m": 19.62, "site_id": 3209 }, "geometry": { "type": "Point", "coordinates": [ -73.930242390523887, 40.869416871020405 ] } },
{ "type": "Feature", "properties": { "Height": 83.630996704101605, "Radius": 29.880750170394535, "height_m": 25.49, "crown_diameter_m": 18.22, "site_id": 3210 }, "geometry": { "type": "Point", "coordinates": [ -73.925890272548784, 40.869418940506741 ] } },
{ "type": "Feature", "properties": { "Height": 84.097999572753906, "Radius": 16.878606226062999, "height_m": 25.63, "crown_diameter_m": 10.29, "site_id": 3211 }, "geometry": { "type": "Point", "coordinates": [ -73.930011102155476, 40.869436481392775 ] } },
{ "type": "Feature", "properties": { "Height": 83.930747985839801, "Radius": 25.706250674058818, "height_m": 25.58, "crown_diameter_m": 15.67, "site_id": 3212 }, "geometry": { "type": "Point", "coordinates": [ -73.927434246419594, 40.869417196891682 ] } },
{ "type": "Feature", "properties": { "Height": 73.322746276855497, "Radius": 11.631066229203196, "height_m": 22.35, "crown_diameter_m": 7.09, "site_id": 3213 }, "geometry": { "type": "Point", "coordinates": [ -73.927644041047714, 40.869465109472245 ] } },
{ "type": "Feature", "properties": { "Height": 45.165248870849602, "Radius": 11.437891554894984, "height_m": 13.77, "crown_diameter_m": 6.97, "site_id": 3214 }, "geometry": { "type": "Point", "coordinates": [ -73.926951239021236, 40.869477613005984 ] } },
{ "type": "Feature", "properties": { "Height": 82.181251525878906, "Radius": 30.114197079411227, "height_m": 25.05, "crown_diameter_m": 18.36, "site_id": 3215 }, "geometry": { "type": "Point", "coordinates": [ -73.928969613878991, 40.869421190449721 ] } },
{ "type": "Feature", "properties": { "Height": 90.685997009277301, "Radius": 18.856090338861186, "height_m": 27.64, "crown_diameter_m": 11.49, "site_id": 3216 }, "geometry": { "type": "Point", "coordinates": [ -73.92973850179979, 40.869485395977549 ] } },
{ "type": "Feature", "properties": { "Height": 83.715751647949205, "Radius": 21.894626934314015, "height_m": 25.52, "crown_diameter_m": 13.35, "site_id": 3217 }, "geometry": { "type": "Point", "coordinates": [ -73.929890956893473, 40.869452349813777 ] } },
{ "type": "Feature", "properties": { "Height": 82.559249877929702, "Radius": 23.983034927508857, "height_m": 25.16, "crown_diameter_m": 14.62, "site_id": 3218 }, "geometry": { "type": "Point", "coordinates": [ -73.929270039387632, 40.869458684040367 ] } },
{ "type": "Feature", "properties": { "Height": 84.779251098632798, "Radius": 16.684183991664831, "height_m": 25.84, "crown_diameter_m": 10.17, "site_id": 3219 }, "geometry": { "type": "Point", "coordinates": [ -73.927384204939401, 40.869493506158541 ] } },
{ "type": "Feature", "properties": { "Height": 86.622749328613295, "Radius": 43.07468312785732, "height_m": 26.4, "crown_diameter_m": 26.26, "site_id": 3220 }, "geometry": { "type": "Point", "coordinates": [ -73.928346653659716, 40.869456351203745 ] } },
{ "type": "Feature", "properties": { "Height": 57.4635009765625, "Radius": 18.763015059400033, "height_m": 17.51, "crown_diameter_m": 11.44, "site_id": 3221 }, "geometry": { "type": "Point", "coordinates": [ -73.928126564578932, 40.86948403403359 ] } },
{ "type": "Feature", "properties": { "Height": 80.249252319335895, "Radius": 14.228319915326999, "height_m": 24.46, "crown_diameter_m": 8.67, "site_id": 3222 }, "geometry": { "type": "Point", "coordinates": [ -73.929442953105934, 40.869513299190032 ] } },
{ "type": "Feature", "properties": { "Height": 60.8064994812012, "Radius": 18.185817873963178, "height_m": 18.53, "crown_diameter_m": 11.09, "site_id": 3223 }, "geometry": { "type": "Point", "coordinates": [ -73.927101239938665, 40.86950304041838 ] } },
{ "type": "Feature", "properties": { "Height": 69.157501220703097, "Radius": 23.903268514994018, "height_m": 21.08, "crown_diameter_m": 14.57, "site_id": 3224 }, "geometry": { "type": "Point", "coordinates": [ -73.927561523962581, 40.869523167149545 ] } },
{ "type": "Feature", "properties": { "Height": 57.804500579833999, "Radius": 28.933630962313895, "height_m": 17.62, "crown_diameter_m": 17.64, "site_id": 3225 }, "geometry": { "type": "Point", "coordinates": [ -73.927999302086818, 40.869520065201826 ] } },
{ "type": "Feature", "properties": { "Height": 112.66574859619099, "Radius": 17.974552413802897, "height_m": 34.34, "crown_diameter_m": 10.96, "site_id": 3226 }, "geometry": { "type": "Point", "coordinates": [ -73.926488622545591, 40.869508657137892 ] } },
{ "type": "Feature", "properties": { "Height": 92.290496826171903, "Radius": 24.260152092553522, "height_m": 28.13, "crown_diameter_m": 14.79, "site_id": 3227 }, "geometry": { "type": "Point", "coordinates": [ -73.929848471019383, 40.86956458163575 ] } },
{ "type": "Feature", "properties": { "Height": 76.863250732421903, "Radius": 35.817152577951006, "height_m": 23.43, "crown_diameter_m": 21.83, "site_id": 3228 }, "geometry": { "type": "Point", "coordinates": [ -73.930120393930864, 40.869545347394578 ] } },
{ "type": "Feature", "properties": { "Height": 84.974250793457003, "Radius": 42.995170240532417, "height_m": 25.9, "crown_diameter_m": 26.21, "site_id": 3229 }, "geometry": { "type": "Point", "coordinates": [ -73.928837780859183, 40.869528678924055 ] } },
{ "type": "Feature", "properties": { "Height": 58.649250030517599, "Radius": 19.487013476088691, "height_m": 17.88, "crown_diameter_m": 11.88, "site_id": 3230 }, "geometry": { "type": "Point", "coordinates": [ -73.927204975098803, 40.869560243725608 ] } },
{ "type": "Feature", "properties": { "Height": 96.180496215820298, "Radius": 37.668898246906465, "height_m": 29.32, "crown_diameter_m": 22.96, "site_id": 3231 }, "geometry": { "type": "Point", "coordinates": [ -73.926241745447442, 40.869502767088861 ] } },
{ "type": "Feature", "properties": { "Height": 69.695747375488295, "Radius": 19.431806464802023, "height_m": 21.24, "crown_diameter_m": 11.85, "site_id": 3232 }, "geometry": { "type": "Point", "coordinates": [ -73.928542650375192, 40.869555439169325 ] } },
{ "type": "Feature", "properties": { "Height": 84.730499267578097, "Radius": 23.554492811740758, "height_m": 25.83, "crown_diameter_m": 14.36, "site_id": 3233 }, "geometry": { "type": "Point", "coordinates": [ -73.929707202032134, 40.86958959319211 ] } },
{ "type": "Feature", "properties": { "Height": 86.521499633789105, "Radius": 28.740461976922653, "height_m": 26.37, "crown_diameter_m": 17.52, "site_id": 3234 }, "geometry": { "type": "Point", "coordinates": [ -73.928298697776185, 40.869584026946349 ] } },
{ "type": "Feature", "properties": { "Height": 44.933750152587898, "Radius": 17.97233866265049, "height_m": 13.7, "crown_diameter_m": 10.96, "site_id": 3235 }, "geometry": { "type": "Point", "coordinates": [ -73.926940961853219, 40.869544231871181 ] } },
{ "type": "Feature", "properties": { "Height": 56.388500213622997, "Radius": 27.63377312194109, "height_m": 17.19, "crown_diameter_m": 16.85, "site_id": 3236 }, "geometry": { "type": "Point", "coordinates": [ -73.927733918004762, 40.869595300843407 ] } },
{ "type": "Feature", "properties": { "Height": 76.191253662109403, "Radius": 14.183506197980657, "height_m": 23.22, "crown_diameter_m": 8.65, "site_id": 3237 }, "geometry": { "type": "Point", "coordinates": [ -73.929990834093005, 40.869605585407612 ] } },
{ "type": "Feature", "properties": { "Height": 120.62174987793, "Radius": 51.883973512601344, "height_m": 36.77, "crown_diameter_m": 31.63, "site_id": 3238 }, "geometry": { "type": "Point", "coordinates": [ -73.926656153552472, 40.869545885495398 ] } },
{ "type": "Feature", "properties": { "Height": 81.873252868652301, "Radius": 14.205930727710992, "height_m": 24.95, "crown_diameter_m": 8.66, "site_id": 3239 }, "geometry": { "type": "Point", "coordinates": [ -73.929938847754443, 40.869554529456366 ] } },
{ "type": "Feature", "properties": { "Height": 53.652748107910199, "Radius": 19.702256373348021, "height_m": 16.35, "crown_diameter_m": 12.01, "site_id": 3240 }, "geometry": { "type": "Point", "coordinates": [ -73.927372190886047, 40.869588976532562 ] } },
{ "type": "Feature", "properties": { "Height": 79.792999267578097, "Radius": 11.821084554078958, "height_m": 24.32, "crown_diameter_m": 7.21, "site_id": 3241 }, "geometry": { "type": "Point", "coordinates": [ -73.928860714329474, 40.86960073847672 ] } },
{ "type": "Feature", "properties": { "Height": 87.648750305175795, "Radius": 33.0761406275534, "height_m": 26.72, "crown_diameter_m": 20.16, "site_id": 3242 }, "geometry": { "type": "Point", "coordinates": [ -73.929095820435677, 40.869555989306214 ] } },
{ "type": "Feature", "properties": { "Height": 52.2942504882813, "Radius": 18.822298035111416, "height_m": 15.94, "crown_diameter_m": 11.47, "site_id": 3243 }, "geometry": { "type": "Point", "coordinates": [ -73.927504020186248, 40.869599254764353 ] } },
{ "type": "Feature", "properties": { "Height": 48.7752494812012, "Radius": 12.568264837228174, "height_m": 14.87, "crown_diameter_m": 7.66, "site_id": 3244 }, "geometry": { "type": "Point", "coordinates": [ -73.92856851632861, 40.86961606528785 ] } },
{ "type": "Feature", "properties": { "Height": 119.45175170898401, "Radius": 30.135329851892362, "height_m": 36.41, "crown_diameter_m": 18.37, "site_id": 3245 }, "geometry": { "type": "Point", "coordinates": [ -73.925823837737809, 40.869547525456014 ] } },
{ "type": "Feature", "properties": { "Height": 75.068496704101605, "Radius": 11.382096629215674, "height_m": 22.88, "crown_diameter_m": 6.94, "site_id": 3246 }, "geometry": { "type": "Point", "coordinates": [ -73.929551435168307, 40.869610871303507 ] } },
{ "type": "Feature", "properties": { "Height": 58.917751312255902, "Radius": 18.805379112110224, "height_m": 17.96, "crown_diameter_m": 11.46, "site_id": 3247 }, "geometry": { "type": "Point", "coordinates": [ -73.928121019803342, 40.869595170717034 ] } },
{ "type": "Feature", "properties": { "Height": 88.688499450683594, "Radius": 35.224592777552679, "height_m": 27.03, "crown_diameter_m": 21.47, "site_id": 3248 }, "geometry": { "type": "Point", "coordinates": [ -73.929346431238628, 40.869575105517221 ] } },
{ "type": "Feature", "properties": { "Height": 52.933750152587898, "Radius": 11.290841838260253, "height_m": 16.13, "crown_diameter_m": 6.88, "site_id": 3249 }, "geometry": { "type": "Point", "coordinates": [ -73.927263205255571, 40.869614202618813 ] } },
{ "type": "Feature", "properties": { "Height": 44.9747505187988, "Radius": 14.830783234644061, "height_m": 13.71, "crown_diameter_m": 9.04, "site_id": 3250 }, "geometry": { "type": "Point", "coordinates": [ -73.927951722139142, 40.869603382952739 ] } },
{ "type": "Feature", "properties": { "Height": 63.716251373291001, "Radius": 25.644263000829476, "height_m": 19.42, "crown_diameter_m": 15.63, "site_id": 3251 }, "geometry": { "type": "Point", "coordinates": [ -73.927045814198038, 40.869599432440744 ] } },
{ "type": "Feature", "properties": { "Height": 81.016250610351605, "Radius": 33.257289080998866, "height_m": 24.69, "crown_diameter_m": 20.27, "site_id": 3252 }, "geometry": { "type": "Point", "coordinates": [ -73.926018911054044, 40.869528784543391 ] } },
{ "type": "Feature", "properties": { "Height": 95.561752319335895, "Radius": 20.88263738304607, "height_m": 29.13, "crown_diameter_m": 12.73, "site_id": 3253 }, "geometry": { "type": "Point", "coordinates": [ -73.926166865210931, 40.869602528489366 ] } },
{ "type": "Feature", "properties": { "Height": 19.6965007781982, "Radius": 15.440663999700892, "height_m": 6.0, "crown_diameter_m": 9.41, "site_id": 3254 }, "geometry": { "type": "Point", "coordinates": [ -73.931546252305267, 40.869556476627558 ] } },
{ "type": "Feature", "properties": { "Height": 37.434249877929702, "Radius": 17.302324929206918, "height_m": 11.41, "crown_diameter_m": 10.55, "site_id": 3255 }, "geometry": { "type": "Point", "coordinates": [ -73.931426292469055, 40.869357023662914 ] } },
{ "type": "Feature", "properties": { "Height": 41.4453735351563, "Radius": 23.923235052108978, "height_m": 12.63, "crown_diameter_m": 14.58, "site_id": 3256 }, "geometry": { "type": "Point", "coordinates": [ -73.931370091174671, 40.869472018698303 ] } },
{ "type": "Feature", "properties": { "Height": 8.9827499389648402, "Radius": 3.0382538898732494, "height_m": 2.74, "crown_diameter_m": 1.85, "site_id": 3257 }, "geometry": { "type": "Point", "coordinates": [ -73.926332010696015, 40.869376404212794 ] } },
{ "type": "Feature", "properties": { "Height": 8.8079996109008807, "Radius": 3.2654833007009834, "height_m": 2.68, "crown_diameter_m": 1.99, "site_id": 3258 }, "geometry": { "type": "Point", "coordinates": [ -73.929881123539587, 40.868506905187367 ] } },
{ "type": "Feature", "properties": { "Height": 8.9472503662109393, "Radius": 2.6160394784772456, "height_m": 2.73, "crown_diameter_m": 1.59, "site_id": 3259 }, "geometry": { "type": "Point", "coordinates": [ -73.929698804401795, 40.868443134183693 ] } },
{ "type": "Feature", "properties": { "Height": 8.9364995956420898, "Radius": 2.9720530516126713, "height_m": 2.72, "crown_diameter_m": 1.81, "site_id": 3260 }, "geometry": { "type": "Point", "coordinates": [ -73.92978604713484, 40.868417078523329 ] } },
{ "type": "Feature", "properties": { "Height": 16.929750442504901, "Radius": 8.6626529232001825, "height_m": 5.16, "crown_diameter_m": 5.28, "site_id": 3261 }, "geometry": { "type": "Point", "coordinates": [ -73.928768031610531, 40.867368096137476 ] } },
{ "type": "Feature", "properties": { "Height": 8.6534996032714808, "Radius": 2.3936536824085959, "height_m": 2.64, "crown_diameter_m": 1.46, "site_id": 3262 }, "geometry": { "type": "Point", "coordinates": [ -73.929013700168937, 40.867306580228295 ] } },
{ "type": "Feature", "properties": { "Height": 10.630499839782701, "Radius": 7.0917530989903286, "height_m": 3.24, "crown_diameter_m": 4.32, "site_id": 3263 }, "geometry": { "type": "Point", "coordinates": [ -73.928974185471617, 40.867239022822474 ] } },
{ "type": "Feature", "properties": { "Height": 27.581750869751001, "Radius": 18.227340554900803, "height_m": 8.41, "crown_diameter_m": 11.11, "site_id": 3264 }, "geometry": { "type": "Point", "coordinates": [ -73.928620795443067, 40.866927986482686 ] } },
{ "type": "Feature", "properties": { "Height": 34.9712524414063, "Radius": 17.115042295029053, "height_m": 10.66, "crown_diameter_m": 10.43, "site_id": 3265 }, "geometry": { "type": "Point", "coordinates": [ -73.928770367240304, 40.867101199773629 ] } },
{ "type": "Feature", "properties": { "Height": 38.2179985046387, "Radius": 18.513243096453863, "height_m": 11.65, "crown_diameter_m": 11.29, "site_id": 3266 }, "geometry": { "type": "Point", "coordinates": [ -73.928892162668447, 40.867190157684711 ] } },
{ "type": "Feature", "properties": { "Height": 8.9737501144409197, "Radius": 2.7057581899030048, "height_m": 2.74, "crown_diameter_m": 1.65, "site_id": 3267 }, "geometry": { "type": "Point", "coordinates": [ -73.928527301661049, 40.866995015961997 ] } },
{ "type": "Feature", "properties": { "Height": 85.061248779296903, "Radius": 24.952237121658943, "height_m": 25.93, "crown_diameter_m": 15.21, "site_id": 3268 }, "geometry": { "type": "Point", "coordinates": [ -73.925691036330306, 40.868739828390943 ] } },
{ "type": "Feature", "properties": { "Height": 95.980499267578097, "Radius": 29.009166854606434, "height_m": 29.25, "crown_diameter_m": 17.68, "site_id": 3269 }, "geometry": { "type": "Point", "coordinates": [ -73.925370074247724, 40.868812324937466 ] } },
{ "type": "Feature", "properties": { "Height": 108.392501831055, "Radius": 16.516403133234203, "height_m": 33.04, "crown_diameter_m": 10.07, "site_id": 3270 }, "geometry": { "type": "Point", "coordinates": [ -73.925412391391902, 40.868899135124913 ] } },
{ "type": "Feature", "properties": { "Height": 108.217498779297, "Radius": 41.613523743025745, "height_m": 32.98, "crown_diameter_m": 25.37, "site_id": 3271 }, "geometry": { "type": "Point", "coordinates": [ -73.925596580960516, 40.868917107129356 ] } },
{ "type": "Feature", "properties": { "Height": 113.677001953125, "Radius": 27.553023038286398, "height_m": 34.65, "crown_diameter_m": 16.8, "site_id": 3272 }, "geometry": { "type": "Point", "coordinates": [ -73.925211558450357, 40.868943025540013 ] } },
{ "type": "Feature", "properties": { "Height": 114.239501953125, "Radius": 26.336234392837557, "height_m": 34.82, "crown_diameter_m": 16.05, "site_id": 3273 }, "geometry": { "type": "Point", "coordinates": [ -73.925072853242554, 40.868978925402295 ] } },
{ "type": "Feature", "properties": { "Height": 103.68650054931599, "Radius": 20.768001728116172, "height_m": 31.6, "crown_diameter_m": 12.66, "site_id": 3274 }, "geometry": { "type": "Point", "coordinates": [ -73.925403062688716, 40.869005099539194 ] } },
{ "type": "Feature", "properties": { "Height": 91.858749389648395, "Radius": 25.438632011404358, "height_m": 28.0, "crown_diameter_m": 15.51, "site_id": 3275 }, "geometry": { "type": "Point", "coordinates": [ -73.924928808574933, 40.868959236240016 ] } },
{ "type": "Feature", "properties": { "Height": 93.870498657226605, "Radius": 23.635436324564704, "height_m": 28.61, "crown_diameter_m": 14.41, "site_id": 3276 }, "geometry": { "type": "Point", "coordinates": [ -73.924807202458595, 40.869000508417329 ] } },
{ "type": "Feature", "properties": { "Height": 96.659751892089801, "Radius": 23.26897325621885, "height_m": 29.46, "crown_diameter_m": 14.18, "site_id": 3277 }, "geometry": { "type": "Point", "coordinates": [ -73.924537922448778, 40.869013028627812 ] } },
{ "type": "Feature", "properties": { "Height": 100.713249206543, "Radius": 19.149229459268767, "height_m": 30.7, "crown_diameter_m": 11.67, "site_id": 3278 }, "geometry": { "type": "Point", "coordinates": [ -73.925312847061434, 40.869005892145132 ] } },
{ "type": "Feature", "properties": { "Height": 80.577003479003906, "Radius": 22.737960168713947, "height_m": 24.56, "crown_diameter_m": 13.86, "site_id": 3279 }, "geometry": { "type": "Point", "coordinates": [ -73.924121696144653, 40.869085002814153 ] } },
{ "type": "Feature", "properties": { "Height": 73.121749877929702, "Radius": 18.098090310392436, "height_m": 22.29, "crown_diameter_m": 11.03, "site_id": 3280 }, "geometry": { "type": "Point", "coordinates": [ -73.925684543651343, 40.869045965254138 ] } },
{ "type": "Feature", "properties": { "Height": 95.0364990234375, "Radius": 24.508177313476683, "height_m": 28.97, "crown_diameter_m": 14.94, "site_id": 3281 }, "geometry": { "type": "Point", "coordinates": [ -73.92444162371153, 40.869105803324523 ] } },
{ "type": "Feature", "properties": { "Height": 93.112998962402301, "Radius": 10.433694507453072, "height_m": 28.38, "crown_diameter_m": 6.36, "site_id": 3282 }, "geometry": { "type": "Point", "coordinates": [ -73.924534564877334, 40.869072052584229 ] } },
{ "type": "Feature", "properties": { "Height": 83.928001403808594, "Radius": 31.288369324051523, "height_m": 25.58, "crown_diameter_m": 19.07, "site_id": 3283 }, "geometry": { "type": "Point", "coordinates": [ -73.923716413339449, 40.86912985640403 ] } },
{ "type": "Feature", "properties": { "Height": 90.237998962402301, "Radius": 36.428476711224469, "height_m": 27.5, "crown_diameter_m": 22.21, "site_id": 3284 }, "geometry": { "type": "Point", "coordinates": [ -73.924741694123938, 40.869123389660942 ] } },
{ "type": "Feature", "properties": { "Height": 82.927497863769503, "Radius": 29.72722357566796, "height_m": 25.28, "crown_diameter_m": 18.12, "site_id": 3285 }, "geometry": { "type": "Point", "coordinates": [ -73.92363727619356, 40.869050673592 ] } },
{ "type": "Feature", "properties": { "Height": 91.867752075195298, "Radius": 29.521728749706018, "height_m": 28.0, "crown_diameter_m": 18.0, "site_id": 3286 }, "geometry": { "type": "Point", "coordinates": [ -73.92459479721002, 40.86917304487725 ] } },
{ "type": "Feature", "properties": { "Height": 61.4262504577637, "Radius": 24.729594999324348, "height_m": 18.72, "crown_diameter_m": 15.08, "site_id": 3287 }, "geometry": { "type": "Point", "coordinates": [ -73.923860693104729, 40.86908927210429 ] } },
{ "type": "Feature", "properties": { "Height": 90.500251770019503, "Radius": 28.523675588636344, "height_m": 27.58, "crown_diameter_m": 17.39, "site_id": 3288 }, "geometry": { "type": "Point", "coordinates": [ -73.924289661306446, 40.869128471683858 ] } },
{ "type": "Feature", "properties": { "Height": 72.634246826171903, "Radius": 28.999564122544584, "height_m": 22.14, "crown_diameter_m": 17.68, "site_id": 3289 }, "geometry": { "type": "Point", "coordinates": [ -73.925574882237001, 40.869101823046947 ] } },
{ "type": "Feature", "properties": { "Height": 99.082000732421903, "Radius": 51.64877540816682, "height_m": 30.2, "crown_diameter_m": 31.49, "site_id": 3290 }, "geometry": { "type": "Point", "coordinates": [ -73.925140851654206, 40.869149185363547 ] } },
{ "type": "Feature", "properties": { "Height": 65.108001708984403, "Radius": 18.957105831363069, "height_m": 19.84, "crown_diameter_m": 11.56, "site_id": 3291 }, "geometry": { "type": "Point", "coordinates": [ -73.92545129590286, 40.869120304149618 ] } },
{ "type": "Feature", "properties": { "Height": 70.383247375488295, "Radius": 20.263754666327017, "height_m": 21.45, "crown_diameter_m": 12.35, "site_id": 3292 }, "geometry": { "type": "Point", "coordinates": [ -73.924873691456185, 40.869118159186094 ] } },
{ "type": "Feature", "properties": { "Height": 64.555000305175795, "Radius": 14.980269348699055, "height_m": 19.68, "crown_diameter_m": 9.13, "site_id": 3293 }, "geometry": { "type": "Point", "coordinates": [ -73.925689637567785, 40.869127462785741 ] } },
{ "type": "Feature", "properties": { "Height": 82.737998962402301, "Radius": 31.690182879085121, "height_m": 25.22, "crown_diameter_m": 19.32, "site_id": 3294 }, "geometry": { "type": "Point", "coordinates": [ -73.924012327965073, 40.869174741113198 ] } },
{ "type": "Feature", "properties": { "Height": 59.915496826171903, "Radius": 14.395128895068906, "height_m": 18.26, "crown_diameter_m": 8.78, "site_id": 3295 }, "geometry": { "type": "Point", "coordinates": [ -73.925369363160399, 40.86917428142641 ] } },
{ "type": "Feature", "properties": { "Height": 60.955249786377003, "Radius": 14.712264360219255, "height_m": 18.58, "crown_diameter_m": 8.97, "site_id": 3296 }, "geometry": { "type": "Point", "coordinates": [ -73.925502837245233, 40.869194598058506 ] } },
{ "type": "Feature", "properties": { "Height": 72.972373962402301, "Radius": 25.332049473868512, "height_m": 22.24, "crown_diameter_m": 15.44, "site_id": 3297 }, "geometry": { "type": "Point", "coordinates": [ -73.923865377678396, 40.869252823802086 ] } },
{ "type": "Feature", "properties": { "Height": 49.766124725341797, "Radius": 14.450303987687134, "height_m": 15.17, "crown_diameter_m": 8.81, "site_id": 3298 }, "geometry": { "type": "Point", "coordinates": [ -73.924106863620437, 40.869230475156648 ] } },
{ "type": "Feature", "properties": { "Height": 85.152496337890597, "Radius": 27.506773701378908, "height_m": 25.95, "crown_diameter_m": 16.77, "site_id": 3299 }, "geometry": { "type": "Point", "coordinates": [ -73.923563859366567, 40.869255145840256 ] } },
{ "type": "Feature", "properties": { "Height": 54.3549995422363, "Radius": 12.753679933255228, "height_m": 16.57, "crown_diameter_m": 7.77, "site_id": 3300 }, "geometry": { "type": "Point", "coordinates": [ -73.925428555892324, 40.869226126624312 ] } },
{ "type": "Feature", "properties": { "Height": 70.313369750976605, "Radius": 23.12489154112443, "height_m": 21.43, "crown_diameter_m": 14.1, "site_id": 3301 }, "geometry": { "type": "Point", "coordinates": [ -73.924439507453044, 40.869242586211797 ] } },
{ "type": "Feature", "properties": { "Height": 28.231624603271499, "Radius": 9.1669956884750814, "height_m": 8.6, "crown_diameter_m": 5.59, "site_id": 3302 }, "geometry": { "type": "Point", "coordinates": [ -73.924968741071368, 40.869229893365599 ] } },
{ "type": "Feature", "properties": { "Height": 106.52700042724599, "Radius": 28.06807738882166, "height_m": 32.47, "crown_diameter_m": 17.11, "site_id": 3303 }, "geometry": { "type": "Point", "coordinates": [ -73.923329863523094, 40.869250293654446 ] } },
{ "type": "Feature", "properties": { "Height": 63.271251678466797, "Radius": 13.505242122350568, "height_m": 19.29, "crown_diameter_m": 8.23, "site_id": 3304 }, "geometry": { "type": "Point", "coordinates": [ -73.924295371770569, 40.869232693520189 ] } },
{ "type": "Feature", "properties": { "Height": 73.661247253417997, "Radius": 22.039530083839459, "height_m": 22.45, "crown_diameter_m": 13.44, "site_id": 3305 }, "geometry": { "type": "Point", "coordinates": [ -73.924866897062557, 40.869256467164327 ] } },
{ "type": "Feature", "properties": { "Height": 80.725997924804702, "Radius": 24.330573582024424, "height_m": 24.61, "crown_diameter_m": 14.83, "site_id": 3306 }, "geometry": { "type": "Point", "coordinates": [ -73.925300627683285, 40.869255172897631 ] } },
{ "type": "Feature", "properties": { "Height": 63.163249969482401, "Radius": 21.312630236183175, "height_m": 19.25, "crown_diameter_m": 12.99, "site_id": 3307 }, "geometry": { "type": "Point", "coordinates": [ -73.924190923778383, 40.869252968795372 ] } },
{ "type": "Feature", "properties": { "Height": 64.110000610351605, "Radius": 16.283492720884475, "height_m": 19.54, "crown_diameter_m": 9.93, "site_id": 3308 }, "geometry": { "type": "Point", "coordinates": [ -73.923718382429129, 40.869252950945103 ] } },
{ "type": "Feature", "properties": { "Height": 79.482246398925795, "Radius": 23.682525613959321, "height_m": 24.23, "crown_diameter_m": 14.44, "site_id": 3309 }, "geometry": { "type": "Point", "coordinates": [ -73.925669193181761, 40.869235501088127 ] } },
{ "type": "Feature", "properties": { "Height": 61.076999664306598, "Radius": 20.752669129696759, "height_m": 18.62, "crown_diameter_m": 12.65, "site_id": 3310 }, "geometry": { "type": "Point", "coordinates": [ -73.924296694535698, 40.869310735262438 ] } },
{ "type": "Feature", "properties": { "Height": 66.455497741699205, "Radius": 14.895032415879534, "height_m": 20.26, "crown_diameter_m": 9.08, "site_id": 3311 }, "geometry": { "type": "Point", "coordinates": [ -73.924577894044276, 40.869266664870622 ] } },
{ "type": "Feature", "properties": { "Height": 75.670875549316406, "Radius": 15.481839176803071, "height_m": 23.06, "crown_diameter_m": 9.44, "site_id": 3312 }, "geometry": { "type": "Point", "coordinates": [ -73.925542759244507, 40.869262843066231 ] } },
{ "type": "Feature", "properties": { "Height": 44.279998779296903, "Radius": 15.396794722778443, "height_m": 13.5, "crown_diameter_m": 9.39, "site_id": 3313 }, "geometry": { "type": "Point", "coordinates": [ -73.923990202788531, 40.86930624205251 ] } },
{ "type": "Feature", "properties": { "Height": 77.445251464843807, "Radius": 11.507254783503184, "height_m": 23.61, "crown_diameter_m": 7.01, "site_id": 3314 }, "geometry": { "type": "Point", "coordinates": [ -73.925722135097871, 40.869312542290643 ] } },
{ "type": "Feature", "properties": { "Height": 87.544998168945298, "Radius": 28.205247438106955, "height_m": 26.68, "crown_diameter_m": 17.19, "site_id": 3315 }, "geometry": { "type": "Point", "coordinates": [ -73.925026058197631, 40.869324798930833 ] } },
{ "type": "Feature", "properties": { "Height": 44.785499572753899, "Radius": 12.501606061472312, "height_m": 13.65, "crown_diameter_m": 7.62, "site_id": 3316 }, "geometry": { "type": "Point", "coordinates": [ -73.92406516575933, 40.869307998733483 ] } },
{ "type": "Feature", "properties": { "Height": 74.015998840332003, "Radius": 12.927207364566026, "height_m": 22.56, "crown_diameter_m": 7.88, "site_id": 3317 }, "geometry": { "type": "Point", "coordinates": [ -73.924485167915762, 40.869318707417271 ] } },
{ "type": "Feature", "properties": { "Height": 61.3862495422363, "Radius": 19.380548642824149, "height_m": 18.71, "crown_diameter_m": 11.81, "site_id": 3318 }, "geometry": { "type": "Point", "coordinates": [ -73.924730703544782, 40.869302761692495 ] } },
{ "type": "Feature", "properties": { "Height": 76.910751342773395, "Radius": 19.77080019204319, "height_m": 23.44, "crown_diameter_m": 12.05, "site_id": 3319 }, "geometry": { "type": "Point", "coordinates": [ -73.925460405628755, 40.869305935024634 ] } },
{ "type": "Feature", "properties": { "Height": 91.310752868652301, "Radius": 27.725770956528049, "height_m": 27.83, "crown_diameter_m": 16.9, "site_id": 3320 }, "geometry": { "type": "Point", "coordinates": [ -73.922994379115536, 40.869329105277586 ] } },
{ "type": "Feature", "properties": { "Height": 69.205627441406307, "Radius": 21.81634381183779, "height_m": 21.09, "crown_diameter_m": 13.3, "site_id": 3321 }, "geometry": { "type": "Point", "coordinates": [ -73.923463024023349, 40.869328283351862 ] } },
{ "type": "Feature", "properties": { "Height": 85.427253723144503, "Radius": 20.34996712344056, "height_m": 26.04, "crown_diameter_m": 12.41, "site_id": 3322 }, "geometry": { "type": "Point", "coordinates": [ -73.925595311662988, 40.869345443693938 ] } },
{ "type": "Feature", "properties": { "Height": 63.0572509765625, "Radius": 21.587164551489145, "height_m": 19.22, "crown_diameter_m": 13.16, "site_id": 3323 }, "geometry": { "type": "Point", "coordinates": [ -73.924389475861531, 40.869367798844443 ] } },
{ "type": "Feature", "properties": { "Height": 69.632247924804702, "Radius": 22.312253628700276, "height_m": 21.22, "crown_diameter_m": 13.6, "site_id": 3324 }, "geometry": { "type": "Point", "coordinates": [ -73.924101628324323, 40.869364955234509 ] } },
{ "type": "Feature", "properties": { "Height": 73.847747802734403, "Radius": 21.15522866750463, "height_m": 22.51, "crown_diameter_m": 12.9, "site_id": 3325 }, "geometry": { "type": "Point", "coordinates": [ -73.924849109686761, 40.869360268448304 ] } },
{ "type": "Feature", "properties": { "Height": 73.326751708984403, "Radius": 35.256206624475389, "height_m": 22.35, "crown_diameter_m": 21.49, "site_id": 3326 }, "geometry": { "type": "Point", "coordinates": [ -73.923703277654127, 40.869367131962029 ] } },
{ "type": "Feature", "properties": { "Height": 90.932746887207003, "Radius": 24.178008726454948, "height_m": 27.72, "crown_diameter_m": 14.74, "site_id": 3327 }, "geometry": { "type": "Point", "coordinates": [ -73.922853187035912, 40.869362712668597 ] } },
{ "type": "Feature", "properties": { "Height": 73.740371704101605, "Radius": 20.966305178066424, "height_m": 22.48, "crown_diameter_m": 12.78, "site_id": 3328 }, "geometry": { "type": "Point", "coordinates": [ -73.924543764529204, 40.869355979165107 ] } },
{ "type": "Feature", "properties": { "Height": 93.561248779296903, "Radius": 30.523647174935626, "height_m": 28.52, "crown_diameter_m": 18.61, "site_id": 3329 }, "geometry": { "type": "Point", "coordinates": [ -73.922715571783755, 40.869418359047664 ] } },
{ "type": "Feature", "properties": { "Height": 83.309249877929702, "Radius": 32.285992315249793, "height_m": 25.39, "crown_diameter_m": 19.68, "site_id": 3330 }, "geometry": { "type": "Point", "coordinates": [ -73.92328856657916, 40.869395940106138 ] } },
{ "type": "Feature", "properties": { "Height": 70.196998596191406, "Radius": 26.009384568115046, "height_m": 21.4, "crown_diameter_m": 15.86, "site_id": 3331 }, "geometry": { "type": "Point", "coordinates": [ -73.923917346720899, 40.869395585575788 ] } },
{ "type": "Feature", "properties": { "Height": 63.472751617431598, "Radius": 12.991682614232655, "height_m": 19.35, "crown_diameter_m": 7.92, "site_id": 3332 }, "geometry": { "type": "Point", "coordinates": [ -73.923526551782572, 40.869417683688987 ] } },
{ "type": "Feature", "properties": { "Height": 66.731498718261705, "Radius": 21.267777229112745, "height_m": 20.34, "crown_diameter_m": 12.96, "site_id": 3333 }, "geometry": { "type": "Point", "coordinates": [ -73.92422235147707, 40.869408286859446 ] } },
{ "type": "Feature", "properties": { "Height": 52.621498107910199, "Radius": 15.149304536463482, "height_m": 16.04, "crown_diameter_m": 9.24, "site_id": 3334 }, "geometry": { "type": "Point", "coordinates": [ -73.924356588836659, 40.869434502619619 ] } },
{ "type": "Feature", "properties": { "Height": 83.341499328613295, "Radius": 23.695962509005764, "height_m": 25.4, "crown_diameter_m": 14.45, "site_id": 3335 }, "geometry": { "type": "Point", "coordinates": [ -73.925400820583036, 40.869388000398217 ] } },
{ "type": "Feature", "properties": { "Height": 80.026252746582003, "Radius": 20.94351983696302, "height_m": 24.39, "crown_diameter_m": 12.77, "site_id": 3336 }, "geometry": { "type": "Point", "coordinates": [ -73.924778205407648, 40.869450194599942 ] } },
{ "type": "Feature", "properties": { "Height": 79.251625061035199, "Radius": 28.590554169515052, "height_m": 24.16, "crown_diameter_m": 17.43, "site_id": 3337 }, "geometry": { "type": "Point", "coordinates": [ -73.924950008279581, 40.869454702652327 ] } },
{ "type": "Feature", "properties": { "Height": 98.502876281738295, "Radius": 25.375990616127847, "height_m": 30.02, "crown_diameter_m": 15.47, "site_id": 3338 }, "geometry": { "type": "Point", "coordinates": [ -73.925660373054228, 40.869416348701414 ] } },
{ "type": "Feature", "properties": { "Height": 81.572998046875, "Radius": 30.922530590107069, "height_m": 24.86, "crown_diameter_m": 18.85, "site_id": 3339 }, "geometry": { "type": "Point", "coordinates": [ -73.924644483522627, 40.869430558639124 ] } },
{ "type": "Feature", "properties": { "Height": 46.607749938964801, "Radius": 19.969043790746312, "height_m": 14.21, "crown_diameter_m": 12.17, "site_id": 3340 }, "geometry": { "type": "Point", "coordinates": [ -73.923430493848898, 40.869478849634532 ] } },
{ "type": "Feature", "properties": { "Height": 44.101875305175803, "Radius": 15.957691216057308, "height_m": 13.44, "crown_diameter_m": 9.73, "site_id": 3341 }, "geometry": { "type": "Point", "coordinates": [ -73.924491161364372, 40.8694487473431 ] } },
{ "type": "Feature", "properties": { "Height": 74.135246276855497, "Radius": 24.933094627762181, "height_m": 22.6, "crown_diameter_m": 15.2, "site_id": 3342 }, "geometry": { "type": "Point", "coordinates": [ -73.92374559782094, 40.869476612563822 ] } },
{ "type": "Feature", "properties": { "Height": 75.995498657226605, "Radius": 12.859315140102884, "height_m": 23.16, "crown_diameter_m": 7.84, "site_id": 3343 }, "geometry": { "type": "Point", "coordinates": [ -73.922723063514596, 40.869482083562211 ] } },
{ "type": "Feature", "properties": { "Height": 64.407752990722699, "Radius": 14.428259270064393, "height_m": 19.63, "crown_diameter_m": 8.8, "site_id": 3344 }, "geometry": { "type": "Point", "coordinates": [ -73.923250435108827, 40.869480270752526 ] } },
{ "type": "Feature", "properties": { "Height": 92.043746948242202, "Radius": 28.428661611490689, "height_m": 28.05, "crown_diameter_m": 17.33, "site_id": 3345 }, "geometry": { "type": "Point", "coordinates": [ -73.925557270715714, 40.869508376134668 ] } },
{ "type": "Feature", "properties": { "Height": 84.597000122070298, "Radius": 26.840544888386006, "height_m": 25.79, "crown_diameter_m": 16.36, "site_id": 3346 }, "geometry": { "type": "Point", "coordinates": [ -73.923088238248766, 40.869468711242 ] } },
{ "type": "Feature", "properties": { "Height": 73.069747924804702, "Radius": 24.026131161597874, "height_m": 22.27, "crown_diameter_m": 14.65, "site_id": 3347 }, "geometry": { "type": "Point", "coordinates": [ -73.924046322886824, 40.869480055358608 ] } },
{ "type": "Feature", "properties": { "Height": 66.315498352050795, "Radius": 21.981683448430292, "height_m": 20.21, "crown_diameter_m": 13.4, "site_id": 3348 }, "geometry": { "type": "Point", "coordinates": [ -73.924175598575061, 40.869516439985674 ] } },
{ "type": "Feature", "properties": { "Height": 52.021499633789098, "Radius": 15.645456288499071, "height_m": 15.86, "crown_diameter_m": 9.54, "site_id": 3349 }, "geometry": { "type": "Point", "coordinates": [ -73.923524827125121, 40.869486683410258 ] } },
{ "type": "Feature", "properties": { "Height": 60.703498840332003, "Radius": 16.057117045374941, "height_m": 18.5, "crown_diameter_m": 9.79, "site_id": 3350 }, "geometry": { "type": "Point", "coordinates": [ -73.924255852202407, 40.869511070848169 ] } },
{ "type": "Feature", "properties": { "Height": 19.2299995422363, "Radius": 12.153015559492998, "height_m": 5.86, "crown_diameter_m": 7.41, "site_id": 3351 }, "geometry": { "type": "Point", "coordinates": [ -73.922576179234454, 40.869506684613803 ] } },
{ "type": "Feature", "properties": { "Height": 84.532997131347699, "Radius": 31.079114363583667, "height_m": 25.77, "crown_diameter_m": 18.95, "site_id": 3352 }, "geometry": { "type": "Point", "coordinates": [ -73.925284800546294, 40.869429790866263 ] } },
{ "type": "Feature", "properties": { "Height": 50.062751770019503, "Radius": 14.161046158239447, "height_m": 15.26, "crown_diameter_m": 8.63, "site_id": 3353 }, "geometry": { "type": "Point", "coordinates": [ -73.923603529054063, 40.869509299092527 ] } },
{ "type": "Feature", "properties": { "Height": 73.795501708984403, "Radius": 31.760416075933779, "height_m": 22.49, "crown_diameter_m": 19.36, "site_id": 3354 }, "geometry": { "type": "Point", "coordinates": [ -73.925121566554211, 40.869484721140886 ] } },
{ "type": "Feature", "properties": { "Height": 93.827499389648395, "Radius": 25.225016600220457, "height_m": 28.6, "crown_diameter_m": 15.38, "site_id": 3355 }, "geometry": { "type": "Point", "coordinates": [ -73.925467712059671, 40.869552133411979 ] } },
{ "type": "Feature", "properties": { "Height": 59.599250793457003, "Radius": 20.833039380071227, "height_m": 18.17, "crown_diameter_m": 12.7, "site_id": 3356 }, "geometry": { "type": "Point", "coordinates": [ -73.923897777963006, 40.869546477505011 ] } },
{ "type": "Feature", "properties": { "Height": 41.926998138427699, "Radius": 12.877866698399815, "height_m": 12.78, "crown_diameter_m": 7.85, "site_id": 3357 }, "geometry": { "type": "Point", "coordinates": [ -73.924848848604853, 40.869546149900792 ] } },
{ "type": "Feature", "properties": { "Height": 68.417747497558594, "Radius": 19.364117483750853, "height_m": 20.85, "crown_diameter_m": 11.8, "site_id": 3358 }, "geometry": { "type": "Point", "coordinates": [ -73.924747872026032, 40.869552078649363 ] } },
{ "type": "Feature", "properties": { "Height": 53.921501159667997, "Radius": 12.759917977127007, "height_m": 16.44, "crown_diameter_m": 7.78, "site_id": 3359 }, "geometry": { "type": "Point", "coordinates": [ -73.923395287702107, 40.869549848729278 ] } },
{ "type": "Feature", "properties": { "Height": 60.044498443603501, "Radius": 23.984693906857675, "height_m": 18.3, "crown_diameter_m": 14.62, "site_id": 3360 }, "geometry": { "type": "Point", "coordinates": [ -73.923618156621103, 40.869579416339647 ] } },
{ "type": "Feature", "properties": { "Height": 74.573501586914105, "Radius": 18.373013751094568, "height_m": 22.73, "crown_diameter_m": 11.2, "site_id": 3361 }, "geometry": { "type": "Point", "coordinates": [ -73.92454535483219, 40.869538259872627 ] } },
{ "type": "Feature", "properties": { "Height": 66.375251770019503, "Radius": 12.27031279816994, "height_m": 20.23, "crown_diameter_m": 7.48, "site_id": 3362 }, "geometry": { "type": "Point", "coordinates": [ -73.924645713477744, 40.869565742637811 ] } },
{ "type": "Feature", "properties": { "Height": 57.295501708984403, "Radius": 16.46815177937675, "height_m": 17.46, "crown_diameter_m": 10.04, "site_id": 3363 }, "geometry": { "type": "Point", "coordinates": [ -73.924010471642333, 40.869569089207701 ] } },
{ "type": "Feature", "properties": { "Height": 46.553249359130902, "Radius": 16.047202183642064, "height_m": 14.19, "crown_diameter_m": 9.78, "site_id": 3364 }, "geometry": { "type": "Point", "coordinates": [ -73.924109842157435, 40.869597456068256 ] } },
{ "type": "Feature", "properties": { "Height": 85.543502807617202, "Radius": 21.680962257748451, "height_m": 26.07, "crown_diameter_m": 13.22, "site_id": 3365 }, "geometry": { "type": "Point", "coordinates": [ -73.923010731395493, 40.869562621972968 ] } },
{ "type": "Feature", "properties": { "Height": 56.2700004577637, "Radius": 14.56002692986536, "height_m": 17.15, "crown_diameter_m": 8.88, "site_id": 3366 }, "geometry": { "type": "Point", "coordinates": [ -73.923409489824053, 40.869603975738698 ] } },
{ "type": "Feature", "properties": { "Height": 72.944503784179702, "Radius": 26.534910368014152, "height_m": 22.23, "crown_diameter_m": 16.18, "site_id": 3367 }, "geometry": { "type": "Point", "coordinates": [ -73.92437037750986, 40.869543050287334 ] } },
{ "type": "Feature", "properties": { "Height": 73.822998046875, "Radius": 15.897737248738572, "height_m": 22.5, "crown_diameter_m": 9.69, "site_id": 3368 }, "geometry": { "type": "Point", "coordinates": [ -73.92426245115449, 40.86960486199893 ] } },
{ "type": "Feature", "properties": { "Height": 98.795753479003906, "Radius": 21.026945377521798, "height_m": 30.11, "crown_diameter_m": 12.82, "site_id": 3369 }, "geometry": { "type": "Point", "coordinates": [ -73.925356909687508, 40.86958260097218 ] } },
{ "type": "Feature", "properties": { "Height": 82.558250427246094, "Radius": 16.136216622812821, "height_m": 25.16, "crown_diameter_m": 9.84, "site_id": 3370 }, "geometry": { "type": "Point", "coordinates": [ -73.923138532109945, 40.86957547069899 ] } },
{ "type": "Feature", "properties": { "Height": 73.2344970703125, "Radius": 19.613197022747489, "height_m": 22.32, "crown_diameter_m": 11.96, "site_id": 3371 }, "geometry": { "type": "Point", "coordinates": [ -73.924488288874954, 40.869594494995361 ] } },
{ "type": "Feature", "properties": { "Height": 115.77375030517599, "Radius": 24.108792009795966, "height_m": 35.29, "crown_diameter_m": 14.7, "site_id": 3372 }, "geometry": { "type": "Point", "coordinates": [ -73.925687025730056, 40.869562453083098 ] } },
{ "type": "Feature", "properties": { "Height": 68.301750183105497, "Radius": 16.622063085174787, "height_m": 20.82, "crown_diameter_m": 10.13, "site_id": 3373 }, "geometry": { "type": "Point", "coordinates": [ -73.924678958871937, 40.869612878822153 ] } },
{ "type": "Feature", "properties": { "Height": 80.663749694824205, "Radius": 27.122207634533371, "height_m": 24.59, "crown_diameter_m": 16.53, "site_id": 3374 }, "geometry": { "type": "Point", "coordinates": [ -73.923253373796612, 40.869572435946381 ] } },
{ "type": "Feature", "properties": { "Height": 90.389999389648395, "Radius": 25.187131697839174, "height_m": 27.55, "crown_diameter_m": 15.35, "site_id": 3375 }, "geometry": { "type": "Point", "coordinates": [ -73.925188530141554, 40.869592667456601 ] } },
{ "type": "Feature", "properties": { "Height": 69.569999694824205, "Radius": 22.36924542940416, "height_m": 21.2, "crown_diameter_m": 13.64, "site_id": 3376 }, "geometry": { "type": "Point", "coordinates": [ -73.923758236255068, 40.869592218476953 ] } },
{ "type": "Feature", "properties": { "Height": 89.313003540039105, "Radius": 17.505794552760079, "height_m": 27.22, "crown_diameter_m": 10.67, "site_id": 3377 }, "geometry": { "type": "Point", "coordinates": [ -73.922919093305097, 40.869595627649986 ] } },
{ "type": "Feature", "properties": { "Height": 66.437248229980497, "Radius": 13.962979814050147, "height_m": 20.25, "crown_diameter_m": 8.51, "site_id": 3378 }, "geometry": { "type": "Point", "coordinates": [ -73.923945338299831, 40.869619543013314 ] } },
{ "type": "Feature", "properties": { "Height": 79.849746704101605, "Radius": 26.414679072721462, "height_m": 24.34, "crown_diameter_m": 16.1, "site_id": 3379 }, "geometry": { "type": "Point", "coordinates": [ -73.924931502630884, 40.869583272325571 ] } },
{ "type": "Feature", "properties": { "Height": 68.433746337890597, "Radius": 21.62583640638055, "height_m": 20.86, "crown_diameter_m": 13.18, "site_id": 3380 }, "geometry": { "type": "Point", "coordinates": [ -73.922034393264866, 40.869417630673425 ] } },
{ "type": "Feature", "properties": { "Height": 68.801002502441406, "Radius": 18.388166754702102, "height_m": 20.97, "crown_diameter_m": 11.21, "site_id": 3381 }, "geometry": { "type": "Point", "coordinates": [ -73.921730536446375, 40.869477080563868 ] } },
{ "type": "Feature", "properties": { "Height": 79.634246826171903, "Radius": 45.227634318949129, "height_m": 24.27, "crown_diameter_m": 27.57, "site_id": 3382 }, "geometry": { "type": "Point", "coordinates": [ -73.921925671561198, 40.869393384439142 ] } },
{ "type": "Feature", "properties": { "Height": 33.297000885009801, "Radius": 19.298252947742061, "height_m": 10.15, "crown_diameter_m": 11.76, "site_id": 3383 }, "geometry": { "type": "Point", "coordinates": [ -73.922447271279452, 40.86957887849502 ] } },
{ "type": "Feature", "properties": { "Height": 68.144500732421903, "Radius": 36.748193045845561, "height_m": 20.77, "crown_diameter_m": 22.4, "site_id": 3384 }, "geometry": { "type": "Point", "coordinates": [ -73.921540450247875, 40.869580210540661 ] } },
{ "type": "Feature", "properties": { "Height": 77.669502258300795, "Radius": 28.786111429089431, "height_m": 23.67, "crown_diameter_m": 17.55, "site_id": 3385 }, "geometry": { "type": "Point", "coordinates": [ -73.921862940262571, 40.869583024569266 ] } },
{ "type": "Feature", "properties": { "Height": 11.663499832153301, "Radius": 2.3432553289538016, "height_m": 3.56, "crown_diameter_m": 1.43, "site_id": 3386 }, "geometry": { "type": "Point", "coordinates": [ -73.9221111215261, 40.869610705892576 ] } }
]
}
