{
"type": "FeatureCollection",
"name": "hvi",
"crs": { "type": "name", "properties": { "name": "urn:ogc:def:crs:OGC:1.3:CRS84" } },
"features": [
{ "type": "Feature", "properties": { "modzcta": "10461", "label": "10461", "zcta": "10461", "pop_est": "50348", "zcta20": "10461", "hvi": 4.0, "hvi_2018": 4.0 }, "geometry": { "type": "MultiPolygon", "coordinates": [ [ [ [ -73.832687029666772, 40.856132791721109 ], [ -73.832773746136695, 40.856149385684262 ], [ -73.832874936096744, 40.856160511136984 ], [ -73.832976098520049, 40.856182615285626 ], [ -73.83307000362457, 40.856215687669447 ], [ -73.833156651445975, 40.856259728305986 ], [ -73.833221609857191, 40.856303737524954 ], [ -73.833272081139626, 40.856358704595905 ], [ -73.833308065282353, 40.856424629537443 ], [ -73.833315116291118, 40.856496002080576 ], [ -73.833307707574392, 40.856567353731307 ], [ -73.833278636728451, 40.856627695255369 ], [ -73.833227889944141, 40.856682516028606 ], [ -73.832967297082618, 40.856808395510235 ], [ -73.832844278472422, 40.856852132633705 ], [ -73.832750234540626, 40.856873953986536 ], [ -73.832634514643047, 40.856890254408526 ], [ -73.83253326832488, 40.856901086312703 ], [ -73.832461010744211, 40.856884513170002 ], [ -73.832388794701345, 40.856851471807168 ], [ -73.832338296098783, 40.856807483137963 ], [ -73.832302298869138, 40.856747047290099 ], [ -73.832287991354249, 40.856686642962089 ], [ -73.832302589530613, 40.856631770062968 ], [ -73.832331633586676, 40.856582407568688 ], [ -73.83239690993102, 40.856500161236035 ], [ -73.832440551870391, 40.856395925798047 ], [ -73.832687029666772, 40.856132791721109 ] ] ], [ [ [ -73.84276021610988, 40.830818761592305 ], [ -73.84441574236773, 40.830595940086148 ], [ -73.844573083269779, 40.831304289331186 ], [ -73.844204422679368, 40.831336728500695 ], [ -73.8420392622332, 40.833123338687379 ], [ -73.841713366608644, 40.833402852946371 ], [ -73.840981947497866, 40.834011173801663 ], [ -73.839953514610499, 40.834899039211322 ], [ -73.840002272262083, 40.835662137808654 ], [ -73.842185697556829, 40.835374206272022 ], [ -73.843205121116981, 40.835232871469188 ], [ -73.844224540345792, 40.835091527652438 ], [ -73.845263761051243, 40.835757147696029 ], [ -73.845589245601218, 40.835653284742371 ], [ -73.845596218404964, 40.835763082682377 ], [ -73.845617633740289, 40.835878389383019 ], [ -73.845660744793676, 40.83598823568235 ], [ -73.845725551661971, 40.836092621556254 ], [ -73.845804839496083, 40.836186047893072 ], [ -73.845905823269774, 40.836274013732847 ], [ -73.84667798183122, 40.836796538582632 ], [ -73.847587266566208, 40.837412559772112 ], [ -73.848157385034781, 40.837797571721303 ], [ -73.848489340282271, 40.838028564233952 ], [ -73.849167713509118, 40.838490565270945 ], [ -73.849369771786584, 40.83863355443772 ], [ -73.84983885580904, 40.838958042282407 ], [ -73.850040929322546, 40.839095540851517 ], [ -73.850481144850889, 40.839403520234519 ], [ -73.851072932122875, 40.839810503388385 ], [ -73.851722441288643, 40.840266962514924 ], [ -73.852234856160408, 40.840618943315079 ], [ -73.852898849709035, 40.841069924864051 ], [ -73.853094059300489, 40.841048215957564 ], [ -73.853336683202301, 40.842470285468494 ], [ -73.854297619767479, 40.842669122526175 ], [ -73.855207724423593, 40.842977676216641 ], [ -73.85459297475559, 40.843130606725737 ], [ -73.853869735524043, 40.843310843678232 ], [ -73.852871653363849, 40.843562088343489 ], [ -73.852039916541202, 40.843769622490356 ], [ -73.851128538129672, 40.844031942098255 ], [ -73.851149572655643, 40.844322908594108 ], [ -73.852187518752487, 40.8456581725817 ], [ -73.852997944527857, 40.845291417061013 ], [ -73.854446842946928, 40.847148678184062 ], [ -73.855470500971833, 40.848456446724256 ], [ -73.856998834276524, 40.850418072984134 ], [ -73.858512857275272, 40.852352213599069 ], [ -73.859486207585334, 40.853594010471497 ], [ -73.859738582034595, 40.853907214050487 ], [ -73.86007685972146, 40.854626737692243 ], [ -73.860105674461224, 40.85467617733358 ], [ -73.860120041440595, 40.854720110039985 ], [ -73.860228036644415, 40.854934327944228 ], [ -73.860573600655073, 40.855631901175222 ], [ -73.860983930760085, 40.856477765378621 ], [ -73.860968782531302, 40.856807111651747 ], [ -73.861923174980802, 40.856786300185597 ], [ -73.861886751906937, 40.856918002392305 ], [ -73.861835652167755, 40.857153985766246 ], [ -73.861784563473776, 40.857384479713431 ], [ -73.8617843125013, 40.857505246387149 ], [ -73.861790550038577, 40.857982832323962 ], [ -73.858826063821823, 40.858061584100547 ], [ -73.85663524453669, 40.858113776636465 ], [ -73.855991663846879, 40.858162379790215 ], [ -73.855854269158868, 40.858173187029323 ], [ -73.854053649933206, 40.858324626740838 ], [ -73.853106317525715, 40.858411255016939 ], [ -73.852173442816436, 40.858497894041598 ], [ -73.851226130051231, 40.858573528092528 ], [ -73.850278802773815, 40.858654643756203 ], [ -73.849309820173474, 40.858719255137544 ], [ -73.848333793350932, 40.858701508001765 ], [ -73.847393917561931, 40.858683800431109 ], [ -73.846461335737899, 40.858638647868368 ], [ -73.845521652591174, 40.858538584172074 ], [ -73.844589189520306, 40.85844401195132 ], [ -73.843295368097699, 40.85828855844742 ], [ -73.841907666568034, 40.858089046544414 ], [ -73.840968089921617, 40.857950520009837 ], [ -73.840042990404953, 40.857806516477361 ], [ -73.839110678183474, 40.85765700604977 ], [ -73.838178370153756, 40.85750748808438 ], [ -73.837238836359091, 40.857357952381868 ], [ -73.836819700889279, 40.857275019164859 ], [ -73.836906689102079, 40.857181822182802 ], [ -73.836914349775, 40.857006171861585 ], [ -73.836676625187067, 40.856654513258107 ], [ -73.834992267419523, 40.856569775350394 ], [ -73.835375749498851, 40.856449556126307 ], [ -73.834660252865334, 40.856344234128052 ], [ -73.83447235883412, 40.85631102822849 ], [ -73.833048672391115, 40.856072932082874 ], [ -73.832911361040019, 40.856050775648896 ], [ -73.832831874476625, 40.856034192264957 ], [ -73.832759465928575, 40.856078002623569 ], [ -73.832687029666772, 40.856132791721109 ], [ -73.832382823732715, 40.856351926644194 ], [ -73.83213652403181, 40.856543697967034 ], [ -73.831933713212521, 40.856691616824861 ], [ -73.831281352661222, 40.857349394059582 ], [ -73.831114617642271, 40.857524811269954 ], [ -73.830722997492842, 40.857996326690568 ], [ -73.830556217422981, 40.858188211244425 ], [ -73.829591611387954, 40.85936152432317 ], [ -73.828728506539747, 40.860414212871049 ], [ -73.828423871443349, 40.860787040037778 ], [ -73.828344068629136, 40.860891220095851 ], [ -73.828264676645688, 40.860836207868701 ], [ -73.827997140107414, 40.860841298751133 ], [ -73.827867420332794, 40.860676423041177 ], [ -73.827594219442233, 40.86007766956088 ], [ -73.827413762317718, 40.85996212217163 ], [ -73.827320481864135, 40.859687512127806 ], [ -73.827205511644834, 40.859412869512063 ], [ -73.827285072121811, 40.85940200981991 ], [ -73.827220513921958, 40.859204294400776 ], [ -73.82716305784912, 40.859055994269646 ], [ -73.827163086380537, 40.859045015491937 ], [ -73.82714814102718, 40.859231633046988 ], [ -73.827090756450545, 40.859055885936442 ], [ -73.826997435763715, 40.858797743754735 ], [ -73.82673908232951, 40.858056285599737 ], [ -73.826731923803806, 40.858028827793028 ], [ -73.826646122112962, 40.857660908336335 ], [ -73.82656770877874, 40.857232616364968 ], [ -73.826503584408457, 40.856870218744646 ], [ -73.826482138166554, 40.856776866479734 ], [ -73.826460792247019, 40.856645088471751 ], [ -73.826453662635572, 40.856606651858698 ], [ -73.826439446412081, 40.856513310456769 ], [ -73.826418200948041, 40.856343106695249 ], [ -73.826396826637719, 40.856222307448427 ], [ -73.826375538385491, 40.856068571845292 ], [ -73.826354264563477, 40.855909346842282 ], [ -73.826340177624914, 40.855766600889616 ], [ -73.826318903984145, 40.855607375871628 ], [ -73.826276543403097, 40.855217563709196 ], [ -73.826241369976032, 40.854844230572049 ], [ -73.82623471395128, 40.854624643966645 ], [ -73.826221201240017, 40.854262322236927 ], [ -73.826243750529315, 40.853932991293838 ], [ -73.826280816038789, 40.853581724524915 ], [ -73.826361114889224, 40.85328541696196 ], [ -73.826267188581085, 40.85326331788923 ], [ -73.826043174269188, 40.853224554407902 ], [ -73.826079537106452, 40.853142267992766 ], [ -73.826188610733652, 40.85290089806616 ], [ -73.82654590396227, 40.851732190044451 ], [ -73.826495599260397, 40.85161683663172 ], [ -73.826655402764388, 40.851326137732919 ], [ -73.826771843559953, 40.851029884076134 ], [ -73.826859394955505, 40.850722608096092 ], [ -73.826925272223818, 40.850409810100125 ], [ -73.826969461374503, 40.850096979521958 ], [ -73.826984733581455, 40.849784105544472 ], [ -73.826978332629636, 40.849465709623985 ], [ -73.826950215988376, 40.849158259951039 ], [ -73.826893183484771, 40.848850766866512 ], [ -73.826785891598576, 40.848411452190184 ], [ -73.826512779451278, 40.84780171606338 ], [ -73.826476835347833, 40.847724810104083 ], [ -73.826117169293966, 40.847043580243323 ], [ -73.825757438711847, 40.846389796185143 ], [ -73.825491428980328, 40.84583496235966 ], [ -73.824955797188736, 40.846103132522529 ], [ -73.825082380894145, 40.844698032108028 ], [ -73.82507619162385, 40.844302784164441 ], [ -73.825136545123058, 40.843342226289302 ], [ -73.825181603537544, 40.842700031769112 ], [ -73.825578861193492, 40.84281591111197 ], [ -73.825679972129691, 40.842849000517703 ], [ -73.825809996693565, 40.842882133501732 ], [ -73.826243412841947, 40.842992575721958 ], [ -73.826081393483847, 40.841372950734389 ], [ -73.826024472161166, 40.841027030966274 ], [ -73.825989250217035, 40.840675654459346 ], [ -73.825968484852737, 40.840324299733389 ], [ -73.825962161478486, 40.839978456202999 ], [ -73.825907569122108, 40.838743252257686 ], [ -73.825887508752345, 40.838122916384734 ], [ -73.825846914939817, 40.83706339495162 ], [ -73.825804094621176, 40.836854731893439 ], [ -73.825732363754213, 40.836646025132573 ], [ -73.825653391270365, 40.836442796804356 ], [ -73.825559949555824, 40.836245035963252 ], [ -73.825488047324328, 40.836102201954844 ], [ -73.8254450559199, 40.835959411656745 ], [ -73.825416534332945, 40.835811153810475 ], [ -73.825402482473805, 40.835657428426359 ], [ -73.825417326595172, 40.83550923621312 ], [ -73.825446625779563, 40.835361065872505 ], [ -73.825497593080911, 40.835218417740435 ], [ -73.825606495544605, 40.835031941734464 ], [ -73.825729852415066, 40.834845487462538 ], [ -73.825874847958957, 40.834675534025855 ], [ -73.826041510824297, 40.834511102520189 ], [ -73.826222613436869, 40.834352181962224 ], [ -73.826157795834717, 40.834264253338233 ], [ -73.826071453950817, 40.834115908444076 ], [ -73.826013878553624, 40.834022501222499 ], [ -73.826802681862674, 40.83363393866744 ], [ -73.828192110244373, 40.832949837551624 ], [ -73.828988341126873, 40.832473440117973 ], [ -73.829712246459849, 40.832013398702379 ], [ -73.829972846562399, 40.831849100131301 ], [ -73.830443354944791, 40.83155885274838 ], [ -73.831174467369081, 40.831098812709051 ], [ -73.831362260728881, 40.831143002955237 ], [ -73.831456171407865, 40.831159608547758 ], [ -73.830674372359383, 40.83165800200856 ], [ -73.830030103099588, 40.83206876195154 ], [ -73.830066056872653, 40.832140177594589 ], [ -73.830130807494939, 40.832255551126671 ], [ -73.829312821065301, 40.832764860862532 ], [ -73.828357474360487, 40.833284939292803 ], [ -73.828551820374543, 40.833592636692032 ], [ -73.828638223663987, 40.833719022090108 ], [ -73.829070498889891, 40.834252138642675 ], [ -73.829178628678818, 40.834362087516915 ], [ -73.8293012278464, 40.834466568270429 ], [ -73.829438310503335, 40.834560091444956 ], [ -73.829589890703204, 40.8346371675771 ], [ -73.829755954337401, 40.83470328602256 ], [ -73.8299220463674, 40.834758425403621 ], [ -73.830745478626753, 40.834957256337276 ], [ -73.832240786670283, 40.835272338695873 ], [ -73.832356731873077, 40.835151739777437 ], [ -73.833630138440611, 40.834610129907382 ], [ -73.835308708530022, 40.833887933946137 ], [ -73.836388027261719, 40.835838218537013 ], [ -73.837234303229764, 40.835575923250566 ], [ -73.837711859773023, 40.835357018961112 ], [ -73.83823997927712, 40.835149162481692 ], [ -73.838428082046804, 40.835072574108118 ], [ -73.838551070035749, 40.835023341453358 ], [ -73.838585090100892, 40.835896208643163 ], [ -73.838662716994079, 40.836670326958341 ], [ -73.838667721656677, 40.837587068719827 ], [ -73.838666922942465, 40.837916433349989 ], [ -73.838620626403056, 40.839124042832253 ], [ -73.838554455618578, 40.839585062151372 ], [ -73.838392785407066, 40.840677231703275 ], [ -73.838493926118815, 40.840699331072891 ], [ -73.838804576811086, 40.840765638750909 ], [ -73.8393680944707, 40.840881702856237 ], [ -73.839564062519202, 40.840547120601954 ], [ -73.839718220663485, 40.839564727519701 ], [ -73.840303795993734, 40.839521624350283 ], [ -73.840275635152366, 40.839208687993036 ], [ -73.840225210645372, 40.839137255594757 ], [ -73.84016033030791, 40.839065803141239 ], [ -73.840167703349309, 40.839005429653412 ], [ -73.84014616455228, 40.838945016098151 ], [ -73.84011024905341, 40.838851646041867 ], [ -73.840095845938222, 40.838829668362884 ], [ -73.840067118916011, 40.838752776541028 ], [ -73.84011078996717, 40.838626580242277 ], [ -73.840132500114521, 40.838615631479662 ], [ -73.839952594464989, 40.838286016279618 ], [ -73.840003268868116, 40.838253150014822 ], [ -73.839931835348182, 40.837901727465692 ], [ -73.839917577794012, 40.837819366244752 ], [ -73.839917670255247, 40.837780940370578 ], [ -73.839947057001652, 40.837583361708418 ], [ -73.839890661315863, 40.836990425057756 ], [ -73.839840318193225, 40.836886055995578 ], [ -73.839833381202098, 40.836765278905673 ], [ -73.839862503489158, 40.836677488464773 ], [ -73.839841441455718, 40.836419456004144 ], [ -73.839842168264227, 40.836117538342961 ], [ -73.839792777624197, 40.83561793154859 ], [ -73.839756785087943, 40.835557497805624 ], [ -73.839735287450296, 40.835480615900011 ], [ -73.83972104388279, 40.835392765208077 ], [ -73.839706787127241, 40.835310403925995 ], [ -73.839685435128573, 40.835173138464882 ], [ -73.839671165235629, 40.835096266588401 ], [ -73.839685871631076, 40.834991987832318 ], [ -73.839678776383337, 40.834937083653585 ], [ -73.83968612294963, 40.834887688980778 ], [ -73.839707884848679, 40.834854782637841 ], [ -73.839592959347073, 40.834558193534342 ], [ -73.839578663220763, 40.834492300465818 ], [ -73.839528362198394, 40.834371462981998 ], [ -73.839572071105252, 40.834228798551791 ], [ -73.839594203417306, 40.834042188634932 ], [ -73.839761214192791, 40.833718544273331 ], [ -73.839783015329431, 40.833669169666486 ], [ -73.839921167688743, 40.833323527229282 ], [ -73.840182024617164, 40.833043927912016 ], [ -73.840739592231955, 40.832600055102283 ], [ -73.84112338455823, 40.832287686726609 ], [ -73.841818530137161, 40.831728719988064 ], [ -73.842216454221656, 40.831548113754103 ], [ -73.842347128293994, 40.831301267904401 ], [ -73.842528235188439, 40.831120363990664 ], [ -73.842629700321595, 40.830999734923687 ], [ -73.84276021610988, 40.830818761592305 ] ] ] ] } },
{ "type": "Feature", "properties": { "modzcta": "10462", "label": "10462", "zcta": "10462", "pop_est": "76756", "zcta20": "10462", "hvi": 5.0, "hvi_2018": 5.0 }, "geometry": { "type": "MultiPolygon", "coordinates": [ [ [ [ -73.845591671114022, 40.828379788379493 ], [ -73.845432439022176, 40.828483874370448 ], [ -73.845757467802187, 40.828561161670287 ], [ -73.845851403863236, 40.82856677670808 ], [ -73.845952592188524, 40.828561422483538 ], [ -73.84603936494598, 40.828539580615157 ], [ -73.846126163035848, 40.828506759841538 ], [ -73.846198532778146, 40.828462940886986 ], [ -73.846624396275885, 40.828688574969874 ], [ -73.846884246822697, 40.82882615618572 ], [ -73.847245173846886, 40.829007786230783 ], [ -73.847280602661286, 40.829315241576609 ], [ -73.847323938936583, 40.829326277829509 ], [ -73.847374489548002, 40.829342813050147 ], [ -73.847381716462237, 40.829342822614471 ], [ -73.847973909536364, 40.829524756181662 ], [ -73.848190730084099, 40.8295195523676 ], [ -73.848551801878784, 40.829640794692494 ], [ -73.848963401404959, 40.829789549245426 ], [ -73.849468941082051, 40.829943914415431 ], [ -73.849837269279391, 40.830054183302323 ], [ -73.850465598120365, 40.830241640516817 ], [ -73.850646162529316, 40.830291279414759 ], [ -73.851534497779141, 40.830555919306775 ], [ -73.85212672520484, 40.830732342093341 ], [ -73.852372299286571, 40.830798529922106 ], [ -73.852856185408555, 40.830947363043059 ], [ -73.853188401380166, 40.831052085679303 ], [ -73.853961183070112, 40.831289112493607 ], [ -73.854257290846206, 40.831382807444079 ], [ -73.855044558429356, 40.831608866415387 ], [ -73.85544180185056, 40.831724643120971 ], [ -73.855709028722202, 40.831807319261912 ], [ -73.855954598450566, 40.831878988868333 ], [ -73.856720207846038, 40.832099519881943 ], [ -73.857391915273439, 40.832297971994578 ], [ -73.857659146870972, 40.832380643608857 ], [ -73.858475311870052, 40.832623183050899 ], [ -73.859118120644169, 40.832821589612983 ], [ -73.859349254789663, 40.832887744903516 ], [ -73.860085966200515, 40.833113707692725 ], [ -73.860324295083501, 40.833196338044765 ], [ -73.860338634522975, 40.833251249720355 ], [ -73.860381825775065, 40.833333643479683 ], [ -73.860425040165893, 40.833405058387875 ], [ -73.860489959765673, 40.833465520675333 ], [ -73.86056934572828, 40.833520510984975 ], [ -73.860655982191645, 40.833564531138407 ], [ -73.860749869127275, 40.833597581119498 ], [ -73.860851017980323, 40.833614171494041 ], [ -73.861292048387696, 40.833537850735624 ], [ -73.861378879784354, 40.833488550259332 ], [ -73.861422335452033, 40.833444687037222 ], [ -73.861559895192045, 40.833329574197762 ], [ -73.862724347902358, 40.832919258791655 ], [ -73.862724030771204, 40.833072962481545 ], [ -73.862845627832996, 40.833687923381682 ], [ -73.862917856475221, 40.833709966976514 ], [ -73.863322376097543, 40.833814746252877 ], [ -73.863856923041965, 40.833952614251501 ], [ -73.8648826143002, 40.834250249676643 ], [ -73.865857722360502, 40.834547817132304 ], [ -73.866803951064597, 40.834834364112069 ], [ -73.866731598960683, 40.834872706533154 ], [ -73.866521813730984, 40.834965784223201 ], [ -73.866449472340634, 40.834998637050433 ], [ -73.866369903344108, 40.835031481458103 ], [ -73.866051604468552, 40.835173837369879 ], [ -73.865979262619803, 40.835206689900978 ], [ -73.865075540109714, 40.83534287192488 ], [ -73.864996916837967, 40.834909115046116 ], [ -73.863971226134439, 40.834605991254477 ], [ -73.863306703248696, 40.834407586105826 ], [ -73.86300333050842, 40.834319395269908 ], [ -73.862945556085336, 40.834297368909283 ], [ -73.862959762242653, 40.834418153243462 ], [ -73.863159839384423, 40.835532744913223 ], [ -73.863552572036113, 40.837866216877657 ], [ -73.864514076307188, 40.83776854067623 ], [ -73.864885854339789, 40.839772617067332 ], [ -73.863938418503011, 40.840045974544438 ], [ -73.864478399760159, 40.841089600773891 ], [ -73.864701535929697, 40.841550974262439 ], [ -73.865169513709418, 40.842468255776147 ], [ -73.865724999159795, 40.843012356493468 ], [ -73.86591256140494, 40.84319921500267 ], [ -73.866425250298278, 40.843463302052413 ], [ -73.866844071919601, 40.843677873701253 ], [ -73.867565717221922, 40.844282540723761 ], [ -73.867788623669625, 40.844875653752688 ], [ -73.868041744609357, 40.844815559981953 ], [ -73.868410185929406, 40.844925769268805 ], [ -73.868583444832197, 40.845041244592451 ], [ -73.868930754012425, 40.844871467756704 ], [ -73.869147223405989, 40.845069332610841 ], [ -73.870209285164179, 40.845350492874331 ], [ -73.870731871241006, 40.844258685280167 ], [ -73.870818816235612, 40.844154483709069 ], [ -73.870905760957839, 40.84405028207064 ], [ -73.871007151770883, 40.843951585940772 ], [ -73.87112303117523, 40.843836437649102 ], [ -73.871246128033121, 40.843726786715813 ], [ -73.871376442339425, 40.843622633118102 ], [ -73.871506756237665, 40.843518479371255 ], [ -73.871629809502693, 40.843430785656864 ], [ -73.871760080299467, 40.843348589255108 ], [ -73.871890350774294, 40.843266392705097 ], [ -73.871962687902879, 40.843239025920347 ], [ -73.871918905144497, 40.843453064709351 ], [ -73.871846028431463, 40.84376039129549 ], [ -73.871743972384309, 40.844204920871839 ], [ -73.871671062270082, 40.844528715530345 ], [ -73.871656478043874, 40.844594572335843 ], [ -73.871466965329361, 40.845406795318127 ], [ -73.87141551581071, 40.845845891443375 ], [ -73.871386027840003, 40.846142287139585 ], [ -73.871371283756105, 40.846290484979171 ], [ -73.871334163119968, 40.846795469986589 ], [ -73.871340627480308, 40.847190715223007 ], [ -73.871340446983098, 40.847284035107258 ], [ -73.871340245250323, 40.847388333799643 ], [ -73.871362430408013, 40.85086864764925 ], [ -73.871376177707262, 40.85123645365951 ], [ -73.871404670378809, 40.851456061939281 ], [ -73.871454501180295, 40.851856844593399 ], [ -73.87147591348787, 40.851999593170675 ], [ -73.87164751186377, 40.852987878333984 ], [ -73.871668988497575, 40.853097690450966 ], [ -73.871697567645128, 40.8532733833934 ], [ -73.871726242223431, 40.85339967173163 ], [ -73.871826577658908, 40.853855404334084 ], [ -73.871869648472966, 40.854014645078422 ], [ -73.871833341813627, 40.854096945902761 ], [ -73.871774891158282, 40.854415266735025 ], [ -73.871752927033683, 40.854557966976401 ], [ -73.871731036919954, 40.85466224142494 ], [ -73.871694634430483, 40.854793946776347 ], [ -73.871658327129197, 40.854876247534328 ], [ -73.87162200914257, 40.85496403767732 ], [ -73.871585680461564, 40.855057317204952 ], [ -73.87151317125705, 40.855167024658492 ], [ -73.871397134804056, 40.85535353527937 ], [ -73.871339169428055, 40.855419343558182 ], [ -73.871266648797331, 40.855534540246843 ], [ -73.871143455674002, 40.855682616755161 ], [ -73.871041940745101, 40.855836206770746 ], [ -73.870933248797058, 40.855962341622252 ], [ -73.870795583823437, 40.856115890967175 ], [ -73.870715842323207, 40.856225589802172 ], [ -73.870607202517704, 40.856324277356912 ], [ -73.870491353908065, 40.856411977899853 ], [ -73.870353836789306, 40.856488675161771 ], [ -73.870209110902834, 40.856554385333617 ], [ -73.870057187023917, 40.856603618992786 ], [ -73.869276187429946, 40.85669056723377 ], [ -73.869073253463952, 40.856942849876781 ], [ -73.868877537079612, 40.85720062976403 ], [ -73.86876880630291, 40.857343230731168 ], [ -73.868413669429373, 40.85778197880493 ], [ -73.868188984360756, 40.858061682075451 ], [ -73.868203531461134, 40.858017783440339 ], [ -73.868196399336654, 40.857968370631738 ], [ -73.868174807178477, 40.8579189413012 ], [ -73.868131514118033, 40.857874976571537 ], [ -73.868080958437645, 40.857847471742097 ], [ -73.868023151001736, 40.857830937409069 ], [ -73.86758935025135, 40.857830440363124 ], [ -73.866584323479245, 40.857856729578643 ], [ -73.865644366074065, 40.857883085833748 ], [ -73.864668268990542, 40.857903902638604 ], [ -73.864552577490201, 40.857909256282738 ], [ -73.863959682119031, 40.857925026925962 ], [ -73.863872921851865, 40.857924924591543 ], [ -73.8632655661321, 40.857940674605636 ], [ -73.863186024577203, 40.857946069716995 ], [ -73.862961882508984, 40.857951293110588 ], [ -73.862875122209076, 40.85795119002583 ], [ -73.861790550038577, 40.857982832323962 ], [ -73.8617843125013, 40.857505246387149 ], [ -73.861784563473776, 40.857384479713431 ], [ -73.861835652167755, 40.857153985766246 ], [ -73.861886751906937, 40.856918002392305 ], [ -73.861923174980802, 40.856786300185597 ], [ -73.860968782531302, 40.856807111651747 ], [ -73.860983930760085, 40.856477765378621 ], [ -73.860573600655073, 40.855631901175222 ], [ -73.860228036644415, 40.854934327944228 ], [ -73.860120041440595, 40.854720110039985 ], [ -73.860105674461224, 40.85467617733358 ], [ -73.86007685972146, 40.854626737692243 ], [ -73.859738582034595, 40.853907214050487 ], [ -73.859486207585334, 40.853594010471497 ], [ -73.858512857275272, 40.852352213599069 ], [ -73.856998834276524, 40.850418072984134 ], [ -73.855470500971833, 40.848456446724256 ], [ -73.854446842946928, 40.847148678184062 ], [ -73.852997944527857, 40.845291417061013 ], [ -73.852187518752487, 40.8456581725817 ], [ -73.851149572655643, 40.844322908594108 ], [ -73.851128538129672, 40.844031942098255 ], [ -73.852039916541202, 40.843769622490356 ], [ -73.852871653363849, 40.843562088343489 ], [ -73.853869735524043, 40.843310843678232 ], [ -73.85459297475559, 40.843130606725737 ], [ -73.855207724423593, 40.842977676216641 ], [ -73.854297619767479, 40.842669122526175 ], [ -73.853336683202301, 40.842470285468494 ], [ -73.853094059300489, 40.841048215957564 ], [ -73.852898849709035, 40.841069924864051 ], [ -73.852234856160408, 40.840618943315079 ], [ -73.851722441288643, 40.840266962514924 ], [ -73.851072932122875, 40.839810503388385 ], [ -73.850481144850889, 40.839403520234519 ], [ -73.850040929322546, 40.839095540851517 ], [ -73.84983885580904, 40.838958042282407 ], [ -73.849369771786584, 40.83863355443772 ], [ -73.849167713509118, 40.838490565270945 ], [ -73.848489340282271, 40.838028564233952 ], [ -73.848157385034781, 40.837797571721303 ], [ -73.847587266566208, 40.837412559772112 ], [ -73.84667798183122, 40.836796538582632 ], [ -73.845905823269774, 40.836274013732847 ], [ -73.845804839496083, 40.836186047893072 ], [ -73.845725551661971, 40.836092621556254 ], [ -73.845660744793676, 40.83598823568235 ], [ -73.845617633740289, 40.835878389383019 ], [ -73.845596218404964, 40.835763082682377 ], [ -73.845589245601218, 40.835653284742371 ], [ -73.845263761051243, 40.835757147696029 ], [ -73.844224540345792, 40.835091527652438 ], [ -73.843205121116981, 40.835232871469188 ], [ -73.842185697556829, 40.835374206272022 ], [ -73.840002272262083, 40.835662137808654 ], [ -73.839953514610499, 40.834899039211322 ], [ -73.840981947497866, 40.834011173801663 ], [ -73.841713366608644, 40.833402852946371 ], [ -73.8420392622332, 40.833123338687379 ], [ -73.844204422679368, 40.831336728500695 ], [ -73.844573083269779, 40.831304289331186 ], [ -73.84441574236773, 40.830595940086148 ], [ -73.84276021610988, 40.830818761592305 ], [ -73.84270256822775, 40.830747320321706 ], [ -73.842935311599206, 40.830121841896542 ], [ -73.843050995365445, 40.830100041649665 ], [ -73.843094538572174, 40.830023248800337 ], [ -73.843101920893602, 40.829957385614364 ], [ -73.843022411158771, 40.829962766850151 ], [ -73.843051798181278, 40.829759697717698 ], [ -73.843109536189488, 40.829792712896932 ], [ -73.843038406137381, 40.829309545719077 ], [ -73.843032059835366, 40.828936255390666 ], [ -73.842996184548284, 40.828826417817417 ], [ -73.842945881602759, 40.828705581709038 ], [ -73.84291716861749, 40.828623201046078 ], [ -73.842895617723642, 40.828568277317792 ], [ -73.843105286386063, 40.828530136701595 ], [ -73.843705332101536, 40.828437631068965 ], [ -73.843907760199173, 40.828404968618024 ], [ -73.843987190774044, 40.828432523288924 ], [ -73.844124397378238, 40.828476624324296 ], [ -73.844970357366208, 40.828296613247858 ], [ -73.84531693750651, 40.828428825134083 ], [ -73.845591671114022, 40.828379788379493 ] ] ] ] } },
{ "type": "Feature", "properties": { "modzcta": "10464", "label": "10464", "zcta": "10464", "pop_est": "4434", "zcta20": "10464", "hvi": 1.0, "hvi_2018": 1.0 }, "geometry": { "type": "MultiPolygon", "coordinates": [ [ [ [ -73.782384690302138, 40.875108107456192 ], [ -73.78213889641323, 40.875080196698704 ], [ -73.782220083168269, 40.874580814446041 ], [ -73.782660542340921, 40.874790242052214 ], [ -73.782384690302138, 40.875108107456192 ] ] ], [ [ [ -73.783743925075669, 40.87299724296301 ], [ -73.784191360800165, 40.873283529502508 ], [ -73.784023694919412, 40.873694920984015 ], [ -73.783806600422523, 40.87373842969545 ], [ -73.783589505641515, 40.873781937998132 ], [ -73.783337271446115, 40.873512484011904 ], [ -73.783432374217995, 40.873177808987464 ], [ -73.783743925075669, 40.87299724296301 ] ] ], [ [ [ -73.78571473308142, 40.874065863319039 ], [ -73.785801249000244, 40.874148364952617 ], [ -73.785786361015994, 40.87428008294323 ], [ -73.785641477505109, 40.874356665527223 ], [ -73.785526176016518, 40.874230195074389 ], [ -73.785570062387805, 40.874076573396508 ], [ -73.78571473308142, 40.874065863319039 ] ] ], [ [ [ -73.815106477236597, 40.863055551042173 ], [ -73.815243354852399, 40.863236920755831 ], [ -73.814931217279607, 40.863675573122521 ], [ -73.814879930452761, 40.863917024765492 ], [ -73.815016595451951, 40.864175246072968 ], [ -73.815225538232994, 40.864444561784708 ], [ -73.815159393679849, 40.864828714285515 ], [ -73.815085925971573, 40.865245791422147 ], [ -73.8151717040042, 40.865602740215813 ], [ -73.815737550723753, 40.864939427131048 ], [ -73.816621809668604, 40.864177808379452 ], [ -73.816845613488553, 40.864304420199261 ], [ -73.816997035405123, 40.864458363835176 ], [ -73.816416667976128, 40.865149107052986 ], [ -73.815785900456603, 40.865757425757032 ], [ -73.819388065053943, 40.8679863287947 ], [ -73.819409728567265, 40.867997341505728 ], [ -73.820918561986915, 40.868916423114243 ], [ -73.820976323003265, 40.868949449149042 ], [ -73.82104133006834, 40.86897699699125 ], [ -73.821113553640586, 40.869010045385416 ], [ -73.821265232228839, 40.869076153238375 ], [ -73.823293760839988, 40.873097517450795 ], [ -73.82110122646499, 40.878967791177296 ], [ -73.820051261538239, 40.882111579248736 ], [ -73.820237400006491, 40.885493331449013 ], [ -73.820273416673473, 40.88554828138566 ], [ -73.819831875174671, 40.885668359469562 ], [ -73.818420414258938, 40.886039425778876 ], [ -73.817428774737564, 40.886295862573533 ], [ -73.816704950079355, 40.886481354459463 ], [ -73.815481973722214, 40.886688002471388 ], [ -73.81536621294147, 40.886698796125032 ], [ -73.815286617850205, 40.886709647544535 ], [ -73.81527924742845, 40.886759040207664 ], [ -73.815177586522978, 40.886901601456486 ], [ -73.815139237863676, 40.887686521914809 ], [ -73.815115950378711, 40.888257380450433 ], [ -73.815171649661607, 40.889036961943539 ], [ -73.81365363620543, 40.888677711398643 ], [ -73.812432034902884, 40.888379306102188 ], [ -73.811268264165591, 40.888097450565482 ], [ -73.809894958386664, 40.887738386977396 ], [ -73.809432313229777, 40.887638815163733 ], [ -73.808723913223659, 40.887478451274326 ], [ -73.807560428226239, 40.887108728570318 ], [ -73.806382234075073, 40.886826799585094 ], [ -73.804835370009059, 40.886472873745539 ], [ -73.804524523496738, 40.886411964483017 ], [ -73.804235409196792, 40.886340112470549 ], [ -73.802912662692847, 40.88603045578818 ], [ -73.801922680852044, 40.885710376675888 ], [ -73.79929901196067, 40.885069075352106 ], [ -73.797730728149958, 40.884649144134514 ], [ -73.797326019441357, 40.884538646410299 ], [ -73.796285237949519, 40.884289791619558 ], [ -73.794868745545898, 40.883914004321127 ], [ -73.794052098120318, 40.883698463805324 ], [ -73.793856982356587, 40.88364322158025 ], [ -73.793004399804246, 40.883356247361156 ], [ -73.793230271928763, 40.882824181298901 ], [ -73.793585629565683, 40.882517411457307 ], [ -73.793789847384815, 40.881968837325466 ], [ -73.794915307037584, 40.880543600586407 ], [ -73.795544076226875, 40.880692929790733 ], [ -73.795026248037459, 40.879747835579167 ], [ -73.796249683062527, 40.877010793675908 ], [ -73.797127277989418, 40.876188930183766 ], [ -73.797200820209, 40.875788333417646 ], [ -73.797441464741866, 40.875135517677805 ], [ -73.798550171492494, 40.874401878964946 ], [ -73.798911031208277, 40.87464404187687 ], [ -73.79981646432006, 40.874162548949187 ], [ -73.799876367228336, 40.873481967324885 ], [ -73.800276106043825, 40.872818442449919 ], [ -73.800872782197118, 40.871589847802426 ], [ -73.801372149113845, 40.871458962786008 ], [ -73.802524791708393, 40.870505785111312 ], [ -73.803179370256458, 40.871681635372411 ], [ -73.802700510773434, 40.872213289519927 ], [ -73.803393880913561, 40.872505411126724 ], [ -73.804316251805986, 40.871162075721308 ], [ -73.803731087481793, 40.87096346348816 ], [ -73.803582227205467, 40.869947670804699 ], [ -73.802829779294328, 40.870078133241456 ], [ -73.803020525844843, 40.86915623928806 ], [ -73.804221363229829, 40.86900457961238 ], [ -73.80482788326465, 40.869313013642127 ], [ -73.805544820563895, 40.868957412810445 ], [ -73.805884367075365, 40.869067772567341 ], [ -73.805745145709736, 40.869693330216876 ], [ -73.808416422379011, 40.87119091335542 ], [ -73.808389284006282, 40.870570565974162 ], [ -73.807543767626612, 40.870377029864947 ], [ -73.8078057945322, 40.869790100567968 ], [ -73.806952883192253, 40.869656931193475 ], [ -73.806731297888859, 40.868767277001794 ], [ -73.805929789050936, 40.868370694716226 ], [ -73.804874444021266, 40.868231679864621 ], [ -73.804647708251821, 40.866644858189638 ], [ -73.803850764337838, 40.867164999749662 ], [ -73.803005093068165, 40.867042792180776 ], [ -73.803059351697286, 40.86581325780778 ], [ -73.802257329058634, 40.865608778081501 ], [ -73.800695276984015, 40.868081812726992 ], [ -73.798574346561978, 40.871196111235562 ], [ -73.797804590814849, 40.872254219587703 ], [ -73.796935662512055, 40.872625973100348 ], [ -73.794793327265126, 40.873198570512535 ], [ -73.793971913148241, 40.874563967572605 ], [ -73.793569322980275, 40.876122237373551 ], [ -73.793596393510825, 40.876720630139985 ], [ -73.793168660644014, 40.877054717582297 ], [ -73.794223543604517, 40.877380477727229 ], [ -73.794403532004623, 40.877644289544911 ], [ -73.793843711486204, 40.878592956377993 ], [ -73.792995811090989, 40.879145867583425 ], [ -73.792886950115374, 40.879266438965168 ], [ -73.792590133408353, 40.879359225637529 ], [ -73.792191874218943, 40.879512212277518 ], [ -73.79188734196309, 40.879758686299972 ], [ -73.791742281594708, 40.879890170101767 ], [ -73.79145994254209, 40.879977490593987 ], [ -73.79127186545243, 40.879988129389389 ], [ -73.790902874448463, 40.88003137661692 ], [ -73.790692736962114, 40.880157251781981 ], [ -73.790576637712817, 40.880277807845488 ], [ -73.790489260280111, 40.880464288662665 ], [ -73.790474259072397, 40.880634432644008 ], [ -73.790430345097647, 40.880799034727765 ], [ -73.790227263601466, 40.880979815782212 ], [ -73.79006060369376, 40.881078321829861 ], [ -73.789865030487206, 40.881171285603571 ], [ -73.789785351071686, 40.881209566257503 ], [ -73.789560985885842, 40.881258561922728 ], [ -73.789264625433361, 40.881203127241783 ], [ -73.78931723628115, 40.880577432394624 ], [ -73.789123543906541, 40.880077543759022 ], [ -73.790065283723493, 40.87959619388635 ], [ -73.789524750385866, 40.878996865282588 ], [ -73.788273946839368, 40.87887381068397 ], [ -73.787752906689249, 40.878971662759142 ], [ -73.787412918457804, 40.878992994580905 ], [ -73.787123661583593, 40.878981482611074 ], [ -73.786942783736919, 40.879003106420896 ], [ -73.786740191253074, 40.879030179220223 ], [ -73.785886655583795, 40.879067024638573 ], [ -73.784384418317998, 40.878421968436648 ], [ -73.784176964237716, 40.8777189377955 ], [ -73.784709320173874, 40.876358561316344 ], [ -73.785428106228878, 40.875487085477943 ], [ -73.785971631035878, 40.875136773183847 ], [ -73.786683067497691, 40.874292722764139 ], [ -73.787083241659147, 40.873535924420651 ], [ -73.787156771170018, 40.873157291342935 ], [ -73.787194299834425, 40.872729187190416 ], [ -73.786790033221124, 40.872508864881226 ], [ -73.786248069446415, 40.872381606016788 ], [ -73.785994363413835, 40.872567775493508 ], [ -73.785733265138688, 40.872803335305974 ], [ -73.785450168945545, 40.873132173462814 ], [ -73.785275279527212, 40.873543553328744 ], [ -73.785079863737153, 40.873592594171292 ], [ -73.78517540123002, 40.873120683486832 ], [ -73.785683988415798, 40.872386049197488 ], [ -73.785561795051137, 40.872155267270628 ], [ -73.785259399265883, 40.871742999694369 ], [ -73.78439546756799, 40.872784375397764 ], [ -73.784033743698132, 40.872827614230964 ], [ -73.783810509113266, 40.872536257885535 ], [ -73.783427913847987, 40.872326943171487 ], [ -73.783066890285482, 40.872156093555255 ], [ -73.783053985337247, 40.871678491167877 ], [ -73.783141551101792, 40.871437121977152 ], [ -73.783243382299773, 40.871256162955788 ], [ -73.783244062271734, 40.871047566862515 ], [ -73.783186586658857, 40.870932181390309 ], [ -73.783201908579898, 40.87066871874471 ], [ -73.783498878321268, 40.870521062356296 ], [ -73.783896907419972, 40.87042848855419 ], [ -73.783918619363519, 40.870423039807513 ], [ -73.784143326355846, 40.870258778205972 ], [ -73.78428879030983, 40.870001048167296 ], [ -73.784657872170868, 40.86991390702913 ], [ -73.784904216231524, 40.869766152530339 ], [ -73.78496284768012, 40.869524727953873 ], [ -73.785217201022533, 40.869135453839164 ], [ -73.785348444031754, 40.868800844263944 ], [ -73.78560302242856, 40.868340207386908 ], [ -73.785573372123508, 40.868565217971472 ], [ -73.785521744760842, 40.868878018196121 ], [ -73.785520806373981, 40.869168954982655 ], [ -73.785686417034356, 40.869388838920599 ], [ -73.785989476106181, 40.869592509388731 ], [ -73.786574610600709, 40.869780232887599 ], [ -73.787268551852236, 40.869863855348697 ], [ -73.787955596121364, 40.869843162263635 ], [ -73.788541558820299, 40.869772875256857 ], [ -73.789011941553369, 40.869663948170057 ], [ -73.789685406098755, 40.869363260297881 ], [ -73.790380765868477, 40.868996735400444 ], [ -73.790699699519593, 40.868755780480015 ], [ -73.791388591138357, 40.868142214484351 ], [ -73.792292520203659, 40.865816336459609 ], [ -73.79265207024568, 40.864137223926178 ], [ -73.791472279483116, 40.862208314492349 ], [ -73.791880175250313, 40.861253893199944 ], [ -73.791903188963957, 40.860831249901388 ], [ -73.792084118743617, 40.860776681952387 ], [ -73.792265013933218, 40.860733092484097 ], [ -73.79245310493485, 40.860700494503341 ], [ -73.792633965443187, 40.86066788322114 ], [ -73.792822021878408, 40.860646263403794 ], [ -73.793017291411203, 40.860630145633614 ], [ -73.79320531347723, 40.860619503956805 ], [ -73.793328262759331, 40.860608745429793 ], [ -73.793509190764368, 40.860554175243919 ], [ -73.793581698185974, 40.860488432026969 ], [ -73.793625301368621, 40.860417147653372 ], [ -73.793640306987569, 40.86024151325983 ], [ -73.793561063768351, 40.860148051468514 ], [ -73.793553833515773, 40.860148038531541 ], [ -73.793358906651292, 40.860054369546418 ], [ -73.793402612103066, 40.859950148951214 ], [ -73.793641567416756, 40.859835298892037 ], [ -73.793793521149269, 40.859797144673145 ], [ -73.793865874336845, 40.859780805721527 ], [ -73.794010937651805, 40.859632850623605 ], [ -73.794098260846184, 40.85945185582527 ], [ -73.794120359211746, 40.859320149315252 ], [ -73.794258190809146, 40.859172180992438 ], [ -73.794396004823, 40.859029701885525 ], [ -73.794548278477805, 40.858887248361178 ], [ -73.794708594910446, 40.858481317022694 ], [ -73.794868909386111, 40.858075385432414 ], [ -73.794818858051926, 40.857894145715711 ], [ -73.794761577002433, 40.857712893110232 ], [ -73.794704296265152, 40.857531640470476 ], [ -73.794632538992474, 40.857355851444289 ], [ -73.794560782099111, 40.857180062368045 ], [ -73.794474565763082, 40.857004247483516 ], [ -73.794431237197585, 40.856987702039007 ], [ -73.79439515553085, 40.856965680076428 ], [ -73.794359090860766, 40.856938168716049 ], [ -73.794330256121299, 40.856910670233042 ], [ -73.794301438383201, 40.856877682356206 ], [ -73.794279867546564, 40.856839217977395 ], [ -73.794265526623732, 40.856800766487126 ], [ -73.79425841560213, 40.85676232788812 ], [ -73.794265781330111, 40.85671842568788 ], [ -73.794273130068589, 40.856680012873539 ], [ -73.794287708670126, 40.856641612949915 ], [ -73.79429504040948, 40.856608689520428 ], [ -73.794302372141587, 40.85657576609028 ], [ -73.794353133950807, 40.856526451829914 ], [ -73.794468998295173, 40.856466274710158 ], [ -73.794519658141027, 40.856449896697349 ], [ -73.794563071157157, 40.856438995175495 ], [ -73.794613680104234, 40.856439085282219 ], [ -73.794664289051425, 40.856439175366781 ], [ -73.794714881055498, 40.85644475481611 ], [ -73.79476543918986, 40.856461313017206 ], [ -73.794808767495553, 40.856477858337733 ], [ -73.794888041953214, 40.856560340558879 ], [ -73.795589490500305, 40.856512180744694 ], [ -73.79685548690874, 40.856261903678742 ], [ -73.797000452125332, 40.856141391668402 ], [ -73.797138220498283, 40.856009887985429 ], [ -73.797275988326447, 40.855878384134911 ], [ -73.797399312781579, 40.855741365337167 ], [ -73.797515423681105, 40.855598844327396 ], [ -73.797624304339664, 40.855456310515294 ], [ -73.797725971498181, 40.855308274532746 ], [ -73.797820408492925, 40.855160225787166 ], [ -73.797907632051519, 40.855006674907429 ], [ -73.797987642202287, 40.854847621909499 ], [ -73.79824806044617, 40.854798672851899 ], [ -73.798529385790204, 40.855007762369645 ], [ -73.798724869952622, 40.854914783478065 ], [ -73.799045579997369, 40.854053503867121 ], [ -73.79902418979006, 40.853954657066502 ], [ -73.798995536898047, 40.853866776444427 ], [ -73.798952441552089, 40.853773381226709 ], [ -73.798902100179674, 40.853685462779815 ], [ -73.798851758940344, 40.853597544309594 ], [ -73.79878694216373, 40.853515089988839 ], [ -73.798722125547812, 40.853432635630391 ], [ -73.798642833445101, 40.853355645389165 ], [ -73.798563524901127, 40.853284144483005 ], [ -73.798433543488215, 40.853234512675009 ], [ -73.798310808411514, 40.853179403968845 ], [ -73.798188090193975, 40.853118805740884 ], [ -73.798072601682804, 40.85305822003599 ], [ -73.797957146731633, 40.852986655433341 ], [ -73.797808481614297, 40.851948894497589 ], [ -73.798195751558993, 40.850593685465036 ], [ -73.799318333575371, 40.84991495540045 ], [ -73.799405331589668, 40.849832765370202 ], [ -73.799485100265429, 40.849750562707854 ], [ -73.799557656171331, 40.8496628580342 ], [ -73.799630228421748, 40.849569663919269 ], [ -73.799688342281257, 40.849476444652474 ], [ -73.799739226894232, 40.849383212805471 ], [ -73.799782898814243, 40.849284478993276 ], [ -73.799826570604594, 40.849185745162863 ], [ -73.799855800679467, 40.849081496835687 ], [ -73.799877785107867, 40.848982725353416 ], [ -73.79988522883886, 40.84891137576011 ], [ -73.799899901578542, 40.848840038705156 ], [ -73.799914557774528, 40.848774191042608 ], [ -73.799943671962211, 40.848708368451938 ], [ -73.799972769584897, 40.848648035248452 ], [ -73.800009096152039, 40.848587714569895 ], [ -73.800052635143246, 40.848532895804809 ], [ -73.800096718467046, 40.848296926971663 ], [ -73.800125733297691, 40.848264040703356 ], [ -73.800154748099658, 40.848231154427559 ], [ -73.800190975338623, 40.848203770061474 ], [ -73.800241676938015, 40.848170921325398 ], [ -73.800292362006459, 40.848143561962594 ], [ -73.800343030556533, 40.848121691973162 ], [ -73.80040089507375, 40.848110813261407 ], [ -73.800465988516393, 40.848099947024892 ], [ -73.800588765375508, 40.848138585299544 ], [ -73.800711509484671, 40.84818820223483 ], [ -73.800827008380807, 40.84824329595358 ], [ -73.800935262074432, 40.848303866477437 ], [ -73.801043499546253, 40.848369926294673 ], [ -73.80113726285991, 40.848441450482035 ], [ -73.801231009971701, 40.848518463987858 ], [ -73.801317528302221, 40.848595464965975 ], [ -73.80139678504662, 40.848683432223453 ], [ -73.80146881298316, 40.848771386984112 ], [ -73.801526366676853, 40.848864806219353 ], [ -73.801583920532224, 40.848958225424333 ], [ -73.801627000082348, 40.849057109132445 ], [ -73.80166285070122, 40.849155980393952 ], [ -73.801691472356623, 40.849254839215455 ], [ -73.801712848652343, 40.84935917499736 ], [ -73.801719766829621, 40.849463485923238 ], [ -73.801719455924498, 40.849567784421524 ], [ -73.801711932267082, 40.849666581097637 ], [ -73.801718866838456, 40.849765402623611 ], [ -73.801740276064834, 40.849858759602476 ], [ -73.801761701711371, 40.849946627181666 ], [ -73.80179034021161, 40.850039996570949 ], [ -73.801833437123406, 40.850133390789338 ], [ -73.801970055838851, 40.850380649385748 ], [ -73.802121117678197, 40.850633422004947 ], [ -73.802272196983822, 40.850880705021808 ], [ -73.802437752264922, 40.851122523198917 ], [ -73.802610538049308, 40.851364353498113 ], [ -73.802783341366251, 40.85160069413552 ], [ -73.802970604613108, 40.851837059199497 ], [ -73.803165114812316, 40.852067946892504 ], [ -73.803366871991301, 40.852293357178574 ], [ -73.803568630537768, 40.852518767102858 ], [ -73.803784865544898, 40.852738711866685 ], [ -73.804173494175103, 40.853337718881903 ], [ -73.804545315475991, 40.854738151031682 ], [ -73.804537908356224, 40.854798522073139 ], [ -73.804523287676659, 40.854853391473959 ], [ -73.804501437287911, 40.854908248621427 ], [ -73.804472373309679, 40.854957604121644 ], [ -73.804436079592548, 40.855006947359087 ], [ -73.804392572264618, 40.855050788937191 ], [ -73.804341835174043, 40.855094618237565 ], [ -73.80428388445975, 40.855132945861094 ], [ -73.804218736282166, 40.855160282407432 ], [ -73.804153588051051, 40.855187618916865 ], [ -73.804088455935684, 40.855209465999806 ], [ -73.804008896689155, 40.855220309703761 ], [ -73.803951058938168, 40.855220211432851 ], [ -73.803885975282483, 40.855225590232941 ], [ -73.80382810514547, 40.855236470679408 ], [ -73.803770218793929, 40.855252840486195 ], [ -73.803719529738473, 40.85528020134317 ], [ -73.803668840641322, 40.855307562177693 ], [ -73.80362536502615, 40.85534042468548 ], [ -73.803589102892886, 40.855378788874567 ], [ -73.803560054245011, 40.855422654751649 ], [ -73.803538235304373, 40.855466532932873 ], [ -73.803530875835619, 40.85551043573448 ], [ -73.803523516357131, 40.855554338535292 ], [ -73.803530600173247, 40.855603755349371 ], [ -73.803537700214761, 40.855647682773494 ], [ -73.803688099468431, 40.856131007432012 ], [ -73.803781585059326, 40.856301338365427 ], [ -73.803838873283979, 40.856488075924972 ], [ -73.803867274698334, 40.856663785513696 ], [ -73.803888268319284, 40.856899866067465 ], [ -73.803959758316168, 40.85717445832789 ], [ -73.804052777058772, 40.857503981243966 ], [ -73.8041385343885, 40.857844470566157 ], [ -73.804173811612003, 40.858140958819803 ], [ -73.804201713634569, 40.858486839255022 ], [ -73.804179457721403, 40.858678930962782 ], [ -73.804172001340788, 40.858755770097225 ], [ -73.804171807381181, 40.858821642730142 ], [ -73.804207553924044, 40.858958938733203 ], [ -73.804221965697081, 40.858975431429201 ], [ -73.804308388029085, 40.859090855723828 ], [ -73.804394762226053, 40.859222748108444 ], [ -73.804495355051273, 40.859437005712302 ], [ -73.804566947067471, 40.85967866116215 ], [ -73.804645624713586, 40.859969733264734 ], [ -73.804680566769846, 40.860381498329829 ], [ -73.804687200567173, 40.860584617796157 ], [ -73.804686539595536, 40.860809682552301 ], [ -73.804635362915405, 40.861001725307126 ], [ -73.804628051936959, 40.861029159984028 ], [ -73.804605812532515, 40.861215762303871 ], [ -73.804648823893032, 40.861342091589123 ], [ -73.804735185571516, 40.861479473049862 ], [ -73.804785621121454, 40.861539941913122 ], [ -73.804850533696339, 40.86159494582968 ], [ -73.804915462481205, 40.861644460325827 ], [ -73.804987637882249, 40.861688497622524 ], [ -73.80506704380592, 40.861732547089709 ], [ -73.805146482001931, 40.861765617735244 ], [ -73.805233150711203, 40.861798700531459 ], [ -73.80531985164528, 40.861820804495821 ], [ -73.805413799137597, 40.861837431205856 ], [ -73.805507762730684, 40.861848568456075 ], [ -73.805601742401251, 40.861854216246414 ], [ -73.805695738126076, 40.861854374576914 ], [ -73.805789765912337, 40.861843554064194 ], [ -73.805883793668016, 40.861832733474827 ], [ -73.805948947697544, 40.861805396020436 ], [ -73.806014117685478, 40.861772569145735 ], [ -73.806064842760861, 40.861734228545011 ], [ -73.806115583781335, 40.861690398538222 ], [ -73.806159094317039, 40.861646556361727 ], [ -73.80619540637619, 40.86159172325641 ], [ -73.80621724156839, 40.86154235523648 ], [ -73.80623910871482, 40.861482008444462 ], [ -73.806246499041976, 40.861427126748779 ], [ -73.805823976803168, 40.860032105950125 ], [ -73.806128095041871, 40.859878913832731 ], [ -73.806554853998293, 40.859819246609838 ], [ -73.806605401682603, 40.859841288997778 ], [ -73.806648703217206, 40.859868808632491 ], [ -73.80668477455994, 40.859896316136719 ], [ -73.806713599748051, 40.859929300902515 ], [ -73.806742409013339, 40.859967775046215 ], [ -73.806771154515715, 40.860028206723456 ], [ -73.806807146265072, 40.860083161114616 ], [ -73.806850368327915, 40.860138127598191 ], [ -73.806900836660603, 40.860187616781019 ], [ -73.80695853533318, 40.860237118038704 ], [ -73.80702349621842, 40.860275652590424 ], [ -73.807088457178949, 40.860314187105324 ], [ -73.807160664409153, 40.860347244283147 ], [ -73.807240117901969, 40.860374824110437 ], [ -73.807319619172333, 40.860385935727962 ], [ -73.80739913636657, 40.860391557905736 ], [ -73.807478669465013, 40.860391690643738 ], [ -73.807565464612651, 40.860380856616295 ], [ -73.807645029452658, 40.860370010469637 ], [ -73.807717395730592, 40.860348173448507 ], [ -73.807789777826045, 40.860320846996849 ], [ -73.807862175721098, 40.860288031114521 ], [ -73.807927359131455, 40.860249713765143 ], [ -73.807985328053405, 40.860205894960849 ], [ -73.808036082486836, 40.860156574712306 ], [ -73.808079606594092, 40.860107242414337 ], [ -73.808115932067409, 40.860046919304267 ], [ -73.80813778116304, 40.859992061521915 ], [ -73.808159646057064, 40.859931714349379 ], [ -73.808167050460909, 40.859871343130024 ], [ -73.808174470684492, 40.859805482523875 ], [ -73.808160184426256, 40.859745075238614 ], [ -73.808059531800737, 40.859547288999529 ], [ -73.807944403584884, 40.859354967981844 ], [ -73.807829276034866, 40.859162646842762 ], [ -73.807699673024104, 40.858975790868044 ], [ -73.80757007074159, 40.858788934741597 ], [ -73.8074259931184, 40.858607543715181 ], [ -73.807426152064991, 40.858552649847823 ], [ -73.807469675575021, 40.858503317765965 ], [ -73.807592650397723, 40.858481565261002 ], [ -73.80767926842293, 40.858531114399405 ], [ -73.811102393150421, 40.862467187923244 ], [ -73.811225202712649, 40.862505814779574 ], [ -73.811347996845655, 40.862549930888328 ], [ -73.811463545057364, 40.862599524434799 ], [ -73.811528541974511, 40.86262707766717 ], [ -73.811593554497136, 40.862649141479466 ], [ -73.811665813138859, 40.86266572767412 ], [ -73.811738087356332, 40.862676824440157 ], [ -73.811810377131678, 40.862682431777564 ], [ -73.812005632518847, 40.862671771260487 ], [ -73.812027324110034, 40.862671806601149 ], [ -73.812041785170862, 40.862671830159371 ], [ -73.812056246231677, 40.862671853715739 ], [ -73.812070691780235, 40.862677366653699 ], [ -73.812085137331209, 40.862682879589812 ], [ -73.812099567374688, 40.862693881907497 ], [ -73.812114012931644, 40.86269939484 ], [ -73.812121212448872, 40.862710385380609 ], [ -73.812128411968487, 40.862721375920749 ], [ -73.812135626997389, 40.862726877077037 ], [ -73.812150072564506, 40.862732390005007 ], [ -73.812164518133997, 40.862737902931144 ], [ -73.812171733167673, 40.862743404085208 ], [ -73.812186194244106, 40.862743427625261 ], [ -73.812200655320538, 40.862743451163574 ], [ -73.812207901359713, 40.862737973548683 ], [ -73.812222362434966, 40.862737997084245 ], [ -73.812229592972599, 40.862738008851331 ], [ -73.812236823510233, 40.862738020617989 ], [ -73.81224403854992, 40.862743521767527 ], [ -73.812258499626395, 40.862743545298549 ], [ -73.812265714668456, 40.862749046446709 ], [ -73.812265699172272, 40.862754535830042 ], [ -73.812272914216152, 40.862760036977761 ], [ -73.812280129261183, 40.862765538125032 ], [ -73.812280113766192, 40.862771027508344 ], [ -73.812287313318635, 40.862782018038466 ], [ -73.812287297824241, 40.862787507421736 ], [ -73.81228728232982, 40.862792996805013 ], [ -73.812280036291213, 40.862798474424807 ], [ -73.812279989806186, 40.862814942574673 ], [ -73.81227994332113, 40.862831410724482 ], [ -73.812287127385645, 40.86284789063771 ], [ -73.812294326947566, 40.862858881167213 ], [ -73.812308741571186, 40.862875372841621 ], [ -73.812323171693436, 40.862886375130984 ], [ -73.812344832375445, 40.862897389178357 ], [ -73.812395368832838, 40.862924918400765 ], [ -73.812445905332098, 40.862952447600904 ], [ -73.812554162605807, 40.863023985830495 ], [ -73.812662451039458, 40.863084545191477 ], [ -73.812785200834313, 40.863145127915153 ], [ -73.812900735708084, 40.863200209400055 ], [ -73.812936842325485, 40.863216736167388 ], [ -73.812972964398753, 40.863227773540402 ], [ -73.813009086484001, 40.863238810902082 ], [ -73.813052470037391, 40.863238881202079 ], [ -73.813095853590866, 40.863238951485734 ], [ -73.813132021976941, 40.86323352066001 ], [ -73.813168221200698, 40.86321711105694 ], [ -73.813182697801082, 40.863211645089194 ], [ -73.813197158979676, 40.863211668502579 ], [ -73.813211635576508, 40.863206202531138 ], [ -73.813218866165215, 40.863206214236236 ], [ -73.813233327342644, 40.863206237645073 ], [ -73.813247773104877, 40.863211750435099 ], [ -73.813262218869497, 40.863217263223348 ], [ -73.813276664636504, 40.863222776009756 ], [ -73.813283879814804, 40.863228277093832 ], [ -73.813291079582612, 40.863239267560367 ], [ -73.813298294763882, 40.863244768643476 ], [ -73.813363092797502, 40.863343682817295 ], [ -73.813427906424266, 40.863437107570171 ], [ -73.813499966251641, 40.863525054589829 ], [ -73.813572026269611, 40.863613001563117 ], [ -73.813608087121253, 40.863645996267103 ], [ -73.813636932751663, 40.863673489898559 ], [ -73.813658517000505, 40.863711950610742 ], [ -73.813672886006572, 40.863744910259911 ], [ -73.81368723964782, 40.863783359289549 ], [ -73.813687131994214, 40.86382178496703 ], [ -73.813694316514429, 40.863838264789734 ], [ -73.813708731697531, 40.863854756286379 ], [ -73.813730377548879, 40.863871259454207 ], [ -73.813744808122422, 40.863882261563774 ], [ -73.813773700027753, 40.863893287012658 ], [ -73.813795376648144, 40.863898811403345 ], [ -73.813817053272118, 40.863904335789975 ], [ -73.813845975931045, 40.8639043824559 ], [ -73.813969050790362, 40.86384968688062 ], [ -73.814019680753745, 40.863844279092092 ], [ -73.814041326678861, 40.863860782201598 ], [ -73.814026742550226, 40.863904673953712 ], [ -73.813983112886532, 40.863992434138375 ], [ -73.813953990546821, 40.86406374947687 ], [ -73.813961113733143, 40.864102186811216 ], [ -73.814011774594135, 40.864085800261869 ], [ -73.81405537358377, 40.864009018832597 ], [ -73.814171279150941, 40.863932353860292 ], [ -73.814229323840465, 40.863861085035118 ], [ -73.814207815893695, 40.863795177517943 ], [ -73.814171754663619, 40.863762183002279 ], [ -73.814128462823604, 40.863729176827498 ], [ -73.814382868409069, 40.863252007913886 ], [ -73.814484280481878, 40.863186298118471 ], [ -73.814593014758884, 40.863087663552399 ], [ -73.814665366414218, 40.863071311567346 ], [ -73.814752133306015, 40.863071450905487 ], [ -73.814824500189616, 40.863049609437262 ], [ -73.814889636456087, 40.863027756323667 ], [ -73.814933019873763, 40.863027825916532 ], [ -73.8149618657838, 40.863055319219754 ], [ -73.814990696446358, 40.863088301899054 ], [ -73.815019527137537, 40.86312128457093 ], [ -73.815106477236597, 40.863055551042173 ] ] ], [ [ [ -73.782811523710109, 40.837424050065771 ], [ -73.782905825204509, 40.837319928300445 ], [ -73.782884643502669, 40.83716618418881 ], [ -73.782798716939809, 40.836918997723778 ], [ -73.782705007511979, 40.836841969086912 ], [ -73.782684489868643, 40.836485116977627 ], [ -73.78282229959143, 40.836337161732509 ], [ -73.783031866008315, 40.836348535034091 ], [ -73.783384198498624, 40.836909119941716 ], [ -73.783666401074527, 40.836810839734881 ], [ -73.784100348968323, 40.836723821867281 ], [ -73.784215885421872, 40.836756974708877 ], [ -73.78431689538121, 40.836812058019468 ], [ -73.78448243929931, 40.837026455525354 ], [ -73.784504015828261, 40.837059432463725 ], [ -73.78484961600229, 40.837471785430743 ], [ -73.785124360537651, 40.837444850429513 ], [ -73.785167638608129, 40.837472378232313 ], [ -73.785275134105959, 40.837758029102687 ], [ -73.785578153984076, 40.837928765359528 ], [ -73.785496860171435, 40.838483047220414 ], [ -73.785546676858218, 40.838724675017374 ], [ -73.785531990958802, 40.838796010369812 ], [ -73.785560672657056, 40.83886742635665 ], [ -73.785682787192357, 40.839103699035917 ], [ -73.78573295862013, 40.83923553868798 ], [ -73.785927495794652, 40.839428030129802 ], [ -73.786078930747749, 40.839538099785173 ], [ -73.786143824032678, 40.839587625033879 ], [ -73.786273928331383, 40.839587866189632 ], [ -73.786526468548999, 40.839725569726824 ], [ -73.786902361365165, 40.839715285948294 ], [ -73.787300043458785, 40.839672104523316 ], [ -73.787328850272019, 40.839705094247314 ], [ -73.787336060753731, 40.839710596976261 ], [ -73.787386481527932, 40.839765584271369 ], [ -73.787472639253835, 40.839946894379388 ], [ -73.787494183142428, 40.839990849545067 ], [ -73.787493990258454, 40.840051232961954 ], [ -73.787479516587908, 40.840056695728542 ], [ -73.787450551701198, 40.84007311065772 ], [ -73.787472078079318, 40.840122555228007 ], [ -73.787637009568456, 40.840534566526244 ], [ -73.787398323731665, 40.840583531723233 ], [ -73.787354937435026, 40.840588941178041 ], [ -73.787383656951604, 40.84064937788785 ], [ -73.787491465199452, 40.840841706725676 ], [ -73.787520255081105, 40.840880185795974 ], [ -73.787577905057276, 40.840935186311548 ], [ -73.787787661880699, 40.84089165695584 ], [ -73.787866558971203, 40.841083932237048 ], [ -73.787606151726123, 40.841143836777604 ], [ -73.787613204658328, 40.841198744092139 ], [ -73.787800367211474, 40.841440623602928 ], [ -73.787843631482275, 40.84147363978304 ], [ -73.787894211532858, 40.841479222237858 ], [ -73.787952037312508, 40.841479328558755 ], [ -73.788046056674077, 40.841463033067619 ], [ -73.788118338881375, 40.841463165869072 ], [ -73.788125567102114, 40.841463179146722 ], [ -73.78819779687808, 40.841479780099228 ], [ -73.788241096318913, 40.841501817329522 ], [ -73.788255465406507, 40.841529290870227 ], [ -73.788262658690684, 40.841540282939746 ], [ -73.788262571331217, 40.841567729940842 ], [ -73.788262518915488, 40.841584198141391 ], [ -73.788255168373951, 40.841622610673497 ], [ -73.78823336133938, 40.841660996664444 ], [ -73.788204360986697, 40.841688390578561 ], [ -73.788160904113724, 40.841715757935759 ], [ -73.788117482172851, 40.84173214647646 ], [ -73.788052322987468, 40.841764963356646 ], [ -73.788023357498318, 40.841781378424898 ], [ -73.788052043158245, 40.84185279375577 ], [ -73.788059218955041, 40.841869275237229 ], [ -73.788231666315099, 40.842193468450589 ], [ -73.788382866905451, 40.842380386621421 ], [ -73.788440623639517, 40.842402450295154 ], [ -73.788512941771259, 40.842391604050412 ], [ -73.788520100289489, 40.842413574901137 ], [ -73.788527293713017, 40.842424566952488 ], [ -73.788714497908387, 40.842655466130736 ], [ -73.788765078930638, 40.842661048202537 ], [ -73.788793800622898, 40.842721484539744 ], [ -73.788764800038692, 40.842748878589816 ], [ -73.788843510488547, 40.843001536530068 ], [ -73.788893900162719, 40.843067501932957 ], [ -73.78905961365129, 40.843237977450123 ], [ -73.789616600814725, 40.843112737787322 ], [ -73.789659589361833, 40.843233583658858 ], [ -73.789731300908485, 40.843414865608445 ], [ -73.789745653674728, 40.843447828353177 ], [ -73.789752812713758, 40.84346979912339 ], [ -73.789774359249876, 40.843513753836632 ], [ -73.789803047536608, 40.843585168710781 ], [ -73.789737939419794, 40.843601518337245 ], [ -73.789340113733488, 40.843683133927328 ], [ -73.78931821972273, 40.843748967101369 ], [ -73.789332537587981, 40.843792908692095 ], [ -73.789361295048138, 40.843842366079869 ], [ -73.789419140261401, 40.843836982266971 ], [ -73.789462163664908, 40.843946849400822 ], [ -73.789346420895669, 40.843974085234791 ], [ -73.789339157634458, 40.843985050829801 ], [ -73.789346299213932, 40.844012511021326 ], [ -73.789468315027932, 40.844287205268948 ], [ -73.789468297654821, 40.844292694666763 ], [ -73.789597751395007, 40.84450152918626 ], [ -73.789907330838446, 40.844897332349142 ], [ -73.789928929944892, 40.844924818830918 ], [ -73.790022884381827, 40.84493047932726 ], [ -73.790202785633923, 40.845188809817017 ], [ -73.790498208441733, 40.84549126530716 ], [ -73.790663672957152, 40.845744079398209 ], [ -73.79069967821421, 40.845788060157197 ], [ -73.79095853105666, 40.84622768375656 ], [ -73.790907860864181, 40.846249549631061 ], [ -73.790943849304412, 40.846299019706116 ], [ -73.790943814800642, 40.846309998498391 ], [ -73.79097257454697, 40.846359455462924 ], [ -73.791066582824328, 40.846348646919502 ], [ -73.791124171523833, 40.846425603195023 ], [ -73.791181588033453, 40.846557453400294 ], [ -73.79126113900918, 40.846546618525949 ], [ -73.791433631311506, 40.84686531729529 ], [ -73.791368503167959, 40.846887157228593 ], [ -73.79137561146392, 40.846925596071898 ], [ -73.791382754199759, 40.84695305612339 ], [ -73.791483940443754, 40.846958728500745 ], [ -73.791439483229951, 40.847304482002308 ], [ -73.791432082255312, 40.847359362884589 ], [ -73.791417245843164, 40.847480103436411 ], [ -73.791518518915638, 40.847458328807427 ], [ -73.791539947489468, 40.847540708926076 ], [ -73.79130845105108, 40.847595184613688 ], [ -73.791265060499171, 40.847600595532803 ], [ -73.791279380479537, 40.847644536852641 ], [ -73.791279328805899, 40.847661005037338 ], [ -73.791328691195858, 40.848056333003946 ], [ -73.791335834033745, 40.848083793052965 ], [ -73.79136428492059, 40.848232059003948 ], [ -73.791313148343093, 40.848402138694183 ], [ -73.791233319500151, 40.848500803906916 ], [ -73.791247622425942, 40.848550234617925 ], [ -73.791059116873782, 40.848725554944757 ], [ -73.791044607120185, 40.848741996938166 ], [ -73.791015466865218, 40.848813306675893 ], [ -73.790921317061134, 40.84886803032272 ], [ -73.790885120159174, 40.848884432987028 ], [ -73.79024803099081, 40.849179705284207 ], [ -73.78975534449232, 40.849530131572749 ], [ -73.789833823907628, 40.849859640037728 ], [ -73.789855147112533, 40.849974956789879 ], [ -73.789869553380171, 40.849991451304447 ], [ -73.790020343071589, 40.850315601882464 ], [ -73.790027468283412, 40.850348551393829 ], [ -73.790041597436385, 40.850452876159196 ], [ -73.789918198279821, 40.850611844785654 ], [ -73.789932604701036, 40.850628339290452 ], [ -73.790033363208721, 40.850771247731458 ], [ -73.790069006940001, 40.850930505873457 ], [ -73.790076201540586, 40.850941497812059 ], [ -73.790083292198901, 40.850985426099506 ], [ -73.79009048680777, 40.850996418037077 ], [ -73.790126026872699, 40.8511886125034 ], [ -73.789511173452965, 40.851302770158561 ], [ -73.789561187997364, 40.851489501777898 ], [ -73.789662433064052, 40.851478707575694 ], [ -73.789662398346096, 40.85148968635766 ], [ -73.789662363628125, 40.851500665139639 ], [ -73.789726820056359, 40.851692912432867 ], [ -73.790146398465794, 40.851605845685611 ], [ -73.790175142592304, 40.851660792194423 ], [ -73.790196536226262, 40.851754151284069 ], [ -73.790217947233529, 40.851842020977507 ], [ -73.790253678532153, 40.851973832079693 ], [ -73.790087212610615, 40.85203391294317 ], [ -73.790151584189559, 40.852253606932877 ], [ -73.790165991024224, 40.852270101403889 ], [ -73.790173185785747, 40.852281093333808 ], [ -73.791135402322723, 40.852057773142043 ], [ -73.791207265258805, 40.852195138772764 ], [ -73.791214425722117, 40.852217109419023 ], [ -73.791228763892846, 40.852255561319396 ], [ -73.79122872943303, 40.852266540100395 ], [ -73.791235907140447, 40.85228302135453 ], [ -73.791243067622688, 40.852304991998658 ], [ -73.791379496470924, 40.852601667553579 ], [ -73.791393869252744, 40.852629140650578 ], [ -73.791444027778354, 40.852771956290304 ], [ -73.790423879667671, 40.853022620924186 ], [ -73.790495655723504, 40.853187433922486 ], [ -73.79077060103188, 40.853116570428242 ], [ -73.790792134099433, 40.853166014267408 ], [ -73.790806489495594, 40.853198976824373 ], [ -73.790863945743112, 40.853319848253683 ], [ -73.791117150981876, 40.853265412784133 ], [ -73.791267592407735, 40.853704838718784 ], [ -73.791274735827002, 40.853732298744596 ], [ -73.791288850429751, 40.853842112684539 ], [ -73.791057262875697, 40.853918545364046 ], [ -73.791071635808976, 40.85394601849476 ], [ -73.791086043238408, 40.853962512845982 ], [ -73.791382662620279, 40.853897176565162 ], [ -73.79158510785669, 40.853892053050657 ], [ -73.791715154204681, 40.853919735013072 ], [ -73.791787226561297, 40.853991227571314 ], [ -73.791794421776913, 40.854002219396804 ], [ -73.791916637764302, 40.854222016691395 ], [ -73.79133758027028, 40.854440547596489 ], [ -73.791293754627148, 40.854583193228571 ], [ -73.791869515412884, 40.855418625056934 ], [ -73.79207847423524, 40.855644067993531 ], [ -73.792504584975347, 40.855787560027558 ], [ -73.792489800010458, 40.855891832378283 ], [ -73.792489628742572, 40.855946726249982 ], [ -73.792417176591115, 40.855996000672064 ], [ -73.792308489591761, 40.856072656912659 ], [ -73.792113473478111, 40.85601192207848 ], [ -73.792033550866307, 40.856138034648474 ], [ -73.792018971073716, 40.856176434290632 ], [ -73.792011586756345, 40.856225825738377 ], [ -73.791989468074789, 40.856363021302975 ], [ -73.791938721810169, 40.856406845138117 ], [ -73.791843960708604, 40.856653697991717 ], [ -73.79184394352832, 40.856659187378071 ], [ -73.791829449419438, 40.856670140061127 ], [ -73.791822202363193, 40.856675616401944 ], [ -73.791793145388382, 40.856719479305845 ], [ -73.791785881138708, 40.856730445030642 ], [ -73.79170597423402, 40.856851067971647 ], [ -73.791734842241283, 40.85686758833851 ], [ -73.791821497895711, 40.856900681237249 ], [ -73.791871849519808, 40.856983113337904 ], [ -73.791857320986395, 40.857005044795855 ], [ -73.791857286627859, 40.857016023567915 ], [ -73.791842792443404, 40.857026976251937 ], [ -73.791741092374181, 40.857180496390754 ], [ -73.791603104501377, 40.857377866229314 ], [ -73.791292578354074, 40.857262027155073 ], [ -73.790944626817208, 40.857552336276079 ], [ -73.790930115109646, 40.857568778229762 ], [ -73.790792175826738, 40.857749678929451 ], [ -73.790683553194029, 40.857804376075222 ], [ -73.790444600069264, 40.857919220049197 ], [ -73.790234185310808, 40.85815488257446 ], [ -73.790059694101487, 40.858461972489607 ], [ -73.790045199305879, 40.858472924944991 ], [ -73.789922097386807, 40.858533084436068 ], [ -73.789719568470886, 40.858560162564949 ], [ -73.789343604355935, 40.858559476722519 ], [ -73.788982379077837, 40.858470985957148 ], [ -73.788975218678573, 40.858449015196527 ], [ -73.788975253513598, 40.858438036428161 ], [ -73.788982518413206, 40.858427070883629 ], [ -73.788982605497708, 40.858399623962484 ], [ -73.788968249882984, 40.858366661208684 ], [ -73.788968336973298, 40.858339214287248 ], [ -73.788953963959429, 40.858311740915646 ], [ -73.788946803586697, 40.858289770152609 ], [ -73.788932448013412, 40.858256807393708 ], [ -73.788918109876533, 40.858218355248432 ], [ -73.788910949525686, 40.858196384482845 ], [ -73.788911071484904, 40.858157958791672 ], [ -73.788911228289408, 40.858108554331274 ], [ -73.788904137645815, 40.858064626026639 ], [ -73.788904364148252, 40.857993264026973 ], [ -73.788875705462772, 40.857910870339126 ], [ -73.788868545159033, 40.85788889956968 ], [ -73.788846959708593, 40.857855923566731 ], [ -73.788825426568692, 40.857806479405241 ], [ -73.78881835344427, 40.857757061708142 ], [ -73.788796802925603, 40.857713106925353 ], [ -73.788796959813922, 40.857663702461203 ], [ -73.788797186430003, 40.857592340456712 ], [ -73.788790183079541, 40.857520965215819 ], [ -73.788783197177196, 40.857444100588417 ], [ -73.78878326690959, 40.857422143047827 ], [ -73.788776106689014, 40.857400172270786 ], [ -73.788761890871072, 40.857323294403621 ], [ -73.788747587906059, 40.857273863460264 ], [ -73.78873330239945, 40.857218943129332 ], [ -73.788718982039796, 40.857175001566866 ], [ -73.788704731457031, 40.857109102460555 ], [ -73.788712153205964, 40.857048732461138 ], [ -73.788719557503185, 40.85699385184617 ], [ -73.788748599189034, 40.85695547910413 ], [ -73.788763198475195, 40.85691159049491 ], [ -73.788777728008469, 40.856889659426216 ], [ -73.788792292396565, 40.856856749584217 ], [ -73.788806943925152, 40.856796392811425 ], [ -73.788792623607804, 40.856752451254835 ], [ -73.788778303309385, 40.856708509696141 ], [ -73.788807344836755, 40.856670136937417 ], [ -73.78883635147362, 40.856642742942888 ], [ -73.788872570528696, 40.856620851557764 ], [ -73.788887082538082, 40.856604409860154 ], [ -73.788894416946746, 40.856571486773682 ], [ -73.788880096620034, 40.856527545226257 ], [ -73.788858581312212, 40.856472611673276 ], [ -73.788815428792077, 40.856401170256866 ], [ -73.788779401602454, 40.856362678377288 ], [ -73.788772206629773, 40.856351686368235 ], [ -73.788757868996242, 40.856313234190182 ], [ -73.788728967094499, 40.856307691849224 ], [ -73.788721754698216, 40.856302189223221 ], [ -73.788685605530489, 40.856302123017393 ], [ -73.788656686196362, 40.856302070044556 ], [ -73.788620606813652, 40.856280046273433 ], [ -73.78860625183583, 40.856247083462279 ], [ -73.788599144144129, 40.856208644510787 ], [ -73.788584824090634, 40.856164702923877 ], [ -73.788477302087017, 40.855873566660996 ], [ -73.788434237672462, 40.855774678161012 ], [ -73.788405318567868, 40.855774625125186 ], [ -73.788362411530713, 40.855626332115442 ], [ -73.788428422313942, 40.855330024563095 ], [ -73.788414416895947, 40.85518727397838 ], [ -73.788530197013429, 40.855154549745357 ], [ -73.78855190359134, 40.855149100112136 ], [ -73.788537601249928, 40.855099669123781 ], [ -73.788494362683792, 40.855055674507177 ], [ -73.788450967035885, 40.855061084360699 ], [ -73.78842934778686, 40.85503908703808 ], [ -73.788393181841258, 40.855044510128003 ], [ -73.788357015889773, 40.855049933206601 ], [ -73.788342608901587, 40.855033438517744 ], [ -73.788328289270595, 40.854989496889942 ], [ -73.788321251756244, 40.854929100362902 ], [ -73.788314161841271, 40.854885171997445 ], [ -73.788307054463928, 40.854846733018768 ], [ -73.788292665005045, 40.854824748935485 ], [ -73.788292734896629, 40.854802791385076 ], [ -73.788321705990072, 40.854786376286285 ], [ -73.788350677069218, 40.854769961180146 ], [ -73.788394124928871, 40.854748083201045 ], [ -73.78842311343557, 40.854726178688921 ], [ -73.788430500251238, 40.854676787457876 ], [ -73.788416233026922, 40.85461637767483 ], [ -73.788416372728022, 40.854572462572165 ], [ -73.788430884403255, 40.854556020926019 ], [ -73.788438201351028, 40.854528587244673 ], [ -73.788460029945242, 40.854484711912633 ], [ -73.788481841053468, 40.854446325964183 ], [ -73.788481893425029, 40.854429857800199 ], [ -73.788474751083896, 40.854402397604858 ], [ -73.78843156539655, 40.854341934795094 ], [ -73.788409981313876, 40.854308958689835 ], [ -73.788395661794354, 40.854265017064819 ], [ -73.788345403878111, 40.854155136466666 ], [ -73.78834547375159, 40.854133178913614 ], [ -73.788323889779335, 40.854100202791102 ], [ -73.788273247671953, 40.854111088701735 ], [ -73.788200899278323, 40.854127424162414 ], [ -73.788164891159198, 40.854083442687262 ], [ -73.787781425019915, 40.854176058078536 ], [ -73.787687405145476, 40.854186863929968 ], [ -73.787658469206775, 40.854192300095022 ], [ -73.787629585845735, 40.854181268088517 ], [ -73.787564519420741, 40.854181148293847 ], [ -73.787427104336217, 40.854197363437713 ], [ -73.787311378003409, 40.854213618405169 ], [ -73.78726801792331, 40.854208049038448 ], [ -73.787224692972231, 40.854191500879388 ], [ -73.787195827246748, 40.854174979376232 ], [ -73.787174226265876, 40.854147492426904 ], [ -73.787145465976423, 40.854098034582442 ], [ -73.787123952887157, 40.854043100682546 ], [ -73.787131235180496, 40.854026645857999 ], [ -73.787153082038856, 40.853977281381198 ], [ -73.787210988930937, 40.853955430520394 ], [ -73.787290602067742, 40.853928130233356 ], [ -73.787326785048592, 40.853917218099717 ], [ -73.787420857234281, 40.853889944376625 ], [ -73.787623478032501, 40.853829933930136 ], [ -73.787811621836525, 40.853775385922425 ], [ -73.787876757892832, 40.853753548023541 ], [ -73.787927417295663, 40.853737172897709 ], [ -73.787970882119041, 40.853709805685412 ], [ -73.787992640763377, 40.853687887990141 ], [ -73.788007169846509, 40.8536659570061 ], [ -73.788014556853327, 40.853616565792542 ], [ -73.788014714313022, 40.853567161293903 ], [ -73.78800039521434, 40.853523219614111 ], [ -73.787964405054552, 40.85347374868288 ], [ -73.787604068169955, 40.853116273459477 ], [ -73.787164211229708, 40.852758650401555 ], [ -73.787135381276798, 40.852731150100254 ], [ -73.786940678610961, 40.852577086864734 ], [ -73.786919025497468, 40.852566068028658 ], [ -73.786882913539372, 40.852555022478846 ], [ -73.786846766410022, 40.852554955696789 ], [ -73.786781701577354, 40.852554835460587 ], [ -73.786760083695015, 40.852532837815502 ], [ -73.786767365912993, 40.852516383009551 ], [ -73.786774648127391, 40.852499928203102 ], [ -73.786774700920105, 40.852483460034286 ], [ -73.786767559492787, 40.852455999723901 ], [ -73.786594529066903, 40.85230746537205 ], [ -73.786414322912762, 40.852142449202773 ], [ -73.786378281789226, 40.852109445934531 ], [ -73.786327781953958, 40.852076415875665 ], [ -73.786248435251792, 40.852021374658143 ], [ -73.785880479692509, 40.851790136541027 ], [ -73.785663581728485, 40.851795223184418 ], [ -73.785454355733606, 40.851663088111906 ], [ -73.785403803564606, 40.851646525816648 ], [ -73.785295452259504, 40.851618877095198 ], [ -73.78521591197179, 40.851624218455669 ], [ -73.785100154104498, 40.85165144999263 ], [ -73.785034983713288, 40.851684265112063 ], [ -73.784955336841435, 40.851722542633318 ], [ -73.784897466656872, 40.851733413590388 ], [ -73.784810643585118, 40.851755209361443 ], [ -73.784680533262261, 40.85174947716559 ], [ -73.784333436053174, 40.85177627591537 ], [ -73.784311783632305, 40.851765256588394 ], [ -73.784023109138744, 40.851611012651432 ], [ -73.783979982794321, 40.851534079975643 ], [ -73.783972842622731, 40.851506619487694 ], [ -73.783958455318967, 40.851484634851019 ], [ -73.783813762090617, 40.851517300330151 ], [ -73.783575016166978, 40.851571746912555 ], [ -73.783560575392897, 40.85156623039655 ], [ -73.783546206076252, 40.851538756318632 ], [ -73.783531801041605, 40.851522261018935 ], [ -73.783445442471958, 40.851401331621325 ], [ -73.78349615477768, 40.851368490264072 ], [ -73.783604754951398, 40.85131928921389 ], [ -73.783792930635983, 40.851253768955587 ], [ -73.783988335226596, 40.851188261926481 ], [ -73.784140274741304, 40.851150120363435 ], [ -73.78435010162184, 40.851095618554808 ], [ -73.784480299569964, 40.851073904171038 ], [ -73.784603125959791, 40.851096091267323 ], [ -73.784517032748013, 40.850892821801523 ], [ -73.784502698751069, 40.850854369057956 ], [ -73.784488364770695, 40.850815916312264 ], [ -73.784473977445941, 40.8507939317373 ], [ -73.78445236089911, 40.850771933652986 ], [ -73.784423479555088, 40.850760900837216 ], [ -73.78439456263358, 40.850760846796021 ], [ -73.78434392242562, 40.85077173098815 ], [ -73.784336693194078, 40.850771717473542 ], [ -73.784315005499465, 40.850771676926989 ], [ -73.784271647914011, 40.850766106430761 ], [ -73.784228361564828, 40.850738578354729 ], [ -73.784163441014528, 40.850694541514528 ], [ -73.784120172572855, 40.850661524006647 ], [ -73.784076904174142, 40.85062850648228 ], [ -73.784062463563203, 40.850622990028135 ], [ -73.784019213042683, 40.850584483090969 ], [ -73.784012179907066, 40.850524086254673 ], [ -73.784005004179377, 40.85050760454606 ], [ -73.784012340332211, 40.850474681734916 ], [ -73.784041346242049, 40.850447288916357 ], [ -73.784128292566621, 40.850387067980947 ], [ -73.784200762558001, 40.850332309324799 ], [ -73.784237050928184, 40.85028846180559 ], [ -73.784258845292854, 40.850255566018767 ], [ -73.784251722948568, 40.850222616150603 ], [ -73.784215879827755, 40.850129228889905 ], [ -73.784201528360171, 40.850096265495289 ], [ -73.784201635215851, 40.850063329146217 ], [ -73.78415122708202, 40.850002851164938 ], [ -73.784093554262171, 40.849953338414352 ], [ -73.784072027213981, 40.849903893297366 ], [ -73.783575288622984, 40.849266189091296 ], [ -73.783532057130998, 40.849222192570132 ], [ -73.78350323021256, 40.849194691344302 ], [ -73.783452662534486, 40.849183617579151 ], [ -73.78339481218886, 40.849188998394972 ], [ -73.783336943953472, 40.84919986857399 ], [ -73.783293515938553, 40.84921625527744 ], [ -73.783235665551672, 40.849221636013404 ], [ -73.783221207425967, 40.849221608844829 ], [ -73.783177833048967, 40.849221527328176 ], [ -73.783148952589514, 40.849210494190331 ], [ -73.783120125834543, 40.849182992868712 ], [ -73.783033735239599, 40.849073041898279 ], [ -73.782447302734454, 40.849340919307643 ], [ -73.782216547447902, 40.84916482226803 ], [ -73.782194932177063, 40.849142823754576 ], [ -73.782158876794767, 40.849115308543062 ], [ -73.782144472629, 40.849098813063144 ], [ -73.781935370082351, 40.848933735192915 ], [ -73.781863043765625, 40.848944577301474 ], [ -73.781848567697551, 40.84895003935307 ], [ -73.781826844588508, 40.848960977123163 ], [ -73.781697082286129, 40.848850943106605 ], [ -73.781682660275308, 40.848839936960587 ], [ -73.781610586338232, 40.848773927418414 ], [ -73.781596200406284, 40.848751942476717 ], [ -73.781574585474772, 40.848729943845377 ], [ -73.781538458458144, 40.848724386007632 ], [ -73.78150956045539, 40.848718841850811 ], [ -73.781495120471973, 40.848713325073504 ], [ -73.78149555324552, 40.848581579654507 ], [ -73.781784947073263, 40.84851076490385 ], [ -73.781792122035455, 40.848527246756284 ], [ -73.781799278994086, 40.848549218000784 ], [ -73.782067021382204, 40.848467382733162 ], [ -73.782074394238009, 40.848423481248084 ], [ -73.782096171078564, 40.848396075251998 ], [ -73.782204695540443, 40.848368833065692 ], [ -73.782515810470485, 40.848287078636446 ], [ -73.782559220126018, 40.848276181616072 ], [ -73.782617177382662, 40.848237864860394 ], [ -73.782617267080326, 40.848210417895231 ], [ -73.782675331854563, 40.848139164751295 ], [ -73.782653752638282, 40.848106187533524 ], [ -73.782639402381292, 40.848073223933007 ], [ -73.782502573080976, 40.847913772644382 ], [ -73.781584085624971, 40.848038294050021 ], [ -73.781483385476008, 40.847884399375729 ], [ -73.781505739380648, 40.847681332903221 ], [ -73.781426961076832, 40.847456117128559 ], [ -73.781521405168661, 40.847313570918494 ], [ -73.781847279743218, 40.847138525963373 ], [ -73.781825827293829, 40.847067122827056 ], [ -73.782050172780387, 40.846990694930284 ], [ -73.78209379745492, 40.846913925352659 ], [ -73.782216866978516, 40.846859263486614 ], [ -73.782188401118717, 40.846721974033919 ], [ -73.782167002366293, 40.84663410277247 ], [ -73.782159863469104, 40.846606642148984 ], [ -73.782145495802339, 40.846579167873024 ], [ -73.782326322968203, 40.846546572668117 ], [ -73.782290466565229, 40.846458674144337 ], [ -73.782514719728383, 40.84640969230967 ], [ -73.782357087992438, 40.845981219557444 ], [ -73.782581321555071, 40.845937726984424 ], [ -73.782516855460202, 40.845756454298211 ], [ -73.782495474533377, 40.845663093687598 ], [ -73.783095937931819, 40.845516009755272 ], [ -73.783147218565233, 40.845307507852418 ], [ -73.78315448299152, 40.845296542649791 ], [ -73.783220292055191, 40.845066110299143 ], [ -73.783097656250831, 40.844989027745825 ], [ -73.782975772910831, 40.844681390414642 ], [ -73.783366884361342, 40.844446080106792 ], [ -73.783359798835335, 40.844402151356903 ], [ -73.783338238370973, 40.844363684849107 ], [ -73.783323834941626, 40.844347189502905 ], [ -73.783287710159058, 40.844341632208817 ], [ -73.783237092543999, 40.84434702653035 ], [ -73.783157524998202, 40.844363345271923 ], [ -73.783099625124564, 40.844385194134489 ], [ -73.783063518241761, 40.844374147373422 ], [ -73.783049222295318, 40.844324715612224 ], [ -73.783013581003758, 40.844170944516605 ], [ -73.783266918805097, 40.844067121617528 ], [ -73.783094097006185, 40.843863687827131 ], [ -73.783499320696151, 40.843732702772598 ], [ -73.783485042430428, 40.8436777816625 ], [ -73.783477885439126, 40.843655810504067 ], [ -73.78319130552191, 40.842870283505562 ], [ -73.78312667967343, 40.842738415649542 ], [ -73.783018684017478, 40.842606466177706 ], [ -73.782888932138931, 40.84249643338115 ], [ -73.782867300895134, 40.842479924366828 ], [ -73.782715613541612, 40.842446702130154 ], [ -73.782433636997098, 40.842468128338105 ], [ -73.782412005875486, 40.842451619238339 ], [ -73.782368707747509, 40.842429579823445 ], [ -73.782340081822611, 40.842341694890756 ], [ -73.782332925353217, 40.842319723656239 ], [ -73.782311545789085, 40.842226362956353 ], [ -73.782304371377791, 40.842209881118357 ], [ -73.782318953716867, 40.842171482610944 ], [ -73.782326289784848, 40.84213855985962 ], [ -73.782333661768135, 40.84209465831006 ], [ -73.782369893000549, 40.842067279512243 ], [ -73.782370090541477, 40.84200689612485 ], [ -73.782334218566334, 40.84192448694494 ], [ -73.782327080105517, 40.841897026309553 ], [ -73.78226961330212, 40.84178712918829 ], [ -73.78226242098151, 40.841776136745487 ], [ -73.782240862002766, 40.841737670015206 ], [ -73.78223366969226, 40.84172667757057 ], [ -73.782212056832563, 40.841704679032034 ], [ -73.78216874128222, 40.841688128938436 ], [ -73.782074756128154, 40.841693440839926 ], [ -73.782024122443005, 40.8417043240308 ], [ -73.781886695784706, 40.841731511408589 ], [ -73.781865155037522, 40.841687555208701 ], [ -73.78185080655588, 40.841654591473635 ], [ -73.781836746122934, 40.841533797349321 ], [ -73.781836962148304, 40.84146792455801 ], [ -73.781837196175289, 40.841396562366576 ], [ -73.781822937786387, 40.841336151629271 ], [ -73.781801433219314, 40.841281216615556 ], [ -73.781765508316155, 40.841215275447198 ], [ -73.781715001029028, 40.841187732706487 ], [ -73.781686160328832, 40.841165720388013 ], [ -73.781657391715001, 40.841121750463891 ], [ -73.781650235602299, 40.841099779182429 ], [ -73.781614401048728, 40.841006390966463 ], [ -73.781607208920789, 40.840995398481382 ], [ -73.781600142945763, 40.840945980197596 ], [ -73.781592932804628, 40.840940477111253 ], [ -73.7815715907699, 40.840836137452435 ], [ -73.781542840400519, 40.840786678097345 ], [ -73.781513981902577, 40.84077015513423 ], [ -73.781477859213624, 40.840764597269896 ], [ -73.781448982707502, 40.840753563690377 ], [ -73.781427352387738, 40.840737054401131 ], [ -73.781420196392389, 40.840715083103937 ], [ -73.781420268537502, 40.840693125504124 ], [ -73.781442007048085, 40.840676698395029 ], [ -73.781463745547953, 40.84066027128177 ], [ -73.781478255906705, 40.840643830470597 ], [ -73.781485556160561, 40.840621886564236 ], [ -73.781485628283988, 40.840599928964004 ], [ -73.781478508347007, 40.840566978869774 ], [ -73.781464106200829, 40.840550483280623 ], [ -73.781456950213411, 40.840528511985021 ], [ -73.781457022346174, 40.840506554384469 ], [ -73.781464322591972, 40.840484610478946 ], [ -73.781486061023543, 40.840468183360912 ], [ -73.781515027553908, 40.840451769930695 ], [ -73.781522273691209, 40.840446294221955 ], [ -73.78154403012195, 40.840424377692713 ], [ -73.781544156303767, 40.840385951890873 ], [ -73.781537072413784, 40.840342022998406 ], [ -73.781515568404117, 40.840287087922093 ], [ -73.781494154580201, 40.840204705839056 ], [ -73.781486944528183, 40.84019920274541 ], [ -73.781465332411656, 40.84017720406122 ], [ -73.781451002487458, 40.840138750867368 ], [ -73.781365600588401, 40.839732370836664 ], [ -73.781358444721519, 40.839710399531874 ], [ -73.781344746437512, 40.839479817286531 ], [ -73.781337554519155, 40.839468824781747 ], [ -73.781323675918856, 40.8392931365373 ], [ -73.781345540290204, 40.83923828363335 ], [ -73.781564686687318, 40.838536051083295 ], [ -73.781593796527915, 40.838475722411488 ], [ -73.781724727120633, 40.838223456197973 ], [ -73.782007297465924, 40.838015392023074 ], [ -73.781885611914561, 40.83765285914378 ], [ -73.78237818007976, 40.837324423365466 ], [ -73.782724575207197, 40.837489759546237 ], [ -73.782746312349033, 40.83747333218232 ], [ -73.782811523710109, 40.837424050065771 ] ] ] ] } },
{ "type": "Feature", "properties": { "modzcta": "10465", "label": "10465", "zcta": "10465", "pop_est": "44205", "zcta20": "10465", "hvi": 1.0, "hvi_2018": 1.0 }, "geometry": { "type": "MultiPolygon", "coordinates": [ [ [ [ -73.839718220663485, 40.839564727519701 ], [ -73.839564062519202, 40.840547120601954 ], [ -73.8393680944707, 40.840881702856237 ], [ -73.838804576811086, 40.840765638750909 ], [ -73.838493926118815, 40.840699331072891 ], [ -73.838392785407066, 40.840677231703275 ], [ -73.838554455618578, 40.839585062151372 ], [ -73.838620626403056, 40.839124042832253 ], [ -73.838666922942465, 40.837916433349989 ], [ -73.838667721656677, 40.837587068719827 ], [ -73.838662716994079, 40.836670326958341 ], [ -73.838585090100892, 40.835896208643163 ], [ -73.838551070035749, 40.835023341453358 ], [ -73.838428082046804, 40.835072574108118 ], [ -73.83823997927712, 40.835149162481692 ], [ -73.837711859773023, 40.835357018961112 ], [ -73.837234303229764, 40.835575923250566 ], [ -73.836388027261719, 40.835838218537013 ], [ -73.835308708530022, 40.833887933946137 ], [ -73.833630138440611, 40.834610129907382 ], [ -73.832356731873077, 40.835151739777437 ], [ -73.832240786670283, 40.835272338695873 ], [ -73.830745478626753, 40.834957256337276 ], [ -73.8299220463674, 40.834758425403621 ], [ -73.829755954337401, 40.83470328602256 ], [ -73.829589890703204, 40.8346371675771 ], [ -73.829438310503335, 40.834560091444956 ], [ -73.8293012278464, 40.834466568270429 ], [ -73.829178628678818, 40.834362087516915 ], [ -73.829070498889891, 40.834252138642675 ], [ -73.828638223663987, 40.833719022090108 ], [ -73.828551820374543, 40.833592636692032 ], [ -73.828357474360487, 40.833284939292803 ], [ -73.829312821065301, 40.832764860862532 ], [ -73.830130807494939, 40.832255551126671 ], [ -73.830066056872653, 40.832140177594589 ], [ -73.830030103099588, 40.83206876195154 ], [ -73.830674372359383, 40.83165800200856 ], [ -73.831456171407865, 40.831159608547758 ], [ -73.831362260728881, 40.831143002955237 ], [ -73.831174467369081, 40.831098812709051 ], [ -73.830443354944791, 40.83155885274838 ], [ -73.829972846562399, 40.831849100131301 ], [ -73.829712246459849, 40.832013398702379 ], [ -73.828988341126873, 40.832473440117973 ], [ -73.828192110244373, 40.832949837551624 ], [ -73.826802681862674, 40.83363393866744 ], [ -73.826013878553624, 40.834022501222499 ], [ -73.826071453950817, 40.834115908444076 ], [ -73.826157795834717, 40.834264253338233 ], [ -73.826222613436869, 40.834352181962224 ], [ -73.826041510824297, 40.834511102520189 ], [ -73.825874847958957, 40.834675534025855 ], [ -73.825729852415066, 40.834845487462538 ], [ -73.825606495544605, 40.835031941734464 ], [ -73.825497593080911, 40.835218417740435 ], [ -73.825446625779563, 40.835361065872505 ], [ -73.825417326595172, 40.83550923621312 ], [ -73.825402482473805, 40.835657428426359 ], [ -73.825416534332945, 40.835811153810475 ], [ -73.8254450559199, 40.835959411656745 ], [ -73.825488047324328, 40.836102201954844 ], [ -73.825559949555824, 40.836245035963252 ], [ -73.825653391270365, 40.836442796804356 ], [ -73.825732363754213, 40.836646025132573 ], [ -73.825804094621176, 40.836854731893439 ], [ -73.825846914939817, 40.83706339495162 ], [ -73.825887508752345, 40.838122916384734 ], [ -73.825907569122108, 40.838743252257686 ], [ -73.825962161478486, 40.839978456202999 ], [ -73.825968484852737, 40.840324299733389 ], [ -73.825989250217035, 40.840675654459346 ], [ -73.826024472161166, 40.841027030966274 ], [ -73.826081393483847, 40.841372950734389 ], [ -73.826243412841947, 40.842992575721958 ], [ -73.825809996693565, 40.842882133501732 ], [ -73.825679972129691, 40.842849000517703 ], [ -73.825578861193492, 40.84281591111197 ], [ -73.825181603537544, 40.842700031769112 ], [ -73.825136545123058, 40.843342226289302 ], [ -73.82507619162385, 40.844302784164441 ], [ -73.825082380894145, 40.844698032108028 ], [ -73.824955797188736, 40.846103132522529 ], [ -73.824434604111715, 40.84637681159154 ], [ -73.823956808547123, 40.846639575692095 ], [ -73.823015678392537, 40.847159630703437 ], [ -73.822038359637375, 40.847690601032369 ], [ -73.82110445810055, 40.848199672710884 ], [ -73.820481952838307, 40.848500623817571 ], [ -73.820143481561658, 40.84802251692377 ], [ -73.819152713924396, 40.848169182305789 ], [ -73.818205330746665, 40.848310418139263 ], [ -73.817265247932781, 40.848424210651316 ], [ -73.816303383960289, 40.848570897352587 ], [ -73.815145325517236, 40.849079563630738 ], [ -73.815239516678318, 40.84900286262954 ], [ -73.815282997656908, 40.848964506311951 ], [ -73.815341134767976, 40.848854810960091 ], [ -73.815355806157072, 40.848777982542479 ], [ -73.815355821394988, 40.848772493145276 ], [ -73.815319859184953, 40.84870656251767 ], [ -73.815320011593428, 40.848651668544591 ], [ -73.815320209724064, 40.848580306378871 ], [ -73.815450514470996, 40.848514641854095 ], [ -73.815515818994328, 40.848426915560736 ], [ -73.815530627097758, 40.848300682536177 ], [ -73.815632152177017, 40.848185566979282 ], [ -73.815704517785846, 40.848158235504187 ], [ -73.815762288596375, 40.848180285474221 ], [ -73.81579849418047, 40.848158385604734 ], [ -73.815805738334547, 40.848152907749913 ], [ -73.815863752307649, 40.848087127302847 ], [ -73.815900094543096, 40.848015822819285 ], [ -73.81590041359172, 40.847900545459801 ], [ -73.815900626290187, 40.847823693885545 ], [ -73.815864618466065, 40.847774231611709 ], [ -73.815777993148416, 40.847730177923772 ], [ -73.815691291895646, 40.84771357116194 ], [ -73.815633475869774, 40.847707989349402 ], [ -73.815604605903303, 40.847691474936532 ], [ -73.815604697206012, 40.847658538546774 ], [ -73.815648116241221, 40.847642139676005 ], [ -73.815691459205283, 40.84765318778058 ], [ -73.815756504087531, 40.847658781110226 ], [ -73.815799831879431, 40.84767531857235 ], [ -73.815879349790023, 40.847675445519783 ], [ -73.815958913264609, 40.847659104217406 ], [ -73.815973386249738, 40.847653637884505 ], [ -73.816053086296066, 40.847587891931383 ], [ -73.816096672116032, 40.84751110950824 ], [ -73.816125921478147, 40.8473903888341 ], [ -73.816147987393734, 40.847253188432596 ], [ -73.81617032628391, 40.847017178842478 ], [ -73.816163582921476, 40.846841506551684 ], [ -73.816149656319098, 40.846649354536126 ], [ -73.816128303771379, 40.846528553183539 ], [ -73.816121196388849, 40.846484626464914 ], [ -73.816106814722673, 40.846457156420392 ], [ -73.81607076194986, 40.846424162397895 ], [ -73.816027450087503, 40.846402135634335 ], [ -73.815846943778226, 40.846324995676049 ], [ -73.815774717047319, 40.84630292265274 ], [ -73.815716917448043, 40.84629185148102 ], [ -73.815709688697453, 40.846291839932448 ], [ -73.815702459946877, 40.846291828383386 ], [ -73.815659102655715, 40.846286269679943 ], [ -73.815615714940023, 40.846291689759497 ], [ -73.815608486189461, 40.846291678204565 ], [ -73.815572311997784, 40.846302599222291 ], [ -73.815514421086974, 40.846324464346694 ], [ -73.815166952799231, 40.84649956967624 ], [ -73.815116275102056, 40.846526935582013 ], [ -73.815072856663662, 40.846543334255742 ], [ -73.815036697510919, 40.846548765705748 ], [ -73.815000584152415, 40.846537728946522 ], [ -73.814964486075581, 40.8465212027767 ], [ -73.814921220336117, 40.84648270740017 ], [ -73.814906808617039, 40.846466216004721 ], [ -73.814654520566492, 40.846207807983724 ], [ -73.814466496740692, 40.846234952839687 ], [ -73.814423262104143, 40.84618547847537 ], [ -73.814655193552525, 40.845966274397696 ], [ -73.814604745539853, 40.845911299084143 ], [ -73.814684383680756, 40.845867511656465 ], [ -73.814749579604978, 40.845818211556448 ], [ -73.814807516174028, 40.84577987861401 ], [ -73.814865452676287, 40.845741545642262 ], [ -73.815082725409908, 40.845593679686552 ], [ -73.815025155509019, 40.845500267163047 ], [ -73.814206890569153, 40.846009468600876 ], [ -73.813990535529086, 40.845827968915287 ], [ -73.813896454927232, 40.845866243140463 ], [ -73.813187024475013, 40.846227398413731 ], [ -73.813143821634682, 40.846166944771007 ], [ -73.813817123553747, 40.845800242028375 ], [ -73.814005438040269, 40.845668799629912 ], [ -73.814020002837452, 40.845630397140198 ], [ -73.814020033532287, 40.8456194183401 ], [ -73.814034567617824, 40.845591994648316 ], [ -73.813955251787121, 40.84552050422802 ], [ -73.813940825162049, 40.845509502109287 ], [ -73.813904773977171, 40.845476507404406 ], [ -73.813854342317157, 40.845416042357805 ], [ -73.813839931093668, 40.845399550826087 ], [ -73.813803926114005, 40.845350087888249 ], [ -73.813630638498054, 40.845278445516165 ], [ -73.813616196598531, 40.845272932756799 ], [ -73.81346456449451, 40.845212303973035 ], [ -73.813262101135265, 40.845233934090253 ], [ -73.813240415229671, 40.845233898981611 ], [ -73.813204256639096, 40.845239329858437 ], [ -73.813182632397513, 40.845217337137726 ], [ -73.813160992752003, 40.845200833813188 ], [ -73.813132124487467, 40.845184318774436 ], [ -73.813103240814286, 40.845173293128724 ], [ -73.813067128523301, 40.845162255761593 ], [ -73.813030985386462, 40.845162197183825 ], [ -73.812994857681574, 40.845156649194394 ], [ -73.812937044104302, 40.845151066027981 ], [ -73.812879261419624, 40.845134504031833 ], [ -73.812857590989879, 40.845128979450898 ], [ -73.812785366549534, 40.84510690455128 ], [ -73.812720386230566, 40.845079351942431 ], [ -73.812655405965415, 40.845051799296776 ], [ -73.81264097965699, 40.845040797014619 ], [ -73.812633797427921, 40.845024317072067 ], [ -73.812626599740156, 40.845013326529383 ], [ -73.81262664612693, 40.844996858328088 ], [ -73.812633952044521, 40.84496942306761 ], [ -73.812641211572966, 40.844958456008015 ], [ -73.81264847109901, 40.844947488947895 ], [ -73.812662959225449, 40.844936533627298 ], [ -73.812670203286871, 40.84493105596632 ], [ -73.812684675948702, 40.844925590043488 ], [ -73.812706377209139, 40.844920135856057 ], [ -73.812720834411152, 40.844920159329234 ], [ -73.812850949229698, 40.844920370506074 ], [ -73.812988277217784, 40.844926082656301 ], [ -73.81311836120544, 40.844937272332615 ], [ -73.813255673841041, 40.844948473565033 ], [ -73.81334963029299, 40.84495411506127 ], [ -73.813450815366309, 40.844959768171513 ], [ -73.813544756464296, 40.844970898909331 ], [ -73.813544556439737, 40.845042261116575 ], [ -73.813587912743372, 40.845047820615953 ], [ -73.813631253674885, 40.845058869499582 ], [ -73.813652939523621, 40.845058904534781 ], [ -73.813681853988626, 40.845058951241974 ], [ -73.813703555210822, 40.845053496867116 ], [ -73.813718043186569, 40.845042541414195 ], [ -73.813739744400436, 40.845037087032502 ], [ -73.813754247735886, 40.845020642174447 ], [ -73.813768735696129, 40.84500968671513 ], [ -73.813783239018434, 40.844993241853352 ], [ -73.813790513726204, 40.844976785320824 ], [ -73.813841144701769, 40.844965888192135 ], [ -73.813891760302894, 40.84496048044177 ], [ -73.813942391249455, 40.844949583268615 ], [ -73.813993037528931, 40.84493319667245 ], [ -73.814036470528478, 40.844911308999905 ], [ -73.814079918841742, 40.844883931910175 ], [ -73.814116153864205, 40.844851053754674 ], [ -73.814145160260694, 40.844818163940978 ], [ -73.814166953376983, 40.844779773073697 ], [ -73.814181517886283, 40.844741370557664 ], [ -73.814188792467974, 40.844724913999329 ], [ -73.814181686558896, 40.844680987147527 ], [ -73.814174565324748, 40.844642549695948 ], [ -73.814153002301225, 40.844598599550814 ], [ -73.81411696684394, 40.844560115505999 ], [ -73.814080916086212, 40.844527120850771 ], [ -73.814037621463598, 40.844499603931816 ], [ -73.813987082974407, 40.844477564741091 ], [ -73.813936513810603, 40.84446650433032 ], [ -73.81387871611291, 40.844455432234071 ], [ -73.813835329446292, 40.84446085164565 ], [ -73.813813643792429, 40.844460816644748 ], [ -73.813726916548518, 40.844455187199308 ], [ -73.813661890346111, 40.844444103321067 ], [ -73.81359694107563, 40.844405572400554 ], [ -73.813568073047975, 40.844389057468646 ], [ -73.81354647973491, 40.844356086010556 ], [ -73.813546510507308, 40.84434510720822 ], [ -73.81350326239351, 40.844301121884165 ], [ -73.813467227473254, 40.844262637634436 ], [ -73.813438451910386, 40.844213186261968 ], [ -73.813424164220649, 40.844152779464267 ], [ -73.813417105068055, 40.844092384356841 ], [ -73.813395558121897, 40.84404294466448 ], [ -73.813381239708178, 40.843993516662678 ], [ -73.813366921315748, 40.843944088658638 ], [ -73.813359831434269, 40.843894672348732 ], [ -73.813367198531978, 40.843845279430127 ], [ -73.81337456561873, 40.843795886510613 ], [ -73.813396389641738, 40.843746516978719 ], [ -73.813425426704541, 40.843702648536251 ], [ -73.813461692193115, 40.843658791776015 ], [ -73.813468936049631, 40.84365331406368 ], [ -73.813476164513119, 40.843653325752697 ], [ -73.813490636830736, 40.843647859727547 ], [ -73.813497865293627, 40.8436478714152 ], [ -73.81351232221941, 40.84364789478915 ], [ -73.813555677611561, 40.843653454302014 ], [ -73.813606276856191, 40.843653536077575 ], [ -73.813656906854803, 40.84364263902723 ], [ -73.813707536836816, 40.843631741954646 ], [ -73.813758136065118, 40.8436318236636 ], [ -73.813815979118573, 40.843626427616201 ], [ -73.813873837521626, 40.84361554213789 ], [ -73.813924482802335, 40.843599155568057 ], [ -73.813975143408726, 40.843577279574021 ], [ -73.814025727249458, 40.843582850567536 ], [ -73.814076341783263, 40.843577442734961 ], [ -73.814126956308826, 40.84357203488014 ], [ -73.814177586160113, 40.843561137601149 ], [ -73.814221018203114, 40.843539249853904 ], [ -73.8142933793373, 40.843511919242104 ], [ -73.814365740412043, 40.843484588584836 ], [ -73.814445314557844, 40.843462758912409 ], [ -73.814524858040897, 40.843451907989348 ], [ -73.814604386199321, 40.843446546413595 ], [ -73.814691127494029, 40.843446685798078 ], [ -73.814770609777867, 40.843457792314268 ], [ -73.81485009208825, 40.843468898775647 ], [ -73.814929543881433, 40.843490983986641 ], [ -73.815001797810694, 40.843502078745509 ], [ -73.815109675268275, 40.84369987106767 ], [ -73.815202684652135, 40.844045853969462 ], [ -73.815202638903756, 40.844062322174459 ], [ -73.815217050175363, 40.844078813539753 ], [ -73.81522424819002, 40.844089803922515 ], [ -73.815245903231855, 40.844100817461509 ], [ -73.815260329767256, 40.844111819419645 ], [ -73.815346965267835, 40.844150384122216 ], [ -73.815440814161036, 40.844194449726935 ], [ -73.815520190900401, 40.844243981536017 ], [ -73.815534632734327, 40.84424949405804 ], [ -73.815549059349735, 40.844260495979817 ], [ -73.815563485969903, 40.844271497899719 ], [ -73.815570684062635, 40.844282488260511 ], [ -73.815577882157754, 40.844293478620841 ], [ -73.815577836502058, 40.844309946825312 ], [ -73.815577806064923, 40.844320925628281 ], [ -73.815577760409212, 40.844337393832674 ], [ -73.815577714753459, 40.844353862037032 ], [ -73.815584897639468, 40.844370341798211 ], [ -73.815592095746425, 40.844381332157461 ], [ -73.815599278638956, 40.844397811917695 ], [ -73.815620933843164, 40.844408825385727 ], [ -73.8156353605074, 40.844419827296349 ], [ -73.815649802389046, 40.844425339803749 ], [ -73.81567147282145, 40.84443086386085 ], [ -73.815693158466516, 40.844430898512442 ], [ -73.815714844111611, 40.844430933160027 ], [ -73.816163029285661, 40.844426158894983 ], [ -73.816228101382052, 40.844420773158944 ], [ -73.816285975241428, 40.84440439707069 ], [ -73.816293203787012, 40.844404408583152 ], [ -73.816300432332611, 40.844404420095209 ], [ -73.816307676036558, 40.844398942205267 ], [ -73.816307691194922, 40.844393452803757 ], [ -73.816314919739312, 40.844393464314876 ], [ -73.816322163440887, 40.844387986424024 ], [ -73.816322178598043, 40.844382497022522 ], [ -73.816322193755198, 40.844377007620999 ], [ -73.816322208912354, 40.844371518219489 ], [ -73.816322224069509, 40.844366028817966 ], [ -73.81632223922665, 40.844360539416428 ], [ -73.816315025843565, 40.844355038504254 ], [ -73.816300599080989, 40.844344036678486 ], [ -73.816286157163049, 40.844338524252429 ], [ -73.816271745570134, 40.844322033021413 ], [ -73.816257318821869, 40.84431103119018 ], [ -73.81625013577569, 40.844294551470711 ], [ -73.81625018126492, 40.844278083265948 ], [ -73.816250226754136, 40.844261615061072 ], [ -73.816250272243323, 40.844245146856196 ], [ -73.816250363221641, 40.844212210446294 ], [ -73.81626489608027, 40.844184786466862 ], [ -73.816279428926904, 40.84415736248549 ], [ -73.816301190277329, 40.8441299500141 ], [ -73.816322936452792, 40.844108026940319 ], [ -73.816351911124926, 40.844086115371084 ], [ -73.816388099134954, 40.844069704702882 ], [ -73.816409784662667, 40.844069739219769 ], [ -73.816438713847134, 40.84406429583413 ], [ -73.816460399373099, 40.844064330341496 ], [ -73.81648206975521, 40.844069854246648 ], [ -73.816496526773747, 40.844069877246575 ], [ -73.81651095350928, 40.844080879048356 ], [ -73.816518166878836, 40.844086379948578 ], [ -73.816525365109257, 40.844097370250168 ], [ -73.816532563342065, 40.844108360551239 ], [ -73.816539761577246, 40.844119350851841 ], [ -73.816539746438096, 40.844124840253698 ], [ -73.81654697495334, 40.84412485175023 ], [ -73.816546959814801, 40.844130341152017 ], [ -73.816554188330656, 40.844130352648143 ], [ -73.816561416846497, 40.844130364143815 ], [ -73.816568645362366, 40.844130375639082 ], [ -73.816575889014388, 40.84412489773203 ], [ -73.816575904150554, 40.844119408330243 ], [ -73.816583147800785, 40.844113930422786 ], [ -73.81658316293634, 40.844108441020957 ], [ -73.81659040658478, 40.844102963113016 ], [ -73.816597650232026, 40.844097485204593 ], [ -73.816604893878079, 40.844092007295707 ], [ -73.81661212238977, 40.844092018788217 ], [ -73.816633762530742, 40.844108521468492 ], [ -73.816655417812044, 40.844119534742831 ], [ -73.816684301616405, 40.844130559501018 ], [ -73.816713200555185, 40.844136094850178 ], [ -73.816742099498768, 40.844141630192091 ], [ -73.816771013567234, 40.844141676125012 ], [ -73.81679994275342, 40.844136232648829 ], [ -73.81682888705015, 40.844125299763597 ], [ -73.816850602823195, 40.844114355393948 ], [ -73.816865090076135, 40.844103399544032 ], [ -73.816894034347882, 40.84409246664233 ], [ -73.816915734991383, 40.844087011662246 ], [ -73.816944664141943, 40.844081568149704 ], [ -73.816966334569869, 40.844087091963864 ], [ -73.816995248614802, 40.844087137840553 ], [ -73.817016903948982, 40.844098151047099 ], [ -73.817038559290339, 40.844109164249495 ], [ -73.817060214638872, 40.844120177447827 ], [ -73.81707462638353, 40.844136668580859 ], [ -73.817089038135322, 40.844153159712064 ], [ -73.817096221374058, 40.844169639379714 ], [ -73.817096176094338, 40.844186107585109 ], [ -73.817088902290806, 40.844202564328334 ], [ -73.817081628483677, 40.844219021071055 ], [ -73.817074384863048, 40.844224499009741 ], [ -73.817074369768008, 40.844229988411527 ], [ -73.817074354672954, 40.844235477813257 ], [ -73.8170743395779, 40.844240967215022 ], [ -73.817074324482832, 40.844246456616737 ], [ -73.817074309387777, 40.844251946018481 ], [ -73.817081522822463, 40.844257446883297 ], [ -73.817081507727991, 40.844262936285034 ], [ -73.817088736258341, 40.844262947747666 ], [ -73.817095949695428, 40.844268448611601 ], [ -73.817103178226375, 40.844268460073302 ], [ -73.817110406757337, 40.844268471534541 ], [ -73.817117635288298, 40.844268482995396 ], [ -73.817153747766099, 40.844279519096133 ], [ -73.817189875341427, 40.844285065783879 ], [ -73.817226018005329, 40.84428512305854 ], [ -73.817319928632571, 40.844307229526557 ], [ -73.817413824255155, 40.844334825319784 ], [ -73.817500476354482, 40.844367899001767 ], [ -73.817832989281243, 40.844368424606188 ], [ -73.818237832631155, 40.844352594973358 ], [ -73.818237862629289, 40.844341616169764 ], [ -73.818237892627423, 40.844330637366127 ], [ -73.818237937624588, 40.844314169160661 ], [ -73.818230739087767, 40.844303178966413 ], [ -73.818223540553333, 40.844292188771632 ], [ -73.818216342021259, 40.844281198576397 ], [ -73.818209128490153, 40.844275697782571 ], [ -73.818194701431523, 40.844264696193548 ], [ -73.818187487903998, 40.844259195398358 ], [ -73.818187517910403, 40.844248216594579 ], [ -73.818180319389043, 40.844237226397034 ], [ -73.818180349396627, 40.844226247593241 ], [ -73.818180379404183, 40.844215268789419 ], [ -73.818187637935907, 40.844204301379335 ], [ -73.818194881462659, 40.844198823370711 ], [ -73.818202169994152, 40.844176877155803 ], [ -73.818202230002029, 40.844154919547933 ], [ -73.818195061493441, 40.844132950547134 ], [ -73.818187892989599, 40.844110981545818 ], [ -73.818166207447518, 40.844110947363205 ], [ -73.818144521905467, 40.844110913176564 ], [ -73.818122821354933, 40.844116368387795 ], [ -73.818101120800833, 40.844121823594925 ], [ -73.818086648758964, 40.844127290198074 ], [ -73.818064933185042, 40.844138234800404 ], [ -73.818050446122143, 40.84414919080092 ], [ -73.818014198409031, 40.844187559598133 ], [ -73.817977965674601, 40.844220438981857 ], [ -73.817927290870102, 40.844247806133332 ], [ -73.817862189020417, 40.844264171631814 ], [ -73.817804345740697, 40.844269569707656 ], [ -73.817746517491216, 40.844269478352679 ], [ -73.817688689241891, 40.844269386968712 ], [ -73.817630876041861, 40.844263806153968 ], [ -73.817594763493418, 40.844252770202544 ], [ -73.817558635901875, 40.844247223641617 ], [ -73.817515324964234, 40.844225197428514 ], [ -73.817472014055284, 40.844203171198998 ], [ -73.817428718240805, 40.844175655551361 ], [ -73.817392650980082, 40.844148151330842 ], [ -73.817363827335257, 40.844115169142476 ], [ -73.817335003719023, 40.844082186946665 ], [ -73.817320652220388, 40.844043738238213 ], [ -73.817277401807033, 40.843999754326958 ], [ -73.817234151450876, 40.84395577039917 ], [ -73.817183657573736, 40.84391726440068 ], [ -73.817169215675293, 40.843911752084793 ], [ -73.817147530198667, 40.843911717710675 ], [ -73.817133073214279, 40.843911694792311 ], [ -73.817111387737725, 40.843911660411408 ], [ -73.816691953676724, 40.84397686773606 ], [ -73.816677511806077, 40.843971355358676 ], [ -73.816655841439825, 40.843965831490138 ], [ -73.816626987975511, 40.843943827920562 ], [ -73.816605378157178, 40.843916346434611 ], [ -73.816612742847454, 40.843866953308947 ], [ -73.816612757980508, 40.843861463906912 ], [ -73.816612833645777, 40.843834016896587 ], [ -73.816576751771606, 40.843812001821476 ], [ -73.816562325083495, 40.843801000027426 ], [ -73.816511831712717, 40.843762493733792 ], [ -73.816490252287153, 40.843724033421097 ], [ -73.816447017777406, 40.843674559793911 ], [ -73.816439895342057, 40.843636122475516 ], [ -73.816425559605463, 40.843592184250447 ], [ -73.81638950822726, 40.843559190311275 ], [ -73.816367928938362, 40.843520729974323 ], [ -73.816360776257667, 40.84349327145479 ], [ -73.816353578119802, 40.843482281141803 ], [ -73.816353714508949, 40.843432876520303 ], [ -73.816361079332566, 40.843383483406548 ], [ -73.816346774012231, 40.843328566364733 ], [ -73.816310813763067, 40.843262635984111 ], [ -73.816274868745964, 40.843191216188892 ], [ -73.816231665071371, 40.843130763671063 ], [ -73.816202903109826, 40.843075823575909 ], [ -73.816152501522652, 40.843004380703498 ], [ -73.816101978643744, 40.842976853030819 ], [ -73.816029770644363, 40.842949290751655 ], [ -73.815964806275545, 40.842916250557366 ], [ -73.815935953495043, 40.842894246810957 ], [ -73.815907115924688, 40.842866753654356 ], [ -73.815878308765036, 40.842828281684589 ], [ -73.815863958378856, 40.842789832786558 ], [ -73.815720090475907, 40.842537089372094 ], [ -73.815705679413568, 40.842520598065278 ], [ -73.815619106686526, 40.842460076008464 ], [ -73.815503559909573, 40.842421465255704 ], [ -73.815445763727865, 40.842410393940725 ], [ -73.815416896107038, 40.842393879465888 ], [ -73.815402546081231, 40.842355430507567 ], [ -73.81540985056391, 40.842327995058824 ], [ -73.81543164213457, 40.842289603936109 ], [ -73.815467859848695, 40.842262214744821 ], [ -73.815504107981354, 40.842223846735074 ], [ -73.815525869018771, 40.842196434400876 ], [ -73.815547660479382, 40.842158043255424 ], [ -73.815562269275688, 40.842103172337083 ], [ -73.815562391030355, 40.842059257108403 ], [ -73.815555254059205, 40.842026309128435 ], [ -73.815577091101403, 40.841971449765254 ], [ -73.815591730266206, 40.84190560003394 ], [ -73.815584684601646, 40.841839715632069 ], [ -73.815570471565778, 40.841751862056107 ], [ -73.815527391243094, 40.841647494027768 ], [ -73.815469732771689, 40.841587018087147 ], [ -73.815426439488064, 40.841559501675562 ], [ -73.815375933241512, 40.841526484274027 ], [ -73.815332655274233, 40.841493478422819 ], [ -73.815303879522489, 40.84144402749223 ], [ -73.815289560250278, 40.841394599705232 ], [ -73.815289712666996, 40.841339705663017 ], [ -73.815282606392572, 40.841295778853542 ], [ -73.815261028477792, 40.841257318294566 ], [ -73.815232176649573, 40.841235314365846 ], [ -73.815217811732893, 40.841202354781352 ], [ -73.815217903218212, 40.841169418355022 ], [ -73.815218009950968, 40.841130992524135 ], [ -73.815232542562043, 40.841103568660252 ], [ -73.81524710565138, 40.841065165985441 ], [ -73.815232801749175, 40.841010248783661 ], [ -73.815218467375686, 40.840966310388808 ], [ -73.815204163518374, 40.840911393182516 ], [ -73.815182585773641, 40.840872932606395 ], [ -73.815146597498952, 40.840817980644452 ], [ -73.815125019817785, 40.840779520056941 ], [ -73.815110670308897, 40.840741071051738 ], [ -73.815103487932248, 40.840724591250741 ], [ -73.81508909267346, 40.840702610456979 ], [ -73.815074758461179, 40.840658672041926 ], [ -73.815067637141595, 40.840620234618925 ], [ -73.815067713440669, 40.840592787594389 ], [ -73.815053409788121, 40.840537870365914 ], [ -73.815046242709144, 40.840515901155811 ], [ -73.815003484575627, 40.840296255401761 ], [ -73.814975182874676, 40.840076632814245 ], [ -73.814809701196609, 40.839801895737672 ], [ -73.814795290952446, 40.839785404309424 ], [ -73.814788093474391, 40.839774413891739 ], [ -73.814780895998723, 40.839763423473656 ], [ -73.814766455201109, 40.839757910852988 ], [ -73.814759242445717, 40.839752409839157 ], [ -73.81474478636602, 40.839752386621491 ], [ -73.814730314998883, 40.839757852807629 ], [ -73.814723071670386, 40.839763330602864 ], [ -73.81470861558833, 40.839763307380643 ], [ -73.814701402837144, 40.839757806363153 ], [ -73.814694205377606, 40.83974681593962 ], [ -73.814701479286327, 40.839730359334816 ], [ -73.814708753191454, 40.839713902729542 ], [ -73.814716027092999, 40.839697446123779 ], [ -73.814730544310436, 40.839675511722156 ], [ -73.814730620747483, 40.839648064693414 ], [ -73.814730712471885, 40.839615128258785 ], [ -73.814723560886847, 40.839587669619291 ], [ -73.814723606750746, 40.83957120140186 ], [ -73.814695031057283, 40.839450388026229 ], [ -73.814782806389431, 40.839077247725953 ], [ -73.8153905801299, 40.838853155443125 ], [ -73.815397914697286, 40.838814741165429 ], [ -73.815426917828219, 40.838781850995403 ], [ -73.815448632087723, 40.838770906879716 ], [ -73.815477528595494, 40.838776442543526 ], [ -73.815484726079475, 40.838787432920029 ], [ -73.815520865755175, 40.838787490729054 ], [ -73.815549777495789, 40.838787536968105 ], [ -73.815600509980825, 40.838738213208629 ], [ -73.815665667819502, 40.838699891344085 ], [ -73.815737992688369, 40.838683538616998 ], [ -73.815803044003502, 40.838683642522213 ], [ -73.815846472327479, 40.838661754144674 ], [ -73.815889946197416, 40.838623397530114 ], [ -73.815962362041191, 40.838574108220719 ], [ -73.816063795644482, 40.838486439126598 ], [ -73.816129028828414, 40.838420669963305 ], [ -73.816194337715032, 40.838327453726478 ], [ -73.816266798492165, 40.838261696001666 ], [ -73.816303180400254, 40.838173923048743 ], [ -73.81633957736662, 40.838080660675487 ], [ -73.816339713755085, 40.83803125600835 ], [ -73.816310893282434, 40.837998273522324 ], [ -73.816289300684318, 40.837965302541619 ], [ -73.816289391634726, 40.83793236609629 ], [ -73.816311150944856, 40.837904953593828 ], [ -73.816325636934451, 40.837893997800002 ], [ -73.81635460889936, 40.837872086206822 ], [ -73.816412583068285, 40.837817284182982 ], [ -73.81645608634922, 40.837767948534072 ], [ -73.816477951536427, 40.837702110144811 ], [ -73.816478057535846, 40.837663684290007 ], [ -73.816449312879485, 40.837603254797031 ], [ -73.81644238798674, 40.837493455135281 ], [ -73.816428265627664, 40.8373726651513 ], [ -73.816421371088339, 40.837251886667531 ], [ -73.816414415982464, 40.837153065814206 ], [ -73.816400248299317, 40.83704874404502 ], [ -73.816393308395646, 40.836944433778484 ], [ -73.816364700494503, 40.836834599579753 ], [ -73.816343229476956, 40.836757713333405 ], [ -73.816300029918096, 40.836697260774734 ], [ -73.81623511700775, 40.836647752471094 ], [ -73.816199039155975, 40.836625737250777 ], [ -73.816163006833634, 40.836587253792707 ], [ -73.816170310369415, 40.836559818268775 ], [ -73.81619934246649, 40.836515949074169 ], [ -73.81620676729851, 40.836444598276188 ], [ -73.816185357255819, 40.836345754359165 ], [ -73.816142340149725, 40.836219428827704 ], [ -73.816092019693173, 40.836120538799065 ], [ -73.816063351937274, 40.836032662147559 ], [ -73.815983954224052, 40.835994109461417 ], [ -73.815926239485535, 40.835955591328272 ], [ -73.815890192493057, 40.835922597189956 ], [ -73.815854099954819, 40.835906071268454 ], [ -73.815789005757779, 40.835922435620155 ], [ -73.815709471483103, 40.835933287428922 ], [ -73.815658862897521, 40.835938695985178 ], [ -73.815622663917367, 40.835960595856776 ], [ -73.815564797239873, 40.83597697163583 ], [ -73.815521431461022, 40.835976902280152 ], [ -73.815499809464001, 40.835954909959 ], [ -73.815499900802507, 40.835921973503012 ], [ -73.815543342642997, 40.835894595819987 ], [ -73.815608406444994, 40.835889210425627 ], [ -73.815673455027706, 40.835889314403964 ], [ -73.815716866365136, 40.835872915474255 ], [ -73.81579643096363, 40.835851084841394 ], [ -73.815904905965198, 40.835829300303622 ], [ -73.815991698061296, 40.83580748107228 ], [ -73.816049594841687, 40.835780126259493 ], [ -73.816064065235224, 40.835774659904104 ], [ -73.816078702554506, 40.835708810041403 ], [ -73.816078854307079, 40.835653915944967 ], [ -73.816071793646373, 40.835593520912361 ], [ -73.816042989540733, 40.835555048935952 ], [ -73.816035792314239, 40.835544058588276 ], [ -73.81600697306969, 40.835511076012331 ], [ -73.815985320697706, 40.835500062600076 ], [ -73.815927500073144, 40.835499970333018 ], [ -73.815876876643017, 40.83551086839514 ], [ -73.815790145692361, 40.835510729902168 ], [ -73.815717869900425, 40.835510614441517 ], [ -73.815674443591078, 40.835532502782357 ], [ -73.815645533264885, 40.835532456574562 ], [ -73.815602167775694, 40.835532387249231 ], [ -73.815573272666541, 40.835526851613587 ], [ -73.815580561112768, 40.835504905531792 ], [ -73.815609547496621, 40.835477504707129 ], [ -73.815696278403578, 40.835477643335921 ], [ -73.815754114210421, 40.835472246309095 ], [ -73.815855330648219, 40.835461429089833 ], [ -73.815963820179888, 40.835434155085373 ], [ -73.816028959394131, 40.835401322403982 ], [ -73.816043444885082, 40.835390366640937 ], [ -73.816079658591576, 40.83536297722528 ], [ -73.816094326152623, 40.835286148536007 ], [ -73.816109008852465, 40.835203830433777 ], [ -73.81610200890502, 40.835121477757767 ], [ -73.816094948279812, 40.835061082721118 ], [ -73.816044461812609, 40.835022576165478 ], [ -73.816030052297577, 40.835006084878081 ], [ -73.816001233288901, 40.834973102297731 ], [ -73.816001369922247, 40.8349236976049 ], [ -73.816023189085726, 40.834874327501282 ], [ -73.816059478402977, 40.8348194910374 ], [ -73.816074115516656, 40.834753641164674 ], [ -73.816096010438443, 40.834676823993 ], [ -73.816081798257585, 40.834588970372906 ], [ -73.816038630701058, 40.83451753887266 ], [ -73.816009827080435, 40.834479066880988 ], [ -73.815973704928254, 40.834473519814395 ], [ -73.815923112662389, 40.8344734390772 ], [ -73.815836352674069, 40.834484279440453 ], [ -73.815771290264436, 40.83448966496465 ], [ -73.815713424902881, 40.834506040822376 ], [ -73.81567728755266, 40.834505983073669 ], [ -73.815662878240502, 40.834489491738964 ], [ -73.815662908659107, 40.834478512917578 ], [ -73.815699106819636, 40.834456613027854 ], [ -73.815771427067546, 40.834440260268053 ], [ -73.815887112046866, 40.834423976697352 ], [ -73.815995599873801, 40.834396702658154 ], [ -73.816010100332136, 40.834380257486615 ], [ -73.816031873774463, 40.834347355609438 ], [ -73.816031980026153, 40.834308929733169 ], [ -73.816039450325889, 40.834221110686308 ], [ -73.816039602107466, 40.834166216576087 ], [ -73.816018147506625, 40.83408384082334 ], [ -73.816011071887175, 40.834028935182111 ], [ -73.816011208511284, 40.833979530481393 ], [ -73.815989693277004, 40.833919112365848 ], [ -73.815989738823603, 40.833902644132024 ], [ -73.815939769631001, 40.833677497535135 ], [ -73.815896602818341, 40.833606065970706 ], [ -73.815867799674436, 40.833567593937659 ], [ -73.815846208733831, 40.833534622849214 ], [ -73.815831845175609, 40.833501663298009 ], [ -73.815810223880391, 40.83347967102582 ], [ -73.815781329645418, 40.833474135440376 ], [ -73.815759601968267, 40.833490569040215 ], [ -73.815730677325817, 40.833496012265336 ], [ -73.815709010450107, 40.833490488209087 ], [ -73.815701859119656, 40.833463029601766 ], [ -73.815709132092152, 40.833446572915911 ], [ -73.815738071917735, 40.833435640284414 ], [ -73.815781512036793, 40.833408262500143 ], [ -73.815803315668973, 40.833364381837228 ], [ -73.815803346063888, 40.833353403013703 ], [ -73.81581795271606, 40.833298531980766 ], [ -73.815810892542146, 40.833238136908129 ], [ -73.815803847578437, 40.833172252422514 ], [ -73.815782378390878, 40.833095366024054 ], [ -73.815760909252944, 40.833018479620627 ], [ -73.815761046060743, 40.832969074911752 ], [ -73.815739500975127, 40.832919635563542 ], [ -73.815703546953586, 40.832853704876712 ], [ -73.815660259256006, 40.83282618851203 ], [ -73.815638653447948, 40.832798706792921 ], [ -73.815645941573763, 40.83277676069693 ], [ -73.815653275323868, 40.832738346363392 ], [ -73.81561009421489, 40.832672404092826 ], [ -73.81558864062751, 40.832590028239359 ], [ -73.815524006219334, 40.832441710075379 ], [ -73.815524067100469, 40.832419752425061 ], [ -73.815516931182302, 40.832386804388669 ], [ -73.815502598479043, 40.832342865964776 ], [ -73.815488265794727, 40.832298927538737 ], [ -73.815452251452911, 40.832254954417664 ], [ -73.815416206700405, 40.83222196011063 ], [ -73.815387343507453, 40.832205445599698 ], [ -73.815365677080507, 40.832199921477738 ], [ -73.815358495562705, 40.832183441668739 ], [ -73.81535134451741, 40.832155983033637 ], [ -73.815344208713043, 40.832123034985095 ], [ -73.815351557799744, 40.832079131253678 ], [ -73.815337240507588, 40.832029703393985 ], [ -73.815315756990557, 40.831958306306845 ], [ -73.81528707681359, 40.831875918813665 ], [ -73.81523662371859, 40.831826433057429 ], [ -73.815193382624727, 40.831782448273337 ], [ -73.815150095835094, 40.831754931712204 ], [ -73.815135702501564, 40.831732950890782 ], [ -73.815121309177556, 40.831710970067469 ], [ -73.815099627678578, 40.831710935308287 ], [ -73.815070734270847, 40.831705399543118 ], [ -73.815041856127834, 40.831694374357568 ], [ -73.815034659484311, 40.831683383940252 ], [ -73.815034705265759, 40.831666915700588 ], [ -73.815049174848113, 40.831661449468712 ], [ -73.815056447785111, 40.831644992818958 ], [ -73.815085371678023, 40.831639549761256 ], [ -73.815085386934314, 40.83163406034798 ], [ -73.815107083662724, 40.831628605696608 ], [ -73.815114356581816, 40.831612149043146 ], [ -73.815107175189695, 40.831595669216888 ], [ -73.815100024311292, 40.831568210563454 ], [ -73.815085676803449, 40.83152976149502 ], [ -73.815071314054762, 40.83149680183795 ], [ -73.815049724180838, 40.831463830588909 ], [ -73.815020876669294, 40.83144182657081 ], [ -73.815006437657928, 40.831436313972418 ], [ -73.814991998648935, 40.831430801372221 ], [ -73.8149847867776, 40.831425300364764 ], [ -73.814977574907473, 40.831419799356787 ], [ -73.814970393570007, 40.831403319521442 ], [ -73.814970454632899, 40.831381361867564 ], [ -73.814956214108406, 40.831304486887049 ], [ -73.814949154928314, 40.831244091741389 ], [ -73.8149492923352, 40.831194687018694 ], [ -73.814913416380634, 40.831101308997766 ], [ -73.814877479433548, 40.831029888619412 ], [ -73.814855859257023, 40.831007896159193 ], [ -73.814841466182301, 40.83098591529825 ], [ -73.81476244198619, 40.830815615804134 ], [ -73.814711928937783, 40.830788087465585 ], [ -73.814683097120209, 40.830760593946444 ], [ -73.814654250034806, 40.830738589833992 ], [ -73.814610979442477, 40.830705583651593 ], [ -73.814582162999969, 40.830672600692743 ], [ -73.814546104235603, 40.830645095519095 ], [ -73.814517257245598, 40.830623091371912 ], [ -73.814510060804579, 40.830612100919879 ], [ -73.814502849061853, 40.830606599881449 ], [ -73.814474048022305, 40.830568127480852 ], [ -73.814445247016039, 40.830529655072809 ], [ -73.814409203697579, 40.830496660441426 ], [ -73.814380295560383, 40.830496613916438 ], [ -73.814358568509519, 40.830513047260567 ], [ -73.814336887401311, 40.830513012357933 ], [ -73.814315206293116, 40.830512977451299 ], [ -73.814293540506313, 40.830507453126316 ], [ -73.814286390080639, 40.830479994417416 ], [ -73.814286466690362, 40.830452547346233 ], [ -73.814300966711556, 40.830436102378634 ], [ -73.814322709070467, 40.830414179630857 ], [ -73.814315558642775, 40.830386720923364 ], [ -73.814308408220981, 40.830359262215268 ], [ -73.814301211843016, 40.830348271749692 ], [ -73.814272365062678, 40.830326267540222 ], [ -73.814229140907827, 40.830276792969066 ], [ -73.814157054794919, 40.830210803557009 ], [ -73.81410655779284, 40.830177785536051 ], [ -73.814048849186364, 40.830139266425611 ], [ -73.813998306255385, 40.830122716600464 ], [ -73.813969444324982, 40.830106201728888 ], [ -73.813940551708143, 40.830100665679112 ], [ -73.813904508872341, 40.83006767088763 ], [ -73.813882920040328, 40.830034699412266 ], [ -73.813868558210189, 40.830001739597165 ], [ -73.813854134964288, 40.829990737438536 ], [ -73.813818061509949, 40.829968721448715 ], [ -73.813818138312271, 40.829941274375471 ], [ -73.813832699774821, 40.829902871806588 ], [ -73.813868957473417, 40.82985901481554 ], [ -73.813883488178547, 40.829831591069258 ], [ -73.81388351888863, 40.829820612239722 ], [ -73.813890868684837, 40.829776708584376 ], [ -73.813854964265516, 40.829694309041756 ], [ -73.813826210074652, 40.829639368228662 ], [ -73.813761229065321, 40.829617305548595 ], [ -73.813710732710092, 40.829584287351075 ], [ -73.813696371062463, 40.829551327511993 ], [ -73.813689190243977, 40.829534847591745 ], [ -73.813681978685864, 40.829529346501012 ], [ -73.81366761706434, 40.829496386658036 ], [ -73.813653316952795, 40.829441469152776 ], [ -73.813631743824175, 40.829403008211827 ], [ -73.813610139965519, 40.82937552609684 ], [ -73.813574036164539, 40.829364488858744 ], [ -73.813545190051187, 40.829342484463737 ], [ -73.813516236260369, 40.829358905967638 ], [ -73.813501736279946, 40.829375350839527 ], [ -73.813458328635861, 40.829391748953441 ], [ -73.813414951757551, 40.829397168220773 ], [ -73.813378832580625, 40.829391620336715 ], [ -73.813364455741237, 40.829364149870365 ], [ -73.813371728843819, 40.829347693320599 ], [ -73.813393486548577, 40.829320281328812 ], [ -73.813429651865093, 40.829309360962796 ], [ -73.813458621045683, 40.829287450065294 ], [ -73.813494832494598, 40.829260061433082 ], [ -73.813502167099003, 40.829221647213664 ], [ -73.813495032525026, 40.829188699034468 ], [ -73.813480671069627, 40.829155739166374 ], [ -73.813451932811034, 40.829095308839619 ], [ -73.813387091019507, 40.829023841207842 ], [ -73.813343837570258, 40.828985345125069 ], [ -73.81329332649824, 40.828957816156766 ], [ -73.813242784652644, 40.828941265997216 ], [ -73.813199454284273, 40.828930216937408 ], [ -73.81314165478878, 40.828924633858101 ], [ -73.813098247349998, 40.828941031837715 ], [ -73.813047582175301, 40.828968396916409 ], [ -73.812996947814938, 40.828984783141905 ], [ -73.812982494075257, 40.828984759703268 ], [ -73.812953586595938, 40.828984712820613 ], [ -73.812924694550603, 40.828979176515297 ], [ -73.812903091121584, 40.828951694265932 ], [ -73.812932091186497, 40.828918804668447 ], [ -73.812968287221182, 40.82889690561538 ], [ -73.812997240946203, 40.82888048424779 ], [ -73.813040663794737, 40.82885859689052 ], [ -73.813084071193956, 40.828842198932293 ], [ -73.813127447737401, 40.828836779788936 ], [ -73.813163612834785, 40.828825859505457 ], [ -73.813178128192007, 40.828803925258924 ], [ -73.813170947582549, 40.828787445304322 ], [ -73.813156524715225, 40.828776443056285 ], [ -73.813127601909116, 40.82878188563285 ], [ -73.813098694517834, 40.828781838786568 ], [ -73.813076967710387, 40.828798271893994 ], [ -73.813055287161603, 40.828798236750401 ], [ -73.813048091159459, 40.82878724620376 ], [ -73.813062621968868, 40.828759822556002 ], [ -73.813120482985525, 40.828743448012432 ], [ -73.813149467436887, 40.828716047774812 ], [ -73.813135075421627, 40.828694066692513 ], [ -73.813084549236422, 40.828672027047155 ], [ -73.813033961385273, 40.828671945042487 ], [ -73.812976084979866, 40.828693808958541 ], [ -73.812939935356098, 40.828699239767793 ], [ -73.812882151520412, 40.828688167142523 ], [ -73.81286774416094, 40.828671675442436 ], [ -73.812838914022478, 40.828644181452468 ], [ -73.81280291885362, 40.828594718061382 ], [ -73.812810284670718, 40.828545325050115 ], [ -73.812817619591556, 40.828506910869599 ], [ -73.812824861851524, 40.828501433183618 ], [ -73.812839377249645, 40.828479498978538 ], [ -73.812861181207012, 40.828435618835542 ], [ -73.812875712016663, 40.828408195209704 ], [ -73.812875820081572, 40.828369769297964 ], [ -73.812839778711336, 40.828336774164114 ], [ -73.812796526025394, 40.828298277871667 ], [ -73.812753304285323, 40.828248802730556 ], [ -73.81242081005297, 40.828270220145868 ], [ -73.812081119818956, 40.828280645994546 ], [ -73.811741429478488, 40.828291070842624 ], [ -73.811401754591017, 40.828296005274254 ], [ -73.811062095240615, 40.828295449289534 ], [ -73.810729693920166, 40.828283925334077 ], [ -73.810390065922846, 40.828272388538487 ], [ -73.810050453714211, 40.82825536132696 ], [ -73.810036000134033, 40.828255337519067 ], [ -73.810014319763781, 40.828255301803807 ], [ -73.809999881858687, 40.82824978857569 ], [ -73.809978217167114, 40.828244263437938 ], [ -73.809963779267434, 40.82823875020528 ], [ -73.809956583836438, 40.828227759464667 ], [ -73.809942161621947, 40.828216756813561 ], [ -73.809934966196892, 40.828205766071591 ], [ -73.809927770774237, 40.828194775329145 ], [ -73.809927817817268, 40.828178307081899 ], [ -73.80992784917926, 40.828167328250387 ], [ -73.80993524844402, 40.828106956587582 ], [ -73.809942663375097, 40.828041095507821 ], [ -73.809964516132879, 40.827980747661485 ], [ -73.809964578844571, 40.827958789997702 ], [ -73.809964657234119, 40.827931342917786 ], [ -73.809979173450728, 40.827909409070635 ], [ -73.809993689657759, 40.827887475221566 ], [ -73.810015432602981, 40.827865553276517 ], [ -73.810037175533864, 40.827843631327283 ], [ -73.810066113854418, 40.827832700108821 ], [ -73.810095052165451, 40.827821768883076 ], [ -73.810145576714774, 40.82784380984134 ], [ -73.810196069979966, 40.827876829609536 ], [ -73.810232109790078, 40.827909825572121 ], [ -73.810268133983058, 40.827948310939277 ], [ -73.810296915806248, 40.827992273823071 ], [ -73.811055756960513, 40.827982540740287 ], [ -73.811070210481802, 40.827982564420381 ], [ -73.811178627469573, 40.827977252547285 ], [ -73.81128702887122, 40.827977429988351 ], [ -73.811388187952787, 40.827983084924234 ], [ -73.81149657381296, 40.827988751584506 ], [ -73.811590490623743, 40.827999883945935 ], [ -73.811684438538023, 40.828000037398574 ], [ -73.811778401981044, 40.827994701358485 ], [ -73.811872380929515, 40.827983875825637 ], [ -73.811966375360186, 40.827967560799941 ], [ -73.812060400754774, 40.82794026686512 ], [ -73.812147199318943, 40.827912961081594 ], [ -73.812233997811873, 40.82788565523262 ], [ -73.812328007498039, 40.827863850495568 ], [ -73.812422001647434, 40.827847535098208 ], [ -73.812523191561596, 40.82784221020578 ], [ -73.812617139255408, 40.827842362898544 ], [ -73.812638834949766, 40.827836908708058 ], [ -73.812660546096026, 40.827825965097034 ], [ -73.812682257235167, 40.827815021481889 ], [ -73.812696741625615, 40.827804066125204 ], [ -73.812711241462551, 40.827787621350168 ], [ -73.812718514554362, 40.827771164837202 ], [ -73.812725787642563, 40.827754708323752 ], [ -73.812725833992758, 40.827738240074133 ], [ -73.812725895792994, 40.827716282407948 ], [ -73.812718715412913, 40.827699802422217 ], [ -73.812711596841282, 40.827661364769504 ], [ -73.812704462826076, 40.827628416532882 ], [ -73.812682890833727, 40.827589955402694 ], [ -73.812654076696276, 40.827556971944858 ], [ -73.812798811762889, 40.827485844243391 ], [ -73.81294354652006, 40.827414716359435 ], [ -73.813081085117531, 40.827332597745752 ], [ -73.813225850057037, 40.827250490671581 ], [ -73.813276529254836, 40.827217636089635 ], [ -73.813327208402583, 40.827184781485201 ], [ -73.813370660829463, 40.827151915163121 ], [ -73.813414159392806, 40.827102580572863 ], [ -73.813457657891647, 40.827053245965807 ], [ -73.81347220354192, 40.827020332841222 ], [ -73.813508444522085, 40.826981965359657 ], [ -73.813544685460485, 40.826943597866503 ], [ -73.813595364267115, 40.82691074314274 ], [ -73.813646027649753, 40.826883377813957 ], [ -73.813703902260315, 40.826861513555066 ], [ -73.813768988106034, 40.826845150355282 ], [ -73.813797925379248, 40.826834218198542 ], [ -73.813826862642927, 40.826823286034497 ], [ -73.813848603977533, 40.826801363362854 ], [ -73.813870329942375, 40.826784930104601 ], [ -73.81388485997563, 40.826757506344045 ], [ -73.813892148018184, 40.826735560336587 ], [ -73.813899451408943, 40.82670812491105 ], [ -73.813899512820925, 40.826686167240418 ], [ -73.813892362968502, 40.826658708489575 ], [ -73.81387797115282, 40.826636727492385 ], [ -73.813863579346659, 40.826614746493341 ], [ -73.813841960939811, 40.826592753826752 ], [ -73.813813100579353, 40.826576238906277 ], [ -73.813777013626648, 40.8265597123088 ], [ -73.813748153296643, 40.826543197372018 ], [ -73.813719323716597, 40.826515703592371 ], [ -73.813704947358019, 40.826488233155267 ], [ -73.813690571011321, 40.826460762716295 ], [ -73.813683436640076, 40.826427814533531 ], [ -73.813683513493828, 40.826400367444158 ], [ -73.813683605718268, 40.826367430936678 ], [ -73.813698135737312, 40.826340007197757 ], [ -73.813705454533576, 40.826307082364643 ], [ -73.813719999898154, 40.826274169204666 ], [ -73.813727257207944, 40.826263202041957 ], [ -73.813756271058466, 40.826224822804406 ], [ -73.813785269513232, 40.826191932977352 ], [ -73.813821479143087, 40.82616454422844 ], [ -73.813864915303867, 40.82613716713265 ], [ -73.813901078812961, 40.826126246612993 ], [ -73.81393725765993, 40.826109836663804 ], [ -73.813966209933071, 40.826093415045271 ], [ -73.813987950983275, 40.826071492344674 ], [ -73.814009707362899, 40.826044080221671 ], [ -73.814024237176938, 40.826016656440189 ], [ -73.81403876697901, 40.825989232656738 ], [ -73.814038859027022, 40.825956296146714 ], [ -73.814031709195518, 40.825928837401136 ], [ -73.814024636082351, 40.825873931562946 ], [ -73.814003094584223, 40.825824491831597 ], [ -73.813981553118111, 40.8257750520958 ], [ -73.813952769819593, 40.825731090115404 ], [ -73.813938362835032, 40.825714598540934 ], [ -73.813909548887338, 40.825681615386472 ], [ -73.8138806889053, 40.825665100480407 ], [ -73.813851828937572, 40.82564858556708 ], [ -73.813830210848508, 40.825626592894764 ], [ -73.813808592773725, 40.825604600218306 ], [ -73.813794216575133, 40.825577129788144 ], [ -73.813787066885311, 40.825549671025705 ], [ -73.813787143695308, 40.82552222393219 ], [ -73.813794446996184, 40.825494788507683 ], [ -73.813801750291049, 40.825467353082601 ], [ -73.813830779109963, 40.825423484402393 ], [ -73.813838097739776, 40.825390559555842 ], [ -73.813830994126917, 40.825346632538597 ], [ -73.813795000004404, 40.825297169429987 ], [ -73.813737280444983, 40.825264139551145 ], [ -73.813665046530303, 40.825253043965986 ], [ -73.813643382510108, 40.825247519514043 ], [ -73.813571148629123, 40.825236423870045 ], [ -73.81349168831062, 40.825225316493103 ], [ -73.813426711722741, 40.825203253608279 ], [ -73.813332860149544, 40.825170165061223 ], [ -73.813303969728921, 40.825164628847403 ], [ -73.813275079313101, 40.825159092626336 ], [ -73.81323897785542, 40.825148055275569 ], [ -73.813210102861717, 40.825137029619178 ], [ -73.813181243289463, 40.825120514536621 ], [ -73.81314518811287, 40.825093008899408 ], [ -73.813123570437853, 40.825071016092565 ], [ -73.813101983613919, 40.825038044443474 ], [ -73.813087607829459, 40.825010573922668 ], [ -73.813080473912265, 40.824977625694665 ], [ -73.813080566433214, 40.824944689179929 ], [ -73.813109580081829, 40.824906310096615 ], [ -73.813145804704973, 40.824873432134787 ], [ -73.813189255712103, 40.824840565868371 ], [ -73.813232691268752, 40.824813189004765 ], [ -73.813362951533804, 40.824747526572999 ], [ -73.813485969752548, 40.824687341724811 ], [ -73.813616198769552, 40.824632657844589 ], [ -73.813825979311972, 40.824556144501884 ], [ -73.814035744030718, 40.824485120196272 ], [ -73.81404313915904, 40.8244247482329 ], [ -73.814036081537523, 40.824364352961886 ], [ -73.814021797567136, 40.824303946035421 ], [ -73.814000287267604, 40.82424352745084 ], [ -73.813971535312135, 40.824188586624011 ], [ -73.813935541711572, 40.824139123549735 ], [ -73.813892321826145, 40.824089648801234 ], [ -73.813834649339043, 40.824040150704292 ], [ -73.81378417254156, 40.824001643088081 ], [ -73.813271195629497, 40.823967876889846 ], [ -73.81319122831971, 40.824137920163125 ], [ -73.813075545142866, 40.824159690477593 ], [ -73.813039320873557, 40.824192568421303 ], [ -73.813003111994831, 40.824219956933618 ], [ -73.812959692160916, 40.824241844293738 ], [ -73.812909045941353, 40.824263719913283 ], [ -73.812858415126826, 40.824280106090768 ], [ -73.812829432487831, 40.824307506275481 ], [ -73.812807660747254, 40.824340407603408 ], [ -73.812793115354111, 40.824373320658893 ], [ -73.812785796319133, 40.824406245444678 ], [ -73.812785688208677, 40.82444467138172 ], [ -73.812792806478981, 40.824483109050398 ], [ -73.812807166585202, 40.824516069029897 ], [ -73.812814238549464, 40.82457097495513 ], [ -73.812821310525393, 40.824625880879452 ], [ -73.812821156110616, 40.824680775073183 ], [ -73.812813775287268, 40.824735657536294 ], [ -73.812806517993522, 40.824746624644355 ], [ -73.812799276140709, 40.82475210233261 ], [ -73.812792018842771, 40.824763069439655 ], [ -73.812777550575078, 40.824768535394611 ], [ -73.812763082304997, 40.824774001347741 ], [ -73.812748614032543, 40.824779467299052 ], [ -73.812734161206393, 40.824779443829307 ], [ -73.812719708380271, 40.824779420357736 ], [ -73.81267644262266, 40.824746413416683 ], [ -73.812640403313836, 40.824713418200588 ], [ -73.812611605901807, 40.824674945297005 ], [ -73.812590034920603, 40.824636484130586 ], [ -73.812546831176647, 40.824581519462463 ], [ -73.812503612036423, 40.82453204419712 ], [ -73.812445924726504, 40.824488034828782 ], [ -73.812388222015741, 40.824449514850791 ], [ -73.812323292998812, 40.824410983082807 ], [ -73.812251106711415, 40.824383418351765 ], [ -73.812178920483802, 40.824355853575348 ], [ -73.812099476950166, 40.824339255817932 ], [ -73.81202001794864, 40.824328147425319 ], [ -73.81195496516051, 40.824333530805788 ], [ -73.81189713872692, 40.824338925937532 ], [ -73.811832085918297, 40.824344309248666 ], [ -73.81177429052093, 40.824338725479784 ], [ -73.811745338470331, 40.824355146552762 ], [ -73.811716386405436, 40.824371567618435 ], [ -73.811687418791294, 40.824393478096241 ], [ -73.811672888368619, 40.824420901590699 ], [ -73.811658357933965, 40.824448325083246 ], [ -73.811585969818253, 40.824492122388108 ], [ -73.811557002108714, 40.824514032832731 ], [ -73.811455723853811, 40.824552293396067 ], [ -73.811390686360355, 40.824552187038741 ], [ -73.811332859691007, 40.824557581887348 ], [ -73.811267775483756, 40.824573943718484 ], [ -73.811224385994478, 40.824584851585421 ], [ -73.811195418125479, 40.824606761938846 ], [ -73.811188145002873, 40.824623218364465 ], [ -73.81118805154567, 40.824656154879435 ], [ -73.811209621722909, 40.824694616308037 ], [ -73.811209528276237, 40.824727552822644 ], [ -73.811209419255007, 40.82476597875614 ], [ -73.811202146118461, 40.824782435182172 ], [ -73.81120211496831, 40.824793414020228 ], [ -73.811165982896767, 40.824793354857881 ], [ -73.811165998474834, 40.824787865438857 ], [ -73.811137123980913, 40.824776839262789 ], [ -73.811122733482406, 40.82475485791489 ], [ -73.811101163335877, 40.824716396470443 ], [ -73.811057836074255, 40.824705346598172 ], [ -73.811028914866043, 40.824710788652133 ], [ -73.811021594921016, 40.824743713324068 ], [ -73.810978080532266, 40.824798536450196 ], [ -73.810920144426973, 40.82484235702443 ], [ -73.810847786605393, 40.824875175025248 ], [ -73.81082607612376, 40.824886118300384 ], [ -73.810760991470559, 40.824902479844546 ], [ -73.810688664740056, 40.824924318907499 ], [ -73.810645274927367, 40.824935226555972 ], [ -73.810529527009066, 40.82497895198857 ], [ -73.810471668628253, 40.824995325242469 ], [ -73.810406552499572, 40.825022665423738 ], [ -73.810370357729269, 40.825044563686909 ], [ -73.810334069054619, 40.825099398450526 ], [ -73.810319506624097, 40.825137800608417 ], [ -73.810297749020592, 40.825165212039337 ], [ -73.810247163838952, 40.825165128812174 ], [ -73.810203820769459, 40.825159568038394 ], [ -73.810160493368286, 40.825148517829753 ], [ -73.810059338700285, 40.825142861814264 ], [ -73.809907457751876, 40.825186527100591 ], [ -73.809806177524976, 40.825224786210917 ], [ -73.809683217786457, 40.825263009454481 ], [ -73.809654280520547, 40.825273940581567 ], [ -73.809574490912411, 40.825378108290586 ], [ -73.809444084192251, 40.825493171199511 ], [ -73.809349998270207, 40.825542420684748 ], [ -73.809306513445222, 40.825586264336685 ], [ -73.809248559816822, 40.825635573483332 ], [ -73.809219417712498, 40.825717866933978 ], [ -73.809197470577999, 40.825811151168949 ], [ -73.809168470021547, 40.825844039844341 ], [ -73.809088899464868, 40.825871355359233 ], [ -73.808987775305127, 40.825854719568959 ], [ -73.808886730027638, 40.825810636601055 ], [ -73.808785590236042, 40.825799490051089 ], [ -73.808706035356693, 40.825821315884248 ], [ -73.808590316204345, 40.825854060528549 ], [ -73.80853250397216, 40.825853964554007 ], [ -73.808467449410216, 40.825859345965661 ], [ -73.808431379977947, 40.825837328275711 ], [ -73.808380857519978, 40.825815286559077 ], [ -73.808272507099517, 40.825798638133001 ], [ -73.808164093429511, 40.82580394727588 ], [ -73.808077390980614, 40.825798313565009 ], [ -73.807997915068682, 40.825792691821313 ], [ -73.807961814142658, 40.825781652819629 ], [ -73.807896807149234, 40.825770565656363 ], [ -73.807831784324136, 40.825764967874136 ], [ -73.807759439835465, 40.825792294514386 ], [ -73.807723164463766, 40.825841639031935 ], [ -73.80770858450046, 40.825885530272906 ], [ -73.807665193572504, 40.825896436798288 ], [ -73.807650819847126, 40.82586896560364 ], [ -73.807636477872578, 40.825830515571958 ], [ -73.807571534384962, 40.825797470554974 ], [ -73.807521044000055, 40.825764449626185 ], [ -73.807463374800946, 40.825714948356676 ], [ -73.80741291630811, 40.825670948544698 ], [ -73.807347988980482, 40.825632413983186 ], [ -73.807312063107346, 40.825560991182265 ], [ -73.807276105513083, 40.82550054720506 ], [ -73.807225647306652, 40.825456547309543 ], [ -73.807160608936215, 40.825456438566455 ], [ -73.807102876618615, 40.825428894785794 ], [ -73.807023417150191, 40.825417782952194 ], [ -73.806980137879648, 40.825390263295368 ], [ -73.806980233420717, 40.825357326787866 ], [ -73.806994781904109, 40.825324414471005 ], [ -73.806973341351409, 40.825242036913956 ], [ -73.806915704870093, 40.82518155653009 ], [ -73.806865390540182, 40.825088151711235 ], [ -73.806815076351526, 40.824994746868967 ], [ -73.806808009292368, 40.824939840579802 ], [ -73.806808073042802, 40.824917882906625 ], [ -73.806808152730753, 40.824890435814957 ], [ -73.806786680670257, 40.824819037054048 ], [ -73.806757998188971, 40.824742136760221 ], [ -73.806736478399799, 40.824687206243802 ], [ -73.806693263511136, 40.824637728801768 ], [ -73.806664373874156, 40.824632190924028 ], [ -73.806649937032759, 40.824626677273159 ], [ -73.806599352265124, 40.82462659244586 ], [ -73.806563284119221, 40.824604574167054 ], [ -73.806570590297767, 40.824577139195966 ], [ -73.806635707566485, 40.824549801178755 ], [ -73.806715245659561, 40.824533466187908 ], [ -73.806751473239032, 40.824500590232823 ], [ -73.806773295847506, 40.824451221793069 ], [ -73.806780729440533, 40.824379871457779 ], [ -73.80675203121335, 40.824308460575715 ], [ -73.806708816559095, 40.824258983136396 ], [ -73.806658263970505, 40.824247919497054 ], [ -73.806593274647781, 40.824231342177235 ], [ -73.806542706140064, 40.824225767906128 ], [ -73.806521059006826, 40.824214752696278 ], [ -73.806521106890131, 40.824198284439525 ], [ -73.806528397080967, 40.824176338888201 ], [ -73.806586223808452, 40.824170946448554 ], [ -73.806701893181454, 40.824154672063209 ], [ -73.806730862333183, 40.82413276283701 ], [ -73.806738104618134, 40.824127285529244 ], [ -73.806767185331452, 40.824066950360347 ], [ -73.806789071541857, 40.823995624237497 ], [ -73.806767679494044, 40.823896778366326 ], [ -73.806753434105971, 40.82382539169646 ], [ -73.806710140037367, 40.823803361350322 ], [ -73.806645087332811, 40.823808741735775 ], [ -73.806601713539138, 40.823814158445465 ], [ -73.806536644855541, 40.823825028189013 ], [ -73.806486076661329, 40.823819453892682 ], [ -73.806464461600996, 40.823797459832882 ], [ -73.806464525463696, 40.823775502155712 ], [ -73.806507931167502, 40.823759106658976 ], [ -73.806580242047431, 40.823742759633333 ], [ -73.806601936899909, 40.823737306574891 ], [ -73.806667005487071, 40.823726436794317 ], [ -73.806688827904338, 40.823677068364248 ], [ -73.806703455894137, 40.823616708977646 ], [ -73.80668209599061, 40.823506884245184 ], [ -73.806660672360024, 40.823419017185444 ], [ -73.806603101558437, 40.823336578948137 ], [ -73.806559791899929, 40.823320037963533 ], [ -73.806509287935015, 40.823292505997919 ], [ -73.806422509053434, 40.823314318139175 ], [ -73.806342988321347, 40.823325163511718 ], [ -73.806263451581174, 40.823341498249086 ], [ -73.806234642465355, 40.823308513164029 ], [ -73.806299758630658, 40.823281175330777 ], [ -73.806379327234964, 40.823253861728681 ], [ -73.806458911739952, 40.823221058651747 ], [ -73.806509686980661, 40.823155270502546 ], [ -73.806502508632249, 40.823138790117234 ], [ -73.806488183873185, 40.823094850505356 ], [ -73.806445113907102, 40.822995968177274 ], [ -73.80638038141889, 40.822891560012899 ], [ -73.80630105293244, 40.822836532315868 ], [ -73.80622872698379, 40.822858368588939 ], [ -73.806127448185393, 40.822896624483029 ], [ -73.806047911904514, 40.82291295907288 ], [ -73.805968423603773, 40.822912825347792 ], [ -73.8059540672309, 40.822879864508018 ], [ -73.806011940886634, 40.822858004095004 ], [ -73.806084266906026, 40.82283616795786 ], [ -73.806149366679463, 40.822814319627497 ], [ -73.806200045992412, 40.822781468131353 ], [ -73.806221836475345, 40.822743078622317 ], [ -73.806222060271239, 40.822666226738853 ], [ -73.806207767772236, 40.822611308248042 ], [ -73.806252163719876, 40.822254568773268 ], [ -73.806029033519508, 40.821952274025769 ], [ -73.80617369951996, 40.821903112257097 ], [ -73.805986028993914, 40.821831433823483 ], [ -73.805921890726552, 40.821523916797368 ], [ -73.805958293135234, 40.821430657440366 ], [ -73.8059889578049, 40.820826869695445 ], [ -73.805988973809093, 40.820821380273522 ], [ -73.805730713439942, 40.820178679895704 ], [ -73.805709099811821, 40.820156685681091 ], [ -73.805471366892135, 40.819909259625049 ], [ -73.805233651806503, 40.81965634364591 ], [ -73.805075181446327, 40.81948590290741 ], [ -73.804621291414406, 40.819029510323375 ], [ -73.804520436766595, 40.818925039822176 ], [ -73.804412324403415, 40.818831535821367 ], [ -73.80429698658854, 40.818738019453924 ], [ -73.804181616792334, 40.818655481816933 ], [ -73.804051811970652, 40.81856743008175 ], [ -73.80392197514422, 40.81849035704667 ], [ -73.803792122433705, 40.81841877328818 ], [ -73.803655044289599, 40.818347177078522 ], [ -73.80351070831928, 40.818286547239708 ], [ -73.803481837914703, 40.81827551913495 ], [ -73.803366291512447, 40.8182533643391 ], [ -73.803250712728257, 40.818242188275114 ], [ -73.803135117743921, 40.818236501519067 ], [ -73.803012297079135, 40.818230802302814 ], [ -73.802882234476002, 40.818230580027084 ], [ -73.802759397573851, 40.818230369965278 ], [ -73.80267265661854, 40.818241200455169 ], [ -73.802621995303255, 40.818268561001879 ], [ -73.802592880798144, 40.818339874030521 ], [ -73.802592734244499, 40.81838927884354 ], [ -73.802585410821038, 40.818422203014286 ], [ -73.802570877951425, 40.818449625388702 ], [ -73.802563554510513, 40.818482549557686 ], [ -73.802520069827722, 40.818526390701621 ], [ -73.802469440820502, 40.818542772333068 ], [ -73.802411716442435, 40.818515226172323 ], [ -73.802332298623, 40.818493132246573 ], [ -73.80230342832408, 40.818482103847131 ], [ -73.802267250755492, 40.818498510166997 ], [ -73.802245540943275, 40.818509451838146 ], [ -73.802202104981447, 40.818536824591604 ], [ -73.802079202211573, 40.818558571498997 ], [ -73.802043106191803, 40.818547530631221 ], [ -73.802043351128418, 40.818465189279195 ], [ -73.80197125722421, 40.818410170968441 ], [ -73.801935193978835, 40.818388151219516 ], [ -73.801884695670097, 40.818360617206125 ], [ -73.801812503921809, 40.818338535336743 ], [ -73.801711442097272, 40.818305424874168 ], [ -73.801610396738042, 40.818266824899226 ], [ -73.801502076675376, 40.818244680667377 ], [ -73.801393773067403, 40.81821704691005 ], [ -73.801285485940895, 40.818183923627231 ], [ -73.801184490212805, 40.818128855007224 ], [ -73.801119524634643, 40.81810678516203 ], [ -73.801054509867896, 40.818101183551306 ], [ -73.801025607124885, 40.818101133678589 ], [ -73.800924431103383, 40.818106448490823 ], [ -73.800816095099776, 40.818089793037615 ], [ -73.800707841346181, 40.818045690364222 ], [ -73.800614154213832, 40.817963186613355 ], [ -73.800592559444951, 40.817935702007944 ], [ -73.800585416023353, 40.817908242392548 ], [ -73.800571145648192, 40.817847833736309 ], [ -73.800571392403498, 40.81776549237803 ], [ -73.800571589807291, 40.817699619290607 ], [ -73.800513883401209, 40.817666582751919 ], [ -73.800420114729192, 40.81761152595859 ], [ -73.800326329741836, 40.81756195851262 ], [ -73.800225302793706, 40.817517867895042 ], [ -73.800124259492279, 40.8174792666127 ], [ -73.800015990694234, 40.817440652709514 ], [ -73.799900496412192, 40.81740202616502 ], [ -73.799806662567164, 40.817368926567191 ], [ -73.799691168531112, 40.817330299812618 ], [ -73.799568432498589, 40.817297149806073 ], [ -73.799452938725366, 40.817258522812409 ], [ -73.799351912816519, 40.817214431427338 ], [ -73.798500240714034, 40.816900047364122 ], [ -73.798420842748243, 40.816872461313991 ], [ -73.798334202664805, 40.816850351995988 ], [ -73.798247529355351, 40.816839221461663 ], [ -73.798204192711495, 40.816833656170061 ], [ -73.798168098270224, 40.816822614086114 ], [ -73.798132003840919, 40.816811571990847 ], [ -73.798095926077877, 40.816795040459823 ], [ -73.798067090531021, 40.816773032147758 ], [ -73.797987976170333, 40.816652125582067 ], [ -73.797951948527867, 40.816619125731819 ], [ -73.797872551124513, 40.816591539302898 ], [ -73.797757026195839, 40.816563889455217 ], [ -73.797655969084062, 40.816530775428525 ], [ -73.797591006236161, 40.816508703589491 ], [ -73.797405148262953, 40.815849642656914 ], [ -73.797383739345804, 40.815761773763313 ], [ -73.797441676458376, 40.815717959924918 ], [ -73.797716860015996, 40.815515333216169 ], [ -73.798120933152489, 40.81569719342825 ], [ -73.798641877887718, 40.815462057833123 ], [ -73.799024591943237, 40.815539577936022 ], [ -73.799945502467153, 40.814448777945159 ], [ -73.800112953639129, 40.814026380290244 ], [ -73.800489143517609, 40.813867837651721 ], [ -73.800915760277746, 40.813758785972823 ], [ -73.801104272065459, 40.813539533087322 ], [ -73.801321863538774, 40.813259945982985 ], [ -73.801460091386275, 40.812941795623637 ], [ -73.801742100226136, 40.812865428513554 ], [ -73.801756566812401, 40.812859963932546 ], [ -73.801959017097431, 40.812810906750059 ], [ -73.802009609208966, 40.812805504184581 ], [ -73.802067442748395, 40.812794624572284 ], [ -73.8021180674818, 40.812778243101953 ], [ -73.802168708507637, 40.812756372180729 ], [ -73.802212124396874, 40.8127344888427 ], [ -73.802248331467368, 40.81270710366725 ], [ -73.802284554815856, 40.812674229051616 ], [ -73.802356952500105, 40.812624948072084 ], [ -73.802429333781333, 40.812581156475503 ], [ -73.802508923760044, 40.812542866638374 ], [ -73.802588497364511, 40.81251006617503 ], [ -73.802675279690547, 40.812482767451499 ], [ -73.802769254483024, 40.812466459880461 ], [ -73.802863229229459, 40.812450152232877 ], [ -73.802957171425376, 40.812444823366704 ], [ -73.80305108111726, 40.812450473282048 ], [ -73.803137765751814, 40.812456110784396 ], [ -73.803231643015749, 40.812472739410737 ], [ -73.803318279027224, 40.812494845064471 ], [ -73.803404898880913, 40.81252244008202 ], [ -73.803433750564167, 40.812538957645394 ], [ -73.803462602261746, 40.812555475201556 ], [ -73.803469811135884, 40.812560976946678 ], [ -73.803513161644219, 40.812561050834027 ], [ -73.803527644224118, 40.812550096601534 ], [ -73.803549384288431, 40.812528175820233 ], [ -73.803556609369608, 40.812528188130933 ], [ -73.803578317015194, 40.812517246202241 ], [ -73.803614426217123, 40.812522797171219 ], [ -73.803628827787747, 40.812539290071179 ], [ -73.80364322936552, 40.812555782969319 ], [ -73.803650389669357, 40.812577752990151 ], [ -73.803650308693861, 40.812605200135174 ], [ -73.803643002625762, 40.812632634975195 ], [ -73.803548412078896, 40.812857541553775 ], [ -73.80351931713956, 40.812923365450736 ], [ -73.803512059602312, 40.812934331995052 ], [ -73.803461143299018, 40.813049523791953 ], [ -73.803388648669696, 40.813131742032425 ], [ -73.803301865790033, 40.813159041290099 ], [ -73.803251176145693, 40.813197380992797 ], [ -73.803236433709188, 40.813296166043031 ], [ -73.803229143624648, 40.81331811142546 ], [ -73.803221804843417, 40.813356525092168 ], [ -73.803221756151515, 40.813372993376866 ], [ -73.803199691053976, 40.813504702656701 ], [ -73.803516286572986, 40.813949888528633 ], [ -73.803566717400656, 40.813999379558304 ], [ -73.80389094740994, 40.814307340990368 ], [ -73.804179134640421, 40.814587793007142 ], [ -73.804316399293057, 40.814593515510502 ], [ -73.8043308176252, 40.814604518889922 ], [ -73.804352445132366, 40.814621023955631 ], [ -73.804359444521424, 40.814697888197479 ], [ -73.804402586686336, 40.814769324303754 ], [ -73.804474485124459, 40.814890214252202 ], [ -73.804604089929029, 40.815044138688187 ], [ -73.804618492290516, 40.815060631457733 ], [ -73.804647200354026, 40.815126553552631 ], [ -73.804690375325592, 40.815187010692625 ], [ -73.804719147945164, 40.815230975061105 ], [ -73.804762371361946, 40.815274963892868 ], [ -73.804805627036814, 40.815307973854694 ], [ -73.804863333528132, 40.815341008258081 ], [ -73.804884880936982, 40.815384960355367 ], [ -73.804913669862216, 40.81542343524729 ], [ -73.804949700309294, 40.815456432928571 ], [ -73.804992972280075, 40.815483953392516 ], [ -73.805014600237257, 40.815500458331641 ], [ -73.805029018881328, 40.815511461622116 ], [ -73.80504342144927, 40.81552795433732 ], [ -73.805057824024345, 40.815544447050712 ], [ -73.805065001195857, 40.815560927546542 ], [ -73.805086564886452, 40.815599390177987 ], [ -73.805115354021055, 40.815637865018203 ], [ -73.805151400756259, 40.815665373208823 ], [ -73.8051946729463, 40.815692893596157 ], [ -73.805237945172138, 40.815720413967085 ], [ -73.805288474986298, 40.815736967671008 ], [ -73.805844032346727, 40.816012377196522 ], [ -73.805959559677461, 40.816040018943859 ], [ -73.806197280590354, 40.816287444150568 ], [ -73.806284034404229, 40.816271121579618 ], [ -73.80641339059342, 40.816512874761351 ], [ -73.806543146659862, 40.816617392145027 ], [ -73.806572080672737, 40.816606461783074 ], [ -73.806579274288254, 40.816617452755963 ], [ -73.806608032821984, 40.816666906068555 ], [ -73.806926242856875, 40.816568629211901 ], [ -73.806940709822427, 40.81656316398368 ], [ -73.806955176785621, 40.816557698753705 ], [ -73.807049172199115, 40.816535898279149 ], [ -73.806948954476923, 40.816211852814156 ], [ -73.806797777134264, 40.816019468738887 ], [ -73.806790583547283, 40.81600847777856 ], [ -73.806769002800635, 40.815975504894794 ], [ -73.806625339058897, 40.815684323015702 ], [ -73.806618161487691, 40.815667842617358 ], [ -73.8066328196808, 40.815596504306654 ], [ -73.806409454583445, 40.815382040795726 ], [ -73.805687925190128, 40.815034991464877 ], [ -73.80563790882556, 40.814842776264243 ], [ -73.805638069142503, 40.814787881991371 ], [ -73.805638149300862, 40.814760434854755 ], [ -73.805522624324865, 40.81473279277963 ], [ -73.805457724809443, 40.81468876765701 ], [ -73.805522945148127, 40.814623004231755 ], [ -73.805537492005655, 40.814590092040589 ], [ -73.805573762865038, 40.814540748119107 ], [ -73.805566665865086, 40.814496820514478 ], [ -73.805523378257831, 40.814474789688987 ], [ -73.805451301846446, 40.814414284090581 ], [ -73.8054224328001, 40.814403256464757 ], [ -73.805444285178638, 40.814342909339182 ], [ -73.805444413559002, 40.814298993917539 ], [ -73.805415689012932, 40.814238561440014 ], [ -73.805423235265479, 40.814128785077351 ], [ -73.805409747776167, 40.813799395008367 ], [ -73.805438728893691, 40.813771996641222 ], [ -73.805460484773761, 40.813744586075742 ], [ -73.805475031470181, 40.813711673887752 ], [ -73.80548233690152, 40.813684238936411 ], [ -73.805482433167029, 40.813651302366701 ], [ -73.805475304232573, 40.813618353606756 ], [ -73.805460950108866, 40.813585392655284 ], [ -73.805446531810659, 40.813574389415372 ], [ -73.805432129565602, 40.813557896745245 ], [ -73.805424936470217, 40.813546905695347 ], [ -73.805417759426774, 40.81353042521652 ], [ -73.805417807575409, 40.81351395693126 ], [ -73.805417855724016, 40.813497488645929 ], [ -73.805439595475221, 40.813475567511674 ], [ -73.805446900895248, 40.813448132561547 ], [ -73.805454190262751, 40.813426187039383 ], [ -73.805454270495304, 40.813398739896783 ], [ -73.805447109507654, 40.813376769990882 ], [ -73.80543994852475, 40.813354800084383 ], [ -73.805324715100127, 40.813228348089233 ], [ -73.80535390471556, 40.813129587167481 ], [ -73.805268038167924, 40.812843990459442 ], [ -73.805044686706324, 40.81262952420834 ], [ -73.805030300846582, 40.812607542056313 ], [ -73.805030365171703, 40.812585584339573 ], [ -73.805023204411498, 40.812563614404418 ], [ -73.805030493821803, 40.812541668905837 ], [ -73.80503778322732, 40.812519723406744 ], [ -73.805052297706183, 40.812497790124091 ], [ -73.80505966749385, 40.812448397476928 ], [ -73.805067037270575, 40.812399004828869 ], [ -73.805059956912245, 40.812349587748329 ], [ -73.805045651507726, 40.812300158450007 ], [ -73.805024121073146, 40.812250716931253 ], [ -73.804995349540519, 40.81220675261747 ], [ -73.804966578045921, 40.81216278829622 ], [ -73.804923340425361, 40.812124288948326 ], [ -73.804872861727318, 40.812091266785806 ], [ -73.80482238307934, 40.812058244601012 ], [ -73.804764647248561, 40.812036189018706 ], [ -73.804576538624701, 40.812123701634825 ], [ -73.804547670716858, 40.812112673785848 ], [ -73.804518802818606, 40.812101645929644 ], [ -73.804489934929904, 40.812090618066165 ], [ -73.804468308210929, 40.812074113019506 ], [ -73.80444669763196, 40.812052118539071 ], [ -73.804432312094548, 40.812030136310362 ], [ -73.804417878171677, 40.812024622368661 ], [ -73.804389010333111, 40.812013594479815 ], [ -73.804092461121513, 40.812122880098777 ], [ -73.804056481388571, 40.812073413843173 ], [ -73.80391186753738, 40.812111594175903 ], [ -73.803717439143966, 40.811891685047691 ], [ -73.803436555364897, 40.811589286352778 ], [ -73.80337167651254, 40.811539770603538 ], [ -73.803242519550366, 40.811237630082267 ], [ -73.803171357836945, 40.810869714927904 ], [ -73.802926686464403, 40.81053992945445 ], [ -73.802573433392809, 40.810281320515934 ], [ -73.802350180722641, 40.810039401800388 ], [ -73.80230688077387, 40.81002285918246 ], [ -73.802249098612208, 40.810017270626481 ], [ -73.802198524953781, 40.810017183868439 ], [ -73.802147918658704, 40.810028075950349 ], [ -73.802147886021913, 40.810039054812471 ], [ -73.802155078197018, 40.810050046073151 ], [ -73.802147820748303, 40.81006101253665 ], [ -73.802147788111483, 40.810071991398729 ], [ -73.802140530659173, 40.810082957861773 ], [ -73.80213327320449, 40.810093924324356 ], [ -73.802118790929555, 40.810104878386106 ], [ -73.801481500619275, 40.810608813003995 ], [ -73.801366082874011, 40.810548230162517 ], [ -73.801243473265856, 40.810476655888657 ], [ -73.801468442713514, 40.810142186515783 ], [ -73.80011146220636, 40.809711663934657 ], [ -73.798536826923836, 40.8095881549458 ], [ -73.795759101131452, 40.808342649316991 ], [ -73.793760635591667, 40.8074497986456 ], [ -73.793674026338451, 40.807422196359866 ], [ -73.793616315245202, 40.807394645746271 ], [ -73.792288699195268, 40.806848804545076 ], [ -73.79172508806316, 40.806880724466126 ], [ -73.791660067870311, 40.806880606980393 ], [ -73.791602237768799, 40.806891481382472 ], [ -73.791544373264117, 40.806913334620113 ], [ -73.791493733193192, 40.806935200895254 ], [ -73.791443075888466, 40.806962556580373 ], [ -73.791399625815686, 40.806995414747774 ], [ -73.791363382974737, 40.80703377540565 ], [ -73.791341640691883, 40.807055693908339 ], [ -73.79132712288191, 40.807077625484006 ], [ -73.791312605062345, 40.807099557057704 ], [ -73.791305311725168, 40.807121501707982 ], [ -73.791298001170645, 40.807148935789819 ], [ -73.791305156817828, 40.807170906596369 ], [ -73.791305087970059, 40.807192864324399 ], [ -73.791319468126375, 40.807214848208005 ], [ -73.791333848292169, 40.807236832089664 ], [ -73.791355470182154, 40.80725333961287 ], [ -73.791377092082854, 40.807269847132005 ], [ -73.791405938504127, 40.807286367719129 ], [ -73.791442026652064, 40.807297411937007 ], [ -73.791485304929992, 40.807319448074573 ], [ -73.791528566043027, 40.807346973627716 ], [ -73.791557360961761, 40.807379962472424 ], [ -73.791593380432658, 40.807412964370151 ], [ -73.791586104342556, 40.80742941960527 ], [ -73.791578845438266, 40.807440385408057 ], [ -73.791571569341556, 40.80745684064221 ], [ -73.791557085902312, 40.807467793381782 ], [ -73.791542602458307, 40.807478746119507 ], [ -73.791520894477586, 40.807489685790927 ], [ -73.791506428218298, 40.80749514909234 ], [ -73.791484737423488, 40.807500599325159 ], [ -73.791463063824153, 40.807500560122129 ], [ -73.791441390224819, 40.807500520915028 ], [ -73.791304279005246, 40.807450867623089 ], [ -73.791159926243992, 40.807406690512309 ], [ -73.791015539202618, 40.807373492084082 ], [ -73.790863927789673, 40.807340280369175 ], [ -73.790820856726938, 40.807252370816229 ], [ -73.790785027529338, 40.807158984925074 ], [ -73.790756422918008, 40.807065612134323 ], [ -73.790742267338189, 40.806972265562926 ], [ -73.790728129057527, 40.806873429556227 ], [ -73.790721198013031, 40.806780096093583 ], [ -73.790721491432606, 40.806686775744147 ], [ -73.79073625097908, 40.806587992189641 ], [ -73.790426429967752, 40.806323935112381 ], [ -73.790253995656542, 40.806021700981518 ], [ -73.790124753168243, 40.805768950397422 ], [ -73.7900821861586, 40.805521846982749 ], [ -73.790060876801149, 40.805406529415933 ], [ -73.790148606879896, 40.80507732124525 ], [ -73.790286680890773, 40.80481956763763 ], [ -73.790569255383645, 40.804556586997691 ], [ -73.790656170386896, 40.804485381812192 ], [ -73.791039759850946, 40.80426100966713 ], [ -73.791603624114558, 40.804141262128148 ], [ -73.791697607020822, 40.80411947412501 ], [ -73.791769831509981, 40.804125094073747 ], [ -73.791842073178188, 40.804125224542474 ], [ -73.791914314846679, 40.804125354965905 ], [ -73.791986590825374, 40.804114506474477 ], [ -73.792058883929485, 40.804098168502854 ], [ -73.792152952332017, 40.804048932954011 ], [ -73.792247037728799, 40.803994207893055 ], [ -73.792362487180952, 40.804038331622444 ], [ -73.792477953900544, 40.804076965800981 ], [ -73.792593420754201, 40.804115599863579 ], [ -73.79271614610164, 40.80414326793062 ], [ -73.792846112807155, 40.804165459413873 ], [ -73.792983303773198, 40.804187663723866 ], [ -73.793120528953665, 40.804198889000695 ], [ -73.793250547054825, 40.804204611723137 ], [ -73.793387806394136, 40.804204857811911 ], [ -73.793510447089801, 40.804259972207454 ], [ -73.793582348440083, 40.804369890282842 ], [ -73.793654539325146, 40.804386487920212 ], [ -73.793733835367064, 40.804441524482158 ], [ -73.794007743446784, 40.804639634995993 ], [ -73.794014390082921, 40.804826288680033 ], [ -73.794519544844476, 40.805002853067585 ], [ -73.794800208007587, 40.80535467871389 ], [ -73.79492261520727, 40.80548664367371 ], [ -73.795052281026884, 40.805607642476531 ], [ -73.795181947317928, 40.805728641131161 ], [ -73.795326079669721, 40.805844175857274 ], [ -73.795470229390006, 40.805954220967315 ], [ -73.795621620820611, 40.806058789269564 ], [ -73.795780237115721, 40.806163370169209 ], [ -73.795845239777876, 40.806168974764752 ], [ -73.796372284338176, 40.80627969617337 ], [ -73.796516738805948, 40.80629093016416 ], [ -73.797029504015455, 40.806346728726851 ], [ -73.797152168402476, 40.806396349795619 ], [ -73.797917006353188, 40.806710592418391 ], [ -73.798847550116619, 40.807178824127917 ], [ -73.800541672113894, 40.808394938594525 ], [ -73.801313560669968, 40.808780533696847 ], [ -73.801450551089957, 40.808874090529649 ], [ -73.801450436460513, 40.808912516553448 ], [ -73.801522568755644, 40.808951066979212 ], [ -73.801594717498091, 40.808984127927665 ], [ -73.801674091011918, 40.809017201259479 ], [ -73.801753497305981, 40.809039295672711 ], [ -73.80183290365278, 40.809061390031189 ], [ -73.801919551096219, 40.809078007316302 ], [ -73.802042273143115, 40.809111154864425 ], [ -73.802215568307389, 40.809144389054495 ], [ -73.802410602982505, 40.809155702405405 ], [ -73.802598478131898, 40.809145045328393 ], [ -73.802779177306832, 40.809117907290393 ], [ -73.802916576851274, 40.809074226577557 ], [ -73.803090229645804, 40.8089866919481 ], [ -73.803256624843058, 40.808910123591176 ], [ -73.803394088506522, 40.808844484578707 ], [ -73.803502572170402, 40.808806243311579 ], [ -73.803596638760851, 40.808756998462286 ], [ -73.803618426153861, 40.808718609357243 ], [ -73.803654743817646, 40.808652797695025 ], [ -73.803662098023537, 40.80860889453897 ], [ -73.80367661210289, 40.808586961415664 ], [ -73.803691126172666, 40.80856502829036 ], [ -73.803705624043317, 40.80854858459579 ], [ -73.803734571201659, 40.808532165498917 ], [ -73.803756277514694, 40.808521223529667 ], [ -73.803785192282675, 40.808515783285301 ], [ -73.803814107045923, 40.808510343033689 ], [ -73.803843005626234, 40.808510392207488 ], [ -73.803871904206588, 40.808510441374032 ], [ -73.803900786613525, 40.808515979965982 ], [ -73.803929652854194, 40.808527007983322 ], [ -73.803972839060521, 40.808581976024115 ], [ -73.804008800679341, 40.808636931766358 ], [ -73.804037537692707, 40.808691875216738 ], [ -73.804051809250893, 40.808752283533984 ], [ -73.804138295306629, 40.808823793476613 ], [ -73.804325701226546, 40.808972327122596 ], [ -73.804513140229076, 40.809109881595973 ], [ -73.804678970268455, 40.809225441314609 ], [ -73.804844816979468, 40.809335511360523 ], [ -73.805017905067388, 40.809440103953023 ], [ -73.805039531066768, 40.80945660890368 ], [ -73.805212635841116, 40.809555711769931 ], [ -73.805364098928251, 40.809643798921286 ], [ -73.805515594497464, 40.809720907008831 ], [ -73.805667074389603, 40.809803504328094 ], [ -73.805847453836833, 40.80988615011853 ], [ -73.806027833732045, 40.80996879562565 ], [ -73.806215454870937, 40.810045963561926 ], [ -73.806612053936135, 40.810310123504387 ], [ -73.807138449293817, 40.810662330592521 ], [ -73.807239152442278, 40.810816203824494 ], [ -73.807347096858905, 40.810964599606926 ], [ -73.807469475733669, 40.811118508847017 ], [ -73.80759187104411, 40.811266928522649 ], [ -73.807735910068175, 40.81142636307375 ], [ -73.807879981474315, 40.811574818579793 ], [ -73.807995264400418, 40.811684799763817 ], [ -73.808110563534541, 40.81178929140021 ], [ -73.808225878848248, 40.811888293489346 ], [ -73.808398884068694, 40.812025817543407 ], [ -73.808571890004103, 40.812163341334802 ], [ -73.8087521532604, 40.812289897988713 ], [ -73.808939658031079, 40.81241097690166 ], [ -73.809134404309347, 40.812526578038643 ], [ -73.809329151264166, 40.812642178844492 ], [ -73.809538380528849, 40.812746824332045 ], [ -73.809725966487392, 40.81284045480929 ], [ -73.809920793778147, 40.812928607462247 ], [ -73.80998577289256, 40.812945182937518 ], [ -73.810065186632116, 40.812967271611754 ], [ -73.8101662758217, 40.812989395922088 ], [ -73.810267396377341, 40.813000541284666 ], [ -73.81034690413361, 40.812989693187433 ], [ -73.810426411863943, 40.812978845035325 ], [ -73.810498710068515, 40.812962495523578 ], [ -73.810599924370848, 40.812940704016853 ], [ -73.81067267535451, 40.812765160933729 ], [ -73.810788261479502, 40.812770840138171 ], [ -73.810788199053889, 40.812792797857433 ], [ -73.810802586855402, 40.812814779290335 ], [ -73.810809749550458, 40.812836748865564 ], [ -73.810831378089844, 40.812853252720672 ], [ -73.81085300663996, 40.812869756571693 ], [ -73.810874650800102, 40.812880770988812 ], [ -73.810903520089397, 40.812891797252178 ], [ -73.810932404982793, 40.812897334078571 ], [ -73.810961305473157, 40.812897381467991 ], [ -73.810990237143102, 40.8128864499907 ], [ -73.811019153216165, 40.812881007935871 ], [ -73.811048053699508, 40.812881055303592 ], [ -73.81107695418288, 40.812881102664001 ], [ -73.811113033048244, 40.812897630143631 ], [ -73.811141886807079, 40.812914145777022 ], [ -73.81117072500534, 40.812936150832897 ], [ -73.811192338093434, 40.812958144049674 ], [ -73.811213951195811, 40.812980137262365 ], [ -73.81125004571723, 40.812991175269211 ], [ -73.811336685066507, 40.81301327489561 ], [ -73.811423340027389, 40.813029885027177 ], [ -73.811481110025355, 40.813040958412024 ], [ -73.811546105182018, 40.813052043577919 ], [ -73.811567780600512, 40.813052079005317 ], [ -73.811668917019901, 40.813057733708824 ], [ -73.811697817580438, 40.813057780913631 ], [ -73.811733943281169, 40.813057839909447 ], [ -73.811770115558417, 40.813041430604819 ], [ -73.811799109250472, 40.813008541205889 ], [ -73.811813652651409, 40.812975628214282 ], [ -73.811835421165611, 40.812942727012626 ], [ -73.811849886939839, 40.812937261165253 ], [ -73.811878740898706, 40.812953776614094 ], [ -73.811893129095225, 40.812975757910294 ], [ -73.811914695894274, 40.813014219280831 ], [ -73.81194354990258, 40.813030734713259 ], [ -73.811994079342355, 40.813047285485716 ], [ -73.812073524871181, 40.813058393916826 ], [ -73.812160195568026, 40.81306951406475 ], [ -73.812261332064239, 40.813075168248595 ], [ -73.812340777670968, 40.813086276495504 ], [ -73.81241301363211, 40.813091883502651 ], [ -73.812485203205881, 40.81311395875381 ], [ -73.812550183139919, 40.813130532783283 ], [ -73.812607953412723, 40.813141605603271 ], [ -73.812687414606444, 40.813147224181506 ], [ -73.812766860370289, 40.813158332134684 ], [ -73.812831778666038, 40.813196863724201 ], [ -73.812903922196568, 40.813235407001883 ], [ -73.812968856073482, 40.813268449084013 ], [ -73.813041015181724, 40.813301502845825 ], [ -73.813134865285946, 40.813329102265392 ], [ -73.813337062268602, 40.813367855982158 ], [ -73.813467053860293, 40.81339002418359 ], [ -73.813496046865623, 40.813357134359791 ], [ -73.813561150311457, 40.813329792381445 ], [ -73.813597291536325, 40.813324361363748 ], [ -73.813575508391651, 40.813362752325723 ], [ -73.813597122412958, 40.813384745090197 ], [ -73.814001272025394, 40.813550081420416 ], [ -73.814080795164472, 40.813533741319645 ], [ -73.81416030293606, 40.813522890593624 ], [ -73.814189219026417, 40.813517447744303 ], [ -73.814268711441358, 40.813512086373123 ], [ -73.814348188530559, 40.813512214376772 ], [ -73.814427650313675, 40.813517831755256 ], [ -73.81447822664768, 40.813517913148743 ], [ -73.814694982366291, 40.813518261726657 ], [ -73.814702207556948, 40.813518273338893 ], [ -73.81485387547643, 40.813540474810225 ], [ -73.814890001441952, 40.813540532817136 ], [ -73.815020054918335, 40.813540741548294 ], [ -73.815330783922064, 40.813524771300777 ], [ -73.815511474577718, 40.813503102755874 ], [ -73.815663173141544, 40.813514324303036 ], [ -73.815764173845849, 40.813569380281841 ], [ -73.815879230268166, 40.813767184420605 ], [ -73.816204137676834, 40.813850044628033 ], [ -73.816478681165066, 40.81385597141086 ], [ -73.816681138745679, 40.81380139895613 ], [ -73.81674642269985, 40.813708182024335 ], [ -73.816862086508834, 40.813686407989792 ], [ -73.817245233641046, 40.813610163598632 ], [ -73.817353702047896, 40.813577398757758 ], [ -73.817375392703795, 40.813571943663334 ], [ -73.8173898430977, 40.813571966551393 ], [ -73.817447674788028, 40.813561079225707 ], [ -73.817592208794963, 40.813550329074495 ], [ -73.817599433989599, 40.813550340505188 ], [ -73.817772823631273, 40.813556104135841 ], [ -73.817895681992425, 40.813545319343376 ], [ -73.817917357574871, 40.813545353577048 ], [ -73.817960723754851, 40.813539932602026 ], [ -73.818040215892736, 40.813534568630502 ], [ -73.818076386874139, 40.813518157348682 ], [ -73.818076461901299, 40.81349071019806 ], [ -73.818083747108844, 40.813468763877729 ], [ -73.818119873038228, 40.813468820872643 ], [ -73.818148758782328, 40.813474355890556 ], [ -73.818199305097224, 40.813485414512051 ], [ -73.818452261540287, 40.813458365833995 ], [ -73.8185389787254, 40.813453012895387 ], [ -73.818741358637908, 40.813425883970787 ], [ -73.818929332833775, 40.813382263706487 ], [ -73.819167912817477, 40.813327743610756 ], [ -73.819377591750836, 40.813273177748393 ], [ -73.819464383074703, 40.813240376960941 ], [ -73.819565594863462, 40.813218577584522 ], [ -73.819681227153183, 40.813207779581319 ], [ -73.819818579460346, 40.813180547046443 ], [ -73.819905400155065, 40.813136767065124 ], [ -73.820013896171758, 40.813093020857622 ], [ -73.820071830901895, 40.813043706199323 ], [ -73.820093699228323, 40.812972377422952 ], [ -73.820108446247133, 40.812862611351932 ], [ -73.820390270388302, 40.81284658237049 ], [ -73.820411605052939, 40.812972873047393 ], [ -73.820476512786144, 40.813016889764363 ], [ -73.820555989295713, 40.813017013488782 ], [ -73.820584889844724, 40.813017058465888 ], [ -73.820845053895439, 40.812995505210097 ], [ -73.820960685589981, 40.812984705923306 ], [ -73.821061852222613, 40.812979373525437 ], [ -73.821134147814533, 40.812963017344622 ], [ -73.821177528102524, 40.812952105728172 ], [ -73.821235388124066, 40.812930237639335 ], [ -73.821257137222673, 40.812902824089747 ], [ -73.821249912097713, 40.812902812888318 ], [ -73.821242731205146, 40.812886333393109 ], [ -73.821228295704117, 40.812880821556817 ], [ -73.82121387495198, 40.812869820287617 ], [ -73.821213904445003, 40.812858841425381 ], [ -73.821221159056989, 40.812847873766842 ], [ -73.821242834414008, 40.812847907375314 ], [ -73.821264509771041, 40.812847940979701 ], [ -73.821300620626772, 40.812853486409097 ], [ -73.821329506368315, 40.81285902063069 ], [ -73.821365587767502, 40.812875544901956 ], [ -73.821408938499701, 40.812875612060495 ], [ -73.821517388937963, 40.812848332729772 ], [ -73.82161858474494, 40.812832020980963 ], [ -73.82169101240423, 40.812766259569521 ], [ -73.821756038396288, 40.812766360117685 ], [ -73.821972835756213, 40.812750226719416 ], [ -73.822110244871524, 40.812701033727038 ], [ -73.822088760327944, 40.812629637673481 ], [ -73.822124900476538, 40.812624203981997 ], [ -73.822175329469175, 40.812679176313189 ], [ -73.822283749956767, 40.812662875123571 ], [ -73.822305439910494, 40.812657419100866 ], [ -73.8226380138792, 40.812575589384466 ], [ -73.822724905039038, 40.812504360117686 ], [ -73.822855000347886, 40.812488091716148 ], [ -73.822905605123225, 40.812477190549487 ], [ -73.822985139394092, 40.812455354872711 ], [ -73.823079079983742, 40.812450009611183 ], [ -73.823187529043906, 40.812422728707567 ], [ -73.823245373365921, 40.812406349039968 ], [ -73.823332147081402, 40.812379034768163 ], [ -73.82339723096284, 40.812357176663404 ], [ -73.823447893798331, 40.812324317531058 ], [ -73.823455162545443, 40.812307860299136 ], [ -73.823462431288959, 40.812291403066752 ], [ -73.82346253321532, 40.812252977043244 ], [ -73.823462606019802, 40.812225529883484 ], [ -73.823462664263332, 40.812203572155582 ], [ -73.823477143481554, 40.812192615416727 ], [ -73.823498818626291, 40.812192648601084 ], [ -73.823520406434369, 40.812225618373304 ], [ -73.823556400715177, 40.812275078552325 ], [ -73.82356362577238, 40.812275089609244 ], [ -73.823621426230133, 40.812275178048402 ], [ -73.823722620649917, 40.812258864451294 ], [ -73.823816604498077, 40.812237050292708 ], [ -73.823874448503886, 40.812220670309024 ], [ -73.824062430442595, 40.812171552235291 ], [ -73.824214286900116, 40.812122378780622 ], [ -73.824358947071659, 40.812062215254514 ], [ -73.824532550510341, 40.811985627236979 ], [ -73.824568805866491, 40.811936277320179 ], [ -73.824590582202802, 40.811897884272597 ], [ -73.824583574211772, 40.811815531793492 ], [ -73.824598139963882, 40.811771638318199 ], [ -73.824641576761579, 40.811738767666142 ], [ -73.824713927956367, 40.811700451507008 ], [ -73.824771727916584, 40.81170053936949 ], [ -73.824793359548664, 40.811717040608215 ], [ -73.824814933394507, 40.811755499573117 ], [ -73.824829253363944, 40.811804926421637 ], [ -73.824872487846179, 40.811848907737826 ], [ -73.8249374840684, 40.811859985356598 ], [ -73.825017002502449, 40.811843637708449 ], [ -73.825060395853214, 40.81182723519651 ], [ -73.825074860298727, 40.811821767688933 ], [ -73.825154407495901, 40.811794441080778 ], [ -73.825241194044168, 40.811761635936868 ], [ -73.825270122874585, 40.811750700874327 ], [ -73.825407541889405, 40.811696014511561 ], [ -73.825494342577755, 40.811657719743863 ], [ -73.825516046332083, 40.811646773683492 ], [ -73.82559560752378, 40.81161395733745 ], [ -73.825653464930255, 40.811592087026717 ], [ -73.825675154258747, 40.811586630369071 ], [ -73.825725786634877, 40.811564749097371 ], [ -73.825769165258649, 40.811553835750814 ], [ -73.82578362958651, 40.811548368154014 ], [ -73.825812572602004, 40.811531943522112 ], [ -73.825928287091756, 40.811488202653223 ], [ -73.825957230045404, 40.811471777984856 ], [ -73.825993383601386, 40.811460853646814 ], [ -73.826029537145516, 40.811449929297396 ], [ -73.826058494404151, 40.811428015170563 ], [ -73.826080226680403, 40.811406090137517 ], [ -73.826123834602015, 40.811307345728075 ], [ -73.826138313187158, 40.811296388653417 ], [ -73.826152777428746, 40.811290921010091 ], [ -73.826174466618156, 40.81128546425829 ], [ -73.826188930854386, 40.811279996610388 ], [ -73.826210605703253, 40.811280029284951 ], [ -73.826304515722285, 40.811285660260637 ], [ -73.826492278564814, 40.811318879715209 ], [ -73.826680041594784, 40.811352098863743 ], [ -73.826867804812196, 40.811385317706367 ], [ -73.827055582481393, 40.811413046809818 ], [ -73.827250599522571, 40.811435297000124 ], [ -73.827445630926363, 40.811452057427239 ], [ -73.827640690860605, 40.811457838658136 ], [ -73.827835765028766, 40.811458130125779 ], [ -73.828030853382572, 40.811452931830189 ], [ -73.828218745074622, 40.811436743573147 ], [ -73.828413861640499, 40.811420565762845 ], [ -73.828601795558512, 40.811387908581487 ], [ -73.828796954250294, 40.811355261822655 ], [ -73.828977691052842, 40.811311614432348 ], [ -73.829165666657431, 40.811262488030792 ], [ -73.829346431117003, 40.81120786119461 ], [ -73.829519984404499, 40.811147733957718 ], [ -73.829693551425109, 40.811082117025215 ], [ -73.829859921247845, 40.811005510301065 ], [ -73.830026304706834, 40.810923413901975 ], [ -73.830185462852711, 40.810841306620148 ], [ -73.830337423699234, 40.810748209617302 ], [ -73.830482173219735, 40.810649612355597 ], [ -73.830648652796299, 40.810529089013329 ], [ -73.830800696013654, 40.810403054788374 ], [ -73.830959977438766, 40.810271541519121 ], [ -73.831104808581102, 40.810140006859655 ], [ -73.831242428257326, 40.810002972005258 ], [ -73.831380061274203, 40.809860447548537 ], [ -73.831503244139824, 40.809717901806813 ], [ -73.831619215599915, 40.80956985594311 ], [ -73.831735200422088, 40.809416320523859 ], [ -73.831836735246029, 40.809262763908364 ], [ -73.832149918265543, 40.808264139262675 ], [ -73.832171855127882, 40.808159871521028 ], [ -73.832193805761392, 40.808050114336787 ], [ -73.832208517895779, 40.807945836068505 ], [ -73.832208794667991, 40.807836047330689 ], [ -73.832201846874455, 40.807726248075724 ], [ -73.832187660710645, 40.807621927739511 ], [ -73.832166263891168, 40.807512107445184 ], [ -73.832137628768265, 40.807407766063093 ], [ -73.832101769216251, 40.807303414150674 ], [ -73.832051460761505, 40.807199041176659 ], [ -73.832001138608973, 40.807100157616546 ], [ -73.831936367633787, 40.807001252969677 ], [ -73.831871582984874, 40.806907837722626 ], [ -73.83179233571353, 40.806819890794316 ], [ -73.831705864194774, 40.806731933264118 ], [ -73.831619392904543, 40.80664397566774 ], [ -73.831649512526567, 40.806160947315433 ], [ -73.831391937323218, 40.805172468245928 ], [ -73.831609027024527, 40.805030059605208 ], [ -73.831616487373111, 40.80493674968799 ], [ -73.831688688350226, 40.804953323504378 ], [ -73.831956013829071, 40.804942734574809 ], [ -73.832216101123933, 40.804937623950529 ], [ -73.832483385009837, 40.804943502116494 ], [ -73.832750655149624, 40.804954869102311 ], [ -73.833010687343446, 40.804971714443511 ], [ -73.833277930186924, 40.804994059085914 ], [ -73.833537921482119, 40.805027371556413 ], [ -73.833797899330634, 40.805066172880039 ], [ -73.834057863796687, 40.8051104630566 ], [ -73.834317814944626, 40.805160242086203 ], [ -73.834570514902765, 40.80522098904158 ], [ -73.834823201699692, 40.805287224881901 ], [ -73.835068651089586, 40.805358939271677 ], [ -73.835314087426397, 40.805436142577456 ], [ -73.835891477863953, 40.805662033772222 ], [ -73.83643292575826, 40.805816508111846 ], [ -73.83667119487869, 40.805871740515492 ], [ -73.836909464394566, 40.805926972426214 ], [ -73.837039368661678, 40.805982050711336 ], [ -73.837154824379255, 40.806037108440528 ], [ -73.837270266867051, 40.806097655492664 ], [ -73.837356825396824, 40.806152672223838 ], [ -73.837436173076, 40.806202189263395 ], [ -73.838005056990596, 40.806960535197774 ], [ -73.838026677004123, 40.806982523404479 ], [ -73.838048283675121, 40.807010001045349 ], [ -73.838062665872982, 40.807037468534197 ], [ -73.838069823588768, 40.807064925873703 ], [ -73.838069756813525, 40.807092373065238 ], [ -73.838062452182641, 40.807125299546954 ], [ -73.838055174257079, 40.807147247151605 ], [ -73.838040658463967, 40.807174674044674 ], [ -73.838033126721967, 40.807300920972565 ], [ -73.838040030660352, 40.807432677635319 ], [ -73.838046947983116, 40.807558944857007 ], [ -73.838068314454674, 40.807685232372116 ], [ -73.838096905582319, 40.807811530026896 ], [ -73.838139959345327, 40.807932358521889 ], [ -73.838190224520574, 40.808058686576224 ], [ -73.838247727842798, 40.80817953530547 ], [ -73.838312469337197, 40.80829490469911 ], [ -73.838384435696085, 40.808410284182401 ], [ -73.838485380841149, 40.808492767486221 ], [ -73.838521251042295, 40.808597117392715 ], [ -73.838535567193574, 40.808652032000424 ], [ -73.838542658696213, 40.808706936488079 ], [ -73.838621757415311, 40.808860751990942 ], [ -73.838679302129506, 40.80896513217921 ], [ -73.838736833723743, 40.809075001773621 ], [ -73.838815986504756, 40.809206859388148 ], [ -73.838895192749092, 40.809316759199902 ], [ -73.838974186760126, 40.8095144899359 ], [ -73.839082319263596, 40.809613451101633 ], [ -73.839190385772852, 40.809739859344781 ], [ -73.839298240623947, 40.809954098458995 ], [ -73.839384567395868, 40.810107923477929 ], [ -73.839449286252872, 40.810234271068559 ], [ -73.839571764475465, 40.810377167369651 ], [ -73.839665277626295, 40.81054747052741 ], [ -73.839758830905069, 40.810701305298792 ], [ -73.83985960952198, 40.810855150026121 ], [ -73.839967613527165, 40.81100900469054 ], [ -73.840003487408381, 40.811113354093379 ], [ -73.84008981731391, 40.811267178555404 ], [ -73.840176332168966, 40.811344150862659 ], [ -73.840262794523937, 40.811443080842942 ], [ -73.840298616413477, 40.811569387884944 ], [ -73.84029831345417, 40.811695644878874 ], [ -73.840290745964609, 40.811838360164984 ], [ -73.840261384781357, 40.81203045032612 ], [ -73.840289942418494, 40.812173215650361 ], [ -73.840325738412474, 40.8123105015368 ], [ -73.84039776526015, 40.812403921952992 ], [ -73.840412031126874, 40.812480794028986 ], [ -73.840433561600634, 40.812541207800805 ], [ -73.840397212365787, 40.812634478170082 ], [ -73.840389921442906, 40.812661915336186 ], [ -73.840339121857028, 40.812755165679903 ], [ -73.840295534078237, 40.812853915441693 ], [ -73.840288071837179, 40.812952715234204 ], [ -73.840309549665108, 40.813035086757679 ], [ -73.840309510150561, 40.813051555057505 ], [ -73.840323762883799, 40.813133916569448 ], [ -73.840265605930043, 40.813282051197774 ], [ -73.840171362340158, 40.813413667420299 ], [ -73.840142369308793, 40.81345205338318 ], [ -73.840026357264009, 40.813622065457409 ], [ -73.839939496365872, 40.813687818316417 ], [ -73.839888748191257, 40.813759110715843 ], [ -73.839874258126798, 40.813775558945352 ], [ -73.839852542830698, 40.813791997137223 ], [ -73.839743992625984, 40.813863209169803 ], [ -73.839664369598353, 40.813923482429082 ], [ -73.83962803175848, 40.814011263102593 ], [ -73.839649535563382, 40.814082655870315 ], [ -73.839656681465996, 40.814115602512182 ], [ -73.839649204908852, 40.814219891675208 ], [ -73.839591138121833, 40.814329599912988 ], [ -73.839569078521123, 40.814488763280742 ], [ -73.839531271050149, 40.815185870815945 ], [ -73.839617499314713, 40.815383610978436 ], [ -73.839602519308627, 40.815603168115814 ], [ -73.83953697432527, 40.815817165433806 ], [ -73.839594367717098, 40.81598741821422 ], [ -73.83963038920615, 40.81603138391332 ], [ -73.83965918527042, 40.816075339553002 ], [ -73.839687968149363, 40.816124784615639 ], [ -73.839709525587992, 40.816174219626035 ], [ -73.839731069838791, 40.816229144062376 ], [ -73.839738163135152, 40.816284048408889 ], [ -73.839745243224485, 40.816344442184715 ], [ -73.839745111037288, 40.816399336486882 ], [ -73.83974509781855, 40.816404825917061 ], [ -73.839744992068617, 40.81644874135835 ], [ -73.839752098618035, 40.81649815627194 ], [ -73.839773669441655, 40.816542101837278 ], [ -73.839795253508385, 40.816580557968209 ], [ -73.83983128866285, 40.816619034170273 ], [ -73.839867337067673, 40.816652020930889 ], [ -73.839917849789913, 40.816679538314617 ], [ -73.839968375754296, 40.816701566246188 ], [ -73.840033115326975, 40.81682242394362 ], [ -73.840090629568166, 40.816943271581543 ], [ -73.840148144018244, 40.81706411918838 ], [ -73.840191194309313, 40.817190436165156 ], [ -73.840074727353411, 40.81754708878028 ], [ -73.840089020330694, 40.817612981973404 ], [ -73.840096100879833, 40.81767337571457 ], [ -73.840103181441819, 40.817733769454634 ], [ -73.840095797508539, 40.817799632582222 ], [ -73.840073975419003, 40.817859986236513 ], [ -73.840052153289889, 40.817920339886079 ], [ -73.840023105441929, 40.817980683505958 ], [ -73.839979619369387, 40.818035517634087 ], [ -73.839936146428499, 40.818084862316667 ], [ -73.839878222031331, 40.818134186914726 ], [ -73.839820310761169, 40.818178022054688 ], [ -73.83921162771199, 40.818890802937247 ], [ -73.838929556643279, 40.819000198181634 ], [ -73.838790990034227, 40.819526991358678 ], [ -73.838682442645748, 40.819592712897737 ], [ -73.838804923148786, 40.819741099222249 ], [ -73.83906490844771, 40.819801846283205 ], [ -73.839057244457948, 40.819982987287524 ], [ -73.838998999013157, 40.820164057671164 ], [ -73.838998414645914, 40.82040559244173 ], [ -73.838997697462133, 40.820702021465166 ], [ -73.838953305392238, 40.821130136150103 ], [ -73.838931149003685, 40.821327725197889 ], [ -73.838959574931451, 40.821525384889206 ], [ -73.839009134783964, 40.821948141268471 ], [ -73.838914969453981, 40.822041330301943 ], [ -73.838885825740689, 40.822140099568777 ], [ -73.838907318087152, 40.822216981804495 ], [ -73.83899399191084, 40.822233571188249 ], [ -73.839073439635001, 40.822250150422235 ], [ -73.839058814754992, 40.822321492774194 ], [ -73.839037096468672, 40.822337930789452 ], [ -73.83901531177105, 40.822381815924139 ], [ -73.839058615606902, 40.822403834145121 ], [ -73.839051150458445, 40.822502633702761 ], [ -73.839050938023121, 40.822590464495683 ], [ -73.839050699032711, 40.822689274136195 ], [ -73.839122761867003, 40.822771716341201 ], [ -73.839209224239625, 40.822876136350516 ], [ -73.839252568243296, 40.822881686224015 ], [ -73.839454809453429, 40.822920394074842 ], [ -73.839497941659729, 40.823013774643627 ], [ -73.839526793610361, 40.823035772569213 ], [ -73.839526687705813, 40.823079687962434 ], [ -73.839461452958247, 40.823161938798293 ], [ -73.83949745176217, 40.823216883335007 ], [ -73.839446748825608, 40.823266217732524 ], [ -73.839583663866108, 40.823425602109126 ], [ -73.839633625981051, 40.823683675381709 ], [ -73.8396188823111, 40.82380442259926 ], [ -73.839611510456066, 40.823864796206422 ], [ -73.839683535582267, 40.823963706314913 ], [ -73.83974098925799, 40.824112001101014 ], [ -73.839777054894896, 40.8241394984259 ], [ -73.839820360126666, 40.824161516354344 ], [ -73.839870904949777, 40.824178054878317 ], [ -73.839914249856676, 40.824183604501904 ], [ -73.839957581568044, 40.82419464353233 ], [ -73.840000913293792, 40.82420568254647 ], [ -73.840044218642717, 40.824227700390615 ], [ -73.840080284467632, 40.824255197620147 ], [ -73.840109123958754, 40.824282684818641 ], [ -73.840130723918634, 40.824315651414629 ], [ -73.840137884346319, 40.82434310854817 ], [ -73.840137805218831, 40.824376045086368 ], [ -73.8401377392792, 40.824403492201391 ], [ -73.840274183953397, 40.824760494947313 ], [ -73.840669928076949, 40.825474669696455 ], [ -73.840878669376437, 40.825820792644258 ], [ -73.841109118768927, 40.82615596622481 ], [ -73.841144792922933, 40.826348145754594 ], [ -73.841324462753732, 40.826765590494446 ], [ -73.841461297937741, 40.826963398494577 ], [ -73.84167711797852, 40.827375402891498 ], [ -73.841900115263641, 40.827809374444321 ], [ -73.841943293189871, 40.827886285762375 ], [ -73.842008112403704, 40.827979695027636 ], [ -73.842072814538412, 40.828122509033442 ], [ -73.842224056276152, 40.82834229355479 ], [ -73.84222399119318, 40.828369740652818 ], [ -73.842231139904911, 40.828402687057419 ], [ -73.84227401931139, 40.828605854891158 ], [ -73.842281155061329, 40.828644290710692 ], [ -73.842295478628998, 40.828699204670514 ], [ -73.842309698143467, 40.828798033981926 ], [ -73.842316625789834, 40.828924300504291 ], [ -73.842330728312518, 40.829072534580291 ], [ -73.842227755667921, 40.829829935975063 ], [ -73.84192231898264, 40.83063097532591 ], [ -73.841885988042023, 40.830713267050932 ], [ -73.840842809335314, 40.831749335312118 ], [ -73.840748777231056, 40.83178214211172 ], [ -73.840241859839821, 40.832204127455412 ], [ -73.839430529577427, 40.83298250031168 ], [ -73.839184376507802, 40.833157819207536 ], [ -73.838995921357139, 40.833382623035661 ], [ -73.838879751988529, 40.833602038124077 ], [ -73.83885062975088, 40.833689828362537 ], [ -73.838828655044281, 40.833810565177863 ], [ -73.838813841174058, 40.833958759158115 ], [ -73.838835164390119, 40.834107003636625 ], [ -73.838878103571872, 40.834282725469265 ], [ -73.838928350187331, 40.834425520893014 ], [ -73.838942406461257, 40.83459022348643 ], [ -73.838934860037554, 40.834721959315338 ], [ -73.838956170480387, 40.834875693165536 ], [ -73.83896307910814, 40.835007449173105 ], [ -73.838998897933749, 40.835139245538521 ], [ -73.839041891336194, 40.835293009628153 ], [ -73.839055987912602, 40.835441243945461 ], [ -73.839048415057221, 40.835583958587939 ], [ -73.839091435414517, 40.835726743822669 ], [ -73.839112653617491, 40.835918903503767 ], [ -73.839212274944813, 40.836566795223909 ], [ -73.839233533559693, 40.836742486620899 ], [ -73.839189291528925, 40.837104727312877 ], [ -73.839261330361083, 40.837203637465073 ], [ -73.839217512702021, 40.837390216992979 ], [ -73.839245933079525, 40.837593365492175 ], [ -73.839288729729446, 40.837829470583827 ], [ -73.839288212562593, 40.838043557589479 ], [ -73.839215443111627, 40.838246565031653 ], [ -73.839200907743304, 40.838279481339661 ], [ -73.839157102477827, 40.838460571400567 ], [ -73.839192631634987, 40.838713134642269 ], [ -73.839358661965875, 40.838801196853325 ], [ -73.839589969299354, 40.83879602935059 ], [ -73.839718220663485, 40.839564727519701 ] ] ] ] } },
{ "type": "Feature", "properties": { "modzcta": "10466", "label": "10466", "zcta": "10466", "pop_est": "72479", "zcta20": "10466", "hvi": 5.0, "hvi_2018": 5.0 }, "geometry": { "type": "MultiPolygon", "coordinates": [ [ [ [ -73.855674787114893, 40.884242099647388 ], [ -73.858558792353932, 40.885145928422254 ], [ -73.861001864685747, 40.885950345900717 ], [ -73.861638911797002, 40.885693110458064 ], [ -73.864501339261494, 40.886607743221333 ], [ -73.86538322678588, 40.886883244047823 ], [ -73.86459915967545, 40.888298586400843 ], [ -73.863807825698274, 40.889713914521543 ], [ -73.8630381928551, 40.891112794512374 ], [ -73.862769505911842, 40.891617497811609 ], [ -73.862754970537182, 40.891650416773253 ], [ -73.862740117773839, 40.891837037818085 ], [ -73.862253730173492, 40.892670843163032 ], [ -73.862159349270087, 40.892835411682078 ], [ -73.86198506516854, 40.893159076413447 ], [ -73.861926920681256, 40.893290751814732 ], [ -73.861490829683746, 40.894278316287732 ], [ -73.861403472581415, 40.894541701249551 ], [ -73.861359816669221, 40.894662414986627 ], [ -73.861764659106157, 40.894789156016763 ], [ -73.861822485715223, 40.894811182731303 ], [ -73.86190200306757, 40.894838724737895 ], [ -73.862089962753359, 40.894899332515919 ], [ -73.862140566904827, 40.894915861071361 ], [ -73.862191171081463, 40.894932389604534 ], [ -73.862877952627059, 40.895152782244196 ], [ -73.862326412294948, 40.895997488735141 ], [ -73.862232072358026, 40.896140099788539 ], [ -73.861636961453129, 40.897056112631823 ], [ -73.861549864262386, 40.897193242415256 ], [ -73.861484595470813, 40.897270015274025 ], [ -73.861165380401971, 40.897703291883708 ], [ -73.861107345022575, 40.89778007322181 ], [ -73.861049332460084, 40.897845875822156 ], [ -73.860236994468707, 40.898838470664636 ], [ -73.860135376875192, 40.898997539227089 ], [ -73.85936561731512, 40.900368945538851 ], [ -73.859127025491063, 40.900297292901023 ], [ -73.858628174568253, 40.900137491514293 ], [ -73.857804109802345, 40.899818096250186 ], [ -73.856994510232994, 40.899504202360333 ], [ -73.856192152820498, 40.899190311786455 ], [ -73.857041294239991, 40.89793430132174 ], [ -73.85623894368463, 40.897625900333601 ], [ -73.855389802986366, 40.898876415617572 ], [ -73.854298323739371, 40.898452361947243 ], [ -73.85343093062032, 40.898116412516266 ], [ -73.852233863261034, 40.899640930635535 ], [ -73.851718764541317, 40.900288015411427 ], [ -73.850666709367303, 40.90163704324619 ], [ -73.849549360497292, 40.903046359133107 ], [ -73.848096670491756, 40.902374754546273 ], [ -73.847619660869398, 40.902160040732156 ], [ -73.847482337625948, 40.902099476391719 ], [ -73.847359509484079, 40.902027952322868 ], [ -73.847243954265579, 40.901939969651053 ], [ -73.847135646776735, 40.901846507093488 ], [ -73.847056304006728, 40.901742104077229 ], [ -73.846984208898846, 40.901632221245087 ], [ -73.846933818316813, 40.901522367143777 ], [ -73.846803529328767, 40.901549641156123 ], [ -73.846575551513894, 40.903152232821377 ], [ -73.846459843201941, 40.903130121544919 ], [ -73.846344109585104, 40.903118988845904 ], [ -73.846221115669834, 40.903118825087866 ], [ -73.846098083621385, 40.903135129238883 ], [ -73.845982261010576, 40.903162421603973 ], [ -73.846097308230071, 40.903469979376595 ], [ -73.846067630929355, 40.903788322873382 ], [ -73.846052423431715, 40.904106685638659 ], [ -73.84542981391624, 40.904276024009604 ], [ -73.845616765166767, 40.904775806111381 ], [ -73.844929685273783, 40.904665098085104 ], [ -73.844894611495036, 40.904192965803368 ], [ -73.844409914358351, 40.904170356177161 ], [ -73.843397007326175, 40.904168986708981 ], [ -73.842376865286084, 40.904167598476974 ], [ -73.841385650385988, 40.904171730338639 ], [ -73.841134024453993, 40.903501682032015 ], [ -73.841062357300515, 40.903216136468032 ], [ -73.841019906166196, 40.902815354423865 ], [ -73.840863025298518, 40.901859988769068 ], [ -73.840841504935909, 40.901783107985047 ], [ -73.840812749841476, 40.901706217220493 ], [ -73.840776760040356, 40.901629316470014 ], [ -73.840740770322526, 40.901552415707201 ], [ -73.840697545931476, 40.901475504949488 ], [ -73.840654308479941, 40.901404083522323 ], [ -73.840041349735401, 40.900574341528646 ], [ -73.839248126258184, 40.899502813068345 ], [ -73.839219373993572, 40.899425921873785 ], [ -73.839197856320268, 40.899349040747929 ], [ -73.839176338696745, 40.89927215961697 ], [ -73.839169290139083, 40.899195298638972 ], [ -73.83916224159772, 40.899118437659489 ], [ -73.839162427563991, 40.899041586757626 ], [ -73.839177082495723, 40.898964756011793 ], [ -73.839191737393591, 40.898887925263004 ], [ -73.839206392257566, 40.898811094511224 ], [ -73.839235516003427, 40.898734283906286 ], [ -73.839664401496634, 40.89788402810666 ], [ -73.839651270277088, 40.897329583487711 ], [ -73.838968213786444, 40.895593991354382 ], [ -73.838393194732021, 40.89406714207545 ], [ -73.83804577790093, 40.894143506417642 ], [ -73.837380790946497, 40.893922996584813 ], [ -73.836303732393304, 40.89359760117879 ], [ -73.835255320530962, 40.893393002826095 ], [ -73.833571284346249, 40.892808713358882 ], [ -73.83267480292082, 40.892604310456896 ], [ -73.831843542005757, 40.892356080593075 ], [ -73.830954612851485, 40.892030909009556 ], [ -73.830079949299432, 40.891788092207413 ], [ -73.828908979950199, 40.891440531784369 ], [ -73.828663219361445, 40.891368805350311 ], [ -73.827969370976021, 40.89114270887999 ], [ -73.827224906341584, 40.890911043093716 ], [ -73.825208217453252, 40.890342600898116 ], [ -73.823914387628164, 40.889972846009499 ], [ -73.823668637854951, 40.889901108922224 ], [ -73.822678395960793, 40.889619633577681 ], [ -73.822489050649153, 40.890096918622973 ], [ -73.82326332867909, 40.889988319134659 ], [ -73.823368943272285, 40.891075377905004 ], [ -73.822855005048083, 40.891206335433054 ], [ -73.820614163039522, 40.890615511231665 ], [ -73.819573333351499, 40.890317462515632 ], [ -73.819848639241059, 40.890158700490183 ], [ -73.819899363124776, 40.890125843362682 ], [ -73.819848862386635, 40.890076360135204 ], [ -73.820189327470302, 40.889895741446914 ], [ -73.820587747382191, 40.889682275562116 ], [ -73.821399046376527, 40.88925536202683 ], [ -73.82191342826107, 40.888954240824411 ], [ -73.822739366830888, 40.88845597846386 ], [ -73.823369658931014, 40.888083666728321 ], [ -73.823681200254953, 40.88789201467592 ], [ -73.823869556295847, 40.887782514605021 ], [ -73.824028920586741, 40.887694927558563 ], [ -73.824492573473236, 40.887421164374082 ], [ -73.825296629895618, 40.886977744184563 ], [ -73.826114797252089, 40.886666084824832 ], [ -73.826730186669295, 40.886447434946319 ], [ -73.826969108193367, 40.886359963230881 ], [ -73.827772793954807, 40.886048270395804 ], [ -73.827910378698675, 40.885988092392964 ], [ -73.829532345703484, 40.885304326330299 ], [ -73.830336062722381, 40.884970658132865 ], [ -73.830654620534176, 40.884850359509151 ], [ -73.831305933885162, 40.88471407867528 ], [ -73.832333425435124, 40.884550894318636 ], [ -73.832564961615333, 40.884518294125044 ], [ -73.832782059370146, 40.884474693781208 ], [ -73.833006417318018, 40.884420124764873 ], [ -73.833216336653507, 40.884354555680453 ], [ -73.833419050198998, 40.884277997045402 ], [ -73.833614571617275, 40.884184959532654 ], [ -73.834049037338644, 40.883987967183778 ], [ -73.834345926238612, 40.883851159054615 ], [ -73.834758934751392, 40.883555324299401 ], [ -73.835606679694749, 40.882947213116097 ], [ -73.836215595676236, 40.882393650851128 ], [ -73.836642998157728, 40.882119787269865 ], [ -73.836990609494023, 40.88193912899964 ], [ -73.837830411366056, 40.881605459480809 ], [ -73.83874254369924, 40.881266395538944 ], [ -73.839654666728848, 40.880927324367434 ], [ -73.840465446653155, 40.880621042262028 ], [ -73.841276206002235, 40.88032024381328 ], [ -73.842014985983312, 40.87987112768235 ], [ -73.84273927828535, 40.87942747644712 ], [ -73.843265881636128, 40.88000457853569 ], [ -73.844255758837704, 40.880417622632322 ], [ -73.844480697176991, 40.880105030884067 ], [ -73.847269717351509, 40.881283484133363 ], [ -73.847545360245576, 40.880932527860914 ], [ -73.848744809989725, 40.881439129528509 ], [ -73.85065252111437, 40.882193659636314 ], [ -73.85323999576832, 40.883020386399608 ], [ -73.853014991660388, 40.883376909992784 ], [ -73.855674787114893, 40.884242099647388 ] ] ] ] } },
{ "type": "Feature", "properties": { "modzcta": "10469", "label": "10469", "zcta": "10469", "pop_est": "73870", "zcta20": "10469", "hvi": 5.0, "hvi_2018": 5.0 }, "geometry": { "type": "MultiPolygon", "coordinates": [ [ [ [ -73.861790550038577, 40.857982832323962 ], [ -73.86178277242297, 40.858246314556062 ], [ -73.86178260130103, 40.858328655457733 ], [ -73.861774732342781, 40.858636052818227 ], [ -73.861774584027643, 40.85870741492819 ], [ -73.861766829083152, 40.858959918339927 ], [ -73.861766669349223, 40.859036769838497 ], [ -73.861766144506561, 40.859289281897865 ], [ -73.861758788823266, 40.859349656551927 ], [ -73.861758172665205, 40.859646083734454 ], [ -73.861704239484084, 40.861243435962777 ], [ -73.861696438313601, 40.861517896817709 ], [ -73.861696301323846, 40.861583769500946 ], [ -73.861688659911692, 40.861781378878703 ], [ -73.861688545746716, 40.861836272778817 ], [ -73.86167327419075, 40.862226002118611 ], [ -73.861673160012288, 40.862280896014433 ], [ -73.861657876844873, 40.862676114710524 ], [ -73.861657762652953, 40.862731008601926 ], [ -73.861642524972709, 40.863104269709403 ], [ -73.862169367884078, 40.86358247824284 ], [ -73.862153643605581, 40.864191783038891 ], [ -73.862107470714008, 40.865536631033478 ], [ -73.861565134146161, 40.865546960441023 ], [ -73.861542172949981, 40.866156256264787 ], [ -73.861503114496188, 40.867550516681355 ], [ -73.861495403223529, 40.867781062141013 ], [ -73.86169061991545, 40.867792275092327 ], [ -73.86247693610548, 40.868698965463985 ], [ -73.862446103666358, 40.869621147312429 ], [ -73.861433756872756, 40.869603467926964 ], [ -73.861379521731465, 40.871338051680411 ], [ -73.86136405161713, 40.871821099779623 ], [ -73.861348123421649, 40.872523723016847 ], [ -73.861317949050274, 40.873122030585037 ], [ -73.861302340668601, 40.873670951060291 ], [ -73.861308759460186, 40.874060705597465 ], [ -73.861076482429468, 40.874472130572023 ], [ -73.860706245080181, 40.875146879371243 ], [ -73.860510258416681, 40.875492474247622 ], [ -73.86032875671745, 40.875827107523598 ], [ -73.860074690546853, 40.876276929719218 ], [ -73.859748022373751, 40.876858408451909 ], [ -73.859276101457482, 40.877725157375664 ], [ -73.858920362106161, 40.878366981441808 ], [ -73.858615417184538, 40.878926525776478 ], [ -73.858571871554517, 40.878997834453884 ], [ -73.858230583361134, 40.879639673969329 ], [ -73.857831311575708, 40.880336334854647 ], [ -73.857446484721365, 40.881038501507739 ], [ -73.85705440532459, 40.881746147199529 ], [ -73.8566695621045, 40.882448311080516 ], [ -73.856459020074439, 40.88281583812531 ], [ -73.856277466123828, 40.883155953949654 ], [ -73.855885361796098, 40.883863595394573 ], [ -73.855674787114893, 40.884242099647388 ], [ -73.853014991660388, 40.883376909992784 ], [ -73.85323999576832, 40.883020386399608 ], [ -73.85065252111437, 40.882193659636314 ], [ -73.848744809989725, 40.881439129528509 ], [ -73.847545360245576, 40.880932527860914 ], [ -73.847269717351509, 40.881283484133363 ], [ -73.844480697176991, 40.880105030884067 ], [ -73.844255758837704, 40.880417622632322 ], [ -73.843265881636128, 40.88000457853569 ], [ -73.84273927828535, 40.87942747644712 ], [ -73.842014985983312, 40.87987112768235 ], [ -73.841276206002235, 40.88032024381328 ], [ -73.840465446653155, 40.880621042262028 ], [ -73.839654666728848, 40.880927324367434 ], [ -73.83874254369924, 40.881266395538944 ], [ -73.837799163395161, 40.879590810296236 ], [ -73.837539951458908, 40.879118358255191 ], [ -73.836603783138912, 40.877475708995675 ], [ -73.836567797828636, 40.877404295958691 ], [ -73.83627257791521, 40.876876895944612 ], [ -73.836301735987703, 40.876783617650027 ], [ -73.836193660670574, 40.876618782547041 ], [ -73.835948773200002, 40.876212219682614 ], [ -73.835811961505428, 40.87597049185446 ], [ -73.835653237849456, 40.875816562933466 ], [ -73.835523456295419, 40.875657185648471 ], [ -73.83540816639875, 40.875486850095093 ], [ -73.835321804730043, 40.875316555703918 ], [ -73.83524993448836, 40.875135303144184 ], [ -73.834805062367735, 40.873723892880143 ], [ -73.834740822626003, 40.873383458409691 ], [ -73.834662133867795, 40.873037513785199 ], [ -73.834568969023707, 40.872697037728798 ], [ -73.834461328293145, 40.87236203020651 ], [ -73.834339225544383, 40.872027001801726 ], [ -73.834238599621969, 40.871779834448816 ], [ -73.834051703365574, 40.87132943526769 ], [ -73.833814518915304, 40.870747217783411 ], [ -73.833692326286638, 40.870450614246217 ], [ -73.833292020639774, 40.86859461969015 ], [ -73.833191321183307, 40.868380387554289 ], [ -73.833162548061708, 40.868319962552171 ], [ -73.833126530075504, 40.868265016465664 ], [ -73.832557730236616, 40.867287079107136 ], [ -73.83175134032534, 40.865908066157701 ], [ -73.830542090927011, 40.863732492529742 ], [ -73.830224713149775, 40.863430108677115 ], [ -73.829548271310074, 40.862166547926726 ], [ -73.828409000052773, 40.860946210762812 ], [ -73.828344068629136, 40.860891220095851 ], [ -73.828423871443349, 40.860787040037778 ], [ -73.828728506539747, 40.860414212871049 ], [ -73.829591611387954, 40.85936152432317 ], [ -73.830556217422981, 40.858188211244425 ], [ -73.830722997492842, 40.857996326690568 ], [ -73.831114617642271, 40.857524811269954 ], [ -73.831281352661222, 40.857349394059582 ], [ -73.831933713212521, 40.856691616824861 ], [ -73.83213652403181, 40.856543697967034 ], [ -73.832382823732715, 40.856351926644194 ], [ -73.832687029666772, 40.856132791721109 ], [ -73.832759465928575, 40.856078002623569 ], [ -73.832831874476625, 40.856034192264957 ], [ -73.832911361040019, 40.856050775648896 ], [ -73.833048672391115, 40.856072932082874 ], [ -73.83447235883412, 40.85631102822849 ], [ -73.834660252865334, 40.856344234128052 ], [ -73.835375749498851, 40.856449556126307 ], [ -73.834992267419523, 40.856569775350394 ], [ -73.836676625187067, 40.856654513258107 ], [ -73.836914349775, 40.857006171861585 ], [ -73.836906689102079, 40.857181822182802 ], [ -73.836819700889279, 40.857275019164859 ], [ -73.837238836359091, 40.857357952381868 ], [ -73.838178370153756, 40.85750748808438 ], [ -73.839110678183474, 40.85765700604977 ], [ -73.840042990404953, 40.857806516477361 ], [ -73.840968089921617, 40.857950520009837 ], [ -73.841907666568034, 40.858089046544414 ], [ -73.843295368097699, 40.85828855844742 ], [ -73.844589189520306, 40.85844401195132 ], [ -73.845521652591174, 40.858538584172074 ], [ -73.846461335737899, 40.858638647868368 ], [ -73.847393917561931, 40.858683800431109 ], [ -73.848333793350932, 40.858701508001765 ], [ -73.849309820173474, 40.858719255137544 ], [ -73.850278802773815, 40.858654643756203 ], [ -73.851226130051231, 40.858573528092528 ], [ -73.852173442816436, 40.858497894041598 ], [ -73.853106317525715, 40.858411255016939 ], [ -73.854053649933206, 40.858324626740838 ], [ -73.855854269158868, 40.858173187029323 ], [ -73.855991663846879, 40.858162379790215 ], [ -73.85663524453669, 40.858113776636465 ], [ -73.858826063821823, 40.858061584100547 ], [ -73.861790550038577, 40.857982832323962 ] ], [ [ -73.832687029666772, 40.856132791721109 ], [ -73.832440551870391, 40.856395925798047 ], [ -73.83239690993102, 40.856500161236035 ], [ -73.832331633586676, 40.856582407568688 ], [ -73.832302589530613, 40.856631770062968 ], [ -73.832287991354249, 40.856686642962089 ], [ -73.832302298869138, 40.856747047290099 ], [ -73.832338296098783, 40.856807483137963 ], [ -73.832388794701345, 40.856851471807168 ], [ -73.832461010744211, 40.856884513170002 ], [ -73.83253326832488, 40.856901086312703 ], [ -73.832634514643047, 40.856890254408526 ], [ -73.832750234540626, 40.856873953986536 ], [ -73.832844278472422, 40.856852132633705 ], [ -73.832967297082618, 40.856808395510235 ], [ -73.833227889944141, 40.856682516028606 ], [ -73.833278636728451, 40.856627695255369 ], [ -73.833307707574392, 40.856567353731307 ], [ -73.833315116291118, 40.856496002080576 ], [ -73.833308065282353, 40.856424629537443 ], [ -73.833272081139626, 40.856358704595905 ], [ -73.833221609857191, 40.856303737524954 ], [ -73.833156651445975, 40.856259728305986 ], [ -73.83307000362457, 40.856215687669447 ], [ -73.832976098520049, 40.856182615285626 ], [ -73.832874936096744, 40.856160511136984 ], [ -73.832773746136695, 40.856149385684262 ], [ -73.832687029666772, 40.856132791721109 ] ] ] ] } },
{ "type": "Feature", "properties": { "modzcta": "10470", "label": "10470", "zcta": "10470", "pop_est": "15432", "zcta20": "10470", "hvi": 3.0, "hvi_2018": 3.0 }, "geometry": { "type": "MultiPolygon", "coordinates": [ [ [ [ -73.844929685273783, 40.904665098085104 ], [ -73.845616765166767, 40.904775806111381 ], [ -73.84542981391624, 40.904276024009604 ], [ -73.846052423431715, 40.904106685638659 ], [ -73.846067630929355, 40.903788322873382 ], [ -73.846097308230071, 40.903469979376595 ], [ -73.845982261010576, 40.903162421603973 ], [ -73.846098083621385, 40.903135129238883 ], [ -73.846221115669834, 40.903118825087866 ], [ -73.846344109585104, 40.903118988845904 ], [ -73.846459843201941, 40.903130121544919 ], [ -73.846575551513894, 40.903152232821377 ], [ -73.846803529328767, 40.901549641156123 ], [ -73.846933818316813, 40.901522367143777 ], [ -73.846984208898846, 40.901632221245087 ], [ -73.847056304006728, 40.901742104077229 ], [ -73.847135646776735, 40.901846507093488 ], [ -73.847243954265579, 40.901939969651053 ], [ -73.847359509484079, 40.902027952322868 ], [ -73.847482337625948, 40.902099476391719 ], [ -73.847619660869398, 40.902160040732156 ], [ -73.848096670491756, 40.902374754546273 ], [ -73.849549360497292, 40.903046359133107 ], [ -73.850666709367303, 40.90163704324619 ], [ -73.851718764541317, 40.900288015411427 ], [ -73.852233863261034, 40.899640930635535 ], [ -73.85343093062032, 40.898116412516266 ], [ -73.854298323739371, 40.898452361947243 ], [ -73.855389802986366, 40.898876415617572 ], [ -73.85623894368463, 40.897625900333601 ], [ -73.857041294239991, 40.89793430132174 ], [ -73.856192152820498, 40.899190311786455 ], [ -73.856994510232994, 40.899504202360333 ], [ -73.857804109802345, 40.899818096250186 ], [ -73.858628174568253, 40.900137491514293 ], [ -73.859127025491063, 40.900297292901023 ], [ -73.85936561731512, 40.900368945538851 ], [ -73.860135376875192, 40.898997539227089 ], [ -73.860236994468707, 40.898838470664636 ], [ -73.861049332460084, 40.897845875822156 ], [ -73.861107345022575, 40.89778007322181 ], [ -73.861165380401971, 40.897703291883708 ], [ -73.861484595470813, 40.897270015274025 ], [ -73.861549864262386, 40.897193242415256 ], [ -73.861636961453129, 40.897056112631823 ], [ -73.862232072358026, 40.896140099788539 ], [ -73.862326412294948, 40.895997488735141 ], [ -73.862877952627059, 40.895152782244196 ], [ -73.863304480623341, 40.895290522352269 ], [ -73.863557493363487, 40.895378651595379 ], [ -73.863682634454236, 40.894324840320749 ], [ -73.866563704447287, 40.889755558848748 ], [ -73.867006308797372, 40.889075387070733 ], [ -73.867224297881478, 40.88858159416673 ], [ -73.867427817120813, 40.888087784191171 ], [ -73.867609644520229, 40.887588459559531 ], [ -73.867784246911171, 40.887083636944617 ], [ -73.867937147233221, 40.886578789192825 ], [ -73.868075579064737, 40.886073924657914 ], [ -73.868221176535869, 40.885602004370178 ], [ -73.868388449149791, 40.88514108733736 ], [ -73.86857018530938, 40.884680186496176 ], [ -73.868766373878032, 40.884224791146835 ], [ -73.868984258259488, 40.88376942005852 ], [ -73.869209350841729, 40.883325035455854 ], [ -73.870014111175351, 40.882343345211872 ], [ -73.870835072556858, 40.880455918993292 ], [ -73.871869559572659, 40.880330816269094 ], [ -73.871913134114791, 40.880237545101622 ], [ -73.873070525199594, 40.880134525487648 ], [ -73.874068788895087, 40.880036810132438 ], [ -73.874944077907514, 40.879949931728063 ], [ -73.874791959346581, 40.880076022640473 ], [ -73.874702387310293, 40.881552569634138 ], [ -73.875338629061403, 40.881674025024239 ], [ -73.876256873783731, 40.881834205275005 ], [ -73.877167890289229, 40.881994370518242 ], [ -73.878122307137616, 40.882154574399536 ], [ -73.877729350911977, 40.883455142160983 ], [ -73.877604422623122, 40.884525438885731 ], [ -73.877831750191291, 40.886770835532509 ], [ -73.877990365926678, 40.887050961544411 ], [ -73.878033644222398, 40.887116879807962 ], [ -73.878018976376993, 40.887226651846511 ], [ -73.878004308483128, 40.887336423880917 ], [ -73.878004107010085, 40.887446211202167 ], [ -73.878054407358519, 40.887627413781352 ], [ -73.878155089368292, 40.887945903931808 ], [ -73.878191064705561, 40.88805024004759 ], [ -73.87919239348598, 40.890307425440028 ], [ -73.880180183528211, 40.892087011755287 ], [ -73.880266642342988, 40.892279229473921 ], [ -73.880338614331038, 40.892482410846576 ], [ -73.880388875466494, 40.892691059042875 ], [ -73.880417435432506, 40.89289968472994 ], [ -73.880417060173684, 40.893108280430347 ], [ -73.880394993168451, 40.893311364278873 ], [ -73.880351214461982, 40.893519914983848 ], [ -73.880204676687782, 40.894551764513224 ], [ -73.880175433897051, 40.894721904605206 ], [ -73.880160619460028, 40.894914017139186 ], [ -73.880145884121006, 40.895062214797399 ], [ -73.880131148716288, 40.895210412449529 ], [ -73.880044319946549, 40.895221300993008 ], [ -73.880029693263623, 40.895309115688711 ], [ -73.880014977362734, 40.895446334603214 ], [ -73.880050741749514, 40.895671435865367 ], [ -73.880165696116322, 40.89611070467857 ], [ -73.880403406668663, 40.896676356021842 ], [ -73.880439459378039, 40.896742265770008 ], [ -73.8801275750032, 40.897192070406298 ], [ -73.880069552071248, 40.897274350638746 ], [ -73.880033271565992, 40.897334695972155 ], [ -73.879474099521929, 40.898508837808699 ], [ -73.879430463866342, 40.898635047641683 ], [ -73.879394082432356, 40.898750286304278 ], [ -73.879255789949923, 40.899211248381611 ], [ -73.879022057389435, 40.9004351318234 ], [ -73.878831855006837, 40.901587698505963 ], [ -73.878627075983772, 40.902795142915174 ], [ -73.878466041032269, 40.903815994520023 ], [ -73.878392867258498, 40.904266044949431 ], [ -73.878305041339516, 40.904814888309616 ], [ -73.87819533738579, 40.905457027555791 ], [ -73.878114854256964, 40.905945495463605 ], [ -73.878071462910597, 40.905934470933417 ], [ -73.87803529675034, 40.905928943377091 ], [ -73.877868997051536, 40.905868384651455 ], [ -73.877370049129468, 40.905714153768692 ], [ -73.876466146266836, 40.905444211627959 ], [ -73.8756345407525, 40.905207276438979 ], [ -73.874831933425298, 40.904942919889827 ], [ -73.874159366973899, 40.904782997376401 ], [ -73.872951752390719, 40.90444133454109 ], [ -73.870956009807898, 40.903851759623066 ], [ -73.867897397120515, 40.902942555881324 ], [ -73.866523611236175, 40.902518294927368 ], [ -73.865655981213877, 40.902242820458994 ], [ -73.864773799408468, 40.902011237307292 ], [ -73.863052942020488, 40.901509676799492 ], [ -73.862799668647753, 40.901536822905761 ], [ -73.86266236689012, 40.901459808564418 ], [ -73.862459998144146, 40.901360759104556 ], [ -73.862243149151453, 40.901267181374024 ], [ -73.862026266583229, 40.901190071285669 ], [ -73.861794903663863, 40.901118432818656 ], [ -73.861563506942517, 40.901063261938425 ], [ -73.861339127724023, 40.901112396941961 ], [ -73.861093319336419, 40.901029760987406 ], [ -73.860883650599959, 40.900963636154664 ], [ -73.860782433738166, 40.900930577957311 ], [ -73.860688440167621, 40.900903017751894 ], [ -73.860500453260386, 40.900847897111042 ], [ -73.860269093176726, 40.900776255581619 ], [ -73.860189569397505, 40.900748712481054 ], [ -73.860110045684195, 40.900721169325536 ], [ -73.85946658887741, 40.900517281350496 ], [ -73.859394056526781, 40.900605022873755 ], [ -73.85932151236598, 40.900698253700583 ], [ -73.859074881647331, 40.901005357328138 ], [ -73.859233847580086, 40.901098870458917 ], [ -73.859421323284153, 40.901395524561117 ], [ -73.859384847579307, 40.901538203603714 ], [ -73.859377554742395, 40.901565641540401 ], [ -73.859283525990421, 40.901554548243716 ], [ -73.85920395517428, 40.901548961867277 ], [ -73.859030541978967, 40.901444452336698 ], [ -73.858863571423754, 40.901713227168983 ], [ -73.859290098337098, 40.901867449987023 ], [ -73.859384069464255, 40.90190599002463 ], [ -73.859463594294368, 40.901933533674018 ], [ -73.859499408609111, 40.902103747529857 ], [ -73.859535292715066, 40.90224102527494 ], [ -73.85957828425127, 40.90243869464274 ], [ -73.859266696914105, 40.90266886848385 ], [ -73.85917990150763, 40.902657783924013 ], [ -73.859107575903238, 40.902646716958138 ], [ -73.859035366749424, 40.902580756460814 ], [ -73.858963146090346, 40.902520285266242 ], [ -73.858724885356779, 40.902289440709858 ], [ -73.858399480946886, 40.902212190975462 ], [ -73.858160532103, 40.902305216833618 ], [ -73.858167146094374, 40.902596161202155 ], [ -73.857971264705256, 40.902848431084486 ], [ -73.857747111786423, 40.902787772124967 ], [ -73.857558721990429, 40.902919284554322 ], [ -73.857108587555558, 40.903648813503636 ], [ -73.857172770577534, 40.904082552496391 ], [ -73.856990819641581, 40.90458185913581 ], [ -73.857041335435696, 40.904642304666616 ], [ -73.857099074628877, 40.904708248476126 ], [ -73.857185931344972, 40.904691887864765 ], [ -73.857359491490357, 40.904730527947301 ], [ -73.857431607112673, 40.904840404234932 ], [ -73.857177422217589, 40.905284728275809 ], [ -73.857047177287782, 40.905290056446333 ], [ -73.856801500716969, 40.905141539270957 ], [ -73.856729231973532, 40.905103024091531 ], [ -73.856656986992888, 40.90505353017501 ], [ -73.856360239140074, 40.905102565614868 ], [ -73.856012511740076, 40.905305238816872 ], [ -73.856012131169706, 40.905480897869374 ], [ -73.856352078539174, 40.90553072556272 ], [ -73.856424394964421, 40.905547283594025 ], [ -73.856503946629473, 40.905563850572506 ], [ -73.856922702127704, 40.905976072244606 ], [ -73.856806547846645, 40.906157077107025 ], [ -73.856560323615653, 40.906261069298957 ], [ -73.85595265531137, 40.906216397887469 ], [ -73.855880243044552, 40.90624375431895 ], [ -73.855807842627996, 40.906265621360326 ], [ -73.855525416108861, 40.906380544846499 ], [ -73.855140880722658, 40.906868615985069 ], [ -73.854236101338387, 40.90703215803633 ], [ -73.853742429513119, 40.907789065187686 ], [ -73.853836079824646, 40.907975821945605 ], [ -73.854226698665897, 40.908020230635934 ], [ -73.854711511222817, 40.9080043736354 ], [ -73.85475475607798, 40.908081279049654 ], [ -73.854790765547222, 40.908158175347126 ], [ -73.854913337382015, 40.908355946297398 ], [ -73.854586466364822, 40.908937406933497 ], [ -73.853919635492815, 40.909463543422085 ], [ -73.853774777992712, 40.909529232336858 ], [ -73.853600953451704, 40.909605863057337 ], [ -73.853353972522655, 40.910044698108784 ], [ -73.852955329324374, 40.910351595031678 ], [ -73.852767078868808, 40.91040624869531 ], [ -73.852586392611499, 40.910312699115288 ], [ -73.85265940703006, 40.910016367109101 ], [ -73.852457149011229, 40.909862406874744 ], [ -73.852276269433474, 40.909856686245718 ], [ -73.851783570478105, 40.910157969412055 ], [ -73.851493884742197, 40.91027287366245 ], [ -73.851450077789991, 40.910448476686881 ], [ -73.851073991801215, 40.910371141252007 ], [ -73.851647121472638, 40.909696688282253 ], [ -73.852075136918998, 40.909197705989534 ], [ -73.852350833627582, 40.908863208102964 ], [ -73.853047280521238, 40.908035203635222 ], [ -73.853475286856934, 40.907530726650457 ], [ -73.852578825710637, 40.907200224008285 ], [ -73.852282443502162, 40.907079079308708 ], [ -73.851422097407379, 40.906781549996829 ], [ -73.850923228654779, 40.906616226171067 ], [ -73.850400926575674, 40.907219380123294 ], [ -73.850175973811361, 40.907510024452037 ], [ -73.849337536827036, 40.907124678309387 ], [ -73.848636430820761, 40.906805378470544 ], [ -73.847082323649857, 40.906155586138503 ], [ -73.846229159119574, 40.905896453069296 ], [ -73.845383198140325, 40.90565379140439 ], [ -73.844819133592253, 40.905532268701158 ], [ -73.844929685273783, 40.904665098085104 ] ] ] ] } },
{ "type": "Feature", "properties": { "modzcta": "10472", "label": "10472", "zcta": "10472", "pop_est": "68796", "zcta20": "10472", "hvi": 4.0, "hvi_2018": 4.0 }, "geometry": { "type": "MultiPolygon", "coordinates": [ [ [ [ -73.884387465624883, 40.822968708690119 ], [ -73.88464612529188, 40.823825320032135 ], [ -73.884622485613377, 40.824956120384627 ], [ -73.884614707077077, 40.825274499903934 ], [ -73.884607433002472, 40.825301939805719 ], [ -73.884388006221101, 40.826816804195765 ], [ -73.883785644448153, 40.828276388197168 ], [ -73.883523759469469, 40.829258732492271 ], [ -73.883573963623746, 40.829478360484856 ], [ -73.883898610497951, 40.829802564276058 ], [ -73.883847897139873, 40.829873875825413 ], [ -73.882515167495711, 40.831552291799525 ], [ -73.880573835382577, 40.834031519952212 ], [ -73.880073985177958, 40.834673264362429 ], [ -73.880052253202209, 40.834700688901947 ], [ -73.879402186135124, 40.834474944443073 ], [ -73.879250498808645, 40.834425380877605 ], [ -73.879170817185368, 40.834524107131188 ], [ -73.879062195423131, 40.834639271269133 ], [ -73.878924613311654, 40.834781852043399 ], [ -73.878663982490067, 40.835023112961011 ], [ -73.878381677128459, 40.835258861000767 ], [ -73.87808494477072, 40.835478124811154 ], [ -73.878012578338456, 40.835527453137793 ], [ -73.877947439394205, 40.835576789067439 ], [ -73.877831656748242, 40.835653518462117 ], [ -73.877715883924836, 40.835724758323217 ], [ -73.877600110853493, 40.83579599806724 ], [ -73.87747710990736, 40.835867230016284 ], [ -73.877346891183379, 40.835932964731207 ], [ -73.877281781724889, 40.83596583203321 ], [ -73.876992422491128, 40.836102759457653 ], [ -73.876732033760419, 40.836206780560907 ], [ -73.87648632377082, 40.836190049409112 ], [ -73.876240603693375, 40.836178807149587 ], [ -73.875944310555639, 40.83615653112701 ], [ -73.875900954846514, 40.836150995058155 ], [ -73.875228895950997, 40.836089886277719 ], [ -73.87402205500139, 40.835995254124796 ], [ -73.873928106079191, 40.835989662040888 ], [ -73.873863057321685, 40.835989590918054 ], [ -73.873798018977226, 40.835984030342821 ], [ -73.873089836009555, 40.835917380131569 ], [ -73.872786306965551, 40.835900577457714 ], [ -73.872121449430452, 40.83585592678682 ], [ -73.871153128427167, 40.835761528816185 ], [ -73.870719556888574, 40.83571712821162 ], [ -73.869996924641654, 40.83565044280212 ], [ -73.869028750126603, 40.83548466458646 ], [ -73.868104152603095, 40.835214628937585 ], [ -73.866803951064597, 40.834834364112069 ], [ -73.865857722360502, 40.834547817132304 ], [ -73.8648826143002, 40.834250249676643 ], [ -73.863856923041965, 40.833952614251501 ], [ -73.863322376097543, 40.833814746252877 ], [ -73.862917856475221, 40.833709966976514 ], [ -73.862845627832996, 40.833687923381682 ], [ -73.862724030771204, 40.833072962481545 ], [ -73.862724347902358, 40.832919258791655 ], [ -73.861559895192045, 40.833329574197762 ], [ -73.861422335452033, 40.833444687037222 ], [ -73.861378879784354, 40.833488550259332 ], [ -73.861292048387696, 40.833537850735624 ], [ -73.860851017980323, 40.833614171494041 ], [ -73.860749869127275, 40.833597581119498 ], [ -73.860655982191645, 40.833564531138407 ], [ -73.86056934572828, 40.833520510984975 ], [ -73.860489959765673, 40.833465520675333 ], [ -73.860425040165893, 40.833405058387875 ], [ -73.860381825775065, 40.833333643479683 ], [ -73.860338634522975, 40.833251249720355 ], [ -73.860324295083501, 40.833196338044765 ], [ -73.860085966200515, 40.833113707692725 ], [ -73.859349254789663, 40.832887744903516 ], [ -73.859118120644169, 40.832821589612983 ], [ -73.858475311870052, 40.832623183050899 ], [ -73.857659146870972, 40.832380643608857 ], [ -73.857391915273439, 40.832297971994578 ], [ -73.856720207846038, 40.832099519881943 ], [ -73.855954598450566, 40.831878988868333 ], [ -73.855709028722202, 40.831807319261912 ], [ -73.85544180185056, 40.831724643120971 ], [ -73.855044558429356, 40.831608866415387 ], [ -73.854257290846206, 40.831382807444079 ], [ -73.853961183070112, 40.831289112493607 ], [ -73.853188401380166, 40.831052085679303 ], [ -73.852856185408555, 40.830947363043059 ], [ -73.852372299286571, 40.830798529922106 ], [ -73.85212672520484, 40.830732342093341 ], [ -73.851534497779141, 40.830555919306775 ], [ -73.850646162529316, 40.830291279414759 ], [ -73.850465598120365, 40.830241640516817 ], [ -73.849837269279391, 40.830054183302323 ], [ -73.849468941082051, 40.829943914415431 ], [ -73.848963401404959, 40.829789549245426 ], [ -73.848551801878784, 40.829640794692494 ], [ -73.848190730084099, 40.8295195523676 ], [ -73.847973909536364, 40.829524756181662 ], [ -73.847381716462237, 40.829342822614471 ], [ -73.847374489548002, 40.829342813050147 ], [ -73.847323938936583, 40.829326277829509 ], [ -73.847280602661286, 40.829315241576609 ], [ -73.847245173846886, 40.829007786230783 ], [ -73.846884246822697, 40.82882615618572 ], [ -73.846624396275885, 40.828688574969874 ], [ -73.846198532778146, 40.828462940886986 ], [ -73.846126163035848, 40.828506759841538 ], [ -73.84603936494598, 40.828539580615157 ], [ -73.845952592188524, 40.828561422483538 ], [ -73.845851403863236, 40.82856677670808 ], [ -73.845757467802187, 40.828561161670287 ], [ -73.845432439022176, 40.828483874370448 ], [ -73.845591671114022, 40.828379788379493 ], [ -73.845786960362346, 40.828308687013013 ], [ -73.846141276741662, 40.828221329283991 ], [ -73.847001782551672, 40.827997407217929 ], [ -73.850030714107305, 40.827595167636261 ], [ -73.853088527884793, 40.827187395879996 ], [ -73.856153554551767, 40.82676857318539 ], [ -73.85635593590797, 40.826752357142681 ], [ -73.856435440727381, 40.826746966711312 ], [ -73.856724588811161, 40.826708900258929 ], [ -73.856999306908037, 40.826659836313937 ], [ -73.857281274766763, 40.826599801812385 ], [ -73.858669158503886, 40.826425849119246 ], [ -73.859702874682156, 40.826278896572603 ], [ -73.861206404776212, 40.826088585676466 ], [ -73.86216779915928, 40.825963481721146 ], [ -73.863548452830244, 40.825778482800331 ], [ -73.863613514097153, 40.825767580892233 ], [ -73.863953250709429, 40.825724066701568 ], [ -73.864068908726722, 40.825707734780224 ], [ -73.864459241536494, 40.825658789291424 ], [ -73.864553219772148, 40.825642431400432 ], [ -73.864748380300213, 40.82562070271355 ], [ -73.864907419295619, 40.825593441948392 ], [ -73.865297761930663, 40.825539004195804 ], [ -73.865377275681496, 40.825528118173942 ], [ -73.865673639850186, 40.82549003771144 ], [ -73.865774844045433, 40.825473687242003 ], [ -73.866533846398156, 40.825364779450851 ], [ -73.866627812705744, 40.825353909293277 ], [ -73.867075986281563, 40.825288553518824 ], [ -73.867184416300574, 40.825272210141428 ], [ -73.867531385446497, 40.825223204303448 ], [ -73.867618124922885, 40.825212325037079 ], [ -73.867704864370879, 40.825201445705432 ], [ -73.867791603790508, 40.825190566308464 ], [ -73.867878343181786, 40.825179686846283 ], [ -73.868406016247647, 40.82510892752407 ], [ -73.868492755432058, 40.825098047599582 ], [ -73.869114392621881, 40.825016413280572 ], [ -73.869230048142228, 40.825000076180928 ], [ -73.869844446338206, 40.824923919155346 ], [ -73.870516665242505, 40.824842334358571 ], [ -73.871456334260273, 40.824722618020836 ], [ -73.872171970867385, 40.824608135339936 ], [ -73.872533364641967, 40.824570109318898 ], [ -73.872583959947661, 40.824564675797056 ], [ -73.872627339354793, 40.824553744844962 ], [ -73.872880336673774, 40.824515597954822 ], [ -73.873567031790046, 40.824417543023131 ], [ -73.874231993889452, 40.824346907490941 ], [ -73.874369326109701, 40.824330588877444 ], [ -73.875287312175146, 40.824205328264824 ], [ -73.876212510918961, 40.82408555752631 ], [ -73.877137716467644, 40.823960289935165 ], [ -73.877932814563039, 40.823851345581616 ], [ -73.878062918532805, 40.823835014918174 ], [ -73.878988117114261, 40.823709732475386 ], [ -73.87992766574466, 40.823639351933778 ], [ -73.881785253727983, 40.823399735955988 ], [ -73.882761071423587, 40.823247027937462 ], [ -73.884221214657273, 40.822995989077157 ], [ -73.884387465624883, 40.822968708690119 ] ] ] ] } },
{ "type": "Feature", "properties": { "modzcta": "10473", "label": "10473", "zcta": "10473", "pop_est": "59609", "zcta20": "10473", "hvi": 4.0, "hvi_2018": 4.0 }, "geometry": { "type": "MultiPolygon", "coordinates": [ [ [ [ -73.876523550974099, 40.816131690293169 ], [ -73.877585081105238, 40.816467678348879 ], [ -73.87860297822165, 40.816962804552269 ], [ -73.880637803765225, 40.818518441440403 ], [ -73.881280228974376, 40.818892386764666 ], [ -73.881633911584927, 40.819106838619447 ], [ -73.881965860564719, 40.819354203783881 ], [ -73.882095682428712, 40.819491572645312 ], [ -73.882470903043838, 40.819788385546481 ], [ -73.882621697659843, 40.820326504368104 ], [ -73.882794453092998, 40.820705451496792 ], [ -73.882866548638333, 40.820798845242344 ], [ -73.882902514381044, 40.820892202256374 ], [ -73.883226846376971, 40.821370112443326 ], [ -73.883342001303973, 40.82163372210546 ], [ -73.883500369649369, 40.821979716895981 ], [ -73.883680341347372, 40.822369648752598 ], [ -73.883810115124177, 40.822539952189338 ], [ -73.883932845287674, 40.822605949052807 ], [ -73.88407014284482, 40.822606087168502 ], [ -73.884084528283481, 40.822644527700142 ], [ -73.884236306952658, 40.822628211858344 ], [ -73.884293963750181, 40.822716100742838 ], [ -73.884329932531699, 40.822809457282077 ], [ -73.884358722893069, 40.822875359418369 ], [ -73.884387465624883, 40.822968708690119 ], [ -73.884221214657273, 40.822995989077157 ], [ -73.882761071423587, 40.823247027937462 ], [ -73.881785253727983, 40.823399735955988 ], [ -73.87992766574466, 40.823639351933778 ], [ -73.878988117114261, 40.823709732475386 ], [ -73.878062918532805, 40.823835014918174 ], [ -73.877932814563039, 40.823851345581616 ], [ -73.877137716467644, 40.823960289935165 ], [ -73.876212510918961, 40.82408555752631 ], [ -73.875287312175146, 40.824205328264824 ], [ -73.874369326109701, 40.824330588877444 ], [ -73.874231993889452, 40.824346907490941 ], [ -73.873567031790046, 40.824417543023131 ], [ -73.872880336673774, 40.824515597954822 ], [ -73.872627339354793, 40.824553744844962 ], [ -73.872583959947661, 40.824564675797056 ], [ -73.872533364641967, 40.824570109318898 ], [ -73.872171970867385, 40.824608135339936 ], [ -73.871456334260273, 40.824722618020836 ], [ -73.870516665242505, 40.824842334358571 ], [ -73.869844446338206, 40.824923919155346 ], [ -73.869230048142228, 40.825000076180928 ], [ -73.869114392621881, 40.825016413280572 ], [ -73.868492755432058, 40.825098047599582 ], [ -73.868406016247647, 40.82510892752407 ], [ -73.867878343181786, 40.825179686846283 ], [ -73.867791603790508, 40.825190566308464 ], [ -73.867704864370879, 40.825201445705432 ], [ -73.867618124922885, 40.825212325037079 ], [ -73.867531385446497, 40.825223204303448 ], [ -73.867184416300574, 40.825272210141428 ], [ -73.867075986281563, 40.825288553518824 ], [ -73.866627812705744, 40.825353909293277 ], [ -73.866533846398156, 40.825364779450851 ], [ -73.865774844045433, 40.825473687242003 ], [ -73.865673639850186, 40.82549003771144 ], [ -73.865377275681496, 40.825528118173942 ], [ -73.865297761930663, 40.825539004195804 ], [ -73.864907419295619, 40.825593441948392 ], [ -73.864748380300213, 40.82562070271355 ], [ -73.864553219772148, 40.825642431400432 ], [ -73.864459241536494, 40.825658789291424 ], [ -73.864068908726722, 40.825707734780224 ], [ -73.863953250709429, 40.825724066701568 ], [ -73.863613514097153, 40.825767580892233 ], [ -73.863548452830244, 40.825778482800331 ], [ -73.86216779915928, 40.825963481721146 ], [ -73.861206404776212, 40.826088585676466 ], [ -73.859702874682156, 40.826278896572603 ], [ -73.858669158503886, 40.826425849119246 ], [ -73.857281274766763, 40.826599801812385 ], [ -73.856999306908037, 40.826659836313937 ], [ -73.856724588811161, 40.826708900258929 ], [ -73.856435440727381, 40.826746966711312 ], [ -73.85635593590797, 40.826752357142681 ], [ -73.856153554551767, 40.82676857318539 ], [ -73.853088527884793, 40.827187395879996 ], [ -73.850030714107305, 40.827595167636261 ], [ -73.847001782551672, 40.827997407217929 ], [ -73.846141276741662, 40.828221329283991 ], [ -73.845786960362346, 40.828308687013013 ], [ -73.845591671114022, 40.828379788379493 ], [ -73.84531693750651, 40.828428825134083 ], [ -73.844970357366208, 40.828296613247858 ], [ -73.844124397378238, 40.828476624324296 ], [ -73.843987190774044, 40.828432523288924 ], [ -73.843907760199173, 40.828404968618024 ], [ -73.843705332101536, 40.828437631068965 ], [ -73.843105286386063, 40.828530136701595 ], [ -73.842895617723642, 40.828568277317792 ], [ -73.842874027976379, 40.828529821843567 ], [ -73.842758878754964, 40.828326555715236 ], [ -73.842722861518027, 40.828277101663232 ], [ -73.842672832054248, 40.828040987606656 ], [ -73.842651463288277, 40.827909211946839 ], [ -73.842601122706071, 40.827804843930068 ], [ -73.842565144833785, 40.827738921563835 ], [ -73.842536562643758, 40.827601646589606 ], [ -73.842536744512827, 40.827524794704352 ], [ -73.842479047742927, 40.827475310964445 ], [ -73.842464828259594, 40.827376481652038 ], [ -73.842313522876935, 40.827184144514597 ], [ -73.842076579836544, 40.826536066498122 ], [ -73.842025967511162, 40.826546976053784 ], [ -73.841702624487127, 40.825767032245651 ], [ -73.841753236272268, 40.825756122830455 ], [ -73.841378909559026, 40.82514628068288 ], [ -73.84136460059942, 40.825085877154152 ], [ -73.841271075762705, 40.824910086358365 ], [ -73.841199034151899, 40.824816666679716 ], [ -73.841076879840969, 40.824525558026913 ], [ -73.841026741007155, 40.824338847917232 ], [ -73.841005297991941, 40.824240008410683 ], [ -73.840868207211741, 40.824151988246903 ], [ -73.840580481519865, 40.823597157218018 ], [ -73.84045101376293, 40.823344463820938 ], [ -73.840422293015365, 40.823267571887371 ], [ -73.840429887849723, 40.823113878011682 ], [ -73.840466097996838, 40.823080991459378 ], [ -73.840415711835917, 40.822998580102038 ], [ -73.840128047657387, 40.822421790138854 ], [ -73.840113885503484, 40.822301002754045 ], [ -73.840020209518727, 40.822191083962927 ], [ -73.840027725979652, 40.822070326637082 ], [ -73.839962862494374, 40.821998873867614 ], [ -73.839984725642154, 40.821922051999856 ], [ -73.839920126455084, 40.821740810697676 ], [ -73.839826596922492, 40.821570508058379 ], [ -73.839834153301837, 40.8214332824558 ], [ -73.839907087368033, 40.821153422088365 ], [ -73.839856848673762, 40.821010626774267 ], [ -73.839878804079447, 40.820895378931134 ], [ -73.839987431608975, 40.820796719722523 ], [ -73.839994934772918, 40.820681451797334 ], [ -73.840052900883379, 40.820615658882083 ], [ -73.840053151572377, 40.82051135977914 ], [ -73.840104181708327, 40.820324789426742 ], [ -73.840061050394183, 40.820231409043267 ], [ -73.839967245398554, 40.820176384440067 ], [ -73.839996729813123, 40.819934889766643 ], [ -73.84014875044285, 40.819819822262197 ], [ -73.840242673691336, 40.819825441876723 ], [ -73.840286068493342, 40.819809033655886 ], [ -73.840228432804835, 40.819737591017685 ], [ -73.840279158824032, 40.81967727739314 ], [ -73.84028650326006, 40.819627882556169 ], [ -73.840366106213196, 40.819578587778409 ], [ -73.840525167060733, 40.819540381759026 ], [ -73.840619076799342, 40.819551490494639 ], [ -73.840705957819679, 40.819480247759245 ], [ -73.840814437370653, 40.819441971451994 ], [ -73.840843550782481, 40.81935418050908 ], [ -73.840915835313268, 40.81934330136928 ], [ -73.841046175557707, 40.819228202760584 ], [ -73.841176345035564, 40.8191844665647 ], [ -73.8412486555181, 40.819162608360294 ], [ -73.841292023456489, 40.819157178614809 ], [ -73.841313753237628, 40.81913525073832 ], [ -73.841349908435532, 40.819124321598579 ], [ -73.841422362685748, 40.819042079577351 ], [ -73.841567126890752, 40.818937979104405 ], [ -73.841704495122059, 40.818905231094803 ], [ -73.841885270047115, 40.818850584667906 ], [ -73.841921438036195, 40.818834165920229 ], [ -73.841950406311582, 40.818806758400349 ], [ -73.841986613363702, 40.818773871347197 ], [ -73.842124658241175, 40.818455672555849 ], [ -73.842139578481948, 40.818258072908748 ], [ -73.842096693128227, 40.818060394105444 ], [ -73.842372621524035, 40.817489869157129 ], [ -73.842800243141582, 40.816936018760416 ], [ -73.842894654987631, 40.81673303787192 ], [ -73.843061256753771, 40.816557602422563 ], [ -73.843040007428513, 40.816376421709336 ], [ -73.843155861327631, 40.816272279847951 ], [ -73.843170829761462, 40.816052722273156 ], [ -73.843446237007655, 40.815696282389062 ], [ -73.843576836685784, 40.815465902791566 ], [ -73.843743356149204, 40.815323402909939 ], [ -73.843772695848799, 40.815136801397031 ], [ -73.843954128146564, 40.814796701230989 ], [ -73.844084711440814, 40.814571810456663 ], [ -73.844179141720574, 40.814357849572971 ], [ -73.844179540149938, 40.814187677162337 ], [ -73.844390343603607, 40.813644506288931 ], [ -73.844520910338886, 40.813425104411742 ], [ -73.844644263865803, 40.813200203209824 ], [ -73.844760378618119, 40.812980781573394 ], [ -73.844869293082169, 40.812750371222776 ], [ -73.844963718255286, 40.812536409633026 ], [ -73.845050917755543, 40.8123224382486 ], [ -73.845130904426313, 40.812102967651178 ], [ -73.845210877802529, 40.811888986425338 ], [ -73.845283383210102, 40.811779294706085 ], [ -73.845370147060819, 40.811751963845865 ], [ -73.845464046618403, 40.811763068649661 ], [ -73.845767916626485, 40.811582323631818 ], [ -73.84585497243954, 40.811428735394834 ], [ -73.845913000952351, 40.81133000282189 ], [ -73.846029311448888, 40.811022748870414 ], [ -73.846174609248365, 40.810677107296854 ], [ -73.846890239316679, 40.810518865764351 ], [ -73.847193545230539, 40.810579652149848 ], [ -73.847467348292469, 40.8109038924377 ], [ -73.847582079469021, 40.811282816390651 ], [ -73.847632490768333, 40.811354245903395 ], [ -73.847704514275762, 40.811453151204574 ], [ -73.848215183750881, 40.812463883738936 ], [ -73.848763292021971, 40.812903760095509 ], [ -73.849383895349121, 40.813239428977077 ], [ -73.850048054044677, 40.813487319947512 ], [ -73.850206897091311, 40.813536931477664 ], [ -73.850409091596973, 40.813586599042964 ], [ -73.850524152376408, 40.813828284062325 ], [ -73.850603395776673, 40.813932686313265 ], [ -73.851592433704937, 40.81430175673426 ], [ -73.851794741588151, 40.814302016963161 ], [ -73.851982513447126, 40.814340684320271 ], [ -73.852184931180403, 40.814291538963857 ], [ -73.852437791655944, 40.814302841761879 ], [ -73.852394172115879, 40.814423553805263 ], [ -73.852249556536904, 40.814472773614867 ], [ -73.852256733091679, 40.814494740606847 ], [ -73.852437450856399, 40.814456545897102 ], [ -73.852531245935509, 40.814517049839871 ], [ -73.852617937439319, 40.814522650137327 ], [ -73.852798752205686, 40.814440539394631 ], [ -73.852942967027303, 40.814572470196914 ], [ -73.853015195890706, 40.814583541196789 ], [ -73.852892608260234, 40.814473595876905 ], [ -73.852842322470977, 40.814341784932502 ], [ -73.852654477188281, 40.814336055576554 ], [ -73.852676359623572, 40.814242762905913 ], [ -73.852647604371356, 40.814176852770196 ], [ -73.852676639112033, 40.814116505932994 ], [ -73.852618970740124, 40.814056048289714 ], [ -73.852655303622825, 40.813962774089724 ], [ -73.852980633668366, 40.813875358202345 ], [ -73.852951793371261, 40.813847874176233 ], [ -73.852966280219249, 40.813831424303558 ], [ -73.85295204807781, 40.8137325960626 ], [ -73.85287983228325, 40.813716035587568 ], [ -73.852916019032946, 40.813688634509354 ], [ -73.852981082348634, 40.813672249144368 ], [ -73.85337141319296, 40.813595893919043 ], [ -73.85374701529301, 40.813645776029645 ], [ -73.854346227225349, 40.813866112548716 ], [ -73.854844277532209, 40.814091808073712 ], [ -73.854952441069244, 40.814190754279238 ], [ -73.855147141025569, 40.814366661415981 ], [ -73.855313227200526, 40.814410785547558 ], [ -73.855378517279931, 40.814290099590572 ], [ -73.85532098950587, 40.814163770094055 ], [ -73.855046620658257, 40.81407559429487 ], [ -73.85470753689421, 40.813844610629189 ], [ -73.854433254221959, 40.813718007326337 ], [ -73.854115525101832, 40.813635263997973 ], [ -73.853848337010433, 40.813569052218831 ], [ -73.853465606762342, 40.81347524578068 ], [ -73.853349967401883, 40.813491567100144 ], [ -73.853241553180283, 40.813507897500628 ], [ -73.853125889479159, 40.81353519746375 ], [ -73.853017438761185, 40.81356799595607 ], [ -73.852916201010132, 40.813606292997811 ], [ -73.852851113468617, 40.813633657194579 ], [ -73.852786025873584, 40.813661021354569 ], [ -73.852749851230897, 40.813682932958017 ], [ -73.852706463496645, 40.813699345885809 ], [ -73.852663075740992, 40.813715758797244 ], [ -73.85261247490098, 40.813726673022252 ], [ -73.852554648823997, 40.813737577985265 ], [ -73.852518522722022, 40.813737531779992 ], [ -73.852475183567918, 40.81373198688469 ], [ -73.852063358245843, 40.813725969755303 ], [ -73.851911750792482, 40.813670880630852 ], [ -73.851716718963345, 40.813648672164007 ], [ -73.851478421768007, 40.813587981493171 ], [ -73.851362904323508, 40.813549406479147 ], [ -73.85119671245495, 40.813554681557321 ], [ -73.851045118395248, 40.813494101857692 ], [ -73.85089352461155, 40.81343352195816 ], [ -73.85072757924091, 40.813329007677588 ], [ -73.850568871881222, 40.813219013086794 ], [ -73.850410177384532, 40.813103528841268 ], [ -73.850352462576652, 40.813065027791872 ], [ -73.850287510344131, 40.813032006765908 ], [ -73.850215333036189, 40.812998976316941 ], [ -73.850143143439468, 40.812971435256976 ], [ -73.850099829710132, 40.812954910599245 ], [ -73.849977089032635, 40.812916324798785 ], [ -73.849861598391371, 40.812866769407385 ], [ -73.849753345434721, 40.812811733881084 ], [ -73.849652330171452, 40.812751218240145 ], [ -73.849551327501032, 40.812685213075461 ], [ -73.849457550129529, 40.812619217255879 ], [ -73.849371022883403, 40.812542251929507 ], [ -73.849284495837395, 40.812465286537268 ], [ -73.849212431575495, 40.812382850543983 ], [ -73.849147592556008, 40.812300423958156 ], [ -73.849082766144875, 40.812212507899801 ], [ -73.84903240244644, 40.812119121290934 ], [ -73.849039789356937, 40.812047768095205 ], [ -73.849047151350348, 40.811987393768547 ], [ -73.84906178815136, 40.811905071158954 ], [ -73.849083625033046, 40.811833736874654 ], [ -73.849112674428241, 40.811767901476664 ], [ -73.849141736208736, 40.811696576635178 ], [ -73.849170748165491, 40.811647209527543 ], [ -73.849207072128351, 40.811559425813293 ], [ -73.849243333823694, 40.811499089264551 ], [ -73.849279545727867, 40.811460710446561 ], [ -73.849344719594555, 40.81139492220629 ], [ -73.849373731269267, 40.811345555045222 ], [ -73.849381092882069, 40.811285180690327 ], [ -73.849373992163677, 40.81123027689268 ], [ -73.849294679329262, 40.811158810366706 ], [ -73.84925141672467, 40.811120327641497 ], [ -73.849215428848026, 40.811059896605222 ], [ -73.849193890882106, 40.810999484459117 ], [ -73.849172390275555, 40.810922604000041 ], [ -73.849194201839794, 40.810862248555843 ], [ -73.849252187604634, 40.810779982602021 ], [ -73.849302923477609, 40.810708686047107 ], [ -73.849360846851809, 40.810653867218576 ], [ -73.849418794970006, 40.810588069487558 ], [ -73.849455105610971, 40.81050577511661 ], [ -73.849476966441756, 40.810423461868474 ], [ -73.849498802392347, 40.810352127488436 ], [ -73.84952786314085, 40.810280802533235 ], [ -73.849578548712159, 40.810231463598519 ], [ -73.849643671475263, 40.810187632923522 ], [ -73.849716018982477, 40.810143811629516 ], [ -73.849766729091812, 40.810083493737089 ], [ -73.849795739881856, 40.810034126459286 ], [ -73.849810276229007, 40.809995719224958 ], [ -73.849810424876551, 40.809929845980285 ], [ -73.849832347006043, 40.809820085471159 ], [ -73.849868631951807, 40.8097487698343 ], [ -73.849912178735607, 40.809660995278904 ], [ -73.849919477782521, 40.809628068060135 ], [ -73.850021465765366, 40.809254917933814 ], [ -73.850028739975386, 40.809232969581387 ], [ -73.850043226541345, 40.809216520063728 ], [ -73.850043288381059, 40.809189072874943 ], [ -73.850043362588664, 40.809156136248255 ], [ -73.850021762638818, 40.809123171427387 ], [ -73.850007375055014, 40.809095705439979 ], [ -73.849992962738966, 40.809079218326374 ], [ -73.849978637042796, 40.809024305145655 ], [ -73.84997149895122, 40.808985869678601 ], [ -73.849971585567928, 40.808947443612901 ], [ -73.849964521734961, 40.808876071516778 ], [ -73.849957396042413, 40.808832146609831 ], [ -73.849950431241041, 40.808716859006239 ], [ -73.849950480743075, 40.808694901253489 ], [ -73.849957742540411, 40.808678442341773 ], [ -73.849972253750607, 40.808651013955128 ], [ -73.849972327992759, 40.808618077325534 ], [ -73.849965189948406, 40.808579641855594 ], [ -73.849943627352474, 40.808530208702045 ], [ -73.849907565973822, 40.808502714486771 ], [ -73.84987872927374, 40.808475229668041 ], [ -73.849900551775008, 40.808409384627893 ], [ -73.84986458953982, 40.808337974890776 ], [ -73.849792417532072, 40.808304944151949 ], [ -73.849756368729359, 40.808271960449879 ], [ -73.849756418295073, 40.80825000269563 ], [ -73.849742031009526, 40.808222536671209 ], [ -73.849734843567802, 40.808206058938985 ], [ -73.849698782451014, 40.808178564657005 ], [ -73.849684382807354, 40.808156588063781 ], [ -73.849648296937573, 40.80814007264312 ], [ -73.849612211085713, 40.808123557211104 ], [ -73.849525664684336, 40.808057570822292 ], [ -73.849453493148815, 40.808024539869777 ], [ -73.849446442386309, 40.807947678292471 ], [ -73.849388807136748, 40.807876240095418 ], [ -73.849273313247679, 40.807832173513205 ], [ -73.849100060255338, 40.807771562861319 ], [ -73.848955705841277, 40.80771098981392 ], [ -73.848775266311236, 40.807633900889932 ], [ -73.848645424007344, 40.807545899209991 ], [ -73.848522794091934, 40.807463396314503 ], [ -73.848414638543943, 40.807369933408765 ], [ -73.848364417013713, 40.807216162602543 ], [ -73.848328719759635, 40.807029474144244 ], [ -73.848278548736999, 40.806853745533608 ], [ -73.848351206195431, 40.806672689078901 ], [ -73.848402114942061, 40.806524540714442 ], [ -73.848380816768199, 40.806359829011342 ], [ -73.848279950185699, 40.806238928263006 ], [ -73.848114039382693, 40.806128920658956 ], [ -73.847984062979819, 40.806101302056334 ], [ -73.847846862297018, 40.806073673772332 ], [ -73.847637505840666, 40.806007523784501 ], [ -73.847536553123746, 40.805925048461738 ], [ -73.847515357889932, 40.805716421058527 ], [ -73.847487076821452, 40.805447400238634 ], [ -73.847530686803935, 40.805332179317624 ], [ -73.847668325535437, 40.805167677546947 ], [ -73.847899879117804, 40.805003299557214 ], [ -73.848073449582088, 40.804921186566936 ], [ -73.848254106210433, 40.804899466679188 ], [ -73.848405915697214, 40.804855750746547 ], [ -73.848557762453524, 40.804795566289165 ], [ -73.848608457052464, 40.804740738295813 ], [ -73.84864467812838, 40.804696870193794 ], [ -73.848702397170243, 40.80472988270855 ], [ -73.848702160093652, 40.804834182097338 ], [ -73.848702110182685, 40.80485613986319 ], [ -73.848745368398212, 40.804894622833324 ], [ -73.848803150008607, 40.804900188089547 ], [ -73.848832171721199, 40.804845331571556 ], [ -73.848832258990257, 40.804806905481101 ], [ -73.848832283924253, 40.804795926598104 ], [ -73.848868455026661, 40.804774016192376 ], [ -73.848904588722206, 40.804768574099889 ], [ -73.84894794665756, 40.804763141462288 ], [ -73.8489840305228, 40.804779657111119 ], [ -73.849027338655247, 40.80479618220982 ], [ -73.849085008188368, 40.804851152298461 ], [ -73.849106581399198, 40.804895096200354 ], [ -73.849120955260105, 40.804928051760179 ], [ -73.849164188885212, 40.804977513455526 ], [ -73.84921465928447, 40.805021495142334 ], [ -73.849337409812549, 40.805049102921018 ], [ -73.849431300576086, 40.805060204505658 ], [ -73.849525203780843, 40.80506581657253 ], [ -73.849611845513877, 40.805087887462847 ], [ -73.849705748772905, 40.805093499382615 ], [ -73.849821337280204, 40.805093650020254 ], [ -73.849980345712822, 40.80506092030938 ], [ -73.850060257940882, 40.804863403801825 ], [ -73.850082116170199, 40.804781090364138 ], [ -73.850111272753338, 40.804665849663962 ], [ -73.850118571154013, 40.804632922406078 ], [ -73.850133118495023, 40.804589025655822 ], [ -73.850147690533774, 40.80453415001967 ], [ -73.850198309498282, 40.80451225797642 ], [ -73.850335557310501, 40.804517925701184 ], [ -73.850364466528347, 40.804512473771652 ], [ -73.850646284964071, 40.804479902486179 ], [ -73.850920805144128, 40.804480257821623 ], [ -73.85118807656643, 40.804491582062134 ], [ -73.8512602328653, 40.804530101389489 ], [ -73.851325189545463, 40.804557632470697 ], [ -73.851476812502824, 40.804596254121655 ], [ -73.85178023007937, 40.804596644636867 ], [ -73.852047526518788, 40.804596988000512 ], [ -73.852343756405901, 40.804580899434448 ], [ -73.852575004602272, 40.804548258651053 ], [ -73.853991144995817, 40.804462229657062 ], [ -73.85407062338237, 40.804456840836444 ], [ -73.854121168813307, 40.804467883724698 ], [ -73.854215059554704, 40.804478981414277 ], [ -73.854352247581673, 40.804512091568689 ], [ -73.854597799088054, 40.804545338289223 ], [ -73.854800077329358, 40.804545593245109 ], [ -73.855038536462757, 40.804518446061152 ], [ -73.855161395983245, 40.804496642658869 ], [ -73.855175844418596, 40.804496660811132 ], [ -73.855385418290894, 40.804463987160617 ], [ -73.855609357022615, 40.804469757324583 ], [ -73.855854885225128, 40.804513980252608 ], [ -73.856049784824009, 40.804585586734532 ], [ -73.856244672986563, 40.804662682328512 ], [ -73.856439549760964, 40.804745267034441 ], [ -73.856627202765139, 40.80482784242534 ], [ -73.856619895738092, 40.804866259536453 ], [ -73.856576408250135, 40.804932078924104 ], [ -73.856496905829204, 40.804948448356242 ], [ -73.856395766093001, 40.804948322411342 ], [ -73.856265871537445, 40.804882287045466 ], [ -73.856164838662806, 40.804832755917744 ], [ -73.85604215693661, 40.80477221875438 ], [ -73.855926675910879, 40.804722669373341 ], [ -73.855811183165656, 40.804678609318657 ], [ -73.855688371128338, 40.804678455643462 ], [ -73.855616069216182, 40.804705812396826 ], [ -73.85556533276943, 40.804782601240923 ], [ -73.855579566877282, 40.804881429302135 ], [ -73.85558658866718, 40.804974758868262 ], [ -73.855608070944513, 40.805062617088637 ], [ -73.855723528525402, 40.805123145670088 ], [ -73.855896816308288, 40.80516727806797 ], [ -73.856048348331214, 40.805249809237345 ], [ -73.856127744433735, 40.805282845092243 ], [ -73.856301127709415, 40.805283061346557 ], [ -73.856387866723523, 40.805261211608311 ], [ -73.856517951471488, 40.805239415762358 ], [ -73.85652517576996, 40.805239424753708 ], [ -73.856640717253313, 40.805261526321452 ], [ -73.856756282440585, 40.805272648889506 ], [ -73.85687904836287, 40.805294759194702 ], [ -73.856951338598208, 40.805272891093757 ], [ -73.857045207367449, 40.805294965360758 ], [ -73.857124604018594, 40.805328000528824 ], [ -73.857204071408532, 40.80532809899055 ], [ -73.85724746435001, 40.805306194906095 ], [ -73.857218708432129, 40.805240285815309 ], [ -73.857124910381458, 40.805185275037189 ], [ -73.857002191752542, 40.805141207225212 ], [ -73.856922783585162, 40.805113661413927 ], [ -73.856821738062337, 40.805069620305851 ], [ -73.856749566146192, 40.805036593905129 ], [ -73.856677406121719, 40.804998078016808 ], [ -73.85667750068194, 40.804954162479341 ], [ -73.856728094186408, 40.80494324645484 ], [ -73.856836529023326, 40.804910444426547 ], [ -73.857926373348903, 40.805389375446481 ], [ -73.858128490361793, 40.805466476748919 ], [ -73.858280002456993, 40.805559983864548 ], [ -73.85842431398639, 40.805642503024266 ], [ -73.858554188836095, 40.80571951483347 ], [ -73.858734634500976, 40.805796588475118 ], [ -73.858893372568545, 40.805890103632137 ], [ -73.858907774762372, 40.805912079083065 ], [ -73.858914906048852, 40.805956003457197 ], [ -73.858871513232486, 40.805977908167002 ], [ -73.858828132030396, 40.805994323418894 ], [ -73.858784820685372, 40.805977802005408 ], [ -73.858748768687093, 40.805944821103012 ], [ -73.858705445741023, 40.80593378910109 ], [ -73.858669393805911, 40.805900808173647 ], [ -73.858618881512555, 40.805873298957373 ], [ -73.858575581961873, 40.805851288023334 ], [ -73.858546731165333, 40.805829294802741 ], [ -73.858503408327948, 40.805818262724706 ], [ -73.858481641872231, 40.805862151654075 ], [ -73.858452615995347, 40.80592250003356 ], [ -73.858445333250515, 40.805949938370595 ], [ -73.858409164661779, 40.805971851776967 ], [ -73.858365795030565, 40.805982777413448 ], [ -73.858315189319413, 40.805999183596285 ], [ -73.858315130893686, 40.806026630803515 ], [ -73.85831504909757, 40.806065056893353 ], [ -73.858343853188586, 40.806109007936527 ], [ -73.858379893395323, 40.806147478406082 ], [ -73.858387012679415, 40.806196892252501 ], [ -73.858401344703992, 40.806251804413108 ], [ -73.858394038544617, 40.806290221627854 ], [ -73.858393945115054, 40.806334137157378 ], [ -73.858393840006627, 40.806383542127655 ], [ -73.858393781613003, 40.806410989333166 ], [ -73.858422679316533, 40.806411024825621 ], [ -73.85845881311937, 40.806405579739916 ], [ -73.858502124661825, 40.806422101274755 ], [ -73.858509209058369, 40.806487983434593 ], [ -73.85850186792581, 40.806542868977772 ], [ -73.858508987342745, 40.806592282813504 ], [ -73.858516118438928, 40.806636207207546 ], [ -73.858559395150351, 40.806669197042893 ], [ -73.858609908023126, 40.806696706281713 ], [ -73.8586749281355, 40.806696786007635 ], [ -73.85874717270498, 40.80669687454904 ], [ -73.858812192817666, 40.806696954197562 ], [ -73.858891685119943, 40.806686072614184 ], [ -73.858935055123084, 40.80667514678111 ], [ -73.858992920536323, 40.806642280841814 ], [ -73.859021888102404, 40.806609379538251 ], [ -73.859050878889008, 40.806565499345211 ], [ -73.85906545563148, 40.80650513315841 ], [ -73.859087187047862, 40.80647771244665 ], [ -73.859094481206796, 40.806444784630258 ], [ -73.859080113702447, 40.806406340881061 ], [ -73.859058521793401, 40.806367888297693 ], [ -73.859044119451184, 40.806345912867229 ], [ -73.859000889224305, 40.80629096544704 ], [ -73.858972107882721, 40.806236035686702 ], [ -73.858957775390635, 40.806181123596915 ], [ -73.858928982497602, 40.806131683266194 ], [ -73.858900201284243, 40.806076753486479 ], [ -73.858856936429575, 40.806038274334419 ], [ -73.858849770249378, 40.80601081828177 ], [ -73.858878714334097, 40.805988895893897 ], [ -73.858907623490921, 40.805983441823287 ], [ -73.85892933153302, 40.805967000022143 ], [ -73.858972677799628, 40.805967053056733 ], [ -73.859008718292955, 40.806005523330519 ], [ -73.859123983088168, 40.806159369001243 ], [ -73.859195994824404, 40.806269246088249 ], [ -73.859260712732492, 40.806412050956041 ], [ -73.859311016844387, 40.80653836982885 ], [ -73.859368522403983, 40.806675676372251 ], [ -73.859368255640561, 40.806801933513078 ], [ -73.859367965679183, 40.80693916953286 ], [ -73.859381985544914, 40.807142296461571 ], [ -73.859410512526296, 40.807317993801568 ], [ -73.859395785167351, 40.807449722748196 ], [ -73.859402835770723, 40.807532073162889 ], [ -73.859373856393262, 40.80757046399745 ], [ -73.85931605997844, 40.80757039348218 ], [ -73.859258321601885, 40.807542875737006 ], [ -73.859258460893273, 40.807477002454434 ], [ -73.859251480123362, 40.807361715388218 ], [ -73.859230061954179, 40.807240921236669 ], [ -73.859223046426834, 40.807142102485962 ], [ -73.859223278635781, 40.80703231367427 ], [ -73.859209003823011, 40.806949954419309 ], [ -73.859158583436383, 40.806878529918208 ], [ -73.859079195548475, 40.806840006718389 ], [ -73.858978064563757, 40.806834393598308 ], [ -73.858826339010847, 40.806839697353716 ], [ -73.858667412273206, 40.806834013171311 ], [ -73.858572467701507, 40.807316968760254 ], [ -73.858419059556084, 40.80811275133366 ], [ -73.858389845771129, 40.808260930707512 ], [ -73.85861978616127, 40.808848584449343 ], [ -73.858777914029233, 40.8092330399733 ], [ -73.858949108886435, 40.810270756060959 ], [ -73.85899983398339, 40.810199455233288 ], [ -73.859007256510139, 40.810106143625696 ], [ -73.859036283708633, 40.810045795147246 ], [ -73.859079783727978, 40.809974485447846 ], [ -73.859152078323064, 40.809952615983356 ], [ -73.859318272169176, 40.809941839996917 ], [ -73.859470074298144, 40.809903598968063 ], [ -73.859549732498749, 40.80981586480236 ], [ -73.859665352377775, 40.809805026693169 ], [ -73.859831672940288, 40.809733866145514 ], [ -73.86012815453293, 40.809607968822306 ], [ -73.860121010517659, 40.809569533987521 ], [ -73.860077684984773, 40.809558502507748 ], [ -73.860034428730046, 40.809514534380668 ], [ -73.860034474905873, 40.809492576626589 ], [ -73.860005587409887, 40.809487052099598 ], [ -73.859962250399917, 40.809481510014855 ], [ -73.859926207473222, 40.809443040060692 ], [ -73.859926288343289, 40.809404613990594 ], [ -73.859868536565628, 40.809382585997831 ], [ -73.859774811444595, 40.809289151341737 ], [ -73.859745935626151, 40.809278137310869 ], [ -73.859717117667714, 40.809239676079116 ], [ -73.859724388678742, 40.809217727115055 ], [ -73.859673861858397, 40.809195707814489 ], [ -73.859673908152942, 40.809173750059387 ], [ -73.859623392960472, 40.80914624129781 ], [ -73.859544187447852, 40.809019887410237 ], [ -73.859471963536336, 40.80900882049054 ], [ -73.859406941164409, 40.809008741214143 ], [ -73.859341918792609, 40.80900866190111 ], [ -73.859334705686237, 40.809003163647347 ], [ -73.859327492581031, 40.808997665393179 ], [ -73.859327515785381, 40.808986686515333 ], [ -73.859327527387549, 40.80898119707642 ], [ -73.859327550591885, 40.808970218198624 ], [ -73.859327562194053, 40.80896472875969 ], [ -73.859334810100393, 40.808953758697058 ], [ -73.85935654220529, 40.808926337945358 ], [ -73.859385510585696, 40.808893436562563 ], [ -73.859414467342503, 40.808866024611319 ], [ -73.859378622230523, 40.808734234017351 ], [ -73.859357226588244, 40.808602461037623 ], [ -73.859335831030691, 40.808470688051123 ], [ -73.859321660193118, 40.808338923873947 ], [ -73.859314714032607, 40.808207168508794 ], [ -73.859321961858569, 40.808196198445657 ], [ -73.859321973461064, 40.808190709006027 ], [ -73.859329209682144, 40.808185228382037 ], [ -73.859336445902017, 40.808179747757585 ], [ -73.859343682120709, 40.808174267132699 ], [ -73.859358142955003, 40.808168795321123 ], [ -73.859365379170725, 40.808163314694859 ], [ -73.859372603786937, 40.808163323507728 ], [ -73.859379828403149, 40.808163332320184 ], [ -73.859387053019361, 40.808163341132207 ], [ -73.859401502251799, 40.808163358754832 ], [ -73.859415939889516, 40.808168865815333 ], [ -73.8594231529122, 40.808174364064719 ], [ -73.859430365936063, 40.808179862313615 ], [ -73.859437578961121, 40.808185360562071 ], [ -73.859444791987372, 40.808190858810093 ], [ -73.859473377534144, 40.808339108907433 ], [ -73.859509187859658, 40.808487367798485 ], [ -73.859559447679729, 40.8086356442777 ], [ -73.859609719302568, 40.808778431292367 ], [ -73.859652882195874, 40.808866315096594 ], [ -73.859703269905253, 40.808954207675619 ], [ -73.859760894025797, 40.809036619581029 ], [ -73.859825754570167, 40.809113550802188 ], [ -73.859890615264476, 40.809190481985922 ], [ -73.859969937130231, 40.809261941244884 ], [ -73.860049270709027, 40.809327911009738 ], [ -73.860143053944853, 40.809393898248977 ], [ -73.860236860421168, 40.809448906534094 ], [ -73.860337891814382, 40.809503923494738 ], [ -73.860438934885252, 40.809553450927872 ], [ -73.860547214380802, 40.809597497572867 ], [ -73.860662741780828, 40.809630573970942 ], [ -73.86077104451644, 40.80966364152826 ], [ -73.860893819871592, 40.809685747542389 ], [ -73.86228766893592, 40.809945425166298 ], [ -73.862648773499288, 40.810011729360681 ], [ -73.864403867338154, 40.810277300626609 ], [ -73.867654448016694, 40.810582997721568 ], [ -73.868692329002528, 40.811852247459086 ], [ -73.869773009736605, 40.813423455551217 ], [ -73.870775243171039, 40.814489536049251 ], [ -73.871294997988329, 40.814731653081587 ], [ -73.871713696822084, 40.814924250342408 ], [ -73.876523550974099, 40.816131690293169 ] ] ] ] } },
{ "type": "Feature", "properties": { "modzcta": "10475", "label": "10475", "zcta": "10475", "pop_est": "43208", "zcta20": "10475", "hvi": 4.0, "hvi_2018": 4.0 }, "geometry": { "type": "MultiPolygon", "coordinates": [ [ [ [ -73.828344068629136, 40.860891220095851 ], [ -73.828409000052773, 40.860946210762812 ], [ -73.829548271310074, 40.862166547926726 ], [ -73.830224713149775, 40.863430108677115 ], [ -73.830542090927011, 40.863732492529742 ], [ -73.83175134032534, 40.865908066157701 ], [ -73.832557730236616, 40.867287079107136 ], [ -73.833126530075504, 40.868265016465664 ], [ -73.833162548061708, 40.868319962552171 ], [ -73.833191321183307, 40.868380387554289 ], [ -73.833292020639774, 40.86859461969015 ], [ -73.833692326286638, 40.870450614246217 ], [ -73.833814518915304, 40.870747217783411 ], [ -73.834051703365574, 40.87132943526769 ], [ -73.834238599621969, 40.871779834448816 ], [ -73.834339225544383, 40.872027001801726 ], [ -73.834461328293145, 40.87236203020651 ], [ -73.834568969023707, 40.872697037728798 ], [ -73.834662133867795, 40.873037513785199 ], [ -73.834740822626003, 40.873383458409691 ], [ -73.834805062367735, 40.873723892880143 ], [ -73.83524993448836, 40.875135303144184 ], [ -73.835321804730043, 40.875316555703918 ], [ -73.83540816639875, 40.875486850095093 ], [ -73.835523456295419, 40.875657185648471 ], [ -73.835653237849456, 40.875816562933466 ], [ -73.835811961505428, 40.87597049185446 ], [ -73.835948773200002, 40.876212219682614 ], [ -73.836193660670574, 40.876618782547041 ], [ -73.836301735987703, 40.876783617650027 ], [ -73.83627257791521, 40.876876895944612 ], [ -73.836567797828636, 40.877404295958691 ], [ -73.836603783138912, 40.877475708995675 ], [ -73.837539951458908, 40.879118358255191 ], [ -73.837799163395161, 40.879590810296236 ], [ -73.83874254369924, 40.881266395538944 ], [ -73.837830411366056, 40.881605459480809 ], [ -73.836990609494023, 40.88193912899964 ], [ -73.836642998157728, 40.882119787269865 ], [ -73.836215595676236, 40.882393650851128 ], [ -73.835606679694749, 40.882947213116097 ], [ -73.834758934751392, 40.883555324299401 ], [ -73.834345926238612, 40.883851159054615 ], [ -73.834049037338644, 40.883987967183778 ], [ -73.833614571617275, 40.884184959532654 ], [ -73.833419050198998, 40.884277997045402 ], [ -73.833216336653507, 40.884354555680453 ], [ -73.833006417318018, 40.884420124764873 ], [ -73.832782059370146, 40.884474693781208 ], [ -73.832564961615333, 40.884518294125044 ], [ -73.832333425435124, 40.884550894318636 ], [ -73.831305933885162, 40.88471407867528 ], [ -73.830654620534176, 40.884850359509151 ], [ -73.830336062722381, 40.884970658132865 ], [ -73.829532345703484, 40.885304326330299 ], [ -73.827910378698675, 40.885988092392964 ], [ -73.827772793954807, 40.886048270395804 ], [ -73.826969108193367, 40.886359963230881 ], [ -73.826730186669295, 40.886447434946319 ], [ -73.826114797252089, 40.886666084824832 ], [ -73.825296629895618, 40.886977744184563 ], [ -73.824492573473236, 40.887421164374082 ], [ -73.824028920586741, 40.887694927558563 ], [ -73.823869556295847, 40.887782514605021 ], [ -73.823681200254953, 40.88789201467592 ], [ -73.823369658931014, 40.888083666728321 ], [ -73.822739366830888, 40.88845597846386 ], [ -73.82191342826107, 40.888954240824411 ], [ -73.821399046376527, 40.88925536202683 ], [ -73.820587747382191, 40.889682275562116 ], [ -73.820189327470302, 40.889895741446914 ], [ -73.819848862386635, 40.890076360135204 ], [ -73.819899363124776, 40.890125843362682 ], [ -73.819848639241059, 40.890158700490183 ], [ -73.819573333351499, 40.890317462515632 ], [ -73.819486605418618, 40.890289880019864 ], [ -73.819407111090399, 40.890262308776045 ], [ -73.818279805467668, 40.889848836039718 ], [ -73.817607558042994, 40.889677604956852 ], [ -73.816617239143497, 40.889434503105811 ], [ -73.816017167307081, 40.889323760575138 ], [ -73.815742646920512, 40.889197066909503 ], [ -73.815330662438328, 40.889081131507623 ], [ -73.815243922622514, 40.8890590351753 ], [ -73.815171649661607, 40.889036961943539 ], [ -73.815115950378711, 40.888257380450433 ], [ -73.815139237863676, 40.887686521914809 ], [ -73.815177586522978, 40.886901601456486 ], [ -73.81527924742845, 40.886759040207664 ], [ -73.815286617850205, 40.886709647544535 ], [ -73.81536621294147, 40.886698796125032 ], [ -73.815481973722214, 40.886688002471388 ], [ -73.816704950079355, 40.886481354459463 ], [ -73.817428774737564, 40.886295862573533 ], [ -73.818420414258938, 40.886039425778876 ], [ -73.819831875174671, 40.885668359469562 ], [ -73.820273416673473, 40.88554828138566 ], [ -73.820237400006491, 40.885493331449013 ], [ -73.820051261538239, 40.882111579248736 ], [ -73.82110122646499, 40.878967791177296 ], [ -73.823293760839988, 40.873097517450795 ], [ -73.821265232228839, 40.869076153238375 ], [ -73.821113553640586, 40.869010045385416 ], [ -73.82104133006834, 40.86897699699125 ], [ -73.820976323003265, 40.868949449149042 ], [ -73.820918561986915, 40.868916423114243 ], [ -73.819409728567265, 40.867997341505728 ], [ -73.819388065053943, 40.8679863287947 ], [ -73.815785900456603, 40.865757425757032 ], [ -73.816416667976128, 40.865149107052986 ], [ -73.816997035405123, 40.864458363835176 ], [ -73.816845613488553, 40.864304420199261 ], [ -73.817613935459079, 40.863624950805232 ], [ -73.818954741268527, 40.86247428687647 ], [ -73.818911462840688, 40.862435793104218 ], [ -73.818882600616647, 40.862413790169953 ], [ -73.818853783268636, 40.86237531907463 ], [ -73.818846747156641, 40.862303945722871 ], [ -73.818868603093023, 40.86224359654603 ], [ -73.818912105582868, 40.862199749565043 ], [ -73.818955622959194, 40.862150413182526 ], [ -73.819346948388969, 40.861827151456779 ], [ -73.819375959602766, 40.861794260425491 ], [ -73.819405030414472, 40.861739411845662 ], [ -73.819434190603616, 40.861651626945992 ], [ -73.819463395421138, 40.86154737388128 ], [ -73.819514216853619, 40.86147060166811 ], [ -73.81964448316846, 40.861426890096858 ], [ -73.819767533797076, 40.861377677698265 ], [ -73.819839926931678, 40.861344854306502 ], [ -73.819912349724149, 40.861301052097666 ], [ -73.820006493269005, 40.861246304911965 ], [ -73.820086101665581, 40.861218982030096 ], [ -73.820107807635651, 40.861213526465839 ], [ -73.820172970053903, 40.861180691590768 ], [ -73.82023093171837, 40.861136866641559 ], [ -73.820259942193857, 40.861103975383941 ], [ -73.82031074753624, 40.861032692199963 ], [ -73.82031827451209, 40.860922915737817 ], [ -73.820340187976356, 40.860840608722548 ], [ -73.820325934936946, 40.860763734796336 ], [ -73.820369568939228, 40.860670482776769 ], [ -73.820434878910163, 40.860582753885794 ], [ -73.820471341619765, 40.860467533025385 ], [ -73.820464526257126, 40.860313818946913 ], [ -73.820349168074245, 40.860192872365531 ], [ -73.820219409168828, 40.860049945586766 ], [ -73.820067707651319, 40.860000304413852 ], [ -73.819973877966362, 40.859939774533977 ], [ -73.819995746960487, 40.85987393573123 ], [ -73.820082569093088, 40.859852113512375 ], [ -73.820205571963442, 40.859819368794561 ], [ -73.820364770284527, 40.859770212074579 ], [ -73.820523894301033, 40.859748502071291 ], [ -73.820675565982, 40.859809121421208 ], [ -73.820747690644055, 40.859875106421896 ], [ -73.820848632879787, 40.859979561997605 ], [ -73.820935321850953, 40.860007143621736 ], [ -73.821000438354929, 40.859990776433833 ], [ -73.821007786787149, 40.859946872553351 ], [ -73.820971916370098, 40.859842518105964 ], [ -73.820972167576954, 40.859749198520959 ], [ -73.821008599351089, 40.859644956248786 ], [ -73.820987100825221, 40.859573560558601 ], [ -73.820929525310405, 40.859474661822532 ], [ -73.820937021529232, 40.859375864065242 ], [ -73.820987765723913, 40.859326538112576 ], [ -73.82111070811527, 40.859315749978094 ], [ -73.821240718332248, 40.859365356181165 ], [ -73.821378106353819, 40.859360079553063 ], [ -73.821443104212165, 40.859387627215966 ], [ -73.821399487298322, 40.859475390274966 ], [ -73.821399266175234, 40.859557731090135 ], [ -73.82139905979318, 40.859634582516499 ], [ -73.821442057814991, 40.859777373736911 ], [ -73.821542912614319, 40.859914765030823 ], [ -73.821622253767742, 40.859986250053822 ], [ -73.821694276539944, 40.86009066017089 ], [ -73.821686648903707, 40.860238862448149 ], [ -73.821613786716156, 40.860447347385374 ], [ -73.821584600479099, 40.860546111628011 ], [ -73.821656771003958, 40.860595627891854 ], [ -73.821823156291188, 40.860562948502356 ], [ -73.821939061594932, 40.860480786293749 ], [ -73.822011628975986, 40.860382088891704 ], [ -73.822149151155358, 40.860327406863938 ], [ -73.822293712697373, 40.860344097839395 ], [ -73.822315418200816, 40.860338641858952 ], [ -73.82241670073121, 40.860316840154169 ], [ -73.822532516983728, 40.860267613668391 ], [ -73.822720738148277, 40.860180072472708 ], [ -73.822778741145243, 40.860119778074086 ], [ -73.822641541974335, 40.860053694334695 ], [ -73.822460756477298, 40.860064395107692 ], [ -73.822352200105655, 40.860102653881533 ], [ -73.822171297005326, 40.86015726929849 ], [ -73.821976124101681, 40.860140500087468 ], [ -73.821918517227701, 40.860052580629294 ], [ -73.821926012042482, 40.85995378281789 ], [ -73.822012833645928, 40.859931959146756 ], [ -73.822142831060091, 40.859987053715166 ], [ -73.822294900789714, 40.859899457475905 ], [ -73.822410848328687, 40.859800826621203 ], [ -73.822353197185677, 40.85972937553759 ], [ -73.822237367065298, 40.859784091235625 ], [ -73.822013171538231, 40.85980570323629 ], [ -73.821810710656905, 40.859810880140323 ], [ -73.82168788520616, 40.859777753920298 ], [ -73.821594245792113, 40.859645863317589 ], [ -73.821616186703793, 40.859552577266058 ], [ -73.821739276545983, 40.859486894585118 ], [ -73.821833298373221, 40.859476060993558 ], [ -73.821992568132188, 40.859399455085367 ], [ -73.82196397071489, 40.859278643927183 ], [ -73.821768947551746, 40.859206980482902 ], [ -73.821566503201751, 40.859206667570952 ], [ -73.821349731253264, 40.859156927422013 ], [ -73.821104024285489, 40.859112631414028 ], [ -73.820547436431909, 40.859062362351111 ], [ -73.820409974843926, 40.859095084930189 ], [ -73.820265193963735, 40.859160732409606 ], [ -73.820279491091128, 40.859221138201654 ], [ -73.820308129918516, 40.859325481615393 ], [ -73.820242969384694, 40.859358316577591 ], [ -73.820069504672418, 40.859336088543387 ], [ -73.819896010344948, 40.859324839023635 ], [ -73.819722501196239, 40.85931907863062 ], [ -73.819541732121394, 40.859324285443506 ], [ -73.819368193186534, 40.859329503292912 ], [ -73.819194624377502, 40.85934569965643 ], [ -73.819086171827223, 40.85934552964936 ], [ -73.818948738822584, 40.859367271710767 ], [ -73.818789615204054, 40.859388979543134 ], [ -73.818659322383638, 40.859443668939804 ], [ -73.818572380518333, 40.859509405187985 ], [ -73.818492488898215, 40.859641025391092 ], [ -73.818441367969669, 40.859827584920055 ], [ -73.81845557367626, 40.859920927252489 ], [ -73.818477024648203, 40.860008791570458 ], [ -73.818505705928359, 40.860096667256897 ], [ -73.818541617545435, 40.860184554306336 ], [ -73.818584774502142, 40.86026696332555 ], [ -73.818598935585229, 40.860376773792559 ], [ -73.818620341980193, 40.860481106235945 ], [ -73.818648978747035, 40.8605854500383 ], [ -73.818648829058972, 40.860640343900847 ], [ -73.81864143408454, 40.860700715784226 ], [ -73.818619593420323, 40.86075557554841 ], [ -73.818597767693149, 40.860804945921835 ], [ -73.818561481265689, 40.860854293551469 ], [ -73.818525194784371, 40.860903641169266 ], [ -73.818474477526479, 40.860941987253241 ], [ -73.818416529862475, 40.860980321935699 ], [ -73.818358597124544, 40.861013167202977 ], [ -73.818293448972895, 40.861040511668534 ], [ -73.818221085414791, 40.86106235532025 ], [ -73.81814875182954, 40.861073220154992 ], [ -73.818076418220684, 40.861084084944373 ], [ -73.818004114632444, 40.861083970916908 ], [ -73.817917380385467, 40.861072855252786 ], [ -73.817823415811148, 40.861061728107344 ], [ -73.817736711711788, 40.861039633535881 ], [ -73.817650022721381, 40.861012049513448 ], [ -73.817570564150827, 40.86098447685815 ], [ -73.817491135775029, 40.860945925376477 ], [ -73.817426183240173, 40.860901907337329 ], [ -73.817354015532899, 40.860852388429933 ], [ -73.817303418278215, 40.860846818912762 ], [ -73.817245575615033, 40.860846727306914 ], [ -73.817187732952007, 40.860846635672075 ], [ -73.817137090434699, 40.86085753423945 ], [ -73.817086417705127, 40.860879411556233 ], [ -73.817035744942217, 40.860901288850592 ], [ -73.816992287381495, 40.860928666977038 ], [ -73.816956045021115, 40.860961545943574 ], [ -73.816927032973794, 40.860994436371314 ], [ -73.816905236137416, 40.861032827651215 ], [ -73.816890654519057, 40.861076719787377 ], [ -73.81689779419618, 40.861109667575299 ], [ -73.816912164245394, 40.861142626836255 ], [ -73.816904888541757, 40.861159083519091 ], [ -73.816890367351846, 40.861181018112411 ], [ -73.816875861267661, 40.861197463318256 ], [ -73.816854124803555, 40.861213897045431 ], [ -73.816832403447592, 40.861224841383041 ], [ -73.81681068208448, 40.861235785716531 ], [ -73.816781745461, 40.861241229179164 ], [ -73.81675280883276, 40.861246672634486 ], [ -73.816723887327655, 40.861246626697167 ], [ -73.816702211328476, 40.861241102854052 ], [ -73.816673304957831, 40.861235567518648 ], [ -73.816651644100247, 40.861224554280611 ], [ -73.816413162992049, 40.861180259788661 ], [ -73.816326474367315, 40.861152674772455 ], [ -73.815878602015673, 40.861003746866068 ], [ -73.815495530546499, 40.860953730235366 ], [ -73.815263702083755, 40.861118041574748 ], [ -73.814793697982097, 40.861128266900096 ], [ -73.814852167461467, 40.860903294935007 ], [ -73.813819212585457, 40.860550310467914 ], [ -73.812732136282548, 40.858879770095569 ], [ -73.812304406770807, 40.85416366791457 ], [ -73.816411065553268, 40.854082445485965 ], [ -73.81657805779227, 40.853824708533708 ], [ -73.816847033230189, 40.853287173017335 ], [ -73.816964095178534, 40.852782332410889 ], [ -73.816971521005982, 40.852710981763586 ], [ -73.816986176258197, 40.852639642583974 ], [ -73.817008060911931, 40.852568314869281 ], [ -73.817044404369113, 40.852497010080761 ], [ -73.817080732651988, 40.852431194673898 ], [ -73.817109771076147, 40.852387325369946 ], [ -73.817131564961315, 40.852348933993007 ], [ -73.817146144507333, 40.85230504175906 ], [ -73.817153509724861, 40.852255648670621 ], [ -73.817160859841735, 40.852211744975499 ], [ -73.81713210827796, 40.852151315804207 ], [ -73.817125029817007, 40.852096410401813 ], [ -73.817132410119157, 40.852041527918608 ], [ -73.817139699860604, 40.852019581800668 ], [ -73.81716152378722, 40.851970211626764 ], [ -73.817168873867274, 40.851926307928956 ], [ -73.817197912012887, 40.851882438599041 ], [ -73.817205292231151, 40.851827556109157 ], [ -73.817190999484879, 40.85176714985775 ], [ -73.817133315636752, 40.85171216424915 ], [ -73.817111657804375, 40.851701151079062 ], [ -73.817082785737711, 40.851684637047605 ], [ -73.817024996344955, 40.851668077147004 ], [ -73.816967101241843, 40.851689942980094 ], [ -73.816930954554536, 40.851689885624374 ], [ -73.81691654120894, 40.851673394494952 ], [ -73.816938289647823, 40.85165147133376 ], [ -73.816974511839149, 40.85162408171368 ], [ -73.817017948226606, 40.851602192943915 ], [ -73.817068598813847, 40.85158580501637 ], [ -73.81709040755554, 40.851541924246952 ], [ -73.817090558509292, 40.851487030298635 ], [ -73.817105122799305, 40.851448627458161 ], [ -73.817126901287224, 40.851415725470687 ], [ -73.817127082395217, 40.851349852731175 ], [ -73.817127308779703, 40.851267511805652 ], [ -73.817091313274318, 40.851212560549179 ], [ -73.817055257435612, 40.851179566861511 ], [ -73.817012138473601, 40.851086178348304 ], [ -73.816968929000907, 40.851025726189192 ], [ -73.816918429910288, 40.850987220121695 ], [ -73.816860671392803, 40.850959681346104 ], [ -73.816781179795626, 40.85094857628453 ], [ -73.816701642843, 40.850953939354127 ], [ -73.816607707901909, 40.850937321803499 ], [ -73.816506589184257, 40.850904224491678 ], [ -73.816412745269105, 40.850854670409859 ], [ -73.816326024626846, 40.850843553529479 ], [ -73.816282588507107, 40.850865442041624 ], [ -73.816239122027795, 40.850898309327995 ], [ -73.816224633191808, 40.850909265086401 ], [ -73.816174073937049, 40.850892716273634 ], [ -73.816159676123888, 40.850870735652023 ], [ -73.816109223148018, 40.850815761043179 ], [ -73.816044266238265, 40.850777231543198 ], [ -73.815964774995422, 40.850766125918724 ], [ -73.815899666283102, 40.850782490291124 ], [ -73.815849031217226, 40.850793388312383 ], [ -73.815798350529235, 40.850820754497427 ], [ -73.815711614824878, 40.850815126550422 ], [ -73.815697201971133, 40.850798635266159 ], [ -73.8156972780221, 40.850771188289436 ], [ -73.815784180901119, 40.85071643289789 ], [ -73.815863763233011, 40.850694602274274 ], [ -73.815885481309593, 40.850683658098781 ], [ -73.816037522827571, 40.850601559359703 ], [ -73.816037720194217, 40.850530197216848 ], [ -73.816008985562078, 40.850464278352277 ], [ -73.815951227875232, 40.850436739118791 ], [ -73.81596582296892, 40.850387357623589 ], [ -73.816052573317762, 40.850387495984116 ], [ -73.816197187570992, 40.850376747648397 ], [ -73.816269661471509, 40.850310990058247 ], [ -73.816284438240544, 40.850195735770207 ], [ -73.816248489505142, 40.850124316052352 ], [ -73.815938607486331, 40.84977249913107 ], [ -73.815808878386079, 40.849629567130911 ], [ -73.815729616662864, 40.849536120394475 ], [ -73.81567201201743, 40.849453687050826 ], [ -73.815650613795825, 40.849349353858663 ], [ -73.815520825242118, 40.849228379111452 ], [ -73.815441396861431, 40.849195315536043 ], [ -73.815369121437683, 40.849189710460301 ], [ -73.815282235455726, 40.84923897615694 ], [ -73.815209959997944, 40.84923337098148 ], [ -73.815209975247981, 40.849227881584724 ], [ -73.815130608048776, 40.849172860208036 ], [ -73.815145325517236, 40.849079563630738 ], [ -73.816303383960289, 40.848570897352587 ], [ -73.817265247932781, 40.848424210651316 ], [ -73.818205330746665, 40.848310418139263 ], [ -73.819152713924396, 40.848169182305789 ], [ -73.820143481561658, 40.84802251692377 ], [ -73.820481952838307, 40.848500623817571 ], [ -73.82110445810055, 40.848199672710884 ], [ -73.822038359637375, 40.847690601032369 ], [ -73.823015678392537, 40.847159630703437 ], [ -73.823956808547123, 40.846639575692095 ], [ -73.824434604111715, 40.84637681159154 ], [ -73.824955797188736, 40.846103132522529 ], [ -73.825491428980328, 40.84583496235966 ], [ -73.825757438711847, 40.846389796185143 ], [ -73.826117169293966, 40.847043580243323 ], [ -73.826476835347833, 40.847724810104083 ], [ -73.826512779451278, 40.84780171606338 ], [ -73.826785891598576, 40.848411452190184 ], [ -73.826893183484771, 40.848850766866512 ], [ -73.826950215988376, 40.849158259951039 ], [ -73.826978332629636, 40.849465709623985 ], [ -73.826984733581455, 40.849784105544472 ], [ -73.826969461374503, 40.850096979521958 ], [ -73.826925272223818, 40.850409810100125 ], [ -73.826859394955505, 40.850722608096092 ], [ -73.826771843559953, 40.851029884076134 ], [ -73.826655402764388, 40.851326137732919 ], [ -73.826495599260397, 40.85161683663172 ], [ -73.82654590396227, 40.851732190044451 ], [ -73.826188610733652, 40.85290089806616 ], [ -73.826079537106452, 40.853142267992766 ], [ -73.826043174269188, 40.853224554407902 ], [ -73.826267188581085, 40.85326331788923 ], [ -73.826361114889224, 40.85328541696196 ], [ -73.826280816038789, 40.853581724524915 ], [ -73.826243750529315, 40.853932991293838 ], [ -73.826221201240017, 40.854262322236927 ], [ -73.82623471395128, 40.854624643966645 ], [ -73.826241369976032, 40.854844230572049 ], [ -73.826276543403097, 40.855217563709196 ], [ -73.826318903984145, 40.855607375871628 ], [ -73.826340177624914, 40.855766600889616 ], [ -73.826354264563477, 40.855909346842282 ], [ -73.826375538385491, 40.856068571845292 ], [ -73.826396826637719, 40.856222307448427 ], [ -73.826418200948041, 40.856343106695249 ], [ -73.826439446412081, 40.856513310456769 ], [ -73.826453662635572, 40.856606651858698 ], [ -73.826460792247019, 40.856645088471751 ], [ -73.826482138166554, 40.856776866479734 ], [ -73.826503584408457, 40.856870218744646 ], [ -73.82656770877874, 40.857232616364968 ], [ -73.826646122112962, 40.857660908336335 ], [ -73.826731923803806, 40.858028827793028 ], [ -73.82673908232951, 40.858056285599737 ], [ -73.826997435763715, 40.858797743754735 ], [ -73.827090756450545, 40.859055885936442 ], [ -73.82714814102718, 40.859231633046988 ], [ -73.827163086380537, 40.859045015491937 ], [ -73.82716305784912, 40.859055994269646 ], [ -73.827220513921958, 40.859204294400776 ], [ -73.827285072121811, 40.85940200981991 ], [ -73.827205511644834, 40.859412869512063 ], [ -73.827320481864135, 40.859687512127806 ], [ -73.827413762317718, 40.85996212217163 ], [ -73.827594219442233, 40.86007766956088 ], [ -73.827867420332794, 40.860676423041177 ], [ -73.827997140107414, 40.860841298751133 ], [ -73.828264676645688, 40.860836207868701 ], [ -73.828344068629136, 40.860891220095851 ] ] ] ] } }
]
}
