{
  "type": "FeatureCollection",
  "columns": {
    "count": "Long<0, 4294967295>",
    "label": "Byte<0, 1>",
    "system:index": "String"
  },
  "features": [
    {
      "type": "Feature",
      "geometry": {
        "geodesic": false,
        "type": "Polygon",
        "coordinates": [
          [
            [
              -73.78357501879896,
              40.872267449097286
            ],
            [
              -73.78348518727054,
              40.872267449097286
            ],
            [
              -73.78348518727054,
              40.87235728062569
            ],
            [
              -73.78357501879896,
              40.87235728062569
            ],
            [
              -73.78357501879896,
              40.872267449097286
            ]
          ]
        ]
      },
      "id": "-821355+454988",
      "properties": {
        "count": 1,
        "label": 1
      }
    },
    {
      "type": "Feature",
      "geometry": {
        "geodesic": false,
        "type": "Polygon",
        "coordinates": [
          [
            [
              -73.7838445133842,
              40.87047081852904
            ],
            [
              -73.7838445133842,
              40.87038098700063
            ],
            [
              -73.78402417644102,
              40.87038098700063
            ],
            [
              -73.78402417644102,
              40.87029115547222
            ],
            [
              -73.78411400796944,
              40.87029115547222
            ],
            [
              -73.78411400796944,
              40.87020132394381
            ],
            [
              -73.7838445133842,
              40.87020132394381
            ],
            [
              -73.7838445133842,
              40.87038098700063
            ],
            [
              -73.78375468185578,
              40.87038098700063
            ],
            [
              -73.78375468185578,
              40.87047081852904
            ],
            [
              -73.7838445133842,
              40.87047081852904
            ]
          ]
        ]
      },
      "id": "-821358+454967",
      "properties": {
        "count": 6,
        "label": 1
      }
    },
    {
      "type": "Feature",
      "geometry": {
        "geodesic": false,
        "type": "Polygon",
        "coordinates": [
          [
            [
              -73.7838445133842,
              40.87154879686999
            ],
            [
              -73.7838445133842,
              40.87136913381316
            ],
            [
              -73.78357501879896,
              40.87136913381316
            ],
            [
              -73.78357501879896,
              40.871458965341574
            ],
            [
              -73.78375468185578,
              40.871458965341574
            ],
            [
              -73.78375468185578,
              40.87154879686999
            ],
            [
              -73.7838445133842,
              40.87154879686999
            ]
          ]
        ]
      },
      "id": "-821358+454979",
      "properties": {
        "count": 4,
        "label": 1
      }
    },
    {
      "type": "Feature",
      "geometry": {
        "geodesic": false,
        "type": "Polygon",
        "coordinates": [
          [
            [
              -73.78402417644102,
              40.87307593285299
            ],
            [
              -73.78402417644102,
              40.87298610132458
            ],
            [
              -73.78420383949783,
              40.87298610132458
            ],
            [
              -73.78420383949783,
              40.87262677521093
            ],
            [
              -73.78402417644102,
              40.87262677521093
            ],
            [
              -73.78402417644102,
              40.87253694368252
            ],
            [
              -73.78393434491261,
              40.87253694368252
            ],
            [
              -73.78393434491261,
              40.872447112154106
            ],
            [
              -73.7838445133842,
              40.872447112154106
            ],
            [
              -73.7838445133842,
              40.87235728062569
            ],
            [
              -73.78375468185578,
              40.87235728062569
            ],
            [
              -73.78375468185578,
              40.872447112154106
            ],
            [
              -73.78366485032737,
              40.872447112154106
            ],
            [
              -73.78366485032737,
              40.87253694368252
            ],
            [
              -73.7838445133842,
              40.87253694368252
            ],
            [
              -73.7838445133842,
              40.872716606739345
            ],
            [
              -73.78393434491261,
              40.872716606739345
            ],
            [
              -73.78393434491261,
              40.87307593285299
            ],
            [
              -73.78402417644102,
              40.87307593285299
            ]
          ]
        ]
      },
      "id": "-821360+454996",
      "properties": {
        "count": 20,
        "label": 1
      }
    },
    {
      "type": "Feature",
      "geometry": {
        "geodesic": false,
        "type": "Polygon",
        "coordinates": [
          [
            [
              -73.78474282866831,
              40.878375993029294
            ],
            [
              -73.7846529971399,
              40.878375993029294
            ],
            [
              -73.7846529971399,
              40.87846582455771
            ],
            [
              -73.78474282866831,
              40.87846582455771
            ],
            [
              -73.78474282866831,
              40.878375993029294
            ]
          ]
        ]
      },
      "id": "-821368+455056",
      "properties": {
        "count": 1,
        "label": 1
      }
    },
    {
      "type": "Feature",
      "geometry": {
        "geodesic": false,
        "type": "Polygon",
        "coordinates": [
          [
            [
              -73.78492249172514,
              40.87208778604046
            ],
            [
              -73.78474282866831,
              40.87208778604046
            ],
            [
              -73.78474282866831,
              40.87217761756887
            ],
            [
              -73.78492249172514,
              40.87217761756887
            ],
            [
              -73.78492249172514,
              40.87208778604046
            ]
          ]
        ]
      },
      "id": "-821369+454986",
      "properties": {
        "count": 2,
        "label": 1
      }
    },
    {
      "type": "Feature",
      "geometry": {
        "geodesic": false,
        "type": "Polygon",
        "coordinates": [
          [
            [
              -73.78483266019673,
              40.876130204819
            ],
            [
              -73.78474282866831,
              40.876130204819
            ],
            [
              -73.78474282866831,
              40.876309867875825
            ],
            [
              -73.78483266019673,
              40.876309867875825
            ],
            [
              -73.78483266019673,
              40.876130204819
            ]
          ]
        ]
      },
      "id": "-821369+455032",
      "properties": {
        "count": 2,
        "label": 1
      }
    },
    {
      "type": "Feature",
      "geometry": {
        "geodesic": false,
        "type": "Polygon",
        "coordinates": [
          [
            [
              -73.78492249172514,
              40.876040373290586
            ],
            [
              -73.78492249172514,
              40.87595054176217
            ],
            [
              -73.78519198631037,
              40.87595054176217
            ],
            [
              -73.78519198631037,
              40.87577087870535
            ],
            [
              -73.78510215478197,
              40.87577087870535
            ],
            [
              -73.78510215478197,
              40.87586071023376
            ],
            [
              -73.78492249172514,
              40.87586071023376
            ],
            [
              -73.78492249172514,
              40.87595054176217
            ],
            [
              -73.78483266019673,
              40.87595054176217
            ],
            [
              -73.78483266019673,
              40.876040373290586
            ],
            [
              -73.78492249172514,
              40.876040373290586
            ]
          ]
        ]
      },
      "id": "-821370+455029",
      "properties": {
        "count": 5,
        "label": 1
      }
    },
    {
      "type": "Feature",
      "geometry": {
        "geodesic": false,
        "type": "Polygon",
        "coordinates": [
          [
            [
              -73.78492249172514,
              40.876489530932645
            ],
            [
              -73.78483266019673,
              40.876489530932645
            ],
            [
              -73.78483266019673,
              40.87666919398947
            ],
            [
              -73.78492249172514,
              40.87666919398947
            ],
            [
              -73.78492249172514,
              40.876489530932645
            ]
          ]
        ]
      },
      "id": "-821370+455036",
      "properties": {
        "count": 2,
        "label": 1
      }
    },
    {
      "type": "Feature",
      "geometry": {
        "geodesic": false,
        "type": "Polygon",
        "coordinates": [
          [
            [
              -73.78573097548085,
              40.87253694368252
            ],
            [
              -73.78564114395243,
              40.87253694368252
            ],
            [
              -73.78564114395243,
              40.872716606739345
            ],
            [
              -73.78573097548085,
              40.872716606739345
            ],
            [
              -73.78573097548085,
              40.87253694368252
            ]
          ]
        ]
      },
      "id": "-821379+454992",
      "properties": {
        "count": 2,
        "label": 1
      }
    },
    {
      "type": "Feature",
      "geometry": {
        "geodesic": false,
        "type": "Polygon",
        "coordinates": [
          [
            [
              -73.78591063853767,
              40.877747172330416
            ],
            [
              -73.78591063853767,
              40.877657340802
            ],
            [
              -73.78600047006609,
              40.877657340802
            ],
            [
              -73.78600047006609,
              40.87756750927359
            ],
            [
              -73.78591063853767,
              40.87756750927359
            ],
            [
              -73.78591063853767,
              40.877477677745176
            ],
            [
              -73.78600047006609,
              40.877477677745176
            ],
            [
              -73.78600047006609,
              40.87738784621676
            ],
            [
              -73.78573097548085,
              40.87738784621676
            ],
            [
              -73.78573097548085,
              40.87729801468836
            ],
            [
              -73.78591063853767,
              40.87729801468836
            ],
            [
              -73.78591063853767,
              40.877208183159944
            ],
            [
              -73.78573097548085,
              40.877208183159944
            ],
            [
              -73.78573097548085,
              40.87729801468836
            ],
            [
              -73.78564114395243,
              40.87729801468836
            ],
            [
              -73.78564114395243,
              40.87738784621676
            ],
            [
              -73.78573097548085,
              40.87738784621676
            ],
            [
              -73.78573097548085,
              40.877747172330416
            ],
            [
              -73.78591063853767,
              40.877747172330416
            ]
          ]
        ]
      },
      "id": "-821380+455048",
      "properties": {
        "count": 13,
        "label": 1
      }
    },
    {
      "type": "Feature",
      "geometry": {
        "geodesic": false,
        "type": "Polygon",
        "coordinates": [
          [
            [
              -73.79022255190144,
              40.88071161276801
            ],
            [
              -73.79004288884462,
              40.88071161276801
            ],
            [
              -73.79004288884462,
              40.88080144429642
            ],
            [
              -73.79022255190144,
              40.88080144429642
            ],
            [
              -73.79022255190144,
              40.88071161276801
            ]
          ]
        ]
      },
      "id": "-821428+455082",
      "properties": {
        "count": 2,
        "label": 1
      }
    },
    {
      "type": "Feature",
      "geometry": {
        "geodesic": false,
        "type": "Polygon",
        "coordinates": [
          [
            [
              -73.79031238342985,
              40.88026245512595
            ],
            [
              -73.79022255190144,
              40.88026245512595
            ],
            [
              -73.79022255190144,
              40.88035228665436
            ],
            [
              -73.79031238342985,
              40.88035228665436
            ],
            [
              -73.79031238342985,
              40.88026245512595
            ]
          ]
        ]
      },
      "id": "-821430+455077",
      "properties": {
        "count": 1,
        "label": 1
      }
    },
    {
      "type": "Feature",
      "geometry": {
        "geodesic": false,
        "type": "Polygon",
        "coordinates": [
          [
            [
              -73.79282766622539,
              40.87810649844406
            ],
            [
              -73.79282766622539,
              40.87801666691565
            ],
            [
              -73.79273783469698,
              40.87801666691565
            ],
            [
              -73.79273783469698,
              40.877657340802
            ],
            [
              -73.79282766622539,
              40.877657340802
            ],
            [
              -73.79282766622539,
              40.87756750927359
            ],
            [
              -73.79300732928222,
              40.87756750927359
            ],
            [
              -73.79300732928222,
              40.877477677745176
            ],
            [
              -73.79309716081062,
              40.877477677745176
            ],
            [
              -73.79309716081062,
              40.87729801468836
            ],
            [
              -73.79300732928222,
              40.87729801468836
            ],
            [
              -73.79300732928222,
              40.87711835163153
            ],
            [
              -73.7929174977538,
              40.87711835163153
            ],
            [
              -73.7929174977538,
              40.876938688574704
            ],
            [
              -73.79273783469698,
              40.876938688574704
            ],
            [
              -73.79273783469698,
              40.87711835163153
            ],
            [
              -73.79264800316857,
              40.87711835163153
            ],
            [
              -73.79264800316857,
              40.877208183159944
            ],
            [
              -73.79255817164015,
              40.877208183159944
            ],
            [
              -73.79255817164015,
              40.87729801468836
            ],
            [
              -73.79237850858333,
              40.87729801468836
            ],
            [
              -73.79237850858333,
              40.87738784621676
            ],
            [
              -73.79255817164015,
              40.87738784621676
            ],
            [
              -73.79255817164015,
              40.87756750927359
            ],
            [
              -73.79237850858333,
              40.87756750927359
            ],
            [
              -73.79237850858333,
              40.877657340802
            ],
            [
              -73.79228867705491,
              40.877657340802
            ],
            [
              -73.79228867705491,
              40.87783700385882
            ],
            [
              -73.79237850858333,
              40.87783700385882
            ],
            [
              -73.79237850858333,
              40.87801666691565
            ],
            [
              -73.79246834011174,
              40.87801666691565
            ],
            [
              -73.79246834011174,
              40.87810649844406
            ],
            [
              -73.79282766622539,
              40.87810649844406
            ]
          ],
          [
            [
              -73.79264800316857,
              40.87738784621676
            ],
            [
              -73.79273783469698,
              40.87738784621676
            ],
            [
              -73.79273783469698,
              40.87729801468836
            ],
            [
              -73.79264800316857,
              40.87729801468836
            ],
            [
              -73.79264800316857,
              40.87738784621676
            ]
          ]
        ]
      },
      "id": "-821455+455052",
      "properties": {
        "count": 58,
        "label": 1
      }
    },
    {
      "type": "Feature",
      "geometry": {
        "geodesic": false,
        "type": "Polygon",
        "coordinates": [
          [
            [
              -73.79264800316857,
              40.87909464525659
            ],
            [
              -73.79246834011174,
              40.87909464525659
            ],
            [
              -73.79246834011174,
              40.87918447678501
            ],
            [
              -73.79264800316857,
              40.87918447678501
            ],
            [
              -73.79264800316857,
              40.87909464525659
            ]
          ]
        ]
      },
      "id": "-821455+455064",
      "properties": {
        "count": 2,
        "label": 1
      }
    },
    {
      "type": "Feature",
      "geometry": {
        "geodesic": false,
        "type": "Polygon",
        "coordinates": [
          [
            [
              -73.79309716081062,
              40.87855565608612
            ],
            [
              -73.79309716081062,
              40.87846582455771
            ],
            [
              -73.79318699233903,
              40.87846582455771
            ],
            [
              -73.79318699233903,
              40.878375993029294
            ],
            [
              -73.79282766622539,
              40.878375993029294
            ],
            [
              -73.79282766622539,
              40.87855565608612
            ],
            [
              -73.79309716081062,
              40.87855565608612
            ]
          ]
        ]
      },
      "id": "-821459+455057",
      "properties": {
        "count": 7,
        "label": 1
      }
    },
    {
      "type": "Feature",
      "geometry": {
        "geodesic": false,
        "type": "Polygon",
        "coordinates": [
          [
            [
              -73.79327682386744,
              40.87684885704629
            ],
            [
              -73.79327682386744,
              40.876759025517885
            ],
            [
              -73.79345648692427,
              40.876759025517885
            ],
            [
              -73.79345648692427,
              40.87666919398947
            ],
            [
              -73.7936361499811,
              40.87666919398947
            ],
            [
              -73.7936361499811,
              40.87657936246106
            ],
            [
              -73.79336665539586,
              40.87657936246106
            ],
            [
              -73.79336665539586,
              40.87666919398947
            ],
            [
              -73.79327682386744,
              40.87666919398947
            ],
            [
              -73.79327682386744,
              40.876759025517885
            ],
            [
              -73.79309716081062,
              40.876759025517885
            ],
            [
              -73.79309716081062,
              40.87684885704629
            ],
            [
              -73.79327682386744,
              40.87684885704629
            ]
          ]
        ]
      },
      "id": "-821462+455038",
      "properties": {
        "count": 7,
        "label": 1
      }
    },
    {
      "type": "Feature",
      "geometry": {
        "geodesic": false,
        "type": "Polygon",
        "coordinates": [
          [
            [
              -73.79597176971981,
              40.86526058988115
            ],
            [
              -73.79597176971981,
              40.86517075835274
            ],
            [
              -73.79579210666299,
              40.86517075835274
            ],
            [
              -73.79579210666299,
              40.86508092682433
            ],
            [
              -73.79570227513457,
              40.86508092682433
            ],
            [
              -73.79570227513457,
              40.86517075835274
            ],
            [
              -73.79579210666299,
              40.86517075835274
            ],
            [
              -73.79579210666299,
              40.86526058988115
            ],
            [
              -73.79597176971981,
              40.86526058988115
            ]
          ]
        ]
      },
      "id": "-821492+454909",
      "properties": {
        "count": 3,
        "label": 1
      }
    },
    {
      "type": "Feature",
      "geometry": {
        "geodesic": false,
        "type": "Polygon",
        "coordinates": [
          [
            [
              -73.79633109583345,
              40.856996089267255
            ],
            [
              -73.79633109583345,
              40.85690625773884
            ],
            [
              -73.79660059041869,
              40.85690625773884
            ],
            [
              -73.79660059041869,
              40.856726594682016
            ],
            [
              -73.7966904219471,
              40.856726594682016
            ],
            [
              -73.7966904219471,
              40.85654693162519
            ],
            [
              -73.79633109583345,
              40.85654693162519
            ],
            [
              -73.79633109583345,
              40.8566367631536
            ],
            [
              -73.79624126430504,
              40.8566367631536
            ],
            [
              -73.79624126430504,
              40.85654693162519
            ],
            [
              -73.7958819381914,
              40.85654693162519
            ],
            [
              -73.7958819381914,
              40.8566367631536
            ],
            [
              -73.79561244360616,
              40.8566367631536
            ],
            [
              -73.79561244360616,
              40.856726594682016
            ],
            [
              -73.79570227513457,
              40.856726594682016
            ],
            [
              -73.79570227513457,
              40.85681642621043
            ],
            [
              -73.79597176971981,
              40.85681642621043
            ],
            [
              -73.79597176971981,
              40.85690625773884
            ],
            [
              -73.79606160124821,
              40.85690625773884
            ],
            [
              -73.79606160124821,
              40.856996089267255
            ],
            [
              -73.79633109583345,
              40.856996089267255
            ]
          ]
        ]
      },
      "id": "-821495+454817",
      "properties": {
        "count": 40,
        "label": 1
      }
    },
    {
      "type": "Feature",
      "geometry": {
        "geodesic": false,
        "type": "Polygon",
        "coordinates": [
          [
            [
              -73.79624126430504,
              40.86400294848338
            ],
            [
              -73.79606160124821,
              40.86400294848338
            ],
            [
              -73.79606160124821,
              40.864092780011795
            ],
            [
              -73.79624126430504,
              40.864092780011795
            ],
            [
              -73.79624126430504,
              40.86400294848338
            ]
          ]
        ]
      },
      "id": "-821495+454896",
      "properties": {
        "count": 2,
        "label": 1
      }
    },
    {
      "type": "Feature",
      "geometry": {
        "geodesic": false,
        "type": "Polygon",
        "coordinates": [
          [
            [
              -73.79624126430504,
              40.864362274597035
            ],
            [
              -73.79624126430504,
              40.86427244306862
            ],
            [
              -73.79606160124821,
              40.86427244306862
            ],
            [
              -73.79606160124821,
              40.86418261154021
            ],
            [
              -73.79597176971981,
              40.86418261154021
            ],
            [
              -73.79597176971981,
              40.86427244306862
            ],
            [
              -73.79606160124821,
              40.86427244306862
            ],
            [
              -73.79606160124821,
              40.864362274597035
            ],
            [
              -73.79624126430504,
              40.864362274597035
            ]
          ]
        ]
      },
      "id": "-821495+454899",
      "properties": {
        "count": 3,
        "label": 1
      }
    },
    {
      "type": "Feature",
      "geometry": {
        "geodesic": false,
        "type": "Polygon",
        "coordinates": [
          [
            [
              -73.79678025347552,
              40.87217761756887
            ],
            [
              -73.7966904219471,
              40.87217761756887
            ],
            [
              -73.7966904219471,
              40.872267449097286
            ],
            [
              -73.79678025347552,
              40.872267449097286
            ],
            [
              -73.79678025347552,
              40.87217761756887
            ]
          ]
        ]
      },
      "id": "-821502+454987",
      "properties": {
        "count": 1,
        "label": 1
      }
    },
    {
      "type": "Feature",
      "geometry": {
        "geodesic": false,
        "type": "Polygon",
        "coordinates": [
          [
            [
              -73.79704974806074,
              40.876130204819
            ],
            [
              -73.79695991653234,
              40.876130204819
            ],
            [
              -73.79695991653234,
              40.87622003634741
            ],
            [
              -73.79704974806074,
              40.87622003634741
            ],
            [
              -73.79704974806074,
              40.876130204819
            ]
          ]
        ]
      },
      "id": "-821505+455031",
      "properties": {
        "count": 1,
        "label": 1
      }
    },
    {
      "type": "Feature",
      "geometry": {
        "geodesic": false,
        "type": "Polygon",
        "coordinates": [
          [
            [
              -73.79749890570281,
              40.87217761756887
            ],
            [
              -73.79731924264598,
              40.87217761756887
            ],
            [
              -73.79731924264598,
              40.872267449097286
            ],
            [
              -73.79749890570281,
              40.872267449097286
            ],
            [
              -73.79749890570281,
              40.87217761756887
            ]
          ]
        ]
      },
      "id": "-821509+454987",
      "properties": {
        "count": 2,
        "label": 1
      }
    },
    {
      "type": "Feature",
      "geometry": {
        "geodesic": false,
        "type": "Polygon",
        "coordinates": [
          [
            [
              -73.79839722098693,
              40.862924970142444
            ],
            [
              -73.79839722098693,
              40.86283513861403
            ],
            [
              -73.79857688404375,
              40.86283513861403
            ],
            [
              -73.79857688404375,
              40.862655475557204
            ],
            [
              -73.79839722098693,
              40.862655475557204
            ],
            [
              -73.79839722098693,
              40.86274530708562
            ],
            [
              -73.79767856875964,
              40.86274530708562
            ],
            [
              -73.79767856875964,
              40.862655475557204
            ],
            [
              -73.79749890570281,
              40.862655475557204
            ],
            [
              -73.79749890570281,
              40.86256564402879
            ],
            [
              -73.79713957958916,
              40.86256564402879
            ],
            [
              -73.79713957958916,
              40.86247581250038
            ],
            [
              -73.79704974806074,
              40.86247581250038
            ],
            [
              -73.79704974806074,
              40.86256564402879
            ],
            [
              -73.79713957958916,
              40.86256564402879
            ],
            [
              -73.79713957958916,
              40.862655475557204
            ],
            [
              -73.79731924264598,
              40.862655475557204
            ],
            [
              -73.79731924264598,
              40.86274530708562
            ],
            [
              -73.7974090741744,
              40.86274530708562
            ],
            [
              -73.7974090741744,
              40.86283513861403
            ],
            [
              -73.79749890570281,
              40.86283513861403
            ],
            [
              -73.79749890570281,
              40.862924970142444
            ],
            [
              -73.79839722098693,
              40.862924970142444
            ]
          ]
        ]
      },
      "id": "-821511+454883",
      "properties": {
        "count": 34,
        "label": 1
      }
    },
    {
      "type": "Feature",
      "geometry": {
        "geodesic": false,
        "type": "Polygon",
        "coordinates": [
          [
            [
              -73.79812772640169,
              40.8513367029773
            ],
            [
              -73.79794806334488,
              40.8513367029773
            ],
            [
              -73.79794806334488,
              40.85142653450571
            ],
            [
              -73.79812772640169,
              40.85142653450571
            ],
            [
              -73.79812772640169,
              40.8513367029773
            ]
          ]
        ]
      },
      "id": "-821516+454755",
      "properties": {
        "count": 2,
        "label": 1
      }
    },
    {
      "type": "Feature",
      "geometry": {
        "geodesic": false,
        "type": "Polygon",
        "coordinates": [
          [
            [
              -73.79803789487327,
              40.85475030105695
            ],
            [
              -73.79794806334488,
              40.85475030105695
            ],
            [
              -73.79794806334488,
              40.854840132585366
            ],
            [
              -73.79803789487327,
              40.854840132585366
            ],
            [
              -73.79803789487327,
              40.85475030105695
            ]
          ]
        ]
      },
      "id": "-821516+454793",
      "properties": {
        "count": 1,
        "label": 1
      }
    },
    {
      "type": "Feature",
      "geometry": {
        "geodesic": false,
        "type": "Polygon",
        "coordinates": [
          [
            [
              -73.7982175579301,
              40.85088754533524
            ],
            [
              -73.79812772640169,
              40.85088754533524
            ],
            [
              -73.79812772640169,
              40.85097737686365
            ],
            [
              -73.7982175579301,
              40.85097737686365
            ],
            [
              -73.7982175579301,
              40.85088754533524
            ]
          ]
        ]
      },
      "id": "-821518+454750",
      "properties": {
        "count": 1,
        "label": 1
      }
    },
    {
      "type": "Feature",
      "geometry": {
        "geodesic": false,
        "type": "Polygon",
        "coordinates": [
          [
            [
              -73.7990260416858,
              40.85322316507395
            ],
            [
              -73.7990260416858,
              40.853133333545536
            ],
            [
              -73.79893621015741,
              40.853133333545536
            ],
            [
              -73.79893621015741,
              40.852953670488716
            ],
            [
              -73.79875654710058,
              40.852953670488716
            ],
            [
              -73.79875654710058,
              40.853133333545536
            ],
            [
              -73.798846378629,
              40.853133333545536
            ],
            [
              -73.798846378629,
              40.85322316507395
            ],
            [
              -73.7990260416858,
              40.85322316507395
            ]
          ]
        ]
      },
      "id": "-821526+454775",
      "properties": {
        "count": 6,
        "label": 1
      }
    },
    {
      "type": "Feature",
      "geometry": {
        "geodesic": false,
        "type": "Polygon",
        "coordinates": [
          [
            [
              -73.7990260416858,
              40.850258724636355
            ],
            [
              -73.7990260416858,
              40.85016889310794
            ],
            [
              -73.79920570474263,
              40.85016889310794
            ],
            [
              -73.79920570474263,
              40.850079061579535
            ],
            [
              -73.7990260416858,
              40.850079061579535
            ],
            [
              -73.7990260416858,
              40.85016889310794
            ],
            [
              -73.79893621015741,
              40.85016889310794
            ],
            [
              -73.79893621015741,
              40.850258724636355
            ],
            [
              -73.7990260416858,
              40.850258724636355
            ]
          ]
        ]
      },
      "id": "-821527+454742",
      "properties": {
        "count": 3,
        "label": 1
      }
    },
    {
      "type": "Feature",
      "geometry": {
        "geodesic": false,
        "type": "Polygon",
        "coordinates": [
          [
            [
              -73.79974469391311,
              40.84962990393747
            ],
            [
              -73.79974469391311,
              40.84945024088065
            ],
            [
              -73.79983452544153,
              40.84945024088065
            ],
            [
              -73.79983452544153,
              40.84927057782382
            ],
            [
              -73.7996548623847,
              40.84927057782382
            ],
            [
              -73.7996548623847,
              40.84954007240906
            ],
            [
              -73.79956503085629,
              40.84954007240906
            ],
            [
              -73.79956503085629,
              40.84962990393747
            ],
            [
              -73.79974469391311,
              40.84962990393747
            ]
          ]
        ]
      },
      "id": "-821534+454735",
      "properties": {
        "count": 7,
        "label": 1
      }
    },
    {
      "type": "Feature",
      "geometry": {
        "geodesic": false,
        "type": "Polygon",
        "coordinates": [
          [
            [
              -73.79992435696994,
              40.84900108323859
            ],
            [
              -73.79983452544153,
              40.84900108323859
            ],
            [
              -73.79983452544153,
              40.849090914767004
            ],
            [
              -73.79992435696994,
              40.849090914767004
            ],
            [
              -73.79992435696994,
              40.84900108323859
            ]
          ]
        ]
      },
      "id": "-821537+454729",
      "properties": {
        "count": 1,
        "label": 1
      }
    },
    {
      "type": "Feature",
      "geometry": {
        "geodesic": false,
        "type": "Polygon",
        "coordinates": [
          [
            [
              -73.80001418849834,
              40.84846209406812
            ],
            [
              -73.79992435696994,
              40.84846209406812
            ],
            [
              -73.79992435696994,
              40.84864175712494
            ],
            [
              -73.80001418849834,
              40.84864175712494
            ],
            [
              -73.80001418849834,
              40.84846209406812
            ]
          ]
        ]
      },
      "id": "-821538+454724",
      "properties": {
        "count": 2,
        "label": 1
      }
    },
    {
      "type": "Feature",
      "geometry": {
        "geodesic": false,
        "type": "Polygon",
        "coordinates": [
          [
            [
              -73.80037351461199,
              40.84810276795447
            ],
            [
              -73.80037351461199,
              40.84801293642606
            ],
            [
              -73.80055317766882,
              40.84801293642606
            ],
            [
              -73.80055317766882,
              40.847923104897646
            ],
            [
              -73.80037351461199,
              40.847923104897646
            ],
            [
              -73.80037351461199,
              40.84801293642606
            ],
            [
              -73.80019385155516,
              40.84801293642606
            ],
            [
              -73.80019385155516,
              40.84810276795447
            ],
            [
              -73.80037351461199,
              40.84810276795447
            ]
          ]
        ]
      },
      "id": "-821541+454718",
      "properties": {
        "count": 4,
        "label": 1
      }
    },
    {
      "type": "Feature",
      "geometry": {
        "geodesic": false,
        "type": "Polygon",
        "coordinates": [
          [
            [
              -73.8004633461404,
              40.86651823127892
            ],
            [
              -73.80028368308358,
              40.86651823127892
            ],
            [
              -73.80028368308358,
              40.86660806280733
            ],
            [
              -73.8004633461404,
              40.86660806280733
            ],
            [
              -73.8004633461404,
              40.86651823127892
            ]
          ]
        ]
      },
      "id": "-821542+454924",
      "properties": {
        "count": 2,
        "label": 1
      }
    },
    {
      "type": "Feature",
      "geometry": {
        "geodesic": false,
        "type": "Polygon",
        "coordinates": [
          [
            [
              -73.80064300919723,
              40.85223501826142
            ],
            [
              -73.80055317766882,
              40.85223501826142
            ],
            [
              -73.80055317766882,
              40.85232484978983
            ],
            [
              -73.80064300919723,
              40.85232484978983
            ],
            [
              -73.80064300919723,
              40.85223501826142
            ]
          ]
        ]
      },
      "id": "-821545+454765",
      "properties": {
        "count": 1,
        "label": 1
      }
    },
    {
      "type": "Feature",
      "geometry": {
        "geodesic": false,
        "type": "Polygon",
        "coordinates": [
          [
            [
              -73.80082267225406,
              40.85043838769318
            ],
            [
              -73.80064300919723,
              40.85043838769318
            ],
            [
              -73.80064300919723,
              40.850528219221594
            ],
            [
              -73.80082267225406,
              40.850528219221594
            ],
            [
              -73.80082267225406,
              40.85043838769318
            ]
          ]
        ]
      },
      "id": "-821546+454745",
      "properties": {
        "count": 2,
        "label": 1
      }
    },
    {
      "type": "Feature",
      "geometry": {
        "geodesic": false,
        "type": "Polygon",
        "coordinates": [
          [
            [
              -73.80091250378247,
              40.86750637809145
            ],
            [
              -73.80091250378247,
              40.867416546563035
            ],
            [
              -73.80100233531087,
              40.867416546563035
            ],
            [
              -73.80100233531087,
              40.86705722044939
            ],
            [
              -73.80055317766882,
              40.86705722044939
            ],
            [
              -73.80055317766882,
              40.8671470519778
            ],
            [
              -73.80064300919723,
              40.8671470519778
            ],
            [
              -73.80064300919723,
              40.86750637809145
            ],
            [
              -73.80091250378247,
              40.86750637809145
            ]
          ]
        ]
      },
      "id": "-821546+454934",
      "properties": {
        "count": 20,
        "label": 1
      }
    },
    {
      "type": "Feature",
      "geometry": {
        "geodesic": false,
        "type": "Polygon",
        "coordinates": [
          [
            [
              -73.80109216683928,
              40.84828243101129
            ],
            [
              -73.80100233531087,
              40.84828243101129
            ],
            [
              -73.80100233531087,
              40.848372262539705
            ],
            [
              -73.80109216683928,
              40.848372262539705
            ],
            [
              -73.80109216683928,
              40.84828243101129
            ]
          ]
        ]
      },
      "id": "-821550+454721",
      "properties": {
        "count": 1,
        "label": 1
      }
    },
    {
      "type": "Feature",
      "geometry": {
        "geodesic": false,
        "type": "Polygon",
        "coordinates": [
          [
            [
              -73.80127182989611,
              40.84846209406812
            ],
            [
              -73.80109216683928,
              40.84846209406812
            ],
            [
              -73.80109216683928,
              40.84855192559653
            ],
            [
              -73.80127182989611,
              40.84855192559653
            ],
            [
              -73.80127182989611,
              40.84846209406812
            ]
          ]
        ]
      },
      "id": "-821551+454723",
      "properties": {
        "count": 2,
        "label": 1
      }
    },
    {
      "type": "Feature",
      "geometry": {
        "geodesic": false,
        "type": "Polygon",
        "coordinates": [
          [
            [
              -73.80127182989611,
              40.85250451284666
            ],
            [
              -73.8011819983677,
              40.85250451284666
            ],
            [
              -73.8011819983677,
              40.85259434437506
            ],
            [
              -73.80127182989611,
              40.85259434437506
            ],
            [
              -73.80127182989611,
              40.85250451284666
            ]
          ]
        ]
      },
      "id": "-821552+454768",
      "properties": {
        "count": 1,
        "label": 1
      }
    },
    {
      "type": "Feature",
      "geometry": {
        "geodesic": false,
        "type": "Polygon",
        "coordinates": [
          [
            [
              -73.80136166142452,
              40.86678772586416
            ],
            [
              -73.80127182989611,
              40.86678772586416
            ],
            [
              -73.80127182989611,
              40.86687755739257
            ],
            [
              -73.80136166142452,
              40.86687755739257
            ],
            [
              -73.80136166142452,
              40.86678772586416
            ]
          ]
        ]
      },
      "id": "-821553+454927",
      "properties": {
        "count": 1,
        "label": 1
      }
    },
    {
      "type": "Feature",
      "geometry": {
        "geodesic": false,
        "type": "Polygon",
        "coordinates": [
          [
            [
              -73.801900650595,
              40.852414681318244
            ],
            [
              -73.80172098753818,
              40.852414681318244
            ],
            [
              -73.80172098753818,
              40.85268417590348
            ],
            [
              -73.801900650595,
              40.85268417590348
            ],
            [
              -73.801900650595,
              40.852414681318244
            ]
          ]
        ]
      },
      "id": "-821558+454769",
      "properties": {
        "count": 6,
        "label": 1
      }
    },
    {
      "type": "Feature",
      "geometry": {
        "geodesic": false,
        "type": "Polygon",
        "coordinates": [
          [
            [
              -73.80243963976547,
              40.854301143414894
            ],
            [
              -73.80243963976547,
              40.85421131188648
            ],
            [
              -73.80252947129388,
              40.85421131188648
            ],
            [
              -73.80252947129388,
              40.85412148035807
            ],
            [
              -73.8027091343507,
              40.85412148035807
            ],
            [
              -73.8027091343507,
              40.85403164882966
            ],
            [
              -73.80234980823705,
              40.85403164882966
            ],
            [
              -73.80234980823705,
              40.85412148035807
            ],
            [
              -73.80208031365181,
              40.85412148035807
            ],
            [
              -73.80208031365181,
              40.854301143414894
            ],
            [
              -73.80243963976547,
              40.854301143414894
            ]
          ]
        ]
      },
      "id": "-821562+454787",
      "properties": {
        "count": 13,
        "label": 1
      }
    },
    {
      "type": "Feature",
      "geometry": {
        "geodesic": false,
        "type": "Polygon",
        "coordinates": [
          [
            [
              -73.80234980823705,
              40.87208778604046
            ],
            [
              -73.80234980823705,
              40.87199795451205
            ],
            [
              -73.80243963976547,
              40.87199795451205
            ],
            [
              -73.80243963976547,
              40.87190812298363
            ],
            [
              -73.8026193028223,
              40.87190812298363
            ],
            [
              -73.8026193028223,
              40.871728459926814
            ],
            [
              -73.8027091343507,
              40.871728459926814
            ],
            [
              -73.8027091343507,
              40.8716386283984
            ],
            [
              -73.80279896587912,
              40.8716386283984
            ],
            [
              -73.80279896587912,
              40.87154879686999
            ],
            [
              -73.8027091343507,
              40.87154879686999
            ],
            [
              -73.8027091343507,
              40.8716386283984
            ],
            [
              -73.8026193028223,
              40.8716386283984
            ],
            [
              -73.8026193028223,
              40.871728459926814
            ],
            [
              -73.80234980823705,
              40.871728459926814
            ],
            [
              -73.80234980823705,
              40.87190812298363
            ],
            [
              -73.80225997670864,
              40.87190812298363
            ],
            [
              -73.80225997670864,
              40.87199795451205
            ],
            [
              -73.80208031365181,
              40.87199795451205
            ],
            [
              -73.80208031365181,
              40.87208778604046
            ],
            [
              -73.80234980823705,
              40.87208778604046
            ]
          ]
        ]
      },
      "id": "-821562+454985",
      "properties": {
        "count": 13,
        "label": 1
      }
    },
    {
      "type": "Feature",
      "geometry": {
        "geodesic": false,
        "type": "Polygon",
        "coordinates": [
          [
            [
              -73.80225997670864,
              40.864362274597035
            ],
            [
              -73.80225997670864,
              40.86427244306862
            ],
            [
              -73.80234980823705,
              40.86427244306862
            ],
            [
              -73.80234980823705,
              40.86418261154021
            ],
            [
              -73.80225997670864,
              40.86418261154021
            ],
            [
              -73.80225997670864,
              40.86427244306862
            ],
            [
              -73.80217014518023,
              40.86427244306862
            ],
            [
              -73.80217014518023,
              40.864362274597035
            ],
            [
              -73.80225997670864,
              40.864362274597035
            ]
          ]
        ]
      },
      "id": "-821563+454899",
      "properties": {
        "count": 2,
        "label": 1
      }
    },
    {
      "type": "Feature",
      "geometry": {
        "geodesic": false,
        "type": "Polygon",
        "coordinates": [
          [
            [
              -73.80234980823705,
              40.86382328542656
            ],
            [
              -73.80225997670864,
              40.86382328542656
            ],
            [
              -73.80225997670864,
              40.86400294848338
            ],
            [
              -73.80234980823705,
              40.86400294848338
            ],
            [
              -73.80234980823705,
              40.86382328542656
            ]
          ]
        ]
      },
      "id": "-821564+454895",
      "properties": {
        "count": 2,
        "label": 1
      }
    },
    {
      "type": "Feature",
      "geometry": {
        "geodesic": false,
        "type": "Polygon",
        "coordinates": [
          [
            [
              -73.80252947129388,
              40.86319446472768
            ],
            [
              -73.80234980823705,
              40.86319446472768
            ],
            [
              -73.80234980823705,
              40.86328429625609
            ],
            [
              -73.80252947129388,
              40.86328429625609
            ],
            [
              -73.80252947129388,
              40.86319446472768
            ]
          ]
        ]
      },
      "id": "-821565+454887",
      "properties": {
        "count": 2,
        "label": 1
      }
    },
    {
      "type": "Feature",
      "geometry": {
        "geodesic": false,
        "type": "Polygon",
        "coordinates": [
          [
            [
              -73.80243963976547,
              40.86526058988115
            ],
            [
              -73.80234980823705,
              40.86526058988115
            ],
            [
              -73.80234980823705,
              40.865350421409566
            ],
            [
              -73.80243963976547,
              40.865350421409566
            ],
            [
              -73.80243963976547,
              40.86526058988115
            ]
          ]
        ]
      },
      "id": "-821565+454910",
      "properties": {
        "count": 1,
        "label": 1
      }
    },
    {
      "type": "Feature",
      "geometry": {
        "geodesic": false,
        "type": "Polygon",
        "coordinates": [
          [
            [
              -73.80288879740753,
              40.862655475557204
            ],
            [
              -73.80288879740753,
              40.86256564402879
            ],
            [
              -73.80306846046435,
              40.86256564402879
            ],
            [
              -73.80306846046435,
              40.86247581250038
            ],
            [
              -73.80324812352117,
              40.86247581250038
            ],
            [
              -73.80324812352117,
              40.86238598097197
            ],
            [
              -73.80297862893593,
              40.86238598097197
            ],
            [
              -73.80297862893593,
              40.86247581250038
            ],
            [
              -73.80288879740753,
              40.86247581250038
            ],
            [
              -73.80288879740753,
              40.86256564402879
            ],
            [
              -73.80279896587912,
              40.86256564402879
            ],
            [
              -73.80279896587912,
              40.862655475557204
            ],
            [
              -73.80288879740753,
              40.862655475557204
            ]
          ]
        ]
      },
      "id": "-821570+454880",
      "properties": {
        "count": 6,
        "label": 1
      }
    },
    {
      "type": "Feature",
      "geometry": {
        "geodesic": false,
        "type": "Polygon",
        "coordinates": [
          [
            [
              -73.80306846046435,
              40.864811432239094
            ],
            [
              -73.80297862893593,
              40.864811432239094
            ],
            [
              -73.80297862893593,
              40.86490126376751
            ],
            [
              -73.80306846046435,
              40.86490126376751
            ],
            [
              -73.80306846046435,
              40.864811432239094
            ]
          ]
        ]
      },
      "id": "-821572+454905",
      "properties": {
        "count": 1,
        "label": 1
      }
    },
    {
      "type": "Feature",
      "geometry": {
        "geodesic": false,
        "type": "Polygon",
        "coordinates": [
          [
            [
              -73.80306846046435,
              40.8693928401881
            ],
            [
              -73.80297862893593,
              40.8693928401881
            ],
            [
              -73.80297862893593,
              40.86948267171651
            ],
            [
              -73.80306846046435,
              40.86948267171651
            ],
            [
              -73.80306846046435,
              40.8693928401881
            ]
          ]
        ]
      },
      "id": "-821572+454956",
      "properties": {
        "count": 1,
        "label": 1
      }
    },
    {
      "type": "Feature",
      "geometry": {
        "geodesic": false,
        "type": "Polygon",
        "coordinates": [
          [
            [
              -73.803427786578,
              40.87109963922793
            ],
            [
              -73.803427786578,
              40.870830144642696
            ],
            [
              -73.80297862893593,
              40.870830144642696
            ],
            [
              -73.80297862893593,
              40.87074031311428
            ],
            [
              -73.8027091343507,
              40.87074031311428
            ],
            [
              -73.8027091343507,
              40.870830144642696
            ],
            [
              -73.80279896587912,
              40.870830144642696
            ],
            [
              -73.80279896587912,
              40.8709199761711
            ],
            [
              -73.80306846046435,
              40.8709199761711
            ],
            [
              -73.80306846046435,
              40.87109963922793
            ],
            [
              -73.803427786578,
              40.87109963922793
            ]
          ]
        ]
      },
      "id": "-821573+454974",
      "properties": {
        "count": 18,
        "label": 1
      }
    },
    {
      "type": "Feature",
      "geometry": {
        "geodesic": false,
        "type": "Polygon",
        "coordinates": [
          [
            [
              -73.80324812352117,
              40.874333574250755
            ],
            [
              -73.80324812352117,
              40.87424374272235
            ],
            [
              -73.80315829199276,
              40.87424374272235
            ],
            [
              -73.80315829199276,
              40.87406407966552
            ],
            [
              -73.80297862893593,
              40.87406407966552
            ],
            [
              -73.80297862893593,
              40.87424374272235
            ],
            [
              -73.80315829199276,
              40.87424374272235
            ],
            [
              -73.80315829199276,
              40.874333574250755
            ],
            [
              -73.80324812352117,
              40.874333574250755
            ]
          ]
        ]
      },
      "id": "-821574+455010",
      "properties": {
        "count": 5,
        "label": 1
      }
    },
    {
      "type": "Feature",
      "geometry": {
        "geodesic": false,
        "type": "Polygon",
        "coordinates": [
          [
            [
              -73.80351761810641,
              40.86687755739257
            ],
            [
              -73.80351761810641,
              40.86678772586416
            ],
            [
              -73.80378711269165,
              40.86678772586416
            ],
            [
              -73.80378711269165,
              40.86660806280733
            ],
            [
              -73.80387694422006,
              40.86660806280733
            ],
            [
              -73.80387694422006,
              40.86651823127892
            ],
            [
              -73.80396677574846,
              40.86651823127892
            ],
            [
              -73.80396677574846,
              40.866428399750504
            ],
            [
              -73.80387694422006,
              40.866428399750504
            ],
            [
              -73.80387694422006,
              40.86615890516527
            ],
            [
              -73.80414643880529,
              40.86615890516527
            ],
            [
              -73.80414643880529,
              40.86606907363686
            ],
            [
              -73.80387694422006,
              40.86606907363686
            ],
            [
              -73.80387694422006,
              40.86615890516527
            ],
            [
              -73.80378711269165,
              40.86615890516527
            ],
            [
              -73.80378711269165,
              40.865979242108445
            ],
            [
              -73.80387694422006,
              40.865979242108445
            ],
            [
              -73.80387694422006,
              40.86588941058004
            ],
            [
              -73.80396677574846,
              40.86588941058004
            ],
            [
              -73.80396677574846,
              40.865530084466386
            ],
            [
              -73.80378711269165,
              40.865530084466386
            ],
            [
              -73.80378711269165,
              40.86544025293797
            ],
            [
              -73.80369728116324,
              40.86544025293797
            ],
            [
              -73.80369728116324,
              40.865530084466386
            ],
            [
              -73.80378711269165,
              40.865530084466386
            ],
            [
              -73.80378711269165,
              40.8656199159948
            ],
            [
              -73.80387694422006,
              40.8656199159948
            ],
            [
              -73.80387694422006,
              40.865799579051625
            ],
            [
              -73.80378711269165,
              40.865799579051625
            ],
            [
              -73.80378711269165,
              40.86588941058004
            ],
            [
              -73.80360744963482,
              40.86588941058004
            ],
            [
              -73.80360744963482,
              40.866248736693684
            ],
            [
              -73.80378711269165,
              40.866248736693684
            ],
            [
              -73.80378711269165,
              40.86660806280733
            ],
            [
              -73.80360744963482,
              40.86660806280733
            ],
            [
              -73.80360744963482,
              40.86669789433574
            ],
            [
              -73.80351761810641,
              40.86669789433574
            ],
            [
              -73.80351761810641,
              40.86678772586416
            ],
            [
              -73.80324812352117,
              40.86678772586416
            ],
            [
              -73.80324812352117,
              40.86687755739257
            ],
            [
              -73.80351761810641,
              40.86687755739257
            ]
          ]
        ]
      },
      "id": "-821575+454927",
      "properties": {
        "count": 33,
        "label": 1
      }
    },
    {
      "type": "Feature",
      "geometry": {
        "geodesic": false,
        "type": "Polygon",
        "coordinates": [
          [
            [
              -73.80333795504959,
              40.869841997830164
            ],
            [
              -73.80333795504959,
              40.86975216630175
            ],
            [
              -73.803427786578,
              40.86975216630175
            ],
            [
              -73.803427786578,
              40.869572503244925
            ],
            [
              -73.80360744963482,
              40.869572503244925
            ],
            [
              -73.80360744963482,
              40.86948267171651
            ],
            [
              -73.80369728116324,
              40.86948267171651
            ],
            [
              -73.80369728116324,
              40.86975216630175
            ],
            [
              -73.80378711269165,
              40.86975216630175
            ],
            [
              -73.80378711269165,
              40.8693928401881
            ],
            [
              -73.80360744963482,
              40.8693928401881
            ],
            [
              -73.80360744963482,
              40.86948267171651
            ],
            [
              -73.80333795504959,
              40.86948267171651
            ],
            [
              -73.80333795504959,
              40.86975216630175
            ],
            [
              -73.80324812352117,
              40.86975216630175
            ],
            [
              -73.80324812352117,
              40.869841997830164
            ],
            [
              -73.80333795504959,
              40.869841997830164
            ]
          ]
        ]
      },
      "id": "-821575+454960",
      "properties": {
        "count": 11,
        "label": 1
      }
    },
    {
      "type": "Feature",
      "geometry": {
        "geodesic": false,
        "type": "Polygon",
        "coordinates": [
          [
            [
              -73.80360744963482,
              40.87406407966552
            ],
            [
              -73.80351761810641,
              40.87406407966552
            ],
            [
              -73.80351761810641,
              40.874153911193936
            ],
            [
              -73.80360744963482,
              40.874153911193936
            ],
            [
              -73.80360744963482,
              40.87406407966552
            ]
          ]
        ]
      },
      "id": "-821578+455008",
      "properties": {
        "count": 1,
        "label": 1
      }
    },
    {
      "type": "Feature",
      "geometry": {
        "geodesic": false,
        "type": "Polygon",
        "coordinates": [
          [
            [
              -73.80387694422006,
              40.85501979564219
            ],
            [
              -73.80387694422006,
              40.85492996411378
            ],
            [
              -73.80396677574846,
              40.85492996411378
            ],
            [
              -73.80396677574846,
              40.854840132585366
            ],
            [
              -73.80387694422006,
              40.854840132585366
            ],
            [
              -73.80387694422006,
              40.85466046952854
            ],
            [
              -73.80396677574846,
              40.85466046952854
            ],
            [
              -73.80396677574846,
              40.85475030105695
            ],
            [
              -73.80405660727688,
              40.85475030105695
            ],
            [
              -73.80405660727688,
              40.85466046952854
            ],
            [
              -73.8042362703337,
              40.85466046952854
            ],
            [
              -73.8042362703337,
              40.854570638000126
            ],
            [
              -73.80405660727688,
              40.854570638000126
            ],
            [
              -73.80405660727688,
              40.85448080647172
            ],
            [
              -73.80387694422006,
              40.85448080647172
            ],
            [
              -73.80387694422006,
              40.854570638000126
            ],
            [
              -73.80369728116324,
              40.854570638000126
            ],
            [
              -73.80369728116324,
              40.85475030105695
            ],
            [
              -73.80360744963482,
              40.85475030105695
            ],
            [
              -73.80360744963482,
              40.85501979564219
            ],
            [
              -73.80387694422006,
              40.85501979564219
            ]
          ]
        ]
      },
      "id": "-821579+454795",
      "properties": {
        "count": 21,
        "label": 1
      }
    },
    {
      "type": "Feature",
      "geometry": {
        "geodesic": false,
        "type": "Polygon",
        "coordinates": [
          [
            [
              -73.80378711269165,
              40.85636726856837
            ],
            [
              -73.80369728116324,
              40.85636726856837
            ],
            [
              -73.80369728116324,
              40.85645710009678
            ],
            [
              -73.80378711269165,
              40.85645710009678
            ],
            [
              -73.80378711269165,
              40.85636726856837
            ]
          ]
        ]
      },
      "id": "-821580+454811",
      "properties": {
        "count": 1,
        "label": 1
      }
    },
    {
      "type": "Feature",
      "geometry": {
        "geodesic": false,
        "type": "Polygon",
        "coordinates": [
          [
            [
              -73.80387694422006,
              40.871009807699515
            ],
            [
              -73.80387694422006,
              40.8709199761711
            ],
            [
              -73.80405660727688,
              40.8709199761711
            ],
            [
              -73.80405660727688,
              40.870830144642696
            ],
            [
              -73.8042362703337,
              40.870830144642696
            ],
            [
              -73.8042362703337,
              40.87074031311428
            ],
            [
              -73.80441593339053,
              40.87074031311428
            ],
            [
              -73.80441593339053,
              40.87065048158587
            ],
            [
              -73.80450576491894,
              40.87065048158587
            ],
            [
              -73.80450576491894,
              40.87047081852904
            ],
            [
              -73.80477525950418,
              40.87047081852904
            ],
            [
              -73.80477525950418,
              40.87038098700063
            ],
            [
              -73.8048650910326,
              40.87038098700063
            ],
            [
              -73.8048650910326,
              40.87020132394381
            ],
            [
              -73.80477525950418,
              40.87020132394381
            ],
            [
              -73.80477525950418,
              40.87029115547222
            ],
            [
              -73.80459559644736,
              40.87029115547222
            ],
            [
              -73.80459559644736,
              40.87038098700063
            ],
            [
              -73.80441593339053,
              40.87038098700063
            ],
            [
              -73.80441593339053,
              40.87047081852904
            ],
            [
              -73.80405660727688,
              40.87047081852904
            ],
            [
              -73.80405660727688,
              40.870830144642696
            ],
            [
              -73.80378711269165,
              40.870830144642696
            ],
            [
              -73.80378711269165,
              40.8709199761711
            ],
            [
              -73.80369728116324,
              40.8709199761711
            ],
            [
              -73.80369728116324,
              40.871009807699515
            ],
            [
              -73.80387694422006,
              40.871009807699515
            ]
          ]
        ]
      },
      "id": "-821580+454973",
      "properties": {
        "count": 29,
        "label": 1
      }
    },
    {
      "type": "Feature",
      "geometry": {
        "geodesic": false,
        "type": "Polygon",
        "coordinates": [
          [
            [
              -73.80396677574846,
              40.856726594682016
            ],
            [
              -73.80378711269165,
              40.856726594682016
            ],
            [
              -73.80378711269165,
              40.856996089267255
            ],
            [
              -73.80396677574846,
              40.856996089267255
            ],
            [
              -73.80396677574846,
              40.856726594682016
            ]
          ]
        ]
      },
      "id": "-821581+454817",
      "properties": {
        "count": 6,
        "label": 1
      }
    },
    {
      "type": "Feature",
      "geometry": {
        "geodesic": false,
        "type": "Polygon",
        "coordinates": [
          [
            [
              -73.80387694422006,
              40.857445246909315
            ],
            [
              -73.80378711269165,
              40.857445246909315
            ],
            [
              -73.80378711269165,
              40.85753507843772
            ],
            [
              -73.80387694422006,
              40.85753507843772
            ],
            [
              -73.80387694422006,
              40.857445246909315
            ]
          ]
        ]
      },
      "id": "-821581+454823",
      "properties": {
        "count": 1,
        "label": 1
      }
    },
    {
      "type": "Feature",
      "geometry": {
        "geodesic": false,
        "type": "Polygon",
        "coordinates": [
          [
            [
              -73.80450576491894,
              40.86445210612544
            ],
            [
              -73.80450576491894,
              40.864362274597035
            ],
            [
              -73.80459559644736,
              40.864362274597035
            ],
            [
              -73.80459559644736,
              40.86418261154021
            ],
            [
              -73.80450576491894,
              40.86418261154021
            ],
            [
              -73.80450576491894,
              40.86427244306862
            ],
            [
              -73.8042362703337,
              40.86427244306862
            ],
            [
              -73.8042362703337,
              40.86445210612544
            ],
            [
              -73.80450576491894,
              40.86445210612544
            ]
          ]
        ]
      },
      "id": "-821586+454900",
      "properties": {
        "count": 8,
        "label": 1
      }
    },
    {
      "type": "Feature",
      "geometry": {
        "geodesic": false,
        "type": "Polygon",
        "coordinates": [
          [
            [
              -73.80450576491894,
              40.85924187747755
            ],
            [
              -73.80432610186212,
              40.85924187747755
            ],
            [
              -73.80432610186212,
              40.859331709005964
            ],
            [
              -73.80450576491894,
              40.859331709005964
            ],
            [
              -73.80450576491894,
              40.85924187747755
            ]
          ]
        ]
      },
      "id": "-821587+454843",
      "properties": {
        "count": 2,
        "label": 1
      }
    },
    {
      "type": "Feature",
      "geometry": {
        "geodesic": false,
        "type": "Polygon",
        "coordinates": [
          [
            [
              -73.80504475408941,
              40.87397424813711
            ],
            [
              -73.80504475408941,
              40.87379458508029
            ],
            [
              -73.804954922561,
              40.87379458508029
            ],
            [
              -73.804954922561,
              40.873884416608696
            ],
            [
              -73.80459559644736,
              40.873884416608696
            ],
            [
              -73.80459559644736,
              40.87397424813711
            ],
            [
              -73.80504475408941,
              40.87397424813711
            ]
          ]
        ]
      },
      "id": "-821590+455006",
      "properties": {
        "count": 6,
        "label": 1
      }
    },
    {
      "type": "Feature",
      "geometry": {
        "geodesic": false,
        "type": "Polygon",
        "coordinates": [
          [
            [
              -73.80477525950418,
              40.87406407966552
            ],
            [
              -73.80468542797577,
              40.87406407966552
            ],
            [
              -73.80468542797577,
              40.874153911193936
            ],
            [
              -73.80477525950418,
              40.874153911193936
            ],
            [
              -73.80477525950418,
              40.87406407966552
            ]
          ]
        ]
      },
      "id": "-821591+455008",
      "properties": {
        "count": 1,
        "label": 1
      }
    },
    {
      "type": "Feature",
      "geometry": {
        "geodesic": false,
        "type": "Polygon",
        "coordinates": [
          [
            [
              -73.80504475408941,
              40.86651823127892
            ],
            [
              -73.80504475408941,
              40.86606907363686
            ],
            [
              -73.80432610186212,
              40.86606907363686
            ],
            [
              -73.80432610186212,
              40.86615890516527
            ],
            [
              -73.80459559644736,
              40.86615890516527
            ],
            [
              -73.80459559644736,
              40.866248736693684
            ],
            [
              -73.80468542797577,
              40.866248736693684
            ],
            [
              -73.80468542797577,
              40.86615890516527
            ],
            [
              -73.804954922561,
              40.86615890516527
            ],
            [
              -73.804954922561,
              40.86651823127892
            ],
            [
              -73.80504475408941,
              40.86651823127892
            ]
          ]
        ]
      },
      "id": "-821594+454923",
      "properties": {
        "count": 13,
        "label": 1
      }
    },
    {
      "type": "Feature",
      "geometry": {
        "geodesic": false,
        "type": "Polygon",
        "coordinates": [
          [
            [
              -73.80504475408941,
              40.86669789433574
            ],
            [
              -73.804954922561,
              40.86669789433574
            ],
            [
              -73.804954922561,
              40.86678772586416
            ],
            [
              -73.80504475408941,
              40.86678772586416
            ],
            [
              -73.80504475408941,
              40.86669789433574
            ]
          ]
        ]
      },
      "id": "-821594+454926",
      "properties": {
        "count": 1,
        "label": 1
      }
    },
    {
      "type": "Feature",
      "geometry": {
        "geodesic": false,
        "type": "Polygon",
        "coordinates": [
          [
            [
              -73.80504475408941,
              40.867236883506216
            ],
            [
              -73.804954922561,
              40.867236883506216
            ],
            [
              -73.804954922561,
              40.86732671503463
            ],
            [
              -73.80504475408941,
              40.86732671503463
            ],
            [
              -73.80504475408941,
              40.867236883506216
            ]
          ]
        ]
      },
      "id": "-821594+454932",
      "properties": {
        "count": 1,
        "label": 1
      }
    },
    {
      "type": "Feature",
      "geometry": {
        "geodesic": false,
        "type": "Polygon",
        "coordinates": [
          [
            [
              -73.80549391173147,
              40.86795553573351
            ],
            [
              -73.80522441714623,
              40.86795553573351
            ],
            [
              -73.80522441714623,
              40.86804536726192
            ],
            [
              -73.80549391173147,
              40.86804536726192
            ],
            [
              -73.80549391173147,
              40.86795553573351
            ]
          ]
        ]
      },
      "id": "-821597+454940",
      "properties": {
        "count": 3,
        "label": 1
      }
    },
    {
      "type": "Feature",
      "geometry": {
        "geodesic": false,
        "type": "Polygon",
        "coordinates": [
          [
            [
              -73.80612273243035,
              40.85987069817644
            ],
            [
              -73.80603290090194,
              40.85987069817644
            ],
            [
              -73.80603290090194,
              40.85996052970485
            ],
            [
              -73.80612273243035,
              40.85996052970485
            ],
            [
              -73.80612273243035,
              40.85987069817644
            ]
          ]
        ]
      },
      "id": "-821606+454850",
      "properties": {
        "count": 1,
        "label": 1
      }
    },
    {
      "type": "Feature",
      "geometry": {
        "geodesic": false,
        "type": "Polygon",
        "coordinates": [
          [
            [
              -73.80630239548718,
              40.868135198790334
            ],
            [
              -73.80612273243035,
              40.868135198790334
            ],
            [
              -73.80612273243035,
              40.86822503031875
            ],
            [
              -73.80630239548718,
              40.86822503031875
            ],
            [
              -73.80630239548718,
              40.868135198790334
            ]
          ]
        ]
      },
      "id": "-821607+454942",
      "properties": {
        "count": 2,
        "label": 1
      }
    },
    {
      "type": "Feature",
      "geometry": {
        "geodesic": false,
        "type": "Polygon",
        "coordinates": [
          [
            [
              -73.80630239548718,
              40.86166732874467
            ],
            [
              -73.80630239548718,
              40.86157749721626
            ],
            [
              -73.806482058544,
              40.86157749721626
            ],
            [
              -73.806482058544,
              40.86130800263103
            ],
            [
              -73.80630239548718,
              40.86130800263103
            ],
            [
              -73.80630239548718,
              40.86157749721626
            ],
            [
              -73.80621256395877,
              40.86157749721626
            ],
            [
              -73.80621256395877,
              40.86166732874467
            ],
            [
              -73.80630239548718,
              40.86166732874467
            ]
          ]
        ]
      },
      "id": "-821608+454869",
      "properties": {
        "count": 7,
        "label": 1
      }
    },
    {
      "type": "Feature",
      "geometry": {
        "geodesic": false,
        "type": "Polygon",
        "coordinates": [
          [
            [
              -73.80639222701559,
              40.87047081852904
            ],
            [
              -73.80630239548718,
              40.87047081852904
            ],
            [
              -73.80630239548718,
              40.870560650057456
            ],
            [
              -73.80639222701559,
              40.870560650057456
            ],
            [
              -73.80639222701559,
              40.87047081852904
            ]
          ]
        ]
      },
      "id": "-821609+454968",
      "properties": {
        "count": 1,
        "label": 1
      }
    },
    {
      "type": "Feature",
      "geometry": {
        "geodesic": false,
        "type": "Polygon",
        "coordinates": [
          [
            [
              -73.80657189007242,
              40.85969103511961
            ],
            [
              -73.806482058544,
              40.85969103511961
            ],
            [
              -73.806482058544,
              40.85978086664802
            ],
            [
              -73.80657189007242,
              40.85978086664802
            ],
            [
              -73.80657189007242,
              40.85969103511961
            ]
          ]
        ]
      },
      "id": "-821611+454848",
      "properties": {
        "count": 1,
        "label": 1
      }
    },
    {
      "type": "Feature",
      "geometry": {
        "geodesic": false,
        "type": "Polygon",
        "coordinates": [
          [
            [
              -73.80657189007242,
              40.861218171102614
            ],
            [
              -73.80657189007242,
              40.8611283395742
            ],
            [
              -73.80666172160083,
              40.8611283395742
            ],
            [
              -73.80666172160083,
              40.86094867651738
            ],
            [
              -73.80657189007242,
              40.86094867651738
            ],
            [
              -73.80657189007242,
              40.86103850804579
            ],
            [
              -73.806482058544,
              40.86103850804579
            ],
            [
              -73.806482058544,
              40.861218171102614
            ],
            [
              -73.80657189007242,
              40.861218171102614
            ]
          ]
        ]
      },
      "id": "-821611+454864",
      "properties": {
        "count": 4,
        "label": 1
      }
    },
    {
      "type": "Feature",
      "geometry": {
        "geodesic": false,
        "type": "Polygon",
        "coordinates": [
          [
            [
              -73.80666172160083,
              40.86849452490398
            ],
            [
              -73.80666172160083,
              40.86831486184716
            ],
            [
              -73.80630239548718,
              40.86831486184716
            ],
            [
              -73.80630239548718,
              40.86840469337557
            ],
            [
              -73.80657189007242,
              40.86840469337557
            ],
            [
              -73.80657189007242,
              40.86849452490398
            ],
            [
              -73.80666172160083,
              40.86849452490398
            ]
          ]
        ]
      },
      "id": "-821612+454945",
      "properties": {
        "count": 5,
        "label": 1
      }
    },
    {
      "type": "Feature",
      "geometry": {
        "geodesic": false,
        "type": "Polygon",
        "coordinates": [
          [
            [
              -73.80693121618606,
              40.86040968734691
            ],
            [
              -73.80684138465766,
              40.86040968734691
            ],
            [
              -73.80684138465766,
              40.860499518875315
            ],
            [
              -73.80693121618606,
              40.860499518875315
            ],
            [
              -73.80693121618606,
              40.86040968734691
            ]
          ]
        ]
      },
      "id": "-821615+454856",
      "properties": {
        "count": 1,
        "label": 1
      }
    },
    {
      "type": "Feature",
      "geometry": {
        "geodesic": false,
        "type": "Polygon",
        "coordinates": [
          [
            [
              -73.80729054229971,
              40.860499518875315
            ],
            [
              -73.80702104771447,
              40.860499518875315
            ],
            [
              -73.80702104771447,
              40.86058935040373
            ],
            [
              -73.80729054229971,
              40.86058935040373
            ],
            [
              -73.80729054229971,
              40.860499518875315
            ]
          ]
        ]
      },
      "id": "-821617+454857",
      "properties": {
        "count": 3,
        "label": 1
      }
    },
    {
      "type": "Feature",
      "geometry": {
        "geodesic": false,
        "type": "Polygon",
        "coordinates": [
          [
            [
              -73.80773969994178,
              40.86966233477334
            ],
            [
              -73.80773969994178,
              40.86948267171651
            ],
            [
              -73.80764986841336,
              40.86948267171651
            ],
            [
              -73.80764986841336,
              40.869572503244925
            ],
            [
              -73.80747020535654,
              40.869572503244925
            ],
            [
              -73.80747020535654,
              40.86966233477334
            ],
            [
              -73.80773969994178,
              40.86966233477334
            ]
          ]
        ]
      },
      "id": "-821622+454958",
      "properties": {
        "count": 4,
        "label": 1
      }
    },
    {
      "type": "Feature",
      "geometry": {
        "geodesic": false,
        "type": "Polygon",
        "coordinates": [
          [
            [
              -73.80756003688495,
              40.87118947075634
            ],
            [
              -73.80747020535654,
              40.87118947075634
            ],
            [
              -73.80747020535654,
              40.871279302284755
            ],
            [
              -73.80756003688495,
              40.871279302284755
            ],
            [
              -73.80756003688495,
              40.87118947075634
            ]
          ]
        ]
      },
      "id": "-821622+454976",
      "properties": {
        "count": 1,
        "label": 1
      }
    },
    {
      "type": "Feature",
      "geometry": {
        "geodesic": false,
        "type": "Polygon",
        "coordinates": [
          [
            [
              -73.80782953147019,
              40.86840469337557
            ],
            [
              -73.80782953147019,
              40.86831486184716
            ],
            [
              -73.808009194527,
              40.86831486184716
            ],
            [
              -73.808009194527,
              40.86822503031875
            ],
            [
              -73.80782953147019,
              40.86822503031875
            ],
            [
              -73.80782953147019,
              40.86831486184716
            ],
            [
              -73.80764986841336,
              40.86831486184716
            ],
            [
              -73.80764986841336,
              40.86840469337557
            ],
            [
              -73.80782953147019,
              40.86840469337557
            ]
          ]
        ]
      },
      "id": "-821624+454944",
      "properties": {
        "count": 4,
        "label": 1
      }
    },
    {
      "type": "Feature",
      "geometry": {
        "geodesic": false,
        "type": "Polygon",
        "coordinates": [
          [
            [
              -73.80827868911224,
              40.863643622369736
            ],
            [
              -73.80818885758383,
              40.863643622369736
            ],
            [
              -73.80818885758383,
              40.86373345389815
            ],
            [
              -73.80827868911224,
              40.86373345389815
            ],
            [
              -73.80827868911224,
              40.863643622369736
            ]
          ]
        ]
      },
      "id": "-821630+454892",
      "properties": {
        "count": 1,
        "label": 1
      }
    },
    {
      "type": "Feature",
      "geometry": {
        "geodesic": false,
        "type": "Polygon",
        "coordinates": [
          [
            [
              -73.80836852064066,
              40.860319855818496
            ],
            [
              -73.80827868911224,
              40.860319855818496
            ],
            [
              -73.80827868911224,
              40.86040968734691
            ],
            [
              -73.80836852064066,
              40.86040968734691
            ],
            [
              -73.80836852064066,
              40.860319855818496
            ]
          ]
        ]
      },
      "id": "-821631+454855",
      "properties": {
        "count": 1,
        "label": 1
      }
    },
    {
      "type": "Feature",
      "geometry": {
        "geodesic": false,
        "type": "Polygon",
        "coordinates": [
          [
            [
              -73.80881767828272,
              40.86858435643239
            ],
            [
              -73.80881767828272,
              40.86849452490398
            ],
            [
              -73.80854818369748,
              40.86849452490398
            ],
            [
              -73.80854818369748,
              40.86840469337557
            ],
            [
              -73.80836852064066,
              40.86840469337557
            ],
            [
              -73.80836852064066,
              40.86849452490398
            ],
            [
              -73.80854818369748,
              40.86849452490398
            ],
            [
              -73.80854818369748,
              40.86858435643239
            ],
            [
              -73.80881767828272,
              40.86858435643239
            ]
          ]
        ]
      },
      "id": "-821634+454946",
      "properties": {
        "count": 5,
        "label": 1
      }
    },
    {
      "type": "Feature",
      "geometry": {
        "geodesic": false,
        "type": "Polygon",
        "coordinates": [
          [
            [
              -73.80890750981112,
              40.87181829145523
            ],
            [
              -73.80890750981112,
              40.8716386283984
            ],
            [
              -73.80872784675431,
              40.8716386283984
            ],
            [
              -73.80872784675431,
              40.87154879686999
            ],
            [
              -73.8086380152259,
              40.87154879686999
            ],
            [
              -73.8086380152259,
              40.8716386283984
            ],
            [
              -73.80854818369748,
              40.8716386283984
            ],
            [
              -73.80854818369748,
              40.871728459926814
            ],
            [
              -73.8086380152259,
              40.871728459926814
            ],
            [
              -73.8086380152259,
              40.87181829145523
            ],
            [
              -73.80890750981112,
              40.87181829145523
            ]
          ]
        ]
      },
      "id": "-821635+454982",
      "properties": {
        "count": 8,
        "label": 1
      }
    },
    {
      "type": "Feature",
      "geometry": {
        "geodesic": false,
        "type": "Polygon",
        "coordinates": [
          [
            [
              -73.80908717286795,
              40.871279302284755
            ],
            [
              -73.80899734133953,
              40.871279302284755
            ],
            [
              -73.80899734133953,
              40.87136913381316
            ],
            [
              -73.80908717286795,
              40.87136913381316
            ],
            [
              -73.80908717286795,
              40.871279302284755
            ]
          ]
        ]
      },
      "id": "-821639+454977",
      "properties": {
        "count": 1,
        "label": 1
      }
    },
    {
      "type": "Feature",
      "geometry": {
        "geodesic": false,
        "type": "Polygon",
        "coordinates": [
          [
            [
              -73.8094464989816,
              40.86903351407445
            ],
            [
              -73.8094464989816,
              40.86885385101763
            ],
            [
              -73.80953633051001,
              40.86885385101763
            ],
            [
              -73.80953633051001,
              40.86876401948922
            ],
            [
              -73.8094464989816,
              40.86876401948922
            ],
            [
              -73.8094464989816,
              40.868674187960806
            ],
            [
              -73.80926683592477,
              40.868674187960806
            ],
            [
              -73.80926683592477,
              40.86858435643239
            ],
            [
              -73.80917700439636,
              40.86858435643239
            ],
            [
              -73.80917700439636,
              40.868674187960806
            ],
            [
              -73.80926683592477,
              40.868674187960806
            ],
            [
              -73.80926683592477,
              40.86876401948922
            ],
            [
              -73.80917700439636,
              40.86876401948922
            ],
            [
              -73.80917700439636,
              40.86894368254604
            ],
            [
              -73.80926683592477,
              40.86894368254604
            ],
            [
              -73.80926683592477,
              40.86903351407445
            ],
            [
              -73.8094464989816,
              40.86903351407445
            ]
          ]
        ]
      },
      "id": "-821642+454951",
      "properties": {
        "count": 12,
        "label": 1
      }
    },
    {
      "type": "Feature",
      "geometry": {
        "geodesic": false,
        "type": "Polygon",
        "coordinates": [
          [
            [
              -73.80962616203843,
              40.871728459926814
            ],
            [
              -73.80962616203843,
              40.8716386283984
            ],
            [
              -73.80980582509525,
              40.8716386283984
            ],
            [
              -73.80980582509525,
              40.871279302284755
            ],
            [
              -73.80971599356684,
              40.871279302284755
            ],
            [
              -73.80971599356684,
              40.87109963922793
            ],
            [
              -73.80980582509525,
              40.87109963922793
            ],
            [
              -73.80980582509525,
              40.871009807699515
            ],
            [
              -73.80971599356684,
              40.871009807699515
            ],
            [
              -73.80971599356684,
              40.8709199761711
            ],
            [
              -73.80962616203843,
              40.8709199761711
            ],
            [
              -73.80962616203843,
              40.870830144642696
            ],
            [
              -73.8094464989816,
              40.870830144642696
            ],
            [
              -73.8094464989816,
              40.8709199761711
            ],
            [
              -73.80935666745319,
              40.8709199761711
            ],
            [
              -73.80935666745319,
              40.871009807699515
            ],
            [
              -73.80962616203843,
              40.871009807699515
            ],
            [
              -73.80962616203843,
              40.87136913381316
            ],
            [
              -73.80935666745319,
              40.87136913381316
            ],
            [
              -73.80935666745319,
              40.871458965341574
            ],
            [
              -73.80962616203843,
              40.871458965341574
            ],
            [
              -73.80962616203843,
              40.8716386283984
            ],
            [
              -73.8094464989816,
              40.8716386283984
            ],
            [
              -73.8094464989816,
              40.871728459926814
            ],
            [
              -73.80962616203843,
              40.871728459926814
            ]
          ],
          [
            [
              -73.80962616203843,
              40.871458965341574
            ],
            [
              -73.80971599356684,
              40.871458965341574
            ],
            [
              -73.80971599356684,
              40.87136913381316
            ],
            [
              -73.80962616203843,
              40.87136913381316
            ],
            [
              -73.80962616203843,
              40.871458965341574
            ]
          ]
        ]
      },
      "id": "-821644+454981",
      "properties": {
        "count": 22,
        "label": 1
      }
    },
    {
      "type": "Feature",
      "geometry": {
        "geodesic": false,
        "type": "Polygon",
        "coordinates": [
          [
            [
              -73.8102549827373,
              40.86157749721626
            ],
            [
              -73.81016515120889,
              40.86157749721626
            ],
            [
              -73.81016515120889,
              40.86166732874467
            ],
            [
              -73.8102549827373,
              40.86166732874467
            ],
            [
              -73.8102549827373,
              40.86157749721626
            ]
          ]
        ]
      },
      "id": "-821652+454869",
      "properties": {
        "count": 1,
        "label": 1
      }
    },
    {
      "type": "Feature",
      "geometry": {
        "geodesic": false,
        "type": "Polygon",
        "coordinates": [
          [
            [
              -73.81052447732255,
              40.87424374272235
            ],
            [
              -73.81043464579413,
              40.87424374272235
            ],
            [
              -73.81043464579413,
              40.874333574250755
            ],
            [
              -73.81052447732255,
              40.874333574250755
            ],
            [
              -73.81052447732255,
              40.87424374272235
            ]
          ]
        ]
      },
      "id": "-821655+455010",
      "properties": {
        "count": 1,
        "label": 1
      }
    },
    {
      "type": "Feature",
      "geometry": {
        "geodesic": false,
        "type": "Polygon",
        "coordinates": [
          [
            [
              -73.81088380343618,
              40.87253694368252
            ],
            [
              -73.81088380343618,
              40.872267449097286
            ],
            [
              -73.8109736349646,
              40.872267449097286
            ],
            [
              -73.8109736349646,
              40.87217761756887
            ],
            [
              -73.81115329802142,
              40.87217761756887
            ],
            [
              -73.81115329802142,
              40.87208778604046
            ],
            [
              -73.8109736349646,
              40.87208778604046
            ],
            [
              -73.8109736349646,
              40.87217761756887
            ],
            [
              -73.81088380343618,
              40.87217761756887
            ],
            [
              -73.81088380343618,
              40.872267449097286
            ],
            [
              -73.81079397190778,
              40.872267449097286
            ],
            [
              -73.81079397190778,
              40.872447112154106
            ],
            [
              -73.81061430885096,
              40.872447112154106
            ],
            [
              -73.81061430885096,
              40.87253694368252
            ],
            [
              -73.81088380343618,
              40.87253694368252
            ]
          ]
        ]
      },
      "id": "-821657+454990",
      "properties": {
        "count": 8,
        "label": 1
      }
    },
    {
      "type": "Feature",
      "geometry": {
        "geodesic": false,
        "type": "Polygon",
        "coordinates": [
          [
            [
              -73.81151262413508,
              40.862924970142444
            ],
            [
              -73.81151262413508,
              40.86283513861403
            ],
            [
              -73.81142279260666,
              40.86283513861403
            ],
            [
              -73.81142279260666,
              40.86274530708562
            ],
            [
              -73.81133296107825,
              40.86274530708562
            ],
            [
              -73.81133296107825,
              40.86283513861403
            ],
            [
              -73.81142279260666,
              40.86283513861403
            ],
            [
              -73.81142279260666,
              40.862924970142444
            ],
            [
              -73.81151262413508,
              40.862924970142444
            ]
          ]
        ]
      },
      "id": "-821666+454883",
      "properties": {
        "count": 2,
        "label": 1
      }
    },
    {
      "type": "Feature",
      "geometry": {
        "geodesic": false,
        "type": "Polygon",
        "coordinates": [
          [
            [
              -73.81196178177713,
              40.87325559590982
            ],
            [
              -73.81196178177713,
              40.873165764381405
            ],
            [
              -73.81205161330554,
              40.873165764381405
            ],
            [
              -73.81205161330554,
              40.87307593285299
            ],
            [
              -73.81214144483396,
              40.87307593285299
            ],
            [
              -73.81214144483396,
              40.87298610132458
            ],
            [
              -73.81232110789078,
              40.87298610132458
            ],
            [
              -73.81232110789078,
              40.872896269796165
            ],
            [
              -73.81196178177713,
              40.872896269796165
            ],
            [
              -73.81196178177713,
              40.87307593285299
            ],
            [
              -73.81178211872032,
              40.87307593285299
            ],
            [
              -73.81178211872032,
              40.873165764381405
            ],
            [
              -73.8116922871919,
              40.873165764381405
            ],
            [
              -73.8116922871919,
              40.87325559590982
            ],
            [
              -73.81196178177713,
              40.87325559590982
            ]
          ]
        ]
      },
      "id": "-821669+454998",
      "properties": {
        "count": 12,
        "label": 1
      }
    },
    {
      "type": "Feature",
      "geometry": {
        "geodesic": false,
        "type": "Polygon",
        "coordinates": [
          [
            [
              -73.81205161330554,
              40.874153911193936
            ],
            [
              -73.81205161330554,
              40.87406407966552
            ],
            [
              -73.81214144483396,
              40.87406407966552
            ],
            [
              -73.81214144483396,
              40.874153911193936
            ],
            [
              -73.81232110789078,
              40.874153911193936
            ],
            [
              -73.81232110789078,
              40.87406407966552
            ],
            [
              -73.81214144483396,
              40.87406407966552
            ],
            [
              -73.81214144483396,
              40.87397424813711
            ],
            [
              -73.81196178177713,
              40.87397424813711
            ],
            [
              -73.81196178177713,
              40.87379458508029
            ],
            [
              -73.81178211872032,
              40.87379458508029
            ],
            [
              -73.81178211872032,
              40.873345427438224
            ],
            [
              -73.81160245566349,
              40.873345427438224
            ],
            [
              -73.81160245566349,
              40.873165764381405
            ],
            [
              -73.81142279260666,
              40.873165764381405
            ],
            [
              -73.81142279260666,
              40.87307593285299
            ],
            [
              -73.81124312954984,
              40.87307593285299
            ],
            [
              -73.81124312954984,
              40.87325559590982
            ],
            [
              -73.81106346649301,
              40.87325559590982
            ],
            [
              -73.81106346649301,
              40.87343525896664
            ],
            [
              -73.8109736349646,
              40.87343525896664
            ],
            [
              -73.8109736349646,
              40.87370475355188
            ],
            [
              -73.81133296107825,
              40.87370475355188
            ],
            [
              -73.81133296107825,
              40.87379458508029
            ],
            [
              -73.81142279260666,
              40.87379458508029
            ],
            [
              -73.81142279260666,
              40.87397424813711
            ],
            [
              -73.81160245566349,
              40.87397424813711
            ],
            [
              -73.81160245566349,
              40.87406407966552
            ],
            [
              -73.8116922871919,
              40.87406407966552
            ],
            [
              -73.8116922871919,
              40.874153911193936
            ],
            [
              -73.81205161330554,
              40.874153911193936
            ]
          ]
        ]
      },
      "id": "-821669+455008",
      "properties": {
        "count": 76,
        "label": 1
      }
    },
    {
      "type": "Feature",
      "geometry": {
        "geodesic": false,
        "type": "Polygon",
        "coordinates": [
          [
            [
              -73.81232110789078,
              40.873614922023464
            ],
            [
              -73.81214144483396,
              40.873614922023464
            ],
            [
              -73.81214144483396,
              40.87370475355188
            ],
            [
              -73.81232110789078,
              40.87370475355188
            ],
            [
              -73.81232110789078,
              40.873614922023464
            ]
          ]
        ]
      },
      "id": "-821674+455003",
      "properties": {
        "count": 2,
        "label": 1
      }
    },
    {
      "type": "Feature",
      "geometry": {
        "geodesic": false,
        "type": "Polygon",
        "coordinates": [
          [
            [
              -73.81268043400443,
              40.872267449097286
            ],
            [
              -73.8124109394192,
              40.872267449097286
            ],
            [
              -73.8124109394192,
              40.87253694368252
            ],
            [
              -73.81268043400443,
              40.87253694368252
            ],
            [
              -73.81268043400443,
              40.872267449097286
            ]
          ]
        ]
      },
      "id": "-821677+454990",
      "properties": {
        "count": 9,
        "label": 1
      }
    },
    {
      "type": "Feature",
      "geometry": {
        "geodesic": false,
        "type": "Polygon",
        "coordinates": [
          [
            [
              -73.81268043400443,
              40.87262677521093
            ],
            [
              -73.81250077094761,
              40.87262677521093
            ],
            [
              -73.81250077094761,
              40.872716606739345
            ],
            [
              -73.81268043400443,
              40.872716606739345
            ],
            [
              -73.81268043400443,
              40.87262677521093
            ]
          ]
        ]
      },
      "id": "-821678+454992",
      "properties": {
        "count": 2,
        "label": 1
      }
    },
    {
      "type": "Feature",
      "geometry": {
        "geodesic": false,
        "type": "Polygon",
        "coordinates": [
          [
            [
              -73.81268043400443,
              40.87280643826776
            ],
            [
              -73.81250077094761,
              40.87280643826776
            ],
            [
              -73.81250077094761,
              40.872896269796165
            ],
            [
              -73.81268043400443,
              40.872896269796165
            ],
            [
              -73.81268043400443,
              40.87280643826776
            ]
          ]
        ]
      },
      "id": "-821678+454994",
      "properties": {
        "count": 2,
        "label": 1
      }
    },
    {
      "type": "Feature",
      "geometry": {
        "geodesic": false,
        "type": "Polygon",
        "coordinates": [
          [
            [
              -73.81277026553285,
              40.870830144642696
            ],
            [
              -73.81259060247602,
              40.870830144642696
            ],
            [
              -73.81259060247602,
              40.8709199761711
            ],
            [
              -73.81277026553285,
              40.8709199761711
            ],
            [
              -73.81277026553285,
              40.870830144642696
            ]
          ]
        ]
      },
      "id": "-821679+454972",
      "properties": {
        "count": 2,
        "label": 1
      }
    },
    {
      "type": "Feature",
      "geometry": {
        "geodesic": false,
        "type": "Polygon",
        "coordinates": [
          [
            [
              -73.81286009706125,
              40.87352509049505
            ],
            [
              -73.81286009706125,
              40.87343525896664
            ],
            [
              -73.81330925470331,
              40.87343525896664
            ],
            [
              -73.81330925470331,
              40.87352509049505
            ],
            [
              -73.81339908623173,
              40.87352509049505
            ],
            [
              -73.81339908623173,
              40.87343525896664
            ],
            [
              -73.81348891776014,
              40.87343525896664
            ],
            [
              -73.81348891776014,
              40.873345427438224
            ],
            [
              -73.81357874928855,
              40.873345427438224
            ],
            [
              -73.81357874928855,
              40.87307593285299
            ],
            [
              -73.81348891776014,
              40.87307593285299
            ],
            [
              -73.81348891776014,
              40.873165764381405
            ],
            [
              -73.8132194231749,
              40.873165764381405
            ],
            [
              -73.8132194231749,
              40.87325559590982
            ],
            [
              -73.81277026553285,
              40.87325559590982
            ],
            [
              -73.81277026553285,
              40.873345427438224
            ],
            [
              -73.81268043400443,
              40.873345427438224
            ],
            [
              -73.81268043400443,
              40.87343525896664
            ],
            [
              -73.81277026553285,
              40.87343525896664
            ],
            [
              -73.81277026553285,
              40.87352509049505
            ],
            [
              -73.81286009706125,
              40.87352509049505
            ]
          ]
        ]
      },
      "id": "-821681+455001",
      "properties": {
        "count": 25,
        "label": 1
      }
    },
    {
      "type": "Feature",
      "geometry": {
        "geodesic": false,
        "type": "Polygon",
        "coordinates": [
          [
            [
              -73.81303976011807,
              40.87568104717694
            ],
            [
              -73.81303976011807,
              40.87559121564853
            ],
            [
              -73.81294992858966,
              40.87559121564853
            ],
            [
              -73.81294992858966,
              40.87550138412011
            ],
            [
              -73.81286009706125,
              40.87550138412011
            ],
            [
              -73.81286009706125,
              40.87559121564853
            ],
            [
              -73.81277026553285,
              40.87559121564853
            ],
            [
              -73.81277026553285,
              40.87532172106329
            ],
            [
              -73.81259060247602,
              40.87532172106329
            ],
            [
              -73.81259060247602,
              40.87514205800647
            ],
            [
              -73.81250077094761,
              40.87514205800647
            ],
            [
              -73.81250077094761,
              40.875052226478054
            ],
            [
              -73.8124109394192,
              40.875052226478054
            ],
            [
              -73.8124109394192,
              40.87496239494964
            ],
            [
              -73.81223127636237,
              40.87496239494964
            ],
            [
              -73.81223127636237,
              40.87469290036441
            ],
            [
              -73.81214144483396,
              40.87469290036441
            ],
            [
              -73.81214144483396,
              40.874603068835995
            ],
            [
              -73.81223127636237,
              40.874603068835995
            ],
            [
              -73.81223127636237,
              40.874333574250755
            ],
            [
              -73.81214144483396,
              40.874333574250755
            ],
            [
              -73.81214144483396,
              40.874603068835995
            ],
            [
              -73.81205161330554,
              40.874603068835995
            ],
            [
              -73.81205161330554,
              40.87478273189282
            ],
            [
              -73.81214144483396,
              40.87478273189282
            ],
            [
              -73.81214144483396,
              40.87496239494964
            ],
            [
              -73.81223127636237,
              40.87496239494964
            ],
            [
              -73.81223127636237,
              40.87514205800647
            ],
            [
              -73.81214144483396,
              40.87514205800647
            ],
            [
              -73.81214144483396,
              40.87523188953488
            ],
            [
              -73.81205161330554,
              40.87523188953488
            ],
            [
              -73.81205161330554,
              40.8754115525917
            ],
            [
              -73.8124109394192,
              40.8754115525917
            ],
            [
              -73.8124109394192,
              40.87550138412011
            ],
            [
              -73.81259060247602,
              40.87550138412011
            ],
            [
              -73.81259060247602,
              40.87559121564853
            ],
            [
              -73.81277026553285,
              40.87559121564853
            ],
            [
              -73.81277026553285,
              40.87568104717694
            ],
            [
              -73.81303976011807,
              40.87568104717694
            ]
          ]
        ]
      },
      "id": "-821681+455025",
      "properties": {
        "count": 42,
        "label": 1
      }
    },
    {
      "type": "Feature",
      "geometry": {
        "geodesic": false,
        "type": "Polygon",
        "coordinates": [
          [
            [
              -73.81303976011807,
              40.864362274597035
            ],
            [
              -73.81294992858966,
              40.864362274597035
            ],
            [
              -73.81294992858966,
              40.86445210612544
            ],
            [
              -73.81303976011807,
              40.86445210612544
            ],
            [
              -73.81303976011807,
              40.864362274597035
            ]
          ]
        ]
      },
      "id": "-821683+454900",
      "properties": {
        "count": 1,
        "label": 1
      }
    },
    {
      "type": "Feature",
      "geometry": {
        "geodesic": false,
        "type": "Polygon",
        "coordinates": [
          [
            [
              -73.81303976011807,
              40.87199795451205
            ],
            [
              -73.81303976011807,
              40.87190812298363
            ],
            [
              -73.81312959164649,
              40.87190812298363
            ],
            [
              -73.81312959164649,
              40.87181829145523
            ],
            [
              -73.81330925470331,
              40.87181829145523
            ],
            [
              -73.81330925470331,
              40.871728459926814
            ],
            [
              -73.81312959164649,
              40.871728459926814
            ],
            [
              -73.81312959164649,
              40.87181829145523
            ],
            [
              -73.81303976011807,
              40.87181829145523
            ],
            [
              -73.81303976011807,
              40.87190812298363
            ],
            [
              -73.81294992858966,
              40.87190812298363
            ],
            [
              -73.81294992858966,
              40.87199795451205
            ],
            [
              -73.81303976011807,
              40.87199795451205
            ]
          ]
        ]
      },
      "id": "-821683+454984",
      "properties": {
        "count": 4,
        "label": 1
      }
    },
    {
      "type": "Feature",
      "geometry": {
        "geodesic": false,
        "type": "Polygon",
        "coordinates": [
          [
            [
              -73.81339908623173,
              40.87262677521093
            ],
            [
              -73.81339908623173,
              40.87253694368252
            ],
            [
              -73.81348891776014,
              40.87253694368252
            ],
            [
              -73.81348891776014,
              40.872447112154106
            ],
            [
              -73.81357874928855,
              40.872447112154106
            ],
            [
              -73.81357874928855,
              40.872267449097286
            ],
            [
              -73.81366858081697,
              40.872267449097286
            ],
            [
              -73.81366858081697,
              40.87235728062569
            ],
            [
              -73.81375841234538,
              40.87235728062569
            ],
            [
              -73.81375841234538,
              40.872267449097286
            ],
            [
              -73.81366858081697,
              40.872267449097286
            ],
            [
              -73.81366858081697,
              40.87217761756887
            ],
            [
              -73.81357874928855,
              40.87217761756887
            ],
            [
              -73.81357874928855,
              40.872267449097286
            ],
            [
              -73.81339908623173,
              40.872267449097286
            ],
            [
              -73.81339908623173,
              40.87235728062569
            ],
            [
              -73.8132194231749,
              40.87235728062569
            ],
            [
              -73.8132194231749,
              40.87217761756887
            ],
            [
              -73.81339908623173,
              40.87217761756887
            ],
            [
              -73.81339908623173,
              40.87208778604046
            ],
            [
              -73.81348891776014,
              40.87208778604046
            ],
            [
              -73.81348891776014,
              40.87190812298363
            ],
            [
              -73.81339908623173,
              40.87190812298363
            ],
            [
              -73.81339908623173,
              40.87199795451205
            ],
            [
              -73.81330925470331,
              40.87199795451205
            ],
            [
              -73.81330925470331,
              40.87208778604046
            ],
            [
              -73.8132194231749,
              40.87208778604046
            ],
            [
              -73.8132194231749,
              40.87217761756887
            ],
            [
              -73.81312959164649,
              40.87217761756887
            ],
            [
              -73.81312959164649,
              40.872267449097286
            ],
            [
              -73.81303976011807,
              40.872267449097286
            ],
            [
              -73.81303976011807,
              40.872447112154106
            ],
            [
              -73.81312959164649,
              40.872447112154106
            ],
            [
              -73.81312959164649,
              40.87262677521093
            ],
            [
              -73.81339908623173,
              40.87262677521093
            ]
          ]
        ]
      },
      "id": "-821685+454991",
      "properties": {
        "count": 25,
        "label": 1
      }
    },
    {
      "type": "Feature",
      "geometry": {
        "geodesic": false,
        "type": "Polygon",
        "coordinates": [
          [
            [
              -73.81330925470331,
              40.87406407966552
            ],
            [
              -73.8132194231749,
              40.87406407966552
            ],
            [
              -73.8132194231749,
              40.874153911193936
            ],
            [
              -73.81330925470331,
              40.874153911193936
            ],
            [
              -73.81330925470331,
              40.87406407966552
            ]
          ]
        ]
      },
      "id": "-821686+455008",
      "properties": {
        "count": 1,
        "label": 1
      }
    },
    {
      "type": "Feature",
      "geometry": {
        "geodesic": false,
        "type": "Polygon",
        "coordinates": [
          [
            [
              -73.81339908623173,
              40.86472160071068
            ],
            [
              -73.81330925470331,
              40.86472160071068
            ],
            [
              -73.81330925470331,
              40.86499109529591
            ],
            [
              -73.81339908623173,
              40.86499109529591
            ],
            [
              -73.81339908623173,
              40.86472160071068
            ]
          ]
        ]
      },
      "id": "-821687+454906",
      "properties": {
        "count": 3,
        "label": 1
      }
    },
    {
      "type": "Feature",
      "geometry": {
        "geodesic": false,
        "type": "Polygon",
        "coordinates": [
          [
            [
              -73.81339908623173,
              40.87136913381316
            ],
            [
              -73.81330925470331,
              40.87136913381316
            ],
            [
              -73.81330925470331,
              40.871458965341574
            ],
            [
              -73.81339908623173,
              40.871458965341574
            ],
            [
              -73.81339908623173,
              40.87136913381316
            ]
          ]
        ]
      },
      "id": "-821687+454978",
      "properties": {
        "count": 1,
        "label": 1
      }
    },
    {
      "type": "Feature",
      "geometry": {
        "geodesic": false,
        "type": "Polygon",
        "coordinates": [
          [
            [
              -73.81357874928855,
              40.87559121564853
            ],
            [
              -73.81330925470331,
              40.87559121564853
            ],
            [
              -73.81330925470331,
              40.87568104717694
            ],
            [
              -73.81357874928855,
              40.87568104717694
            ],
            [
              -73.81357874928855,
              40.87559121564853
            ]
          ]
        ]
      },
      "id": "-821687+455025",
      "properties": {
        "count": 3,
        "label": 1
      }
    },
    {
      "type": "Feature",
      "geometry": {
        "geodesic": false,
        "type": "Polygon",
        "coordinates": [
          [
            [
              -73.81348891776014,
              40.865350421409566
            ],
            [
              -73.81348891776014,
              40.86526058988115
            ],
            [
              -73.81366858081697,
              40.86526058988115
            ],
            [
              -73.81366858081697,
              40.86508092682433
            ],
            [
              -73.81375841234538,
              40.86508092682433
            ],
            [
              -73.81375841234538,
              40.864811432239094
            ],
            [
              -73.81366858081697,
              40.864811432239094
            ],
            [
              -73.81366858081697,
              40.86490126376751
            ],
            [
              -73.81348891776014,
              40.86490126376751
            ],
            [
              -73.81348891776014,
              40.86508092682433
            ],
            [
              -73.81339908623173,
              40.86508092682433
            ],
            [
              -73.81339908623173,
              40.86517075835274
            ],
            [
              -73.81348891776014,
              40.86517075835274
            ],
            [
              -73.81348891776014,
              40.86526058988115
            ],
            [
              -73.81339908623173,
              40.86526058988115
            ],
            [
              -73.81339908623173,
              40.865350421409566
            ],
            [
              -73.81348891776014,
              40.865350421409566
            ]
          ]
        ]
      },
      "id": "-821688+454910",
      "properties": {
        "count": 13,
        "label": 1
      }
    },
    {
      "type": "Feature",
      "geometry": {
        "geodesic": false,
        "type": "Polygon",
        "coordinates": [
          [
            [
              -73.81357874928855,
              40.874153911193936
            ],
            [
              -73.81357874928855,
              40.87397424813711
            ],
            [
              -73.81384824387378,
              40.87397424813711
            ],
            [
              -73.81384824387378,
              40.87379458508029
            ],
            [
              -73.81366858081697,
              40.87379458508029
            ],
            [
              -73.81366858081697,
              40.873884416608696
            ],
            [
              -73.81357874928855,
              40.873884416608696
            ],
            [
              -73.81357874928855,
              40.87397424813711
            ],
            [
              -73.81348891776014,
              40.87397424813711
            ],
            [
              -73.81348891776014,
              40.874153911193936
            ],
            [
              -73.81357874928855,
              40.874153911193936
            ]
          ]
        ]
      },
      "id": "-821689+455008",
      "properties": {
        "count": 7,
        "label": 1
      }
    },
    {
      "type": "Feature",
      "geometry": {
        "geodesic": false,
        "type": "Polygon",
        "coordinates": [
          [
            [
              -73.81384824387378,
              40.87280643826776
            ],
            [
              -73.81384824387378,
              40.87253694368252
            ],
            [
              -73.81375841234538,
              40.87253694368252
            ],
            [
              -73.81375841234538,
              40.87262677521093
            ],
            [
              -73.81357874928855,
              40.87262677521093
            ],
            [
              -73.81357874928855,
              40.87280643826776
            ],
            [
              -73.81384824387378,
              40.87280643826776
            ]
          ]
        ]
      },
      "id": "-821690+454993",
      "properties": {
        "count": 7,
        "label": 1
      }
    },
    {
      "type": "Feature",
      "geometry": {
        "geodesic": false,
        "type": "Polygon",
        "coordinates": [
          [
            [
              -73.81375841234538,
              40.87568104717694
            ],
            [
              -73.81366858081697,
              40.87568104717694
            ],
            [
              -73.81366858081697,
              40.87577087870535
            ],
            [
              -73.81375841234538,
              40.87577087870535
            ],
            [
              -73.81375841234538,
              40.87568104717694
            ]
          ]
        ]
      },
      "id": "-821691+455026",
      "properties": {
        "count": 1,
        "label": 1
      }
    },
    {
      "type": "Feature",
      "geometry": {
        "geodesic": false,
        "type": "Polygon",
        "coordinates": [
          [
            [
              -73.81384824387378,
              40.864092780011795
            ],
            [
              -73.81384824387378,
              40.86400294848338
            ],
            [
              -73.81375841234538,
              40.86400294848338
            ],
            [
              -73.81375841234538,
              40.863913116954976
            ],
            [
              -73.81366858081697,
              40.863913116954976
            ],
            [
              -73.81366858081697,
              40.86400294848338
            ],
            [
              -73.81375841234538,
              40.86400294848338
            ],
            [
              -73.81375841234538,
              40.864092780011795
            ],
            [
              -73.81384824387378,
              40.864092780011795
            ]
          ]
        ]
      },
      "id": "-821692+454896",
      "properties": {
        "count": 2,
        "label": 1
      }
    },
    {
      "type": "Feature",
      "geometry": {
        "geodesic": false,
        "type": "Polygon",
        "coordinates": [
          [
            [
              -73.81384824387378,
              40.865350421409566
            ],
            [
              -73.81375841234538,
              40.865350421409566
            ],
            [
              -73.81375841234538,
              40.86544025293797
            ],
            [
              -73.81384824387378,
              40.86544025293797
            ],
            [
              -73.81384824387378,
              40.865350421409566
            ]
          ]
        ]
      },
      "id": "-821692+454911",
      "properties": {
        "count": 1,
        "label": 1
      }
    },
    {
      "type": "Feature",
      "geometry": {
        "geodesic": false,
        "type": "Polygon",
        "coordinates": [
          [
            [
              -73.81393807540219,
              40.880082792069125
            ],
            [
              -73.81393807540219,
              40.87999296054071
            ],
            [
              -73.81384824387378,
              40.87999296054071
            ],
            [
              -73.81384824387378,
              40.87972346595548
            ],
            [
              -73.81375841234538,
              40.87972346595548
            ],
            [
              -73.81375841234538,
              40.87999296054071
            ],
            [
              -73.81384824387378,
              40.87999296054071
            ],
            [
              -73.81384824387378,
              40.880082792069125
            ],
            [
              -73.81393807540219,
              40.880082792069125
            ]
          ]
        ]
      },
      "id": "-821693+455074",
      "properties": {
        "count": 4,
        "label": 1
      }
    },
    {
      "type": "Feature",
      "geometry": {
        "geodesic": false,
        "type": "Polygon",
        "coordinates": [
          [
            [
              -73.8140279069306,
              40.864362274597035
            ],
            [
              -73.81393807540219,
              40.864362274597035
            ],
            [
              -73.81393807540219,
              40.86445210612544
            ],
            [
              -73.8140279069306,
              40.86445210612544
            ],
            [
              -73.8140279069306,
              40.864362274597035
            ]
          ]
        ]
      },
      "id": "-821694+454900",
      "properties": {
        "count": 1,
        "label": 1
      }
    },
    {
      "type": "Feature",
      "geometry": {
        "geodesic": false,
        "type": "Polygon",
        "coordinates": [
          [
            [
              -73.81438723304426,
              40.86858435643239
            ],
            [
              -73.81438723304426,
              40.86831486184716
            ],
            [
              -73.81411773845902,
              40.86831486184716
            ],
            [
              -73.81411773845902,
              40.86840469337557
            ],
            [
              -73.8140279069306,
              40.86840469337557
            ],
            [
              -73.8140279069306,
              40.86849452490398
            ],
            [
              -73.81393807540219,
              40.86849452490398
            ],
            [
              -73.81393807540219,
              40.86858435643239
            ],
            [
              -73.81438723304426,
              40.86858435643239
            ]
          ]
        ]
      },
      "id": "-821694+454946",
      "properties": {
        "count": 12,
        "label": 1
      }
    },
    {
      "type": "Feature",
      "geometry": {
        "geodesic": false,
        "type": "Polygon",
        "coordinates": [
          [
            [
              -73.81420756998743,
              40.87280643826776
            ],
            [
              -73.81420756998743,
              40.87262677521093
            ],
            [
              -73.81411773845902,
              40.87262677521093
            ],
            [
              -73.81411773845902,
              40.872716606739345
            ],
            [
              -73.81393807540219,
              40.872716606739345
            ],
            [
              -73.81393807540219,
              40.87280643826776
            ],
            [
              -73.81420756998743,
              40.87280643826776
            ]
          ]
        ]
      },
      "id": "-821694+454993",
      "properties": {
        "count": 4,
        "label": 1
      }
    },
    {
      "type": "Feature",
      "geometry": {
        "geodesic": false,
        "type": "Polygon",
        "coordinates": [
          [
            [
              -73.8140279069306,
              40.87514205800647
            ],
            [
              -73.81393807540219,
              40.87514205800647
            ],
            [
              -73.81393807540219,
              40.87523188953488
            ],
            [
              -73.8140279069306,
              40.87523188953488
            ],
            [
              -73.8140279069306,
              40.87514205800647
            ]
          ]
        ]
      },
      "id": "-821694+455020",
      "properties": {
        "count": 1,
        "label": 1
      }
    },
    {
      "type": "Feature",
      "geometry": {
        "geodesic": false,
        "type": "Polygon",
        "coordinates": [
          [
            [
              -73.81429740151584,
              40.86588941058004
            ],
            [
              -73.81420756998743,
              40.86588941058004
            ],
            [
              -73.81420756998743,
              40.865979242108445
            ],
            [
              -73.81429740151584,
              40.865979242108445
            ],
            [
              -73.81429740151584,
              40.86588941058004
            ]
          ]
        ]
      },
      "id": "-821697+454917",
      "properties": {
        "count": 1,
        "label": 1
      }
    },
    {
      "type": "Feature",
      "geometry": {
        "geodesic": false,
        "type": "Polygon",
        "coordinates": [
          [
            [
              -73.81429740151584,
              40.867236883506216
            ],
            [
              -73.81420756998743,
              40.867236883506216
            ],
            [
              -73.81420756998743,
              40.86732671503463
            ],
            [
              -73.81429740151584,
              40.86732671503463
            ],
            [
              -73.81429740151584,
              40.867236883506216
            ]
          ]
        ]
      },
      "id": "-821697+454932",
      "properties": {
        "count": 1,
        "label": 1
      }
    },
    {
      "type": "Feature",
      "geometry": {
        "geodesic": false,
        "type": "Polygon",
        "coordinates": [
          [
            [
              -73.81429740151584,
              40.874333574250755
            ],
            [
              -73.81429740151584,
              40.874153911193936
            ],
            [
              -73.81438723304426,
              40.874153911193936
            ],
            [
              -73.81438723304426,
              40.87397424813711
            ],
            [
              -73.81456689610108,
              40.87397424813711
            ],
            [
              -73.81456689610108,
              40.873884416608696
            ],
            [
              -73.81438723304426,
              40.873884416608696
            ],
            [
              -73.81438723304426,
              40.87379458508029
            ],
            [
              -73.81420756998743,
              40.87379458508029
            ],
            [
              -73.81420756998743,
              40.873884416608696
            ],
            [
              -73.81429740151584,
              40.873884416608696
            ],
            [
              -73.81429740151584,
              40.874153911193936
            ],
            [
              -73.8140279069306,
              40.874153911193936
            ],
            [
              -73.8140279069306,
              40.87424374272235
            ],
            [
              -73.81420756998743,
              40.87424374272235
            ],
            [
              -73.81420756998743,
              40.874333574250755
            ],
            [
              -73.81429740151584,
              40.874333574250755
            ]
          ]
        ]
      },
      "id": "-821697+455010",
      "properties": {
        "count": 11,
        "label": 1
      }
    },
    {
      "type": "Feature",
      "geometry": {
        "geodesic": false,
        "type": "Polygon",
        "coordinates": [
          [
            [
              -73.81456689610108,
              40.86678772586416
            ],
            [
              -73.81456689610108,
              40.86669789433574
            ],
            [
              -73.81438723304426,
              40.86669789433574
            ],
            [
              -73.81438723304426,
              40.86651823127892
            ],
            [
              -73.81456689610108,
              40.86651823127892
            ],
            [
              -73.81456689610108,
              40.86660806280733
            ],
            [
              -73.8146567276295,
              40.86660806280733
            ],
            [
              -73.8146567276295,
              40.86651823127892
            ],
            [
              -73.81456689610108,
              40.86651823127892
            ],
            [
              -73.81456689610108,
              40.8663385682221
            ],
            [
              -73.8146567276295,
              40.8663385682221
            ],
            [
              -73.8146567276295,
              40.866248736693684
            ],
            [
              -73.81483639068631,
              40.866248736693684
            ],
            [
              -73.81483639068631,
              40.865530084466386
            ],
            [
              -73.81492622221472,
              40.865530084466386
            ],
            [
              -73.81492622221472,
              40.86499109529591
            ],
            [
              -73.81501605374314,
              40.86499109529591
            ],
            [
              -73.81501605374314,
              40.864541937653854
            ],
            [
              -73.81510588527155,
              40.864541937653854
            ],
            [
              -73.81510588527155,
              40.86427244306862
            ],
            [
              -73.81492622221472,
              40.86427244306862
            ],
            [
              -73.81492622221472,
              40.864092780011795
            ],
            [
              -73.81483639068631,
              40.864092780011795
            ],
            [
              -73.81483639068631,
              40.86400294848338
            ],
            [
              -73.81474655915791,
              40.86400294848338
            ],
            [
              -73.81474655915791,
              40.863913116954976
            ],
            [
              -73.81456689610108,
              40.863913116954976
            ],
            [
              -73.81456689610108,
              40.86427244306862
            ],
            [
              -73.81447706457267,
              40.86427244306862
            ],
            [
              -73.81447706457267,
              40.86445210612544
            ],
            [
              -73.81438723304426,
              40.86445210612544
            ],
            [
              -73.81438723304426,
              40.864362274597035
            ],
            [
              -73.81429740151584,
              40.864362274597035
            ],
            [
              -73.81429740151584,
              40.86445210612544
            ],
            [
              -73.81420756998743,
              40.86445210612544
            ],
            [
              -73.81420756998743,
              40.86463176918227
            ],
            [
              -73.81411773845902,
              40.86463176918227
            ],
            [
              -73.81411773845902,
              40.86499109529591
            ],
            [
              -73.8140279069306,
              40.86499109529591
            ],
            [
              -73.8140279069306,
              40.86508092682433
            ],
            [
              -73.81420756998743,
              40.86508092682433
            ],
            [
              -73.81420756998743,
              40.86517075835274
            ],
            [
              -73.81429740151584,
              40.86517075835274
            ],
            [
              -73.81429740151584,
              40.865350421409566
            ],
            [
              -73.81420756998743,
              40.865350421409566
            ],
            [
              -73.81420756998743,
              40.86544025293797
            ],
            [
              -73.81429740151584,
              40.86544025293797
            ],
            [
              -73.81429740151584,
              40.865530084466386
            ],
            [
              -73.81447706457267,
              40.865530084466386
            ],
            [
              -73.81447706457267,
              40.8656199159948
            ],
            [
              -73.81429740151584,
              40.8656199159948
            ],
            [
              -73.81429740151584,
              40.86570974752321
            ],
            [
              -73.81456689610108,
              40.86570974752321
            ],
            [
              -73.81456689610108,
              40.865799579051625
            ],
            [
              -73.8146567276295,
              40.865799579051625
            ],
            [
              -73.8146567276295,
              40.86588941058004
            ],
            [
              -73.81456689610108,
              40.86588941058004
            ],
            [
              -73.81456689610108,
              40.86615890516527
            ],
            [
              -73.81447706457267,
              40.86615890516527
            ],
            [
              -73.81447706457267,
              40.866248736693684
            ],
            [
              -73.81429740151584,
              40.866248736693684
            ],
            [
              -73.81429740151584,
              40.86615890516527
            ],
            [
              -73.81420756998743,
              40.86615890516527
            ],
            [
              -73.81420756998743,
              40.86606907363686
            ],
            [
              -73.81411773845902,
              40.86606907363686
            ],
            [
              -73.81411773845902,
              40.8663385682221
            ],
            [
              -73.81384824387378,
              40.8663385682221
            ],
            [
              -73.81384824387378,
              40.866428399750504
            ],
            [
              -73.81357874928855,
              40.866428399750504
            ],
            [
              -73.81357874928855,
              40.8663385682221
            ],
            [
              -73.81348891776014,
              40.8663385682221
            ],
            [
              -73.81348891776014,
              40.86606907363686
            ],
            [
              -73.81339908623173,
              40.86606907363686
            ],
            [
              -73.81339908623173,
              40.8663385682221
            ],
            [
              -73.81348891776014,
              40.8663385682221
            ],
            [
              -73.81348891776014,
              40.866428399750504
            ],
            [
              -73.81357874928855,
              40.866428399750504
            ],
            [
              -73.81357874928855,
              40.86651823127892
            ],
            [
              -73.81375841234538,
              40.86651823127892
            ],
            [
              -73.81375841234538,
              40.86660806280733
            ],
            [
              -73.81411773845902,
              40.86660806280733
            ],
            [
              -73.81411773845902,
              40.86651823127892
            ],
            [
              -73.81420756998743,
              40.86651823127892
            ],
            [
              -73.81420756998743,
              40.86660806280733
            ],
            [
              -73.81429740151584,
              40.86660806280733
            ],
            [
              -73.81429740151584,
              40.86678772586416
            ],
            [
              -73.81456689610108,
              40.86678772586416
            ]
          ]
        ]
      },
      "id": "-821698+454926",
      "properties": {
        "count": 205,
        "label": 1
      }
    },
    {
      "type": "Feature",
      "geometry": {
        "geodesic": false,
        "type": "Polygon",
        "coordinates": [
          [
            [
              -73.81447706457267,
              40.87235728062569
            ],
            [
              -73.81429740151584,
              40.87235728062569
            ],
            [
              -73.81429740151584,
              40.872447112154106
            ],
            [
              -73.81447706457267,
              40.872447112154106
            ],
            [
              -73.81447706457267,
              40.87235728062569
            ]
          ]
        ]
      },
      "id": "-821698+454989",
      "properties": {
        "count": 2,
        "label": 1
      }
    },
    {
      "type": "Feature",
      "geometry": {
        "geodesic": false,
        "type": "Polygon",
        "coordinates": [
          [
            [
              -73.81456689610108,
              40.87307593285299
            ],
            [
              -73.81456689610108,
              40.872716606739345
            ],
            [
              -73.8146567276295,
              40.872716606739345
            ],
            [
              -73.8146567276295,
              40.87262677521093
            ],
            [
              -73.81456689610108,
              40.87262677521093
            ],
            [
              -73.81456689610108,
              40.872716606739345
            ],
            [
              -73.81447706457267,
              40.872716606739345
            ],
            [
              -73.81447706457267,
              40.87280643826776
            ],
            [
              -73.81429740151584,
              40.87280643826776
            ],
            [
              -73.81429740151584,
              40.87307593285299
            ],
            [
              -73.81456689610108,
              40.87307593285299
            ]
          ]
        ]
      },
      "id": "-821698+454996",
      "properties": {
        "count": 11,
        "label": 1
      }
    },
    {
      "type": "Feature",
      "geometry": {
        "geodesic": false,
        "type": "Polygon",
        "coordinates": [
          [
            [
              -73.81474655915791,
              40.86840469337557
            ],
            [
              -73.81447706457267,
              40.86840469337557
            ],
            [
              -73.81447706457267,
              40.86849452490398
            ],
            [
              -73.81474655915791,
              40.86849452490398
            ],
            [
              -73.81474655915791,
              40.86840469337557
            ]
          ]
        ]
      },
      "id": "-821700+454945",
      "properties": {
        "count": 3,
        "label": 1
      }
    },
    {
      "type": "Feature",
      "geometry": {
        "geodesic": false,
        "type": "Polygon",
        "coordinates": [
          [
            [
              -73.81483639068631,
              40.87190812298363
            ],
            [
              -73.81447706457267,
              40.87190812298363
            ],
            [
              -73.81447706457267,
              40.87199795451205
            ],
            [
              -73.81483639068631,
              40.87199795451205
            ],
            [
              -73.81483639068631,
              40.87190812298363
            ]
          ]
        ]
      },
      "id": "-821700+454984",
      "properties": {
        "count": 4,
        "label": 1
      }
    },
    {
      "type": "Feature",
      "geometry": {
        "geodesic": false,
        "type": "Polygon",
        "coordinates": [
          [
            [
              -73.81474655915791,
              40.87325559590982
            ],
            [
              -73.81474655915791,
              40.873165764381405
            ],
            [
              -73.81492622221472,
              40.873165764381405
            ],
            [
              -73.81492622221472,
              40.87307593285299
            ],
            [
              -73.8146567276295,
              40.87307593285299
            ],
            [
              -73.8146567276295,
              40.87325559590982
            ],
            [
              -73.81474655915791,
              40.87325559590982
            ]
          ]
        ]
      },
      "id": "-821702+454998",
      "properties": {
        "count": 4,
        "label": 1
      }
    },
    {
      "type": "Feature",
      "geometry": {
        "geodesic": false,
        "type": "Polygon",
        "coordinates": [
          [
            [
              -73.81483639068631,
              40.86373345389815
            ],
            [
              -73.81474655915791,
              40.86373345389815
            ],
            [
              -73.81474655915791,
              40.86382328542656
            ],
            [
              -73.81483639068631,
              40.86382328542656
            ],
            [
              -73.81483639068631,
              40.86373345389815
            ]
          ]
        ]
      },
      "id": "-821703+454893",
      "properties": {
        "count": 1,
        "label": 1
      }
    },
    {
      "type": "Feature",
      "geometry": {
        "geodesic": false,
        "type": "Polygon",
        "coordinates": [
          [
            [
              -73.81483639068631,
              40.87756750927359
            ],
            [
              -73.81474655915791,
              40.87756750927359
            ],
            [
              -73.81474655915791,
              40.877747172330416
            ],
            [
              -73.81483639068631,
              40.877747172330416
            ],
            [
              -73.81483639068631,
              40.87756750927359
            ]
          ]
        ]
      },
      "id": "-821703+455048",
      "properties": {
        "count": 2,
        "label": 1
      }
    },
    {
      "type": "Feature",
      "geometry": {
        "geodesic": false,
        "type": "Polygon",
        "coordinates": [
          [
            [
              -73.81501605374314,
              40.86849452490398
            ],
            [
              -73.81483639068631,
              40.86849452490398
            ],
            [
              -73.81483639068631,
              40.86858435643239
            ],
            [
              -73.81501605374314,
              40.86858435643239
            ],
            [
              -73.81501605374314,
              40.86849452490398
            ]
          ]
        ]
      },
      "id": "-821704+454946",
      "properties": {
        "count": 2,
        "label": 1
      }
    },
    {
      "type": "Feature",
      "geometry": {
        "geodesic": false,
        "type": "Polygon",
        "coordinates": [
          [
            [
              -73.81501605374314,
              40.87118947075634
            ],
            [
              -73.81483639068631,
              40.87118947075634
            ],
            [
              -73.81483639068631,
              40.871279302284755
            ],
            [
              -73.81501605374314,
              40.871279302284755
            ],
            [
              -73.81501605374314,
              40.87118947075634
            ]
          ]
        ]
      },
      "id": "-821704+454976",
      "properties": {
        "count": 2,
        "label": 1
      }
    },
    {
      "type": "Feature",
      "geometry": {
        "geodesic": false,
        "type": "Polygon",
        "coordinates": [
          [
            [
              -73.81501605374314,
              40.87873531914295
            ],
            [
              -73.81501605374314,
              40.878645487614534
            ],
            [
              -73.81519571679996,
              40.878645487614534
            ],
            [
              -73.81519571679996,
              40.87855565608612
            ],
            [
              -73.81501605374314,
              40.87855565608612
            ],
            [
              -73.81501605374314,
              40.878645487614534
            ],
            [
              -73.81483639068631,
              40.878645487614534
            ],
            [
              -73.81483639068631,
              40.87873531914295
            ],
            [
              -73.81501605374314,
              40.87873531914295
            ]
          ]
        ]
      },
      "id": "-821704+455059",
      "properties": {
        "count": 4,
        "label": 1
      }
    },
    {
      "type": "Feature",
      "geometry": {
        "geodesic": false,
        "type": "Polygon",
        "coordinates": [
          [
            [
              -73.81510588527155,
              40.87577087870535
            ],
            [
              -73.81501605374314,
              40.87577087870535
            ],
            [
              -73.81501605374314,
              40.87595054176217
            ],
            [
              -73.81510588527155,
              40.87595054176217
            ],
            [
              -73.81510588527155,
              40.87577087870535
            ]
          ]
        ]
      },
      "id": "-821706+455028",
      "properties": {
        "count": 2,
        "label": 1
      }
    },
    {
      "type": "Feature",
      "geometry": {
        "geodesic": false,
        "type": "Polygon",
        "coordinates": [
          [
            [
              -73.81519571679996,
              40.885113357660195
            ],
            [
              -73.81501605374314,
              40.885113357660195
            ],
            [
              -73.81501605374314,
              40.88520318918861
            ],
            [
              -73.81519571679996,
              40.88520318918861
            ],
            [
              -73.81519571679996,
              40.885113357660195
            ]
          ]
        ]
      },
      "id": "-821706+455131",
      "properties": {
        "count": 2,
        "label": 1
      }
    },
    {
      "type": "Feature",
      "geometry": {
        "geodesic": false,
        "type": "Polygon",
        "coordinates": [
          [
            [
              -73.81519571679996,
              40.868674187960806
            ],
            [
              -73.81510588527155,
              40.868674187960806
            ],
            [
              -73.81510588527155,
              40.86876401948922
            ],
            [
              -73.81519571679996,
              40.86876401948922
            ],
            [
              -73.81519571679996,
              40.868674187960806
            ]
          ]
        ]
      },
      "id": "-821707+454948",
      "properties": {
        "count": 1,
        "label": 1
      }
    },
    {
      "type": "Feature",
      "geometry": {
        "geodesic": false,
        "type": "Polygon",
        "coordinates": [
          [
            [
              -73.81519571679996,
              40.8701114924154
            ],
            [
              -73.81519571679996,
              40.869841997830164
            ],
            [
              -73.81510588527155,
              40.869841997830164
            ],
            [
              -73.81510588527155,
              40.86975216630175
            ],
            [
              -73.81492622221472,
              40.86975216630175
            ],
            [
              -73.81492622221472,
              40.86993182935857
            ],
            [
              -73.81510588527155,
              40.86993182935857
            ],
            [
              -73.81510588527155,
              40.8701114924154
            ],
            [
              -73.81519571679996,
              40.8701114924154
            ]
          ]
        ]
      },
      "id": "-821707+454963",
      "properties": {
        "count": 7,
        "label": 1
      }
    },
    {
      "type": "Feature",
      "geometry": {
        "geodesic": false,
        "type": "Polygon",
        "coordinates": [
          [
            [
              -73.81519571679996,
              40.87029115547222
            ],
            [
              -73.81510588527155,
              40.87029115547222
            ],
            [
              -73.81510588527155,
              40.87047081852904
            ],
            [
              -73.81519571679996,
              40.87047081852904
            ],
            [
              -73.81519571679996,
              40.87029115547222
            ]
          ]
        ]
      },
      "id": "-821707+454967",
      "properties": {
        "count": 2,
        "label": 1
      }
    },
    {
      "type": "Feature",
      "geometry": {
        "geodesic": false,
        "type": "Polygon",
        "coordinates": [
          [
            [
              -73.81537537985679,
              40.86894368254604
            ],
            [
              -73.81519571679996,
              40.86894368254604
            ],
            [
              -73.81519571679996,
              40.86903351407445
            ],
            [
              -73.81537537985679,
              40.86903351407445
            ],
            [
              -73.81537537985679,
              40.86894368254604
            ]
          ]
        ]
      },
      "id": "-821708+454951",
      "properties": {
        "count": 2,
        "label": 1
      }
    },
    {
      "type": "Feature",
      "geometry": {
        "geodesic": false,
        "type": "Polygon",
        "coordinates": [
          [
            [
              -73.81537537985679,
              40.86930300865969
            ],
            [
              -73.81519571679996,
              40.86930300865969
            ],
            [
              -73.81519571679996,
              40.8693928401881
            ],
            [
              -73.81537537985679,
              40.8693928401881
            ],
            [
              -73.81537537985679,
              40.86930300865969
            ]
          ]
        ]
      },
      "id": "-821708+454955",
      "properties": {
        "count": 2,
        "label": 1
      }
    },
    {
      "type": "Feature",
      "geometry": {
        "geodesic": false,
        "type": "Polygon",
        "coordinates": [
          [
            [
              -73.8154652113852,
              40.87550138412011
            ],
            [
              -73.8154652113852,
              40.8754115525917
            ],
            [
              -73.81573470597044,
              40.8754115525917
            ],
            [
              -73.81573470597044,
              40.87532172106329
            ],
            [
              -73.8154652113852,
              40.87532172106329
            ],
            [
              -73.8154652113852,
              40.8754115525917
            ],
            [
              -73.81537537985679,
              40.8754115525917
            ],
            [
              -73.81537537985679,
              40.87550138412011
            ],
            [
              -73.8154652113852,
              40.87550138412011
            ]
          ]
        ]
      },
      "id": "-821710+455023",
      "properties": {
        "count": 4,
        "label": 1
      }
    },
    {
      "type": "Feature",
      "geometry": {
        "geodesic": false,
        "type": "Polygon",
        "coordinates": [
          [
            [
              -73.81573470597044,
              40.870830144642696
            ],
            [
              -73.81564487444203,
              40.870830144642696
            ],
            [
              -73.81564487444203,
              40.8709199761711
            ],
            [
              -73.81573470597044,
              40.8709199761711
            ],
            [
              -73.81573470597044,
              40.870830144642696
            ]
          ]
        ]
      },
      "id": "-821713+454972",
      "properties": {
        "count": 1,
        "label": 1
      }
    },
    {
      "type": "Feature",
      "geometry": {
        "geodesic": false,
        "type": "Polygon",
        "coordinates": [
          [
            [
              -73.81582453749884,
              40.88376588473401
            ],
            [
              -73.81564487444203,
              40.88376588473401
            ],
            [
              -73.81564487444203,
              40.883855716262424
            ],
            [
              -73.81582453749884,
              40.883855716262424
            ],
            [
              -73.81582453749884,
              40.88376588473401
            ]
          ]
        ]
      },
      "id": "-821713+455116",
      "properties": {
        "count": 2,
        "label": 1
      }
    },
    {
      "type": "Feature",
      "geometry": {
        "geodesic": false,
        "type": "Polygon",
        "coordinates": [
          [
            [
              -73.81582453749884,
              40.87343525896664
            ],
            [
              -73.81582453749884,
              40.87325559590982
            ],
            [
              -73.81600420055567,
              40.87325559590982
            ],
            [
              -73.81600420055567,
              40.87298610132458
            ],
            [
              -73.81582453749884,
              40.87298610132458
            ],
            [
              -73.81582453749884,
              40.87280643826776
            ],
            [
              -73.81573470597044,
              40.87280643826776
            ],
            [
              -73.81573470597044,
              40.87298610132458
            ],
            [
              -73.81564487444203,
              40.87298610132458
            ],
            [
              -73.81564487444203,
              40.873165764381405
            ],
            [
              -73.8154652113852,
              40.873165764381405
            ],
            [
              -73.8154652113852,
              40.87325559590982
            ],
            [
              -73.81564487444203,
              40.87325559590982
            ],
            [
              -73.81564487444203,
              40.873345427438224
            ],
            [
              -73.81573470597044,
              40.873345427438224
            ],
            [
              -73.81573470597044,
              40.87343525896664
            ],
            [
              -73.81582453749884,
              40.87343525896664
            ]
          ]
        ]
      },
      "id": "-821714+455000",
      "properties": {
        "count": 19,
        "label": 1
      }
    },
    {
      "type": "Feature",
      "geometry": {
        "geodesic": false,
        "type": "Polygon",
        "coordinates": [
          [
            [
              -73.81591436902725,
              40.87639969940423
            ],
            [
              -73.81591436902725,
              40.876309867875825
            ],
            [
              -73.81600420055567,
              40.876309867875825
            ],
            [
              -73.81600420055567,
              40.87622003634741
            ],
            [
              -73.81582453749884,
              40.87622003634741
            ],
            [
              -73.81582453749884,
              40.87639969940423
            ],
            [
              -73.81591436902725,
              40.87639969940423
            ]
          ]
        ]
      },
      "id": "-821715+455033",
      "properties": {
        "count": 3,
        "label": 1
      }
    },
    {
      "type": "Feature",
      "geometry": {
        "geodesic": false,
        "type": "Polygon",
        "coordinates": [
          [
            [
              -73.81591436902725,
              40.88825746115461
            ],
            [
              -73.81582453749884,
              40.88825746115461
            ],
            [
              -73.81582453749884,
              40.88834729268302
            ],
            [
              -73.81591436902725,
              40.88834729268302
            ],
            [
              -73.81591436902725,
              40.88825746115461
            ]
          ]
        ]
      },
      "id": "-821715+455166",
      "properties": {
        "count": 1,
        "label": 1
      }
    },
    {
      "type": "Feature",
      "geometry": {
        "geodesic": false,
        "type": "Polygon",
        "coordinates": [
          [
            [
              -73.81591436902725,
              40.888437124211436
            ],
            [
              -73.81582453749884,
              40.888437124211436
            ],
            [
              -73.81582453749884,
              40.88852695573985
            ],
            [
              -73.81591436902725,
              40.88852695573985
            ],
            [
              -73.81591436902725,
              40.888437124211436
            ]
          ]
        ]
      },
      "id": "-821715+455168",
      "properties": {
        "count": 1,
        "label": 1
      }
    },
    {
      "type": "Feature",
      "geometry": {
        "geodesic": false,
        "type": "Polygon",
        "coordinates": [
          [
            [
              -73.81609403208408,
              40.87523188953488
            ],
            [
              -73.81609403208408,
              40.875052226478054
            ],
            [
              -73.8161838636125,
              40.875052226478054
            ],
            [
              -73.8161838636125,
              40.87487256342123
            ],
            [
              -73.81591436902725,
              40.87487256342123
            ],
            [
              -73.81591436902725,
              40.875052226478054
            ],
            [
              -73.81582453749884,
              40.875052226478054
            ],
            [
              -73.81582453749884,
              40.87514205800647
            ],
            [
              -73.81591436902725,
              40.87514205800647
            ],
            [
              -73.81591436902725,
              40.87523188953488
            ],
            [
              -73.81609403208408,
              40.87523188953488
            ]
          ]
        ]
      },
      "id": "-821716+455020",
      "properties": {
        "count": 11,
        "label": 1
      }
    },
    {
      "type": "Feature",
      "geometry": {
        "geodesic": false,
        "type": "Polygon",
        "coordinates": [
          [
            [
              -73.8161838636125,
              40.88565234683067
            ],
            [
              -73.8161838636125,
              40.885562515302254
            ],
            [
              -73.81627369514091,
              40.885562515302254
            ],
            [
              -73.81627369514091,
              40.88547268377384
            ],
            [
              -73.81636352666932,
              40.88547268377384
            ],
            [
              -73.81636352666932,
              40.885293020717015
            ],
            [
              -73.81627369514091,
              40.885293020717015
            ],
            [
              -73.81627369514091,
              40.88520318918861
            ],
            [
              -73.81600420055567,
              40.88520318918861
            ],
            [
              -73.81600420055567,
              40.885293020717015
            ],
            [
              -73.81591436902725,
              40.885293020717015
            ],
            [
              -73.81591436902725,
              40.885562515302254
            ],
            [
              -73.81600420055567,
              40.885562515302254
            ],
            [
              -73.81600420055567,
              40.88565234683067
            ],
            [
              -73.8161838636125,
              40.88565234683067
            ]
          ],
          [
            [
              -73.81609403208408,
              40.88538285224543
            ],
            [
              -73.81627369514091,
              40.88538285224543
            ],
            [
              -73.81627369514091,
              40.885293020717015
            ],
            [
              -73.81609403208408,
              40.885293020717015
            ],
            [
              -73.81609403208408,
              40.88538285224543
            ]
          ]
        ]
      },
      "id": "-821717+455136",
      "properties": {
        "count": 17,
        "label": 1
      }
    },
    {
      "type": "Feature",
      "geometry": {
        "geodesic": false,
        "type": "Polygon",
        "coordinates": [
          [
            [
              -73.81645335819773,
              40.88457436848972
            ],
            [
              -73.81645335819773,
              40.884394705432896
            ],
            [
              -73.81636352666932,
              40.884394705432896
            ],
            [
              -73.81636352666932,
              40.88430487390448
            ],
            [
              -73.81645335819773,
              40.88430487390448
            ],
            [
              -73.81645335819773,
              40.884125210847664
            ],
            [
              -73.81663302125456,
              40.884125210847664
            ],
            [
              -73.81663302125456,
              40.88394554779084
            ],
            [
              -73.8169923473682,
              40.88394554779084
            ],
            [
              -73.8169923473682,
              40.88403537931925
            ],
            [
              -73.81717201042503,
              40.88403537931925
            ],
            [
              -73.81717201042503,
              40.88394554779084
            ],
            [
              -73.81735167348185,
              40.88394554779084
            ],
            [
              -73.81735167348185,
              40.88376588473401
            ],
            [
              -73.8178008311239,
              40.88376588473401
            ],
            [
              -73.8178008311239,
              40.883676053205605
            ],
            [
              -73.81807032570914,
              40.883676053205605
            ],
            [
              -73.81807032570914,
              40.88349639014878
            ],
            [
              -73.81789066265232,
              40.88349639014878
            ],
            [
              -73.81789066265232,
              40.883226895563546
            ],
            [
              -73.81762116806709,
              40.883226895563546
            ],
            [
              -73.81762116806709,
              40.88304723250672
            ],
            [
              -73.81744150501027,
              40.88304723250672
            ],
            [
              -73.81744150501027,
              40.88286756944989
            ],
            [
              -73.8178008311239,
              40.88286756944989
            ],
            [
              -73.8178008311239,
              40.88277773792148
            ],
            [
              -73.81744150501027,
              40.88277773792148
            ],
            [
              -73.81744150501027,
              40.88250824333625
            ],
            [
              -73.8177109995955,
              40.88250824333625
            ],
            [
              -73.8177109995955,
              40.88259807486466
            ],
            [
              -73.81816015723756,
              40.88259807486466
            ],
            [
              -73.81816015723756,
              40.88250824333625
            ],
            [
              -73.81833982029438,
              40.88250824333625
            ],
            [
              -73.81833982029438,
              40.88241841180783
            ],
            [
              -73.81816015723756,
              40.88241841180783
            ],
            [
              -73.81816015723756,
              40.88232858027942
            ],
            [
              -73.81807032570914,
              40.88232858027942
            ],
            [
              -73.81807032570914,
              40.88241841180783
            ],
            [
              -73.8177109995955,
              40.88241841180783
            ],
            [
              -73.8177109995955,
              40.88232858027942
            ],
            [
              -73.81744150501027,
              40.88232858027942
            ],
            [
              -73.81744150501027,
              40.88241841180783
            ],
            [
              -73.81735167348185,
              40.88241841180783
            ],
            [
              -73.81735167348185,
              40.882238748751014
            ],
            [
              -73.8177109995955,
              40.882238748751014
            ],
            [
              -73.8177109995955,
              40.88205908569419
            ],
            [
              -73.81798049418073,
              40.88205908569419
            ],
            [
              -73.81798049418073,
              40.881969254165774
            ],
            [
              -73.81807032570914,
              40.881969254165774
            ],
            [
              -73.81807032570914,
              40.88205908569419
            ],
            [
              -73.81816015723756,
              40.88205908569419
            ],
            [
              -73.81816015723756,
              40.8821489172226
            ],
            [
              -73.81833982029438,
              40.8821489172226
            ],
            [
              -73.81833982029438,
              40.88232858027942
            ],
            [
              -73.8184296518228,
              40.88232858027942
            ],
            [
              -73.8184296518228,
              40.8821489172226
            ],
            [
              -73.81869914640804,
              40.8821489172226
            ],
            [
              -73.81869914640804,
              40.882238748751014
            ],
            [
              -73.81878897793644,
              40.882238748751014
            ],
            [
              -73.81878897793644,
              40.88205908569419
            ],
            [
              -73.81869914640804,
              40.88205908569419
            ],
            [
              -73.81869914640804,
              40.8814302649953
            ],
            [
              -73.81878897793644,
              40.8814302649953
            ],
            [
              -73.81878897793644,
              40.88116077041007
            ],
            [
              -73.81887880946485,
              40.88116077041007
            ],
            [
              -73.81887880946485,
              40.881070938881656
            ],
            [
              -73.81905847252168,
              40.881070938881656
            ],
            [
              -73.81905847252168,
              40.88098110735324
            ],
            [
              -73.81887880946485,
              40.88098110735324
            ],
            [
              -73.81887880946485,
              40.88089127582483
            ],
            [
              -73.81905847252168,
              40.88089127582483
            ],
            [
              -73.81905847252168,
              40.88071161276801
            ],
            [
              -73.81914830405009,
              40.88071161276801
            ],
            [
              -73.81914830405009,
              40.8806217812396
            ],
            [
              -73.81932796710691,
              40.8806217812396
            ],
            [
              -73.81932796710691,
              40.88071161276801
            ],
            [
              -73.81941779863533,
              40.88071161276801
            ],
            [
              -73.81941779863533,
              40.88080144429642
            ],
            [
              -73.81950763016374,
              40.88080144429642
            ],
            [
              -73.81950763016374,
              40.88089127582483
            ],
            [
              -73.81959746169215,
              40.88089127582483
            ],
            [
              -73.81959746169215,
              40.880531949711184
            ],
            [
              -73.81968729322057,
              40.880531949711184
            ],
            [
              -73.81968729322057,
              40.88035228665436
            ],
            [
              -73.81977712474897,
              40.88035228665436
            ],
            [
              -73.81977712474897,
              40.879813297483885
            ],
            [
              -73.81968729322057,
              40.879813297483885
            ],
            [
              -73.81968729322057,
              40.880082792069125
            ],
            [
              -73.81950763016374,
              40.880082792069125
            ],
            [
              -73.81950763016374,
              40.88026245512595
            ],
            [
              -73.81941779863533,
              40.88026245512595
            ],
            [
              -73.81941779863533,
              40.88035228665436
            ],
            [
              -73.81914830405009,
              40.88035228665436
            ],
            [
              -73.81914830405009,
              40.88026245512595
            ],
            [
              -73.81905847252168,
              40.88026245512595
            ],
            [
              -73.81905847252168,
              40.87999296054071
            ],
            [
              -73.81914830405009,
              40.87999296054071
            ],
            [
              -73.81914830405009,
              40.879813297483885
            ],
            [
              -73.81905847252168,
              40.879813297483885
            ],
            [
              -73.81905847252168,
              40.87972346595548
            ],
            [
              -73.81914830405009,
              40.87972346595548
            ],
            [
              -73.81914830405009,
              40.879633634427066
            ],
            [
              -73.81932796710691,
              40.879633634427066
            ],
            [
              -73.81932796710691,
              40.87954380289865
            ],
            [
              -73.81950763016374,
              40.87954380289865
            ],
            [
              -73.81950763016374,
              40.87945397137024
            ],
            [
              -73.81941779863533,
              40.87945397137024
            ],
            [
              -73.81941779863533,
              40.879364139841826
            ],
            [
              -73.81932796710691,
              40.879364139841826
            ],
            [
              -73.81932796710691,
              40.87927430831342
            ],
            [
              -73.81887880946485,
              40.87927430831342
            ],
            [
              -73.81887880946485,
              40.87909464525659
            ],
            [
              -73.81905847252168,
              40.87909464525659
            ],
            [
              -73.81905847252168,
              40.87900481372818
            ],
            [
              -73.8192381355785,
              40.87900481372818
            ],
            [
              -73.8192381355785,
              40.87891498219977
            ],
            [
              -73.81977712474897,
              40.87891498219977
            ],
            [
              -73.81977712474897,
              40.878645487614534
            ],
            [
              -73.81968729322057,
              40.878645487614534
            ],
            [
              -73.81968729322057,
              40.87855565608612
            ],
            [
              -73.81977712474897,
              40.87855565608612
            ],
            [
              -73.81977712474897,
              40.87846582455771
            ],
            [
              -73.8199567878058,
              40.87846582455771
            ],
            [
              -73.8199567878058,
              40.87828616150089
            ],
            [
              -73.81968729322057,
              40.87828616150089
            ],
            [
              -73.81968729322057,
              40.878196329972475
            ],
            [
              -73.81959746169215,
              40.878196329972475
            ],
            [
              -73.81959746169215,
              40.877926835387235
            ],
            [
              -73.81968729322057,
              40.877926835387235
            ],
            [
              -73.81968729322057,
              40.877477677745176
            ],
            [
              -73.81959746169215,
              40.877477677745176
            ],
            [
              -73.81959746169215,
              40.87711835163153
            ],
            [
              -73.81950763016374,
              40.87711835163153
            ],
            [
              -73.81950763016374,
              40.87702852010312
            ],
            [
              -73.8192381355785,
              40.87702852010312
            ],
            [
              -73.8192381355785,
              40.876938688574704
            ],
            [
              -73.81896864099326,
              40.876938688574704
            ],
            [
              -73.81896864099326,
              40.876759025517885
            ],
            [
              -73.8192381355785,
              40.876759025517885
            ],
            [
              -73.8192381355785,
              40.87684885704629
            ],
            [
              -73.81932796710691,
              40.87684885704629
            ],
            [
              -73.81932796710691,
              40.876759025517885
            ],
            [
              -73.8192381355785,
              40.876759025517885
            ],
            [
              -73.8192381355785,
              40.87666919398947
            ],
            [
              -73.81932796710691,
              40.87666919398947
            ],
            [
              -73.81932796710691,
              40.87657936246106
            ],
            [
              -73.81950763016374,
              40.87657936246106
            ],
            [
              -73.81950763016374,
              40.876130204819
            ],
            [
              -73.81959746169215,
              40.876130204819
            ],
            [
              -73.81959746169215,
              40.87586071023376
            ],
            [
              -73.81968729322057,
              40.87586071023376
            ],
            [
              -73.81968729322057,
              40.87568104717694
            ],
            [
              -73.81986695627738,
              40.87568104717694
            ],
            [
              -73.81986695627738,
              40.87550138412011
            ],
            [
              -73.8199567878058,
              40.87550138412011
            ],
            [
              -73.8199567878058,
              40.875052226478054
            ],
            [
              -73.82013645086262,
              40.875052226478054
            ],
            [
              -73.82013645086262,
              40.87469290036441
            ],
            [
              -73.81977712474897,
              40.87469290036441
            ],
            [
              -73.81977712474897,
              40.87478273189282
            ],
            [
              -73.81959746169215,
              40.87478273189282
            ],
            [
              -73.81959746169215,
              40.87496239494964
            ],
            [
              -73.8192381355785,
              40.87496239494964
            ],
            [
              -73.8192381355785,
              40.87469290036441
            ],
            [
              -73.81887880946485,
              40.87469290036441
            ],
            [
              -73.81887880946485,
              40.87577087870535
            ],
            [
              -73.81878897793644,
              40.87577087870535
            ],
            [
              -73.81878897793644,
              40.87639969940423
            ],
            [
              -73.81887880946485,
              40.87639969940423
            ],
            [
              -73.81887880946485,
              40.876309867875825
            ],
            [
              -73.81914830405009,
              40.876309867875825
            ],
            [
              -73.81914830405009,
              40.87622003634741
            ],
            [
              -73.81932796710691,
              40.87622003634741
            ],
            [
              -73.81932796710691,
              40.876309867875825
            ],
            [
              -73.8192381355785,
              40.876309867875825
            ],
            [
              -73.8192381355785,
              40.87639969940423
            ],
            [
              -73.81914830405009,
              40.87639969940423
            ],
            [
              -73.81914830405009,
              40.87666919398947
            ],
            [
              -73.81896864099326,
              40.87666919398947
            ],
            [
              -73.81896864099326,
              40.876759025517885
            ],
            [
              -73.81860931487962,
              40.876759025517885
            ],
            [
              -73.81860931487962,
              40.87729801468836
            ],
            [
              -73.81851948335121,
              40.87729801468836
            ],
            [
              -73.81851948335121,
              40.877477677745176
            ],
            [
              -73.81860931487962,
              40.877477677745176
            ],
            [
              -73.81860931487962,
              40.87756750927359
            ],
            [
              -73.81851948335121,
              40.87756750927359
            ],
            [
              -73.81851948335121,
              40.877747172330416
            ],
            [
              -73.81869914640804,
              40.877747172330416
            ],
            [
              -73.81869914640804,
              40.877926835387235
            ],
            [
              -73.81887880946485,
              40.877926835387235
            ],
            [
              -73.81887880946485,
              40.87801666691565
            ],
            [
              -73.81869914640804,
              40.87801666691565
            ],
            [
              -73.81869914640804,
              40.87810649844406
            ],
            [
              -73.81860931487962,
              40.87810649844406
            ],
            [
              -73.81860931487962,
              40.878375993029294
            ],
            [
              -73.81851948335121,
              40.878375993029294
            ],
            [
              -73.81851948335121,
              40.87846582455771
            ],
            [
              -73.81816015723756,
              40.87846582455771
            ],
            [
              -73.81816015723756,
              40.87855565608612
            ],
            [
              -73.81798049418073,
              40.87855565608612
            ],
            [
              -73.81798049418073,
              40.87927430831342
            ],
            [
              -73.81789066265232,
              40.87927430831342
            ],
            [
              -73.81789066265232,
              40.879364139841826
            ],
            [
              -73.8178008311239,
              40.879364139841826
            ],
            [
              -73.8178008311239,
              40.87954380289865
            ],
            [
              -73.81789066265232,
              40.87954380289865
            ],
            [
              -73.81789066265232,
              40.879364139841826
            ],
            [
              -73.81851948335121,
              40.879364139841826
            ],
            [
              -73.81851948335121,
              40.87945397137024
            ],
            [
              -73.81860931487962,
              40.87945397137024
            ],
            [
              -73.81860931487962,
              40.879364139841826
            ],
            [
              -73.81878897793644,
              40.879364139841826
            ],
            [
              -73.81878897793644,
              40.87954380289865
            ],
            [
              -73.81860931487962,
              40.87954380289865
            ],
            [
              -73.81860931487962,
              40.879633634427066
            ],
            [
              -73.8184296518228,
              40.879633634427066
            ],
            [
              -73.8184296518228,
              40.87972346595548
            ],
            [
              -73.81833982029438,
              40.87972346595548
            ],
            [
              -73.81833982029438,
              40.879813297483885
            ],
            [
              -73.81869914640804,
              40.879813297483885
            ],
            [
              -73.81869914640804,
              40.8799031290123
            ],
            [
              -73.81878897793644,
              40.8799031290123
            ],
            [
              -73.81878897793644,
              40.880082792069125
            ],
            [
              -73.81869914640804,
              40.880082792069125
            ],
            [
              -73.81869914640804,
              40.88017262359754
            ],
            [
              -73.81860931487962,
              40.88017262359754
            ],
            [
              -73.81860931487962,
              40.88026245512595
            ],
            [
              -73.8184296518228,
              40.88026245512595
            ],
            [
              -73.8184296518228,
              40.88044211818277
            ],
            [
              -73.81824998876597,
              40.88044211818277
            ],
            [
              -73.81824998876597,
              40.880531949711184
            ],
            [
              -73.81807032570914,
              40.880531949711184
            ],
            [
              -73.81807032570914,
              40.88071161276801
            ],
            [
              -73.81789066265232,
              40.88071161276801
            ],
            [
              -73.81789066265232,
              40.88044211818277
            ],
            [
              -73.81798049418073,
              40.88044211818277
            ],
            [
              -73.81798049418073,
              40.88026245512595
            ],
            [
              -73.81789066265232,
              40.88026245512595
            ],
            [
              -73.81789066265232,
              40.88035228665436
            ],
            [
              -73.8177109995955,
              40.88035228665436
            ],
            [
              -73.8177109995955,
              40.88044211818277
            ],
            [
              -73.81753133653868,
              40.88044211818277
            ],
            [
              -73.81753133653868,
              40.8806217812396
            ],
            [
              -73.81735167348185,
              40.8806217812396
            ],
            [
              -73.81735167348185,
              40.88080144429642
            ],
            [
              -73.8177109995955,
              40.88080144429642
            ],
            [
              -73.8177109995955,
              40.881070938881656
            ],
            [
              -73.81789066265232,
              40.881070938881656
            ],
            [
              -73.81789066265232,
              40.88134043346689
            ],
            [
              -73.8177109995955,
              40.88134043346689
            ],
            [
              -73.8177109995955,
              40.88125060193848
            ],
            [
              -73.81753133653868,
              40.88125060193848
            ],
            [
              -73.81753133653868,
              40.88116077041007
            ],
            [
              -73.81735167348185,
              40.88116077041007
            ],
            [
              -73.81735167348185,
              40.881070938881656
            ],
            [
              -73.81726184195344,
              40.881070938881656
            ],
            [
              -73.81726184195344,
              40.88205908569419
            ],
            [
              -73.8169923473682,
              40.88205908569419
            ],
            [
              -73.8169923473682,
              40.88259807486466
            ],
            [
              -73.81690251583979,
              40.88259807486466
            ],
            [
              -73.81690251583979,
              40.88268790639307
            ],
            [
              -73.8169923473682,
              40.88268790639307
            ],
            [
              -73.8169923473682,
              40.882957400978306
            ],
            [
              -73.81690251583979,
              40.882957400978306
            ],
            [
              -73.81690251583979,
              40.88313706403513
            ],
            [
              -73.81672285278297,
              40.88313706403513
            ],
            [
              -73.81672285278297,
              40.883226895563546
            ],
            [
              -73.81663302125456,
              40.883226895563546
            ],
            [
              -73.81663302125456,
              40.883406558620365
            ],
            [
              -73.81654318972615,
              40.883406558620365
            ],
            [
              -73.81654318972615,
              40.88376588473401
            ],
            [
              -73.81663302125456,
              40.88376588473401
            ],
            [
              -73.81663302125456,
              40.883855716262424
            ],
            [
              -73.81645335819773,
              40.883855716262424
            ],
            [
              -73.81645335819773,
              40.88394554779084
            ],
            [
              -73.81636352666932,
              40.88394554779084
            ],
            [
              -73.81636352666932,
              40.88403537931925
            ],
            [
              -73.81627369514091,
              40.88403537931925
            ],
            [
              -73.81627369514091,
              40.88448453696131
            ],
            [
              -73.81609403208408,
              40.88448453696131
            ],
            [
              -73.81609403208408,
              40.88457436848972
            ],
            [
              -73.81645335819773,
              40.88457436848972
            ]
          ],
          [
            [
              -73.81959746169215,
              40.87550138412011
            ],
            [
              -73.81968729322057,
              40.87550138412011
            ],
            [
              -73.81968729322057,
              40.8754115525917
            ],
            [
              -73.81959746169215,
              40.8754115525917
            ],
            [
              -73.81959746169215,
              40.87550138412011
            ]
          ],
          [
            [
              -73.81896864099326,
              40.877747172330416
            ],
            [
              -73.81905847252168,
              40.877747172330416
            ],
            [
              -73.81905847252168,
              40.877657340802
            ],
            [
              -73.81896864099326,
              40.877657340802
            ],
            [
              -73.81896864099326,
              40.877747172330416
            ]
          ],
          [
            [
              -73.81932796710691,
              40.878375993029294
            ],
            [
              -73.81941779863533,
              40.878375993029294
            ],
            [
              -73.81941779863533,
              40.878196329972475
            ],
            [
              -73.81932796710691,
              40.878196329972475
            ],
            [
              -73.81932796710691,
              40.878375993029294
            ]
          ],
          [
            [
              -73.81941779863533,
              40.87855565608612
            ],
            [
              -73.81959746169215,
              40.87855565608612
            ],
            [
              -73.81959746169215,
              40.87846582455771
            ],
            [
              -73.81941779863533,
              40.87846582455771
            ],
            [
              -73.81941779863533,
              40.87855565608612
            ]
          ],
          [
            [
              -73.81896864099326,
              40.87900481372818
            ],
            [
              -73.81905847252168,
              40.87900481372818
            ],
            [
              -73.81905847252168,
              40.87891498219977
            ],
            [
              -73.81896864099326,
              40.87891498219977
            ],
            [
              -73.81896864099326,
              40.87900481372818
            ]
          ],
          [
            [
              -73.81878897793644,
              40.88044211818277
            ],
            [
              -73.81896864099326,
              40.88044211818277
            ],
            [
              -73.81896864099326,
              40.88035228665436
            ],
            [
              -73.81878897793644,
              40.88035228665436
            ],
            [
              -73.81878897793644,
              40.88044211818277
            ]
          ],
          [
            [
              -73.81833982029438,
              40.881070938881656
            ],
            [
              -73.8184296518228,
              40.881070938881656
            ],
            [
              -73.8184296518228,
              40.88098110735324
            ],
            [
              -73.81860931487962,
              40.88098110735324
            ],
            [
              -73.81860931487962,
              40.88089127582483
            ],
            [
              -73.81833982029438,
              40.88089127582483
            ],
            [
              -73.81833982029438,
              40.881070938881656
            ]
          ],
          [
            [
              -73.81851948335121,
              40.88116077041007
            ],
            [
              -73.81869914640804,
              40.88116077041007
            ],
            [
              -73.81869914640804,
              40.88098110735324
            ],
            [
              -73.81860931487962,
              40.88098110735324
            ],
            [
              -73.81860931487962,
              40.881070938881656
            ],
            [
              -73.81851948335121,
              40.881070938881656
            ],
            [
              -73.81851948335121,
              40.88116077041007
            ]
          ],
          [
            [
              -73.81798049418073,
              40.88125060193848
            ],
            [
              -73.81807032570914,
              40.88125060193848
            ],
            [
              -73.81807032570914,
              40.88116077041007
            ],
            [
              -73.81824998876597,
              40.88116077041007
            ],
            [
              -73.81824998876597,
              40.881070938881656
            ],
            [
              -73.81798049418073,
              40.881070938881656
            ],
            [
              -73.81798049418073,
              40.88125060193848
            ]
          ],
          [
            [
              -73.81816015723756,
              40.881969254165774
            ],
            [
              -73.8184296518228,
              40.881969254165774
            ],
            [
              -73.8184296518228,
              40.88187942263736
            ],
            [
              -73.81851948335121,
              40.88187942263736
            ],
            [
              -73.81851948335121,
              40.881520096523715
            ],
            [
              -73.81798049418073,
              40.881520096523715
            ],
            [
              -73.81798049418073,
              40.88178959110895
            ],
            [
              -73.81807032570914,
              40.88178959110895
            ],
            [
              -73.81807032570914,
              40.88187942263736
            ],
            [
              -73.81816015723756,
              40.88187942263736
            ],
            [
              -73.81816015723756,
              40.881969254165774
            ]
          ],
          [
            [
              -73.81744150501027,
              40.881969254165774
            ],
            [
              -73.81762116806709,
              40.881969254165774
            ],
            [
              -73.81762116806709,
              40.88169975958054
            ],
            [
              -73.8177109995955,
              40.88169975958054
            ],
            [
              -73.8177109995955,
              40.881520096523715
            ],
            [
              -73.81762116806709,
              40.881520096523715
            ],
            [
              -73.81762116806709,
              40.88160992805213
            ],
            [
              -73.81735167348185,
              40.88160992805213
            ],
            [
              -73.81735167348185,
              40.88187942263736
            ],
            [
              -73.81744150501027,
              40.88187942263736
            ],
            [
              -73.81744150501027,
              40.881969254165774
            ]
          ],
          [
            [
              -73.81726184195344,
              40.883226895563546
            ],
            [
              -73.81735167348185,
              40.883226895563546
            ],
            [
              -73.81735167348185,
              40.882957400978306
            ],
            [
              -73.81726184195344,
              40.882957400978306
            ],
            [
              -73.81726184195344,
              40.883226895563546
            ]
          ],
          [
            [
              -73.81717201042503,
              40.88349639014878
            ],
            [
              -73.81735167348185,
              40.88349639014878
            ],
            [
              -73.81735167348185,
              40.883406558620365
            ],
            [
              -73.81717201042503,
              40.883406558620365
            ],
            [
              -73.81717201042503,
              40.88349639014878
            ]
          ]
        ]
      },
      "id": "-821718+455124",
      "properties": {
        "count": 1138,
        "label": 1
      }
    },
    {
      "type": "Feature",
      "geometry": {
        "geodesic": false,
        "type": "Polygon",
        "coordinates": [
          [
            [
              -73.81636352666932,
              40.88475403154654
            ],
            [
              -73.81609403208408,
              40.88475403154654
            ],
            [
              -73.81609403208408,
              40.884843863074956
            ],
            [
              -73.81636352666932,
              40.884843863074956
            ],
            [
              -73.81636352666932,
              40.88475403154654
            ]
          ]
        ]
      },
      "id": "-821718+455127",
      "properties": {
        "count": 3,
        "label": 1
      }
    },
    {
      "type": "Feature",
      "geometry": {
        "geodesic": false,
        "type": "Polygon",
        "coordinates": [
          [
            [
              -73.81636352666932,
              40.87307593285299
            ],
            [
              -73.8161838636125,
              40.87307593285299
            ],
            [
              -73.8161838636125,
              40.873165764381405
            ],
            [
              -73.81636352666932,
              40.873165764381405
            ],
            [
              -73.81636352666932,
              40.87307593285299
            ]
          ]
        ]
      },
      "id": "-821719+454997",
      "properties": {
        "count": 2,
        "label": 1
      }
    },
    {
      "type": "Feature",
      "geometry": {
        "geodesic": false,
        "type": "Polygon",
        "coordinates": [
          [
            [
              -73.81627369514091,
              40.87684885704629
            ],
            [
              -73.8161838636125,
              40.87684885704629
            ],
            [
              -73.8161838636125,
              40.876938688574704
            ],
            [
              -73.81627369514091,
              40.876938688574704
            ],
            [
              -73.81627369514091,
              40.87684885704629
            ]
          ]
        ]
      },
      "id": "-821719+455039",
      "properties": {
        "count": 1,
        "label": 1
      }
    },
    {
      "type": "Feature",
      "geometry": {
        "geodesic": false,
        "type": "Polygon",
        "coordinates": [
          [
            [
              -73.81627369514091,
              40.88825746115461
            ],
            [
              -73.8161838636125,
              40.88825746115461
            ],
            [
              -73.8161838636125,
              40.88834729268302
            ],
            [
              -73.81627369514091,
              40.88834729268302
            ],
            [
              -73.81627369514091,
              40.88825746115461
            ]
          ]
        ]
      },
      "id": "-821719+455166",
      "properties": {
        "count": 1,
        "label": 1
      }
    },
    {
      "type": "Feature",
      "geometry": {
        "geodesic": false,
        "type": "Polygon",
        "coordinates": [
          [
            [
              -73.81645335819773,
              40.87397424813711
            ],
            [
              -73.81645335819773,
              40.873884416608696
            ],
            [
              -73.81654318972615,
              40.873884416608696
            ],
            [
              -73.81654318972615,
              40.87370475355188
            ],
            [
              -73.81645335819773,
              40.87370475355188
            ],
            [
              -73.81645335819773,
              40.873884416608696
            ],
            [
              -73.81627369514091,
              40.873884416608696
            ],
            [
              -73.81627369514091,
              40.87397424813711
            ],
            [
              -73.81645335819773,
              40.87397424813711
            ]
          ]
        ]
      },
      "id": "-821720+455006",
      "properties": {
        "count": 4,
        "label": 1
      }
    },
    {
      "type": "Feature",
      "geometry": {
        "geodesic": false,
        "type": "Polygon",
        "coordinates": [
          [
            [
              -73.81645335819773,
              40.888437124211436
            ],
            [
              -73.81627369514091,
              40.888437124211436
            ],
            [
              -73.81627369514091,
              40.88852695573985
            ],
            [
              -73.81645335819773,
              40.88852695573985
            ],
            [
              -73.81645335819773,
              40.888437124211436
            ]
          ]
        ]
      },
      "id": "-821720+455168",
      "properties": {
        "count": 2,
        "label": 1
      }
    },
    {
      "type": "Feature",
      "geometry": {
        "geodesic": false,
        "type": "Polygon",
        "coordinates": [
          [
            [
              -73.81654318972615,
              40.87586071023376
            ],
            [
              -73.81636352666932,
              40.87586071023376
            ],
            [
              -73.81636352666932,
              40.87595054176217
            ],
            [
              -73.81654318972615,
              40.87595054176217
            ],
            [
              -73.81654318972615,
              40.87586071023376
            ]
          ]
        ]
      },
      "id": "-821721+455028",
      "properties": {
        "count": 2,
        "label": 1
      }
    },
    {
      "type": "Feature",
      "geometry": {
        "geodesic": false,
        "type": "Polygon",
        "coordinates": [
          [
            [
              -73.81663302125456,
              40.87559121564853
            ],
            [
              -73.81663302125456,
              40.8754115525917
            ],
            [
              -73.81672285278297,
              40.8754115525917
            ],
            [
              -73.81672285278297,
              40.87532172106329
            ],
            [
              -73.81627369514091,
              40.87532172106329
            ],
            [
              -73.81627369514091,
              40.8754115525917
            ],
            [
              -73.81645335819773,
              40.8754115525917
            ],
            [
              -73.81645335819773,
              40.87550138412011
            ],
            [
              -73.81654318972615,
              40.87550138412011
            ],
            [
              -73.81654318972615,
              40.87559121564853
            ],
            [
              -73.81663302125456,
              40.87559121564853
            ]
          ]
        ]
      },
      "id": "-821723+455024",
      "properties": {
        "count": 8,
        "label": 1
      }
    },
    {
      "type": "Feature",
      "geometry": {
        "geodesic": false,
        "type": "Polygon",
        "coordinates": [
          [
            [
              -73.81672285278297,
              40.876130204819
            ],
            [
              -73.81654318972615,
              40.876130204819
            ],
            [
              -73.81654318972615,
              40.87622003634741
            ],
            [
              -73.81672285278297,
              40.87622003634741
            ],
            [
              -73.81672285278297,
              40.876130204819
            ]
          ]
        ]
      },
      "id": "-821723+455031",
      "properties": {
        "count": 2,
        "label": 1
      }
    },
    {
      "type": "Feature",
      "geometry": {
        "geodesic": false,
        "type": "Polygon",
        "coordinates": [
          [
            [
              -73.8169923473682,
              40.87406407966552
            ],
            [
              -73.81690251583979,
              40.87406407966552
            ],
            [
              -73.81690251583979,
              40.87424374272235
            ],
            [
              -73.8169923473682,
              40.87424374272235
            ],
            [
              -73.8169923473682,
              40.87406407966552
            ]
          ]
        ]
      },
      "id": "-821727+455009",
      "properties": {
        "count": 2,
        "label": 1
      }
    },
    {
      "type": "Feature",
      "geometry": {
        "geodesic": false,
        "type": "Polygon",
        "coordinates": [
          [
            [
              -73.81717201042503,
              40.87379458508029
            ],
            [
              -73.8169923473682,
              40.87379458508029
            ],
            [
              -73.8169923473682,
              40.873884416608696
            ],
            [
              -73.81717201042503,
              40.873884416608696
            ],
            [
              -73.81717201042503,
              40.87379458508029
            ]
          ]
        ]
      },
      "id": "-821728+455005",
      "properties": {
        "count": 2,
        "label": 1
      }
    },
    {
      "type": "Feature",
      "geometry": {
        "geodesic": false,
        "type": "Polygon",
        "coordinates": [
          [
            [
              -73.81735167348185,
              40.8513367029773
            ],
            [
              -73.81717201042503,
              40.8513367029773
            ],
            [
              -73.81717201042503,
              40.851516366034126
            ],
            [
              -73.81735167348185,
              40.851516366034126
            ],
            [
              -73.81735167348185,
              40.8513367029773
            ]
          ]
        ]
      },
      "id": "-821730+454756",
      "properties": {
        "count": 4,
        "label": 1
      }
    },
    {
      "type": "Feature",
      "geometry": {
        "geodesic": false,
        "type": "Polygon",
        "coordinates": [
          [
            [
              -73.81753133653868,
              40.87801666691565
            ],
            [
              -73.81753133653868,
              40.877657340802
            ],
            [
              -73.81744150501027,
              40.877657340802
            ],
            [
              -73.81744150501027,
              40.877477677745176
            ],
            [
              -73.81753133653868,
              40.877477677745176
            ],
            [
              -73.81753133653868,
              40.87738784621676
            ],
            [
              -73.81744150501027,
              40.87738784621676
            ],
            [
              -73.81744150501027,
              40.877477677745176
            ],
            [
              -73.81735167348185,
              40.877477677745176
            ],
            [
              -73.81735167348185,
              40.87756750927359
            ],
            [
              -73.81717201042503,
              40.87756750927359
            ],
            [
              -73.81717201042503,
              40.877657340802
            ],
            [
              -73.81708217889661,
              40.877657340802
            ],
            [
              -73.81708217889661,
              40.87783700385882
            ],
            [
              -73.81717201042503,
              40.87783700385882
            ],
            [
              -73.81717201042503,
              40.87801666691565
            ],
            [
              -73.81753133653868,
              40.87801666691565
            ]
          ]
        ]
      },
      "id": "-821730+455051",
      "properties": {
        "count": 23,
        "label": 1
      }
    },
    {
      "type": "Feature",
      "geometry": {
        "geodesic": false,
        "type": "Polygon",
        "coordinates": [
          [
            [
              -73.81744150501027,
              40.885742178359074
            ],
            [
              -73.81744150501027,
              40.88547268377384
            ],
            [
              -73.81753133653868,
              40.88547268377384
            ],
            [
              -73.81753133653868,
              40.88538285224543
            ],
            [
              -73.81744150501027,
              40.88538285224543
            ],
            [
              -73.81744150501027,
              40.88520318918861
            ],
            [
              -73.81735167348185,
              40.88520318918861
            ],
            [
              -73.81735167348185,
              40.885113357660195
            ],
            [
              -73.81726184195344,
              40.885113357660195
            ],
            [
              -73.81726184195344,
              40.88502352613178
            ],
            [
              -73.81717201042503,
              40.88502352613178
            ],
            [
              -73.81717201042503,
              40.88493369460337
            ],
            [
              -73.81708217889661,
              40.88493369460337
            ],
            [
              -73.81708217889661,
              40.884843863074956
            ],
            [
              -73.8169923473682,
              40.884843863074956
            ],
            [
              -73.8169923473682,
              40.88493369460337
            ],
            [
              -73.81663302125456,
              40.88493369460337
            ],
            [
              -73.81663302125456,
              40.88502352613178
            ],
            [
              -73.81645335819773,
              40.88502352613178
            ],
            [
              -73.81645335819773,
              40.88538285224543
            ],
            [
              -73.81654318972615,
              40.88538285224543
            ],
            [
              -73.81654318972615,
              40.885562515302254
            ],
            [
              -73.81672285278297,
              40.885562515302254
            ],
            [
              -73.81672285278297,
              40.88565234683067
            ],
            [
              -73.81708217889661,
              40.88565234683067
            ],
            [
              -73.81708217889661,
              40.885562515302254
            ],
            [
              -73.81717201042503,
              40.885562515302254
            ],
            [
              -73.81717201042503,
              40.88565234683067
            ],
            [
              -73.81726184195344,
              40.88565234683067
            ],
            [
              -73.81726184195344,
              40.885742178359074
            ],
            [
              -73.81744150501027,
              40.885742178359074
            ]
          ]
        ]
      },
      "id": "-821731+455137",
      "properties": {
        "count": 78,
        "label": 1
      }
    },
    {
      "type": "Feature",
      "geometry": {
        "geodesic": false,
        "type": "Polygon",
        "coordinates": [
          [
            [
              -73.81744150501027,
              40.87514205800647
            ],
            [
              -73.81735167348185,
              40.87514205800647
            ],
            [
              -73.81735167348185,
              40.87532172106329
            ],
            [
              -73.81744150501027,
              40.87532172106329
            ],
            [
              -73.81744150501027,
              40.87514205800647
            ]
          ]
        ]
      },
      "id": "-821732+455021",
      "properties": {
        "count": 2,
        "label": 1
      }
    },
    {
      "type": "Feature",
      "geometry": {
        "geodesic": false,
        "type": "Polygon",
        "coordinates": [
          [
            [
              -73.8178008311239,
              40.878196329972475
            ],
            [
              -73.81762116806709,
              40.878196329972475
            ],
            [
              -73.81762116806709,
              40.87828616150089
            ],
            [
              -73.8178008311239,
              40.87828616150089
            ],
            [
              -73.8178008311239,
              40.878196329972475
            ]
          ]
        ]
      },
      "id": "-821735+455054",
      "properties": {
        "count": 2,
        "label": 1
      }
    },
    {
      "type": "Feature",
      "geometry": {
        "geodesic": false,
        "type": "Polygon",
        "coordinates": [
          [
            [
              -73.8178008311239,
              40.879633634427066
            ],
            [
              -73.81762116806709,
              40.879633634427066
            ],
            [
              -73.81762116806709,
              40.87972346595548
            ],
            [
              -73.8178008311239,
              40.87972346595548
            ],
            [
              -73.8178008311239,
              40.879633634427066
            ]
          ]
        ]
      },
      "id": "-821735+455070",
      "properties": {
        "count": 2,
        "label": 1
      }
    },
    {
      "type": "Feature",
      "geometry": {
        "geodesic": false,
        "type": "Polygon",
        "coordinates": [
          [
            [
              -73.8178008311239,
              40.869123345602866
            ],
            [
              -73.8177109995955,
              40.869123345602866
            ],
            [
              -73.8177109995955,
              40.86921317713128
            ],
            [
              -73.8178008311239,
              40.86921317713128
            ],
            [
              -73.8178008311239,
              40.869123345602866
            ]
          ]
        ]
      },
      "id": "-821736+454953",
      "properties": {
        "count": 1,
        "label": 1
      }
    },
    {
      "type": "Feature",
      "geometry": {
        "geodesic": false,
        "type": "Polygon",
        "coordinates": [
          [
            [
              -73.81789066265232,
              40.88304723250672
            ],
            [
              -73.8178008311239,
              40.88304723250672
            ],
            [
              -73.8178008311239,
              40.88313706403513
            ],
            [
              -73.81789066265232,
              40.88313706403513
            ],
            [
              -73.81789066265232,
              40.88304723250672
            ]
          ]
        ]
      },
      "id": "-821737+455108",
      "properties": {
        "count": 1,
        "label": 1
      }
    },
    {
      "type": "Feature",
      "geometry": {
        "geodesic": false,
        "type": "Polygon",
        "coordinates": [
          [
            [
              -73.8184296518228,
              40.88304723250672
            ],
            [
              -73.8184296518228,
              40.88286756944989
            ],
            [
              -73.81824998876597,
              40.88286756944989
            ],
            [
              -73.81824998876597,
              40.882957400978306
            ],
            [
              -73.81798049418073,
              40.882957400978306
            ],
            [
              -73.81798049418073,
              40.88304723250672
            ],
            [
              -73.8184296518228,
              40.88304723250672
            ]
          ]
        ]
      },
      "id": "-821739+455107",
      "properties": {
        "count": 7,
        "label": 1
      }
    },
    {
      "type": "Feature",
      "geometry": {
        "geodesic": false,
        "type": "Polygon",
        "coordinates": [
          [
            [
              -73.81887880946485,
              40.88349639014878
            ],
            [
              -73.81887880946485,
              40.883406558620365
            ],
            [
              -73.81896864099326,
              40.883406558620365
            ],
            [
              -73.81896864099326,
              40.88331672709195
            ],
            [
              -73.81914830405009,
              40.88331672709195
            ],
            [
              -73.81914830405009,
              40.883226895563546
            ],
            [
              -73.8192381355785,
              40.883226895563546
            ],
            [
              -73.8192381355785,
              40.88286756944989
            ],
            [
              -73.81932796710691,
              40.88286756944989
            ],
            [
              -73.81932796710691,
              40.88259807486466
            ],
            [
              -73.81914830405009,
              40.88259807486466
            ],
            [
              -73.81914830405009,
              40.88268790639307
            ],
            [
              -73.81887880946485,
              40.88268790639307
            ],
            [
              -73.81887880946485,
              40.88259807486466
            ],
            [
              -73.81896864099326,
              40.88259807486466
            ],
            [
              -73.81896864099326,
              40.88250824333625
            ],
            [
              -73.81905847252168,
              40.88250824333625
            ],
            [
              -73.81905847252168,
              40.88241841180783
            ],
            [
              -73.81887880946485,
              40.88241841180783
            ],
            [
              -73.81887880946485,
              40.88250824333625
            ],
            [
              -73.81878897793644,
              40.88250824333625
            ],
            [
              -73.81878897793644,
              40.88259807486466
            ],
            [
              -73.81869914640804,
              40.88259807486466
            ],
            [
              -73.81869914640804,
              40.88268790639307
            ],
            [
              -73.81860931487962,
              40.88268790639307
            ],
            [
              -73.81860931487962,
              40.88286756944989
            ],
            [
              -73.81851948335121,
              40.88286756944989
            ],
            [
              -73.81851948335121,
              40.882957400978306
            ],
            [
              -73.81878897793644,
              40.882957400978306
            ],
            [
              -73.81878897793644,
              40.88304723250672
            ],
            [
              -73.81887880946485,
              40.88304723250672
            ],
            [
              -73.81887880946485,
              40.88313706403513
            ],
            [
              -73.81878897793644,
              40.88313706403513
            ],
            [
              -73.81878897793644,
              40.883226895563546
            ],
            [
              -73.81824998876597,
              40.883226895563546
            ],
            [
              -73.81824998876597,
              40.883406558620365
            ],
            [
              -73.8184296518228,
              40.883406558620365
            ],
            [
              -73.8184296518228,
              40.88349639014878
            ],
            [
              -73.81887880946485,
              40.88349639014878
            ]
          ]
        ]
      },
      "id": "-821744+455112",
      "properties": {
        "count": 69,
        "label": 1
      }
    },
    {
      "type": "Feature",
      "geometry": {
        "geodesic": false,
        "type": "Polygon",
        "coordinates": [
          [
            [
              -73.82013645086262,
              40.87325559590982
            ],
            [
              -73.82013645086262,
              40.873165764381405
            ],
            [
              -73.81986695627738,
              40.873165764381405
            ],
            [
              -73.81986695627738,
              40.87307593285299
            ],
            [
              -73.81977712474897,
              40.87307593285299
            ],
            [
              -73.81977712474897,
              40.87325559590982
            ],
            [
              -73.82013645086262,
              40.87325559590982
            ]
          ]
        ]
      },
      "id": "-821759+454998",
      "properties": {
        "count": 5,
        "label": 1
      }
    },
    {
      "type": "Feature",
      "geometry": {
        "geodesic": false,
        "type": "Polygon",
        "coordinates": [
          [
            [
              -73.81986695627738,
              40.87954380289865
            ],
            [
              -73.81986695627738,
              40.87945397137024
            ],
            [
              -73.8200466193342,
              40.87945397137024
            ],
            [
              -73.8200466193342,
              40.879364139841826
            ],
            [
              -73.81986695627738,
              40.879364139841826
            ],
            [
              -73.81986695627738,
              40.87945397137024
            ],
            [
              -73.81977712474897,
              40.87945397137024
            ],
            [
              -73.81977712474897,
              40.87954380289865
            ],
            [
              -73.81986695627738,
              40.87954380289865
            ]
          ]
        ]
      },
      "id": "-821759+455068",
      "properties": {
        "count": 3,
        "label": 1
      }
    },
    {
      "type": "Feature",
      "geometry": {
        "geodesic": false,
        "type": "Polygon",
        "coordinates": [
          [
            [
              -73.82013645086262,
              40.872896269796165
            ],
            [
              -73.8200466193342,
              40.872896269796165
            ],
            [
              -73.8200466193342,
              40.87298610132458
            ],
            [
              -73.82013645086262,
              40.87298610132458
            ],
            [
              -73.82013645086262,
              40.872896269796165
            ]
          ]
        ]
      },
      "id": "-821762+454995",
      "properties": {
        "count": 1,
        "label": 1
      }
    },
    {
      "type": "Feature",
      "geometry": {
        "geodesic": false,
        "type": "Polygon",
        "coordinates": [
          [
            [
              -73.82031611391945,
              40.87118947075634
            ],
            [
              -73.82031611391945,
              40.871009807699515
            ],
            [
              -73.8206754400331,
              40.871009807699515
            ],
            [
              -73.8206754400331,
              40.87118947075634
            ],
            [
              -73.82085510308991,
              40.87118947075634
            ],
            [
              -73.82085510308991,
              40.871009807699515
            ],
            [
              -73.82103476614674,
              40.871009807699515
            ],
            [
              -73.82103476614674,
              40.8709199761711
            ],
            [
              -73.82049577697627,
              40.8709199761711
            ],
            [
              -73.82049577697627,
              40.870830144642696
            ],
            [
              -73.82040594544786,
              40.870830144642696
            ],
            [
              -73.82040594544786,
              40.8709199761711
            ],
            [
              -73.82031611391945,
              40.8709199761711
            ],
            [
              -73.82031611391945,
              40.870560650057456
            ],
            [
              -73.82040594544786,
              40.870560650057456
            ],
            [
              -73.82040594544786,
              40.87047081852904
            ],
            [
              -73.82031611391945,
              40.87047081852904
            ],
            [
              -73.82031611391945,
              40.870560650057456
            ],
            [
              -73.82013645086262,
              40.870560650057456
            ],
            [
              -73.82013645086262,
              40.87118947075634
            ],
            [
              -73.82031611391945,
              40.87118947075634
            ]
          ]
        ]
      },
      "id": "-821763+454975",
      "properties": {
        "count": 28,
        "label": 1
      }
    },
    {
      "type": "Feature",
      "geometry": {
        "geodesic": false,
        "type": "Polygon",
        "coordinates": [
          [
            [
              -73.82058560850469,
              40.87235728062569
            ],
            [
              -73.82058560850469,
              40.872267449097286
            ],
            [
              -73.8207652715615,
              40.872267449097286
            ],
            [
              -73.8207652715615,
              40.87208778604046
            ],
            [
              -73.82094493461832,
              40.87208778604046
            ],
            [
              -73.82094493461832,
              40.87199795451205
            ],
            [
              -73.82058560850469,
              40.87199795451205
            ],
            [
              -73.82058560850469,
              40.87190812298363
            ],
            [
              -73.82040594544786,
              40.87190812298363
            ],
            [
              -73.82040594544786,
              40.87217761756887
            ],
            [
              -73.82022628239103,
              40.87217761756887
            ],
            [
              -73.82022628239103,
              40.872267449097286
            ],
            [
              -73.82049577697627,
              40.872267449097286
            ],
            [
              -73.82049577697627,
              40.87235728062569
            ],
            [
              -73.82058560850469,
              40.87235728062569
            ]
          ]
        ]
      },
      "id": "-821767+454988",
      "properties": {
        "count": 19,
        "label": 1
      }
    },
    {
      "type": "Feature",
      "geometry": {
        "geodesic": false,
        "type": "Polygon",
        "coordinates": [
          [
            [
              -73.82085510308991,
              40.870560650057456
            ],
            [
              -73.8206754400331,
              40.870560650057456
            ],
            [
              -73.8206754400331,
              40.87065048158587
            ],
            [
              -73.82085510308991,
              40.87065048158587
            ],
            [
              -73.82085510308991,
              40.870560650057456
            ]
          ]
        ]
      },
      "id": "-821769+454969",
      "properties": {
        "count": 2,
        "label": 1
      }
    },
    {
      "type": "Feature",
      "geometry": {
        "geodesic": false,
        "type": "Polygon",
        "coordinates": [
          [
            [
              -73.82319072282863,
              40.859331709005964
            ],
            [
              -73.82310089130021,
              40.859331709005964
            ],
            [
              -73.82310089130021,
              40.85942154053438
            ],
            [
              -73.82319072282863,
              40.85942154053438
            ],
            [
              -73.82319072282863,
              40.859331709005964
            ]
          ]
        ]
      },
      "id": "-821796+454844",
      "properties": {
        "count": 1,
        "label": 1
      }
    },
    {
      "type": "Feature",
      "geometry": {
        "geodesic": false,
        "type": "Polygon",
        "coordinates": [
          [
            [
              -73.82408903811275,
              40.85987069817644
            ],
            [
              -73.82399920658433,
              40.85987069817644
            ],
            [
              -73.82399920658433,
              40.85996052970485
            ],
            [
              -73.82408903811275,
              40.85996052970485
            ],
            [
              -73.82408903811275,
              40.85987069817644
            ]
          ]
        ]
      },
      "id": "-821806+454850",
      "properties": {
        "count": 1,
        "label": 1
      }
    },
    {
      "type": "Feature",
      "geometry": {
        "geodesic": false,
        "type": "Polygon",
        "coordinates": [
          [
            [
              -73.82462802728323,
              40.84738411572717
            ],
            [
              -73.82453819575481,
              40.84738411572717
            ],
            [
              -73.82453819575481,
              40.84747394725559
            ],
            [
              -73.82462802728323,
              40.84747394725559
            ],
            [
              -73.82462802728323,
              40.84738411572717
            ]
          ]
        ]
      },
      "id": "-821812+454711",
      "properties": {
        "count": 1,
        "label": 1
      }
    },
    {
      "type": "Feature",
      "geometry": {
        "geodesic": false,
        "type": "Polygon",
        "coordinates": [
          [
            [
              -73.82534667951052,
              40.84729428419876
            ],
            [
              -73.8252568479821,
              40.84729428419876
            ],
            [
              -73.8252568479821,
              40.84738411572717
            ],
            [
              -73.82534667951052,
              40.84738411572717
            ],
            [
              -73.82534667951052,
              40.84729428419876
            ]
          ]
        ]
      },
      "id": "-821820+454710",
      "properties": {
        "count": 1,
        "label": 1
      }
    },
    {
      "type": "Feature",
      "geometry": {
        "geodesic": false,
        "type": "Polygon",
        "coordinates": [
          [
            [
              -73.82606533173781,
              40.85753507843772
            ],
            [
              -73.8259755002094,
              40.85753507843772
            ],
            [
              -73.8259755002094,
              40.857624909966134
            ],
            [
              -73.82606533173781,
              40.857624909966134
            ],
            [
              -73.82606533173781,
              40.85753507843772
            ]
          ]
        ]
      },
      "id": "-821828+454824",
      "properties": {
        "count": 1,
        "label": 1
      }
    },
    {
      "type": "Feature",
      "geometry": {
        "geodesic": false,
        "type": "Polygon",
        "coordinates": [
          [
            [
              -73.82624499479464,
              40.858163899136606
            ],
            [
              -73.82624499479464,
              40.85807406760819
            ],
            [
              -73.82606533173781,
              40.85807406760819
            ],
            [
              -73.82606533173781,
              40.857894404551374
            ],
            [
              -73.82588566868098,
              40.857894404551374
            ],
            [
              -73.82588566868098,
              40.85780457302296
            ],
            [
              -73.82534667951052,
              40.85780457302296
            ],
            [
              -73.82534667951052,
              40.857894404551374
            ],
            [
              -73.82561617409576,
              40.857894404551374
            ],
            [
              -73.82561617409576,
              40.85798423607979
            ],
            [
              -73.82588566868098,
              40.85798423607979
            ],
            [
              -73.82588566868098,
              40.85807406760819
            ],
            [
              -73.82606533173781,
              40.85807406760819
            ],
            [
              -73.82606533173781,
              40.858163899136606
            ],
            [
              -73.82624499479464,
              40.858163899136606
            ]
          ]
        ]
      },
      "id": "-821829+454830",
      "properties": {
        "count": 15,
        "label": 1
      }
    }
  ]
}