{
"type": "FeatureCollection",
"name": "trees_2021",
"crs": { "type": "name", "properties": { "name": "urn:ogc:def:crs:OGC:1.3:CRS84" } },
"features": [
{ "type": "Feature", "properties": { "Height": 43.437751770019503, "Radius": 17.594213944184503, "height_m": 13.24, "crown_diameter_m": 10.73, "site_id": 0 }, "geometry": { "type": "Point", "coordinates": [ -73.926980046226873, 40.857876058057229 ] } },
{ "type": "Feature", "properties": { "Height": 43.088249206542997, "Radius": 18.069487146928751, "height_m": 13.13, "crown_diameter_m": 11.02, "site_id": 1 }, "geometry": { "type": "Point", "coordinates": [ -73.926862470316706, 40.857858106140441 ] } },
{ "type": "Feature", "properties": { "Height": 15.150500297546399, "Radius": 7.0184367837105732, "height_m": 4.62, "crown_diameter_m": 4.28, "site_id": 2 }, "geometry": { "type": "Point", "coordinates": [ -73.926922024784659, 40.857936386618348 ] } },
{ "type": "Feature", "properties": { "Height": 65.004249572753906, "Radius": 36.71027758858034, "height_m": 19.81, "crown_diameter_m": 22.38, "site_id": 3 }, "geometry": { "type": "Point", "coordinates": [ -73.926764920760405, 40.858020873697683 ] } },
{ "type": "Feature", "properties": { "Height": 40.560001373291001, "Radius": 12.951807210534664, "height_m": 12.36, "crown_diameter_m": 7.9, "site_id": 4 }, "geometry": { "type": "Point", "coordinates": [ -73.926637366031031, 40.858094828305632 ] } },
{ "type": "Feature", "properties": { "Height": 68.671501159667997, "Radius": 14.60368527951557, "height_m": 20.93, "crown_diameter_m": 8.9, "site_id": 5 }, "geometry": { "type": "Point", "coordinates": [ -73.926776728800817, 40.858106030694458 ] } },
{ "type": "Feature", "properties": { "Height": 79.811996459960895, "Radius": 15.91774699517169, "height_m": 24.33, "crown_diameter_m": 9.7, "site_id": 6 }, "geometry": { "type": "Point", "coordinates": [ -73.926689805426349, 40.858170973814708 ] } },
{ "type": "Feature", "properties": { "Height": 38.819751739502003, "Radius": 21.262163950372706, "height_m": 11.83, "crown_diameter_m": 12.96, "site_id": 7 }, "geometry": { "type": "Point", "coordinates": [ -73.926503107174128, 40.858217437416883 ] } },
{ "type": "Feature", "properties": { "Height": 78.129249572753906, "Radius": 23.505454365817197, "height_m": 23.81, "crown_diameter_m": 14.33, "site_id": 8 }, "geometry": { "type": "Point", "coordinates": [ -73.926900556896371, 40.858186383461053 ] } },
{ "type": "Feature", "properties": { "Height": 80.565628051757798, "Radius": 31.639920860331202, "height_m": 24.56, "crown_diameter_m": 19.29, "site_id": 9 }, "geometry": { "type": "Point", "coordinates": [ -73.926742910351891, 40.858218005056287 ] } },
{ "type": "Feature", "properties": { "Height": 73.574371337890597, "Radius": 19.225955251454398, "height_m": 22.43, "crown_diameter_m": 11.72, "site_id": 10 }, "geometry": { "type": "Point", "coordinates": [ -73.926561540813452, 40.858312836590329 ] } },
{ "type": "Feature", "properties": { "Height": 93.9219970703125, "Radius": 30.739272879113173, "height_m": 28.63, "crown_diameter_m": 18.74, "site_id": 11 }, "geometry": { "type": "Point", "coordinates": [ -73.926762419080148, 40.858349688090328 ] } },
{ "type": "Feature", "properties": { "Height": 60.819000244140597, "Radius": 15.792270128926999, "height_m": 18.54, "crown_diameter_m": 9.63, "site_id": 12 }, "geometry": { "type": "Point", "coordinates": [ -73.926435356110119, 40.858358060788227 ] } },
{ "type": "Feature", "properties": { "Height": 71.815002441406307, "Radius": 21.682797372420811, "height_m": 21.89, "crown_diameter_m": 13.22, "site_id": 13 }, "geometry": { "type": "Point", "coordinates": [ -73.926570339180472, 40.858390921035522 ] } },
{ "type": "Feature", "properties": { "Height": 51.0572509765625, "Radius": 16.660318747018781, "height_m": 15.56, "crown_diameter_m": 10.16, "site_id": 14 }, "geometry": { "type": "Point", "coordinates": [ -73.926539188494402, 40.858446282281975 ] } },
{ "type": "Feature", "properties": { "Height": 54.465248107910199, "Radius": 14.048207338801282, "height_m": 16.6, "crown_diameter_m": 8.56, "site_id": 15 }, "geometry": { "type": "Point", "coordinates": [ -73.92670246594011, 40.858461873666919 ] } },
{ "type": "Feature", "properties": { "Height": 86.303253173828097, "Radius": 25.625637459332797, "height_m": 26.31, "crown_diameter_m": 15.62, "site_id": 16 }, "geometry": { "type": "Point", "coordinates": [ -73.926042346299582, 40.858466396997272 ] } },
{ "type": "Feature", "properties": { "Height": 83.973747253417997, "Radius": 16.263932962808536, "height_m": 25.6, "crown_diameter_m": 9.91, "site_id": 17 }, "geometry": { "type": "Point", "coordinates": [ -73.926171797717942, 40.858480026887555 ] } },
{ "type": "Feature", "properties": { "Height": 80.2030029296875, "Radius": 21.572414181094846, "height_m": 24.45, "crown_diameter_m": 13.15, "site_id": 18 }, "geometry": { "type": "Point", "coordinates": [ -73.926574320458499, 40.858543689108032 ] } },
{ "type": "Feature", "properties": { "Height": 66.501251220703097, "Radius": 19.568515351939713, "height_m": 20.27, "crown_diameter_m": 11.93, "site_id": 19 }, "geometry": { "type": "Point", "coordinates": [ -73.926458192500917, 40.858501351516182 ] } },
{ "type": "Feature", "properties": { "Height": 77.466499328613295, "Radius": 14.56002692986536, "height_m": 23.61, "crown_diameter_m": 8.88, "site_id": 20 }, "geometry": { "type": "Point", "coordinates": [ -73.926666063753913, 40.858512754370977 ] } },
{ "type": "Feature", "properties": { "Height": 85.396751403808594, "Radius": 34.549414947133549, "height_m": 26.03, "crown_diameter_m": 21.06, "site_id": 21 }, "geometry": { "type": "Point", "coordinates": [ -73.926233041856449, 40.858455813146556 ] } },
{ "type": "Feature", "properties": { "Height": 88.242248535156307, "Radius": 44.419853747865631, "height_m": 26.9, "crown_diameter_m": 27.08, "site_id": 22 }, "geometry": { "type": "Point", "coordinates": [ -73.926054453552538, 40.858589964682153 ] } },
{ "type": "Feature", "properties": { "Height": 55.0112495422363, "Radius": 13.303394180365684, "height_m": 16.77, "crown_diameter_m": 8.11, "site_id": 23 }, "geometry": { "type": "Point", "coordinates": [ -73.926421087686975, 40.858557849855991 ] } },
{ "type": "Feature", "properties": { "Height": 62.956001281738303, "Radius": 11.64474179680661, "height_m": 19.19, "crown_diameter_m": 7.1, "site_id": 24 }, "geometry": { "type": "Point", "coordinates": [ -73.926691093911927, 40.858579440804228 ] } },
{ "type": "Feature", "properties": { "Height": 45.191749572753899, "Radius": 18.866638021253916, "height_m": 13.77, "crown_diameter_m": 11.5, "site_id": 25 }, "geometry": { "type": "Point", "coordinates": [ -73.925811636300068, 40.858571500925471 ] } },
{ "type": "Feature", "properties": { "Height": 64.293251037597699, "Radius": 16.007481325241379, "height_m": 19.6, "crown_diameter_m": 9.76, "site_id": 26 }, "geometry": { "type": "Point", "coordinates": [ -73.926636119621776, 40.858619425465392 ] } },
{ "type": "Feature", "properties": { "Height": 73.786003112792997, "Radius": 27.342829867703493, "height_m": 22.49, "crown_diameter_m": 16.67, "site_id": 27 }, "geometry": { "type": "Point", "coordinates": [ -73.926486943280224, 40.858646157928248 ] } },
{ "type": "Feature", "properties": { "Height": 73.797752380371094, "Radius": 23.581504853657716, "height_m": 22.49, "crown_diameter_m": 14.38, "site_id": 28 }, "geometry": { "type": "Point", "coordinates": [ -73.926184702194618, 40.858676294378895 ] } },
{ "type": "Feature", "properties": { "Height": 64.377998352050795, "Radius": 21.53734156392866, "height_m": 19.62, "crown_diameter_m": 13.13, "site_id": 29 }, "geometry": { "type": "Point", "coordinates": [ -73.926686075000532, 40.858690971484165 ] } },
{ "type": "Feature", "properties": { "Height": 51.787498474121101, "Radius": 17.616814099864822, "height_m": 15.78, "crown_diameter_m": 10.74, "site_id": 30 }, "geometry": { "type": "Point", "coordinates": [ -73.925803188849812, 40.858683564254861 ] } },
{ "type": "Feature", "properties": { "Height": 71.009498596191406, "Radius": 24.146720978575097, "height_m": 21.64, "crown_diameter_m": 14.72, "site_id": 31 }, "geometry": { "type": "Point", "coordinates": [ -73.926387791199858, 40.858717201951393 ] } },
{ "type": "Feature", "properties": { "Height": 58.853500366210902, "Radius": 16.772190134711835, "height_m": 17.94, "crown_diameter_m": 10.22, "site_id": 32 }, "geometry": { "type": "Point", "coordinates": [ -73.926531195237459, 40.858747413868578 ] } },
{ "type": "Feature", "properties": { "Height": 54.332000732421903, "Radius": 31.182641402227848, "height_m": 16.56, "crown_diameter_m": 19.01, "site_id": 33 }, "geometry": { "type": "Point", "coordinates": [ -73.9259680588614, 40.858777563420659 ] } },
{ "type": "Feature", "properties": { "Height": 59.4002494812012, "Radius": 15.698771588178484, "height_m": 18.11, "crown_diameter_m": 9.57, "site_id": 34 }, "geometry": { "type": "Point", "coordinates": [ -73.926102490628935, 40.858751020293987 ] } },
{ "type": "Feature", "properties": { "Height": 72.280502319335895, "Radius": 23.675804306710585, "height_m": 22.03, "crown_diameter_m": 14.43, "site_id": 35 }, "geometry": { "type": "Point", "coordinates": [ -73.92626905487532, 40.858764803509544 ] } },
{ "type": "Feature", "properties": { "Height": 43.4435005187988, "Radius": 15.42003518087075, "height_m": 13.24, "crown_diameter_m": 9.4, "site_id": 36 }, "geometry": { "type": "Point", "coordinates": [ -73.926191213088174, 40.858828472453574 ] } },
{ "type": "Feature", "properties": { "Height": 66.505752563476605, "Radius": 33.57876106014831, "height_m": 20.27, "crown_diameter_m": 20.47, "site_id": 37 }, "geometry": { "type": "Point", "coordinates": [ -73.926632333081244, 40.858807137530967 ] } },
{ "type": "Feature", "properties": { "Height": 67.929748535156307, "Radius": 23.983034927508857, "height_m": 20.7, "crown_diameter_m": 14.62, "site_id": 38 }, "geometry": { "type": "Point", "coordinates": [ -73.925815680074507, 40.858809170017523 ] } },
{ "type": "Feature", "properties": { "Height": 59.6302490234375, "Radius": 20.34996712344056, "height_m": 18.18, "crown_diameter_m": 12.41, "site_id": 39 }, "geometry": { "type": "Point", "coordinates": [ -73.925872506409661, 40.858875612321171 ] } },
{ "type": "Feature", "properties": { "Height": 58.337501525878899, "Radius": 33.754855022572364, "height_m": 17.78, "crown_diameter_m": 20.58, "site_id": 40 }, "geometry": { "type": "Point", "coordinates": [ -73.926487012713267, 40.858898807722667 ] } },
{ "type": "Feature", "properties": { "Height": 41.968250274658203, "Radius": 11.527982368208784, "height_m": 12.79, "crown_diameter_m": 7.03, "site_id": 41 }, "geometry": { "type": "Point", "coordinates": [ -73.925944902051853, 40.858947396395152 ] } },
{ "type": "Feature", "properties": { "Height": 51.351249694824197, "Radius": 9.772050238058398, "height_m": 15.65, "crown_diameter_m": 5.96, "site_id": 42 }, "geometry": { "type": "Point", "coordinates": [ -73.925782725634718, 40.858955000385457 ] } },
{ "type": "Feature", "properties": { "Height": 60.729499816894503, "Radius": 12.126795430653198, "height_m": 18.51, "crown_diameter_m": 7.39, "site_id": 43 }, "geometry": { "type": "Point", "coordinates": [ -73.92643075904283, 40.858952053894093 ] } },
{ "type": "Feature", "properties": { "Height": 56.396751403808601, "Radius": 22.694170966249754, "height_m": 17.19, "crown_diameter_m": 13.83, "site_id": 44 }, "geometry": { "type": "Point", "coordinates": [ -73.926326496354747, 40.85891336352136 ] } },
{ "type": "Feature", "properties": { "Height": 58.938751220703097, "Radius": 26.74401455008163, "height_m": 17.96, "crown_diameter_m": 16.3, "site_id": 45 }, "geometry": { "type": "Point", "coordinates": [ -73.926067955625783, 40.858930127361987 ] } },
{ "type": "Feature", "properties": { "Height": 66.721748352050795, "Radius": 25.237632263224796, "height_m": 20.34, "crown_diameter_m": 15.38, "site_id": 46 }, "geometry": { "type": "Point", "coordinates": [ -73.926204093700619, 40.858949089701753 ] } },
{ "type": "Feature", "properties": { "Height": 43.864498138427699, "Radius": 12.653452997124806, "height_m": 13.37, "crown_diameter_m": 7.71, "site_id": 47 }, "geometry": { "type": "Point", "coordinates": [ -73.92579464308173, 40.859015532724548 ] } },
{ "type": "Feature", "properties": { "Height": 63.356498718261697, "Radius": 14.592782937361743, "height_m": 19.31, "crown_diameter_m": 8.9, "site_id": 48 }, "geometry": { "type": "Point", "coordinates": [ -73.926074783626177, 40.859024079019036 ] } },
{ "type": "Feature", "properties": { "Height": 62.348499298095703, "Radius": 22.028695410468341, "height_m": 19.0, "crown_diameter_m": 13.43, "site_id": 49 }, "geometry": { "type": "Point", "coordinates": [ -73.925928273635122, 40.859020935090051 ] } },
{ "type": "Feature", "properties": { "Height": 74.310997009277301, "Radius": 14.905713688256794, "height_m": 22.65, "crown_diameter_m": 9.09, "site_id": 50 }, "geometry": { "type": "Point", "coordinates": [ -73.926162701602081, 40.859085046300869 ] } },
{ "type": "Feature", "properties": { "Height": 89.437751770019503, "Radius": 36.821745751659527, "height_m": 27.26, "crown_diameter_m": 22.45, "site_id": 51 }, "geometry": { "type": "Point", "coordinates": [ -73.926352915530998, 40.859057922633596 ] } },
{ "type": "Feature", "properties": { "Height": 73.107749938964801, "Radius": 13.819765978853418, "height_m": 22.28, "crown_diameter_m": 8.42, "site_id": 52 }, "geometry": { "type": "Point", "coordinates": [ -73.926133639562337, 40.859140863515876 ] } },
{ "type": "Feature", "properties": { "Height": 84.695251464843807, "Radius": 16.261486338806307, "height_m": 25.82, "crown_diameter_m": 9.91, "site_id": 53 }, "geometry": { "type": "Point", "coordinates": [ -73.926222612501221, 40.859153396740979 ] } },
{ "type": "Feature", "properties": { "Height": 82.569000244140597, "Radius": 16.146076823319174, "height_m": 25.17, "crown_diameter_m": 9.84, "site_id": 54 }, "geometry": { "type": "Point", "coordinates": [ -73.926077451519106, 40.859164505027799 ] } },
{ "type": "Feature", "properties": { "Height": 80.924751281738295, "Radius": 32.576757980756128, "height_m": 24.67, "crown_diameter_m": 19.86, "site_id": 55 }, "geometry": { "type": "Point", "coordinates": [ -73.925947841772384, 40.8591374378124 ] } },
{ "type": "Feature", "properties": { "Height": 76.150497436523395, "Radius": 23.662355964639019, "height_m": 23.21, "crown_diameter_m": 14.42, "site_id": 56 }, "geometry": { "type": "Point", "coordinates": [ -73.925808625173417, 40.859147555434681 ] } },
{ "type": "Feature", "properties": { "Height": 81.681251525878906, "Radius": 28.399254816247904, "height_m": 24.9, "crown_diameter_m": 17.31, "site_id": 57 }, "geometry": { "type": "Point", "coordinates": [ -73.926010854556637, 40.859268204252722 ] } },
{ "type": "Feature", "properties": { "Height": 86.794746398925795, "Radius": 14.472315126092795, "height_m": 26.46, "crown_diameter_m": 8.82, "site_id": 58 }, "geometry": { "type": "Point", "coordinates": [ -73.925789739477011, 40.859271075283552 ] } },
{ "type": "Feature", "properties": { "Height": 23.757249832153299, "Radius": 8.6119802299368544, "height_m": 7.24, "crown_diameter_m": 5.25, "site_id": 59 }, "geometry": { "type": "Point", "coordinates": [ -73.926352821061471, 40.85827781763647 ] } },
{ "type": "Feature", "properties": { "Height": 9.6077499389648402, "Radius": 3.5793816391798146, "height_m": 2.93, "crown_diameter_m": 2.18, "site_id": 60 }, "geometry": { "type": "Point", "coordinates": [ -73.926958557489783, 40.857999463014231 ] } },
{ "type": "Feature", "properties": { "Height": 88.072746276855497, "Radius": 10.372499290437251, "height_m": 26.84, "crown_diameter_m": 6.32, "site_id": 61 }, "geometry": { "type": "Point", "coordinates": [ -73.924597037389134, 40.855932859691535 ] } },
{ "type": "Feature", "properties": { "Height": 60.460498809814503, "Radius": 21.064756854523722, "height_m": 18.43, "crown_diameter_m": 12.84, "site_id": 62 }, "geometry": { "type": "Point", "coordinates": [ -73.924446063009853, 40.855957973769186 ] } },
{ "type": "Feature", "properties": { "Height": 49.540248870849602, "Radius": 14.104739588693906, "height_m": 15.1, "crown_diameter_m": 8.6, "site_id": 63 }, "geometry": { "type": "Point", "coordinates": [ -73.924174996665059, 40.855934771277262 ] } },
{ "type": "Feature", "properties": { "Height": 76.032752990722699, "Radius": 12.060995729457511, "height_m": 23.17, "crown_diameter_m": 7.35, "site_id": 64 }, "geometry": { "type": "Point", "coordinates": [ -73.924281700930422, 40.855937343822283 ] } },
{ "type": "Feature", "properties": { "Height": 88.137001037597699, "Radius": 20.81775468294386, "height_m": 26.86, "crown_diameter_m": 12.69, "site_id": 65 }, "geometry": { "type": "Point", "coordinates": [ -73.924684968917347, 40.855965534715665 ] } },
{ "type": "Feature", "properties": { "Height": 82.343498229980497, "Radius": 31.717793039300041, "height_m": 25.1, "crown_diameter_m": 19.34, "site_id": 66 }, "geometry": { "type": "Point", "coordinates": [ -73.923271919919642, 40.855949265540062 ] } },
{ "type": "Feature", "properties": { "Height": 63.744998931884801, "Radius": 14.350836085779552, "height_m": 19.43, "crown_diameter_m": 8.75, "site_id": 67 }, "geometry": { "type": "Point", "coordinates": [ -73.923973474652598, 40.855937497713313 ] } },
{ "type": "Feature", "properties": { "Height": 100.231002807617, "Radius": 41.042610999845273, "height_m": 30.55, "crown_diameter_m": 25.02, "site_id": 68 }, "geometry": { "type": "Point", "coordinates": [ -73.923765753709134, 40.856012424677985 ] } },
{ "type": "Feature", "properties": { "Height": 75.628997802734403, "Radius": 15.440663999700892, "height_m": 23.05, "crown_diameter_m": 9.41, "site_id": 69 }, "geometry": { "type": "Point", "coordinates": [ -73.924337928178957, 40.855979573220409 ] } },
{ "type": "Feature", "properties": { "Height": 71.889999389648395, "Radius": 19.529844370084653, "height_m": 21.91, "crown_diameter_m": 11.91, "site_id": 70 }, "geometry": { "type": "Point", "coordinates": [ -73.924869286697174, 40.855965165026426 ] } },
{ "type": "Feature", "properties": { "Height": 75.942001342773395, "Radius": 25.344611859700862, "height_m": 23.15, "crown_diameter_m": 15.45, "site_id": 71 }, "geometry": { "type": "Point", "coordinates": [ -73.923588605795487, 40.855996718184571 ] } },
{ "type": "Feature", "properties": { "Height": 78.013000488281307, "Radius": 14.771642663528947, "height_m": 23.78, "crown_diameter_m": 9.0, "site_id": 72 }, "geometry": { "type": "Point", "coordinates": [ -73.924776781880013, 40.855994373409935 ] } },
{ "type": "Feature", "properties": { "Height": 75.939247131347699, "Radius": 24.417092718467529, "height_m": 23.15, "crown_diameter_m": 14.88, "site_id": 73 }, "geometry": { "type": "Point", "coordinates": [ -73.924173325268384, 40.856009964785464 ] } },
{ "type": "Feature", "properties": { "Height": 99.896003723144503, "Radius": 29.532509005223147, "height_m": 30.45, "crown_diameter_m": 18.0, "site_id": 74 }, "geometry": { "type": "Point", "coordinates": [ -73.923498375072043, 40.8560940077761 ] } },
{ "type": "Feature", "properties": { "Height": 29.5855007171631, "Radius": 17.480774889473267, "height_m": 9.02, "crown_diameter_m": 10.66, "site_id": 75 }, "geometry": { "type": "Point", "coordinates": [ -73.923100651217183, 40.856033085381931 ] } },
{ "type": "Feature", "properties": { "Height": 72.762748718261705, "Radius": 12.66916572265816, "height_m": 22.18, "crown_diameter_m": 7.72, "site_id": 76 }, "geometry": { "type": "Point", "coordinates": [ -73.924743266598497, 40.856048115371372 ] } },
{ "type": "Feature", "properties": { "Height": 88.708503723144503, "Radius": 27.587659158860209, "height_m": 27.04, "crown_diameter_m": 16.82, "site_id": 77 }, "geometry": { "type": "Point", "coordinates": [ -73.924529018534216, 40.856034140272186 ] } },
{ "type": "Feature", "properties": { "Height": 76.635246276855497, "Radius": 16.234549139418029, "height_m": 23.36, "crown_diameter_m": 9.9, "site_id": 78 }, "geometry": { "type": "Point", "coordinates": [ -73.924293358350624, 40.856061059134788 ] } },
{ "type": "Feature", "properties": { "Height": 76.935501098632798, "Radius": 29.715174983059335, "height_m": 23.45, "crown_diameter_m": 18.11, "site_id": 79 }, "geometry": { "type": "Point", "coordinates": [ -73.923286515197816, 40.856035234323393 ] } },
{ "type": "Feature", "properties": { "Height": 65.516998291015597, "Radius": 11.198843474056307, "height_m": 19.97, "crown_diameter_m": 6.83, "site_id": 80 }, "geometry": { "type": "Point", "coordinates": [ -73.924841080843692, 40.856054901300588 ] } },
{ "type": "Feature", "properties": { "Height": 31.491500854492202, "Radius": 15.726626515715482, "height_m": 9.6, "crown_diameter_m": 9.59, "site_id": 81 }, "geometry": { "type": "Point", "coordinates": [ -73.924394932163111, 40.856051157307469 ] } },
{ "type": "Feature", "properties": { "Height": 86.427001953125, "Radius": 31.460842186573728, "height_m": 26.34, "crown_diameter_m": 19.18, "site_id": 82 }, "geometry": { "type": "Point", "coordinates": [ -73.924001716076347, 40.856038690995 ] } },
{ "type": "Feature", "properties": { "Height": 79.716247558593807, "Radius": 13.291425312283248, "height_m": 24.3, "crown_diameter_m": 8.1, "site_id": 83 }, "geometry": { "type": "Point", "coordinates": [ -73.923901695508107, 40.856082083663843 ] } },
{ "type": "Feature", "properties": { "Height": 62.096500396728501, "Radius": 25.066785101540301, "height_m": 18.93, "crown_diameter_m": 15.28, "site_id": 84 }, "geometry": { "type": "Point", "coordinates": [ -73.92459874122477, 40.856110040526296 ] } },
{ "type": "Feature", "properties": { "Height": 63.237251281738303, "Radius": 12.312395514075655, "height_m": 19.27, "crown_diameter_m": 7.51, "site_id": 85 }, "geometry": { "type": "Point", "coordinates": [ -73.924806367689783, 40.856102384086647 ] } },
{ "type": "Feature", "properties": { "Height": 85.235252380371094, "Radius": 16.487469266111074, "height_m": 25.98, "crown_diameter_m": 10.05, "site_id": 86 }, "geometry": { "type": "Point", "coordinates": [ -73.923329104765671, 40.856099567602428 ] } },
{ "type": "Feature", "properties": { "Height": 98.188003540039105, "Radius": 29.397471676812479, "height_m": 29.93, "crown_diameter_m": 17.92, "site_id": 87 }, "geometry": { "type": "Point", "coordinates": [ -73.924212660937286, 40.856120421452744 ] } },
{ "type": "Feature", "properties": { "Height": 70.389251708984403, "Radius": 11.127557940783529, "height_m": 21.45, "crown_diameter_m": 6.78, "site_id": 88 }, "geometry": { "type": "Point", "coordinates": [ -73.923610700182792, 40.856105709344455 ] } },
{ "type": "Feature", "properties": { "Height": 75.060249328613295, "Radius": 13.025327993411929, "height_m": 22.88, "crown_diameter_m": 7.94, "site_id": 89 }, "geometry": { "type": "Point", "coordinates": [ -73.924047532288341, 40.85612167800501 ] } },
{ "type": "Feature", "properties": { "Height": 90.991249084472699, "Radius": 22.511093682995384, "height_m": 27.73, "crown_diameter_m": 13.72, "site_id": 90 }, "geometry": { "type": "Point", "coordinates": [ -73.923406865835346, 40.856146792378041 ] } },
{ "type": "Feature", "properties": { "Height": 65.523750305175795, "Radius": 9.3730213158152065, "height_m": 19.97, "crown_diameter_m": 5.71, "site_id": 91 }, "geometry": { "type": "Point", "coordinates": [ -73.923611185464296, 40.856165418526103 ] } },
{ "type": "Feature", "properties": { "Height": 61.298248291015597, "Radius": 17.267796208047681, "height_m": 18.68, "crown_diameter_m": 10.53, "site_id": 92 }, "geometry": { "type": "Point", "coordinates": [ -73.924741548812051, 40.856151245689787 ] } },
{ "type": "Feature", "properties": { "Height": 72.574752807617202, "Radius": 23.142091165325311, "height_m": 22.12, "crown_diameter_m": 14.11, "site_id": 93 }, "geometry": { "type": "Point", "coordinates": [ -73.923716264731738, 40.856196374896079 ] } },
{ "type": "Feature", "properties": { "Height": 78.841751098632798, "Radius": 31.3379255272033, "height_m": 24.03, "crown_diameter_m": 19.1, "site_id": 94 }, "geometry": { "type": "Point", "coordinates": [ -73.923074546590286, 40.856175387890261 ] } },
{ "type": "Feature", "properties": { "Height": 68.972999572753906, "Radius": 13.888692920047486, "height_m": 21.02, "crown_diameter_m": 8.47, "site_id": 95 }, "geometry": { "type": "Point", "coordinates": [ -73.923605305911849, 40.856224772301204 ] } },
{ "type": "Feature", "properties": { "Height": 52.904750823974602, "Radius": 18.626802622574058, "height_m": 16.13, "crown_diameter_m": 11.35, "site_id": 96 }, "geometry": { "type": "Point", "coordinates": [ -73.924391063141115, 40.856195402632139 ] } },
{ "type": "Feature", "properties": { "Height": 81.142501831054702, "Radius": 16.622063085174787, "height_m": 24.73, "crown_diameter_m": 10.13, "site_id": 97 }, "geometry": { "type": "Point", "coordinates": [ -73.923335080781584, 40.856220130216379 ] } },
{ "type": "Feature", "properties": { "Height": 81.236251831054702, "Radius": 13.207339536360731, "height_m": 24.76, "crown_diameter_m": 8.05, "site_id": 98 }, "geometry": { "type": "Point", "coordinates": [ -73.923433509808433, 40.856228694416075 ] } },
{ "type": "Feature", "properties": { "Height": 85.298751831054702, "Radius": 32.160043496280935, "height_m": 26.0, "crown_diameter_m": 19.6, "site_id": 99 }, "geometry": { "type": "Point", "coordinates": [ -73.923851256617496, 40.856234143321366 ] } },
{ "type": "Feature", "properties": { "Height": 66.110496520996094, "Radius": 34.056447961908582, "height_m": 20.15, "crown_diameter_m": 20.76, "site_id": 100 }, "geometry": { "type": "Point", "coordinates": [ -73.924642982303823, 40.856293285138882 ] } },
{ "type": "Feature", "properties": { "Height": 88.928253173828097, "Radius": 22.039530083839459, "height_m": 27.11, "crown_diameter_m": 13.44, "site_id": 101 }, "geometry": { "type": "Point", "coordinates": [ -73.923986683782587, 40.85625646395146 ] } },
{ "type": "Feature", "properties": { "Height": 89.132751464843807, "Radius": 23.121450080945973, "height_m": 27.17, "crown_diameter_m": 14.09, "site_id": 102 }, "geometry": { "type": "Point", "coordinates": [ -73.924147334249028, 40.856210660852405 ] } },
{ "type": "Feature", "properties": { "Height": 71.543998718261705, "Radius": 23.330450175131254, "height_m": 21.81, "crown_diameter_m": 14.22, "site_id": 103 }, "geometry": { "type": "Point", "coordinates": [ -73.924517555362414, 40.856245717551822 ] } },
{ "type": "Feature", "properties": { "Height": 99.279502868652301, "Radius": 26.020090851357971, "height_m": 30.26, "crown_diameter_m": 15.86, "site_id": 104 }, "geometry": { "type": "Point", "coordinates": [ -73.924261574063891, 40.856260725764393 ] } },
{ "type": "Feature", "properties": { "Height": 74.041252136230497, "Radius": 17.885788649503539, "height_m": 22.57, "crown_diameter_m": 10.9, "site_id": 105 }, "geometry": { "type": "Point", "coordinates": [ -73.923467636691242, 40.856281404790174 ] } },
{ "type": "Feature", "properties": { "Height": 75.246002197265597, "Radius": 23.327039041232606, "height_m": 22.93, "crown_diameter_m": 14.22, "site_id": 106 }, "geometry": { "type": "Point", "coordinates": [ -73.923064817663857, 40.856307826525935 ] } },
{ "type": "Feature", "properties": { "Height": 83.791496276855497, "Radius": 26.33925581594081, "height_m": 25.54, "crown_diameter_m": 16.06, "site_id": 107 }, "geometry": { "type": "Point", "coordinates": [ -73.923232824353107, 40.856229222015401 ] } },
{ "type": "Feature", "properties": { "Height": 90.082496643066406, "Radius": 24.237180012373255, "height_m": 27.46, "crown_diameter_m": 14.77, "site_id": 108 }, "geometry": { "type": "Point", "coordinates": [ -73.924046878454078, 40.856325539740304 ] } },
{ "type": "Feature", "properties": { "Height": 81.333503723144503, "Radius": 14.01417852659937, "height_m": 24.79, "crown_diameter_m": 8.54, "site_id": 109 }, "geometry": { "type": "Point", "coordinates": [ -73.923346496531366, 40.856301990635984 ] } },
{ "type": "Feature", "properties": { "Height": 66.928001403808594, "Radius": 17.200844142303989, "height_m": 20.4, "crown_diameter_m": 10.49, "site_id": 110 }, "geometry": { "type": "Point", "coordinates": [ -73.923837603288135, 40.856354402089437 ] } },
{ "type": "Feature", "properties": { "Height": 91.931251525878906, "Radius": 24.534139372995096, "height_m": 28.02, "crown_diameter_m": 14.96, "site_id": 111 }, "geometry": { "type": "Point", "coordinates": [ -73.923586533360407, 40.856302715377929 ] } },
{ "type": "Feature", "properties": { "Height": 90.754753112792997, "Radius": 15.430353037616328, "height_m": 27.66, "crown_diameter_m": 9.41, "site_id": 112 }, "geometry": { "type": "Point", "coordinates": [ -73.924152536372574, 40.856353877464826 ] } },
{ "type": "Feature", "properties": { "Height": 77.401252746582003, "Radius": 13.493452297211721, "height_m": 23.59, "crown_diameter_m": 8.23, "site_id": 113 }, "geometry": { "type": "Point", "coordinates": [ -73.92340922736112, 40.856352589466177 ] } },
{ "type": "Feature", "properties": { "Height": 79.782752990722699, "Radius": 23.069766572275888, "height_m": 24.32, "crown_diameter_m": 14.06, "site_id": 114 }, "geometry": { "type": "Point", "coordinates": [ -73.923227763824244, 40.856371936571122 ] } },
{ "type": "Feature", "properties": { "Height": 51.927249908447301, "Radius": 17.798817776032703, "height_m": 15.83, "crown_diameter_m": 10.85, "site_id": 115 }, "geometry": { "type": "Point", "coordinates": [ -73.923730095619774, 40.856359954634094 ] } },
{ "type": "Feature", "properties": { "Height": 91.165000915527301, "Radius": 21.072311008201925, "height_m": 27.79, "crown_diameter_m": 12.85, "site_id": 116 }, "geometry": { "type": "Point", "coordinates": [ -73.923586598007034, 40.856393031968636 ] } },
{ "type": "Feature", "properties": { "Height": 68.875251770019503, "Radius": 29.218266799126305, "height_m": 20.99, "crown_diameter_m": 17.81, "site_id": 117 }, "geometry": { "type": "Point", "coordinates": [ -73.92451205740953, 40.856428293010239 ] } },
{ "type": "Feature", "properties": { "Height": 79.393249511718807, "Radius": 34.829283315141964, "height_m": 24.2, "crown_diameter_m": 21.23, "site_id": 118 }, "geometry": { "type": "Point", "coordinates": [ -73.924008067087513, 40.856449727912704 ] } },
{ "type": "Feature", "properties": { "Height": 102.85825347900401, "Radius": 46.681361171395068, "height_m": 31.35, "crown_diameter_m": 28.46, "site_id": 119 }, "geometry": { "type": "Point", "coordinates": [ -73.924328639735435, 40.856418210720875 ] } },
{ "type": "Feature", "properties": { "Height": 99.707496643066406, "Radius": 24.233896509003536, "height_m": 30.39, "crown_diameter_m": 14.77, "site_id": 120 }, "geometry": { "type": "Point", "coordinates": [ -73.92346439405587, 40.856440225842206 ] } },
{ "type": "Feature", "properties": { "Height": 64.327751159667997, "Radius": 24.658699480763094, "height_m": 19.61, "crown_diameter_m": 15.03, "site_id": 121 }, "geometry": { "type": "Point", "coordinates": [ -73.923082208838295, 40.856416790331863 ] } },
{ "type": "Feature", "properties": { "Height": 75.781753540039105, "Radius": 20.216574731145414, "height_m": 23.1, "crown_diameter_m": 12.32, "site_id": 122 }, "geometry": { "type": "Point", "coordinates": [ -73.923753256357088, 40.856443271664979 ] } },
{ "type": "Feature", "properties": { "Height": 96.852752685546903, "Radius": 24.319123514828473, "height_m": 29.52, "crown_diameter_m": 14.82, "site_id": 123 }, "geometry": { "type": "Point", "coordinates": [ -73.923342020710479, 40.856451077457599 ] } },
{ "type": "Feature", "properties": { "Height": 83.803497314453097, "Radius": 20.295147023902665, "height_m": 25.54, "crown_diameter_m": 12.37, "site_id": 124 }, "geometry": { "type": "Point", "coordinates": [ -73.923216524037727, 40.856480894807063 ] } },
{ "type": "Feature", "properties": { "Height": 69.095252990722699, "Radius": 24.907548417542184, "height_m": 21.06, "crown_diameter_m": 15.18, "site_id": 125 }, "geometry": { "type": "Point", "coordinates": [ -73.923987194363377, 40.856539236474674 ] } },
{ "type": "Feature", "properties": { "Height": 87.805000305175795, "Radius": 30.580949063231785, "height_m": 26.76, "crown_diameter_m": 18.64, "site_id": 126 }, "geometry": { "type": "Point", "coordinates": [ -73.923648588376125, 40.856512396172462 ] } },
{ "type": "Feature", "properties": { "Height": 65.368499755859403, "Radius": 28.121893823560814, "height_m": 19.92, "crown_diameter_m": 17.14, "site_id": 127 }, "geometry": { "type": "Point", "coordinates": [ -73.923065230685708, 40.856540312869733 ] } },
{ "type": "Feature", "properties": { "Height": 66.469001770019503, "Radius": 12.008096370418468, "height_m": 20.26, "crown_diameter_m": 7.32, "site_id": 128 }, "geometry": { "type": "Point", "coordinates": [ -73.923439985945322, 40.856526966552558 ] } },
{ "type": "Feature", "properties": { "Height": 66.480003356933594, "Radius": 21.880083839428522, "height_m": 20.26, "crown_diameter_m": 13.34, "site_id": 129 }, "geometry": { "type": "Point", "coordinates": [ -73.924145107077024, 40.856574508183158 ] } },
{ "type": "Feature", "properties": { "Height": 104.89675140380901, "Radius": 44.820237523979088, "height_m": 31.97, "crown_diameter_m": 27.32, "site_id": 130 }, "geometry": { "type": "Point", "coordinates": [ -73.923315182743792, 40.85667425711965 ] } },
{ "type": "Feature", "properties": { "Height": 71.988502502441406, "Radius": 23.989670156554752, "height_m": 21.94, "crown_diameter_m": 14.62, "site_id": 131 }, "geometry": { "type": "Point", "coordinates": [ -73.924389803570335, 40.856603352147395 ] } },
{ "type": "Feature", "properties": { "Height": 61.841751098632798, "Radius": 16.552499343987236, "height_m": 18.85, "crown_diameter_m": 10.09, "site_id": 132 }, "geometry": { "type": "Point", "coordinates": [ -73.923008013291593, 40.856620147350576 ] } },
{ "type": "Feature", "properties": { "Height": 87.920249938964801, "Radius": 28.296793434863343, "height_m": 26.8, "crown_diameter_m": 17.25, "site_id": 133 }, "geometry": { "type": "Point", "coordinates": [ -73.923530384581824, 40.856609150383065 ] } },
{ "type": "Feature", "properties": { "Height": 67.962997436523395, "Radius": 13.528790949515024, "height_m": 20.72, "crown_diameter_m": 8.25, "site_id": 134 }, "geometry": { "type": "Point", "coordinates": [ -73.923060585475724, 40.856697886689076 ] } },
{ "type": "Feature", "properties": { "Height": 92.480499267578097, "Radius": 27.599194872999664, "height_m": 28.19, "crown_diameter_m": 16.82, "site_id": 135 }, "geometry": { "type": "Point", "coordinates": [ -73.923169114419437, 40.85670301437073 ] } },
{ "type": "Feature", "properties": { "Height": 55.333751678466797, "Radius": 16.214930341750197, "height_m": 16.87, "crown_diameter_m": 9.88, "site_id": 136 }, "geometry": { "type": "Point", "coordinates": [ -73.924396029513119, 40.856692540852784 ] } },
{ "type": "Feature", "properties": { "Height": 63.337501525878899, "Radius": 18.196754081502785, "height_m": 19.31, "crown_diameter_m": 11.09, "site_id": 137 }, "geometry": { "type": "Point", "coordinates": [ -73.924273917850613, 40.856721199936004 ] } },
{ "type": "Feature", "properties": { "Height": 100.208503723145, "Radius": 47.04221408715005, "height_m": 30.54, "crown_diameter_m": 28.68, "site_id": 138 }, "geometry": { "type": "Point", "coordinates": [ -73.923810181378016, 40.856647773854952 ] } },
{ "type": "Feature", "properties": { "Height": 76.869003295898395, "Radius": 30.636845086993745, "height_m": 23.43, "crown_diameter_m": 18.68, "site_id": 139 }, "geometry": { "type": "Point", "coordinates": [ -73.924106099500293, 40.856721011320502 ] } },
{ "type": "Feature", "properties": { "Height": 97.9532470703125, "Radius": 35.398119539920366, "height_m": 29.86, "crown_diameter_m": 21.58, "site_id": 140 }, "geometry": { "type": "Point", "coordinates": [ -73.923543016787377, 40.856757641611409 ] } },
{ "type": "Feature", "properties": { "Height": 68.709747314453097, "Radius": 20.962509341124289, "height_m": 20.94, "crown_diameter_m": 12.78, "site_id": 141 }, "geometry": { "type": "Point", "coordinates": [ -73.922986454575664, 40.856709886698056 ] } },
{ "type": "Feature", "properties": { "Height": 69.661750793457003, "Radius": 20.536810833075389, "height_m": 21.23, "crown_diameter_m": 12.52, "site_id": 142 }, "geometry": { "type": "Point", "coordinates": [ -73.924372858030821, 40.856765997623327 ] } },
{ "type": "Feature", "properties": { "Height": 81.971000671386705, "Radius": 19.766774782209744, "height_m": 24.98, "crown_diameter_m": 12.05, "site_id": 143 }, "geometry": { "type": "Point", "coordinates": [ -73.922988529081778, 40.856799864239271 ] } },
{ "type": "Feature", "properties": { "Height": 79.116249084472699, "Radius": 16.755575776860173, "height_m": 24.11, "crown_diameter_m": 10.21, "site_id": 144 }, "geometry": { "type": "Point", "coordinates": [ -73.924173393160544, 40.856818003324292 ] } },
{ "type": "Feature", "properties": { "Height": 95.260498046875, "Radius": 23.608485989317856, "height_m": 29.04, "crown_diameter_m": 14.39, "site_id": 145 }, "geometry": { "type": "Point", "coordinates": [ -73.923173272853347, 40.856824935511362 ] } },
{ "type": "Feature", "properties": { "Height": 74.744499206542997, "Radius": 13.006986757381002, "height_m": 22.78, "crown_diameter_m": 7.93, "site_id": 146 }, "geometry": { "type": "Point", "coordinates": [ -73.924356334929755, 40.856853296591737 ] } },
{ "type": "Feature", "properties": { "Height": 80.162498474121094, "Radius": 24.881975979159549, "height_m": 24.43, "crown_diameter_m": 15.17, "site_id": 147 }, "geometry": { "type": "Point", "coordinates": [ -73.923997849451624, 40.856842255101398 ] } },
{ "type": "Feature", "properties": { "Height": 80.1092529296875, "Radius": 18.549743582181339, "height_m": 24.42, "crown_diameter_m": 11.31, "site_id": 148 }, "geometry": { "type": "Point", "coordinates": [ -73.924251399337749, 40.856860591057021 ] } },
{ "type": "Feature", "properties": { "Height": 82.297248840332003, "Radius": 16.312788383647018, "height_m": 25.08, "crown_diameter_m": 9.94, "site_id": 149 }, "geometry": { "type": "Point", "coordinates": [ -73.923656144942754, 40.85690144298546 ] } },
{ "type": "Feature", "properties": { "Height": 79.7552490234375, "Radius": 29.241407827962178, "height_m": 24.31, "crown_diameter_m": 17.83, "site_id": 150 }, "geometry": { "type": "Point", "coordinates": [ -73.923462564016461, 40.856884455735099 ] } },
{ "type": "Feature", "properties": { "Height": 75.115997314453097, "Radius": 21.513311565429245, "height_m": 22.9, "crown_diameter_m": 13.11, "site_id": 151 }, "geometry": { "type": "Point", "coordinates": [ -73.923939752567478, 40.856929639176016 ] } },
{ "type": "Feature", "properties": { "Height": 78.358001708984403, "Radius": 15.665788274060855, "height_m": 23.88, "crown_diameter_m": 9.55, "site_id": 152 }, "geometry": { "type": "Point", "coordinates": [ -73.92413024021252, 40.856899170421066 ] } },
{ "type": "Feature", "properties": { "Height": 75.8592529296875, "Radius": 14.395128895068906, "height_m": 23.12, "crown_diameter_m": 8.78, "site_id": 153 }, "geometry": { "type": "Point", "coordinates": [ -73.924295114346478, 40.85692627994689 ] } },
{ "type": "Feature", "properties": { "Height": 56.941001892089801, "Radius": 28.049642799415199, "height_m": 17.36, "crown_diameter_m": 17.1, "site_id": 154 }, "geometry": { "type": "Point", "coordinates": [ -73.923790612517976, 40.856851498809881 ] } },
{ "type": "Feature", "properties": { "Height": 86.179000854492202, "Radius": 16.612485404699278, "height_m": 26.27, "crown_diameter_m": 10.13, "site_id": 155 }, "geometry": { "type": "Point", "coordinates": [ -73.923247136287642, 40.856901933425924 ] } },
{ "type": "Feature", "properties": { "Height": 76.156997680664105, "Radius": 10.539931227391522, "height_m": 23.21, "crown_diameter_m": 6.43, "site_id": 156 }, "geometry": { "type": "Point", "coordinates": [ -73.924083059378233, 40.856941973036548 ] } },
{ "type": "Feature", "properties": { "Height": 84.697250366210895, "Radius": 25.168167861521891, "height_m": 25.82, "crown_diameter_m": 15.34, "site_id": 157 }, "geometry": { "type": "Point", "coordinates": [ -73.923673857371412, 40.856986717688152 ] } },
{ "type": "Feature", "properties": { "Height": 72.603996276855497, "Radius": 21.638711666278937, "height_m": 22.13, "crown_diameter_m": 13.19, "site_id": 158 }, "geometry": { "type": "Point", "coordinates": [ -73.924203501289213, 40.857005191948559 ] } },
{ "type": "Feature", "properties": { "Height": 72.723251342773395, "Radius": 27.338463979520512, "height_m": 22.17, "crown_diameter_m": 16.67, "site_id": 159 }, "geometry": { "type": "Point", "coordinates": [ -73.923500012122147, 40.857001062630012 ] } },
{ "type": "Feature", "properties": { "Height": 78.768997192382798, "Radius": 17.371176474327626, "height_m": 24.01, "crown_diameter_m": 10.59, "site_id": 160 }, "geometry": { "type": "Point", "coordinates": [ -73.924028873080943, 40.856977193388644 ] } },
{ "type": "Feature", "properties": { "Height": 57.328498840332003, "Radius": 18.351344898465904, "height_m": 17.47, "crown_diameter_m": 11.19, "site_id": 161 }, "geometry": { "type": "Point", "coordinates": [ -73.923825970216598, 40.856973308155482 ] } },
{ "type": "Feature", "properties": { "Height": 72.544250488281307, "Radius": 14.502525893648309, "height_m": 22.11, "crown_diameter_m": 8.84, "site_id": 162 }, "geometry": { "type": "Point", "coordinates": [ -73.92411804228513, 40.85699673599315 ] } },
{ "type": "Feature", "properties": { "Height": 102.255500793457, "Radius": 54.129131942515457, "height_m": 31.17, "crown_diameter_m": 33.0, "site_id": 163 }, "geometry": { "type": "Point", "coordinates": [ -73.923083320068613, 40.856972673153727 ] } },
{ "type": "Feature", "properties": { "Height": 81.463996887207003, "Radius": 14.228319915326999, "height_m": 24.83, "crown_diameter_m": 8.67, "site_id": 164 }, "geometry": { "type": "Point", "coordinates": [ -73.924461729849995, 40.857006493226699 ] } },
{ "type": "Feature", "properties": { "Height": 86.4530029296875, "Radius": 26.766321680951361, "height_m": 26.35, "crown_diameter_m": 16.32, "site_id": 165 }, "geometry": { "type": "Point", "coordinates": [ -73.924325516357726, 40.857033768980322 ] } },
{ "type": "Feature", "properties": { "Height": 82.912498474121094, "Radius": 18.76937576303246, "height_m": 25.27, "crown_diameter_m": 11.44, "site_id": 166 }, "geometry": { "type": "Point", "coordinates": [ -73.924430283414779, 40.857087355626611 ] } },
{ "type": "Feature", "properties": { "Height": 72.339996337890597, "Radius": 21.297689729449569, "height_m": 22.05, "crown_diameter_m": 12.98, "site_id": 167 }, "geometry": { "type": "Point", "coordinates": [ -73.9239011673302, 40.85706820468652 ] } },
{ "type": "Feature", "properties": { "Height": 55.459751129150398, "Radius": 15.642912932180792, "height_m": 16.9, "crown_diameter_m": 9.54, "site_id": 168 }, "geometry": { "type": "Point", "coordinates": [ -73.924058937309496, 40.857086201397337 ] } },
{ "type": "Feature", "properties": { "Height": 67.377746582031307, "Radius": 16.511584343012537, "height_m": 20.54, "crown_diameter_m": 10.07, "site_id": 169 }, "geometry": { "type": "Point", "coordinates": [ -73.924152760958961, 40.857092932152177 ] } },
{ "type": "Feature", "properties": { "Height": 89.866752624511705, "Radius": 18.695032897264507, "height_m": 27.39, "crown_diameter_m": 11.4, "site_id": 170 }, "geometry": { "type": "Point", "coordinates": [ -73.923210683560683, 40.857087488641987 ] } },
{ "type": "Feature", "properties": { "Height": 78.2657470703125, "Radius": 28.196782054262208, "height_m": 23.86, "crown_diameter_m": 17.19, "site_id": 171 }, "geometry": { "type": "Point", "coordinates": [ -73.923422831147207, 40.857077434290282 ] } },
{ "type": "Feature", "properties": { "Height": 94.855247497558594, "Radius": 22.050359433481809, "height_m": 28.91, "crown_diameter_m": 13.44, "site_id": 172 }, "geometry": { "type": "Point", "coordinates": [ -73.923034616530813, 40.85715719088298 ] } },
{ "type": "Feature", "properties": { "Height": 82.102249145507798, "Radius": 20.958712816717327, "height_m": 25.02, "crown_diameter_m": 12.78, "site_id": 173 }, "geometry": { "type": "Point", "coordinates": [ -73.923954039223403, 40.857114281648229 ] } },
{ "type": "Feature", "properties": { "Height": 99.640998840332003, "Radius": 26.190796183508223, "height_m": 30.37, "crown_diameter_m": 15.97, "site_id": 174 }, "geometry": { "type": "Point", "coordinates": [ -73.923777582265188, 40.857100542577555 ] } },
{ "type": "Feature", "properties": { "Height": 96.713752746582003, "Radius": 17.535317221354788, "height_m": 29.48, "crown_diameter_m": 10.69, "site_id": 175 }, "geometry": { "type": "Point", "coordinates": [ -73.923319553367548, 40.857140083084616 ] } },
{ "type": "Feature", "properties": { "Height": 68.730247497558594, "Radius": 10.910907269000948, "height_m": 20.95, "crown_diameter_m": 6.65, "site_id": 176 }, "geometry": { "type": "Point", "coordinates": [ -73.923530777505832, 40.857161741408994 ] } },
{ "type": "Feature", "properties": { "Height": 69.859748840332003, "Radius": 22.433188138482972, "height_m": 21.29, "crown_diameter_m": 13.68, "site_id": 177 }, "geometry": { "type": "Point", "coordinates": [ -73.924169888059922, 40.857202241392649 ] } },
{ "type": "Feature", "properties": { "Height": 84.760749816894503, "Radius": 31.589578870035353, "height_m": 25.84, "crown_diameter_m": 19.26, "site_id": 178 }, "geometry": { "type": "Point", "coordinates": [ -73.923638881733254, 40.857160436159887 ] } },
{ "type": "Feature", "properties": { "Height": 92.849502563476605, "Radius": 24.553592902711806, "height_m": 28.3, "crown_diameter_m": 14.97, "site_id": 179 }, "geometry": { "type": "Point", "coordinates": [ -73.923164294001694, 40.857178763031492 ] } },
{ "type": "Feature", "properties": { "Height": 59.612499237060497, "Radius": 12.750559766864006, "height_m": 18.17, "crown_diameter_m": 7.77, "site_id": 180 }, "geometry": { "type": "Point", "coordinates": [ -73.924084412850405, 40.857175554063701 ] } },
{ "type": "Feature", "properties": { "Height": 98.512252807617202, "Radius": 18.763015059400033, "height_m": 30.03, "crown_diameter_m": 11.44, "site_id": 181 }, "geometry": { "type": "Point", "coordinates": [ -73.923856985648854, 40.857235325555713 ] } },
{ "type": "Feature", "properties": { "Height": 97.602249145507798, "Radius": 14.395128895068906, "height_m": 29.75, "crown_diameter_m": 8.78, "site_id": 182 }, "geometry": { "type": "Point", "coordinates": [ -73.923770471258251, 40.857227539512465 ] } },
{ "type": "Feature", "properties": { "Height": 110.87574768066401, "Radius": 35.940249277569329, "height_m": 33.79, "crown_diameter_m": 21.91, "site_id": 183 }, "geometry": { "type": "Point", "coordinates": [ -73.923414185217879, 40.857230815468853 ] } },
{ "type": "Feature", "properties": { "Height": 81.717247009277301, "Radius": 16.037281192162929, "height_m": 24.91, "crown_diameter_m": 9.78, "site_id": 184 }, "geometry": { "type": "Point", "coordinates": [ -73.923168739655424, 40.857261512099718 ] } },
{ "type": "Feature", "properties": { "Height": 80.846252441406307, "Radius": 29.204645863791381, "height_m": 24.64, "crown_diameter_m": 17.8, "site_id": 185 }, "geometry": { "type": "Point", "coordinates": [ -73.923999233993243, 40.857236241496871 ] } },
{ "type": "Feature", "properties": { "Height": 79.470001220703097, "Radius": 19.273495717603584, "height_m": 24.22, "crown_diameter_m": 11.75, "site_id": 186 }, "geometry": { "type": "Point", "coordinates": [ -73.923731401241071, 40.857291952818272 ] } },
{ "type": "Feature", "properties": { "Height": 72.705253601074205, "Radius": 16.136216622812821, "height_m": 22.16, "crown_diameter_m": 9.84, "site_id": 187 }, "geometry": { "type": "Point", "coordinates": [ -73.923629309104768, 40.857322871174304 ] } },
{ "type": "Feature", "properties": { "Height": 82.148246765136705, "Radius": 33.687598930715737, "height_m": 25.04, "crown_diameter_m": 20.54, "site_id": 188 }, "geometry": { "type": "Point", "coordinates": [ -73.923094285232708, 40.857347635867953 ] } },
{ "type": "Feature", "properties": { "Height": 78.289749145507798, "Radius": 18.02760088846129, "height_m": 23.86, "crown_diameter_m": 10.99, "site_id": 189 }, "geometry": { "type": "Point", "coordinates": [ -73.923965841671802, 40.857340057798567 ] } },
{ "type": "Feature", "properties": { "Height": 85.042999267578097, "Radius": 20.575523046193542, "height_m": 25.92, "crown_diameter_m": 12.54, "site_id": 190 }, "geometry": { "type": "Point", "coordinates": [ -73.92390988066937, 40.857377384071491 ] } },
{ "type": "Feature", "properties": { "Height": 98.242752075195298, "Radius": 31.459577454520126, "height_m": 29.94, "crown_diameter_m": 19.18, "site_id": 191 }, "geometry": { "type": "Point", "coordinates": [ -73.92333169321121, 40.857353214831804 ] } },
{ "type": "Feature", "properties": { "Height": 79.080497741699205, "Radius": 27.868909599918855, "height_m": 24.1, "crown_diameter_m": 16.99, "site_id": 192 }, "geometry": { "type": "Point", "coordinates": [ -73.923507906349585, 40.8573835225531 ] } },
{ "type": "Feature", "properties": { "Height": 92.021003723144503, "Radius": 19.955091270548529, "height_m": 28.05, "crown_diameter_m": 12.16, "site_id": 193 }, "geometry": { "type": "Point", "coordinates": [ -73.923627003790401, 40.85743725359886 ] } },
{ "type": "Feature", "properties": { "Height": 88.400497436523395, "Radius": 36.209369245970493, "height_m": 26.94, "crown_diameter_m": 22.07, "site_id": 194 }, "geometry": { "type": "Point", "coordinates": [ -73.923780100126919, 40.857443133292058 ] } },
{ "type": "Feature", "properties": { "Height": 85.06787109375, "Radius": 17.841241161527712, "height_m": 25.93, "crown_diameter_m": 10.88, "site_id": 195 }, "geometry": { "type": "Point", "coordinates": [ -73.923426417920481, 40.857478945741256 ] } },
{ "type": "Feature", "properties": { "Height": 88.529998779296903, "Radius": 30.952111074071574, "height_m": 26.98, "crown_diameter_m": 18.87, "site_id": 196 }, "geometry": { "type": "Point", "coordinates": [ -73.923152859190012, 40.857478883619379 ] } },
{ "type": "Feature", "properties": { "Height": 83.7760009765625, "Radius": 29.098183744847088, "height_m": 25.53, "crown_diameter_m": 17.74, "site_id": 197 }, "geometry": { "type": "Point", "coordinates": [ -73.923993795948149, 40.857499994387545 ] } },
{ "type": "Feature", "properties": { "Height": 115.72225189209, "Radius": 28.729384519591946, "height_m": 35.27, "crown_diameter_m": 17.51, "site_id": 198 }, "geometry": { "type": "Point", "coordinates": [ -73.923582097649444, 40.857549712278832 ] } },
{ "type": "Feature", "properties": { "Height": 81.2657470703125, "Radius": 21.723130673718963, "height_m": 24.77, "crown_diameter_m": 13.24, "site_id": 199 }, "geometry": { "type": "Point", "coordinates": [ -73.923293563608453, 40.857522171097862 ] } },
{ "type": "Feature", "properties": { "Height": 84.038002014160199, "Radius": 32.256401542380168, "height_m": 25.61, "crown_diameter_m": 19.66, "site_id": 200 }, "geometry": { "type": "Point", "coordinates": [ -73.92314309021134, 40.857626451350896 ] } },
{ "type": "Feature", "properties": { "Height": 94.558998107910199, "Radius": 31.594616678674353, "height_m": 28.82, "crown_diameter_m": 19.26, "site_id": 201 }, "geometry": { "type": "Point", "coordinates": [ -73.923863290260954, 40.857600221215272 ] } },
{ "type": "Feature", "properties": { "Height": 92.090751647949205, "Radius": 27.982893345973448, "height_m": 28.07, "crown_diameter_m": 17.06, "site_id": 202 }, "geometry": { "type": "Point", "coordinates": [ -73.92339765680677, 40.857590293952192 ] } },
{ "type": "Feature", "properties": { "Height": 89.878250122070298, "Radius": 19.470672162123595, "height_m": 27.39, "crown_diameter_m": 11.87, "site_id": 203 }, "geometry": { "type": "Point", "coordinates": [ -73.92348950489432, 40.857688007724839 ] } },
{ "type": "Feature", "properties": { "Height": 100.512496948242, "Radius": 20.435815879801165, "height_m": 30.64, "crown_diameter_m": 12.46, "site_id": 204 }, "geometry": { "type": "Point", "coordinates": [ -73.923715392297808, 40.85767980615099 ] } },
{ "type": "Feature", "properties": { "Height": 84.899749755859403, "Radius": 25.817453431135647, "height_m": 25.88, "crown_diameter_m": 15.74, "site_id": 205 }, "geometry": { "type": "Point", "coordinates": [ -73.923949656100703, 40.857689604164513 ] } },
{ "type": "Feature", "properties": { "Height": 92.012001037597699, "Radius": 14.059531973722809, "height_m": 28.05, "crown_diameter_m": 8.57, "site_id": 206 }, "geometry": { "type": "Point", "coordinates": [ -73.923381456143446, 40.857683649684546 ] } },
{ "type": "Feature", "properties": { "Height": 97.076248168945298, "Radius": 24.319123514828473, "height_m": 29.59, "crown_diameter_m": 14.82, "site_id": 207 }, "geometry": { "type": "Point", "coordinates": [ -73.923612350481932, 40.857664480957894 ] } },
{ "type": "Feature", "properties": { "Height": 103.27774810791, "Radius": 26.809396170055738, "height_m": 31.48, "crown_diameter_m": 16.34, "site_id": 208 }, "geometry": { "type": "Point", "coordinates": [ -73.923298925572567, 40.857739192950376 ] } },
{ "type": "Feature", "properties": { "Height": 92.735000610351605, "Radius": 17.769732893161912, "height_m": 28.27, "crown_diameter_m": 10.83, "site_id": 209 }, "geometry": { "type": "Point", "coordinates": [ -73.92381556142, 40.857744999436179 ] } },
{ "type": "Feature", "properties": { "Height": 82.613502502441406, "Radius": 29.385287879227562, "height_m": 25.18, "crown_diameter_m": 17.91, "site_id": 210 }, "geometry": { "type": "Point", "coordinates": [ -73.923182790782505, 40.857789991613643 ] } },
{ "type": "Feature", "properties": { "Height": 88.164497375488295, "Radius": 11.576202403352141, "height_m": 26.87, "crown_diameter_m": 7.06, "site_id": 211 }, "geometry": { "type": "Point", "coordinates": [ -73.923437606926569, 40.857751878427528 ] } },
{ "type": "Feature", "properties": { "Height": 85.736999511718807, "Radius": 14.295277084757526, "height_m": 26.13, "crown_diameter_m": 8.71, "site_id": 212 }, "geometry": { "type": "Point", "coordinates": [ -73.923974938896805, 40.857757774473527 ] } },
{ "type": "Feature", "properties": { "Height": 89.679496765136705, "Radius": 20.058506827187099, "height_m": 27.33, "crown_diameter_m": 12.23, "site_id": 213 }, "geometry": { "type": "Point", "coordinates": [ -73.923688997775869, 40.85777661667079 ] } },
{ "type": "Feature", "properties": { "Height": 86.623497009277301, "Radius": 24.024475043645772, "height_m": 26.4, "crown_diameter_m": 14.65, "site_id": 214 }, "geometry": { "type": "Point", "coordinates": [ -73.92412890924966, 40.857742567486021 ] } },
{ "type": "Feature", "properties": { "Height": 89.063003540039105, "Radius": 21.653416874681088, "height_m": 27.15, "crown_diameter_m": 13.2, "site_id": 215 }, "geometry": { "type": "Point", "coordinates": [ -73.923830005402891, 40.857816977097634 ] } },
{ "type": "Feature", "properties": { "Height": 89.887001037597699, "Radius": 17.916905988935504, "height_m": 27.4, "crown_diameter_m": 10.92, "site_id": 216 }, "geometry": { "type": "Point", "coordinates": [ -73.924322469318795, 40.857806286370774 ] } },
{ "type": "Feature", "properties": { "Height": 92.816749572753906, "Radius": 28.031196086586942, "height_m": 28.29, "crown_diameter_m": 17.09, "site_id": 217 }, "geometry": { "type": "Point", "coordinates": [ -73.924166185445657, 40.857876168995368 ] } },
{ "type": "Feature", "properties": { "Height": 54.102748870849602, "Radius": 13.425459882312095, "height_m": 16.49, "crown_diameter_m": 8.18, "site_id": 218 }, "geometry": { "type": "Point", "coordinates": [ -73.924440988441219, 40.85779926188016 ] } },
{ "type": "Feature", "properties": { "Height": 89.364753723144503, "Radius": 13.730223235342899, "height_m": 27.24, "crown_diameter_m": 8.37, "site_id": 219 }, "geometry": { "type": "Point", "coordinates": [ -73.923996000637828, 40.857803150573787 ] } },
{ "type": "Feature", "properties": { "Height": 91.292999267578097, "Radius": 13.327299669871433, "height_m": 27.83, "crown_diameter_m": 8.12, "site_id": 220 }, "geometry": { "type": "Point", "coordinates": [ -73.924046496478553, 40.857822144561702 ] } },
{ "type": "Feature", "properties": { "Height": 93.666252136230497, "Radius": 10.86705883733894, "height_m": 28.55, "crown_diameter_m": 6.62, "site_id": 221 }, "geometry": { "type": "Point", "coordinates": [ -73.924090049307537, 40.857848454949497 ] } },
{ "type": "Feature", "properties": { "Height": 93.598747253417997, "Radius": 29.890069806649077, "height_m": 28.53, "crown_diameter_m": 18.22, "site_id": 222 }, "geometry": { "type": "Point", "coordinates": [ -73.923492571119283, 40.857821729940319 ] } },
{ "type": "Feature", "properties": { "Height": 74.157501220703097, "Radius": 17.697935698969246, "height_m": 22.6, "crown_diameter_m": 10.79, "site_id": 223 }, "geometry": { "type": "Point", "coordinates": [ -73.923661380790691, 40.857862740250013 ] } },
{ "type": "Feature", "properties": { "Height": 62.550750732421903, "Radius": 19.470672162123595, "height_m": 19.07, "crown_diameter_m": 11.87, "site_id": 224 }, "geometry": { "type": "Point", "coordinates": [ -73.924413680342042, 40.857872210760313 ] } },
{ "type": "Feature", "properties": { "Height": 86.833251953125, "Radius": 18.720555138359373, "height_m": 26.47, "crown_diameter_m": 11.41, "site_id": 225 }, "geometry": { "type": "Point", "coordinates": [ -73.923864188734882, 40.857895958294073 ] } },
{ "type": "Feature", "properties": { "Height": 85.786003112792997, "Radius": 22.330079191684657, "height_m": 26.15, "crown_diameter_m": 13.61, "site_id": 226 }, "geometry": { "type": "Point", "coordinates": [ -73.923284276205806, 40.857903365193685 ] } },
{ "type": "Feature", "properties": { "Height": 46.859500885009801, "Radius": 33.241732353880558, "height_m": 14.28, "crown_diameter_m": 20.26, "site_id": 227 }, "geometry": { "type": "Point", "coordinates": [ -73.924573877623189, 40.8578464309944 ] } },
{ "type": "Feature", "properties": { "Height": 88.451248168945298, "Radius": 18.73755065265258, "height_m": 26.96, "crown_diameter_m": 11.42, "site_id": 228 }, "geometry": { "type": "Point", "coordinates": [ -73.923975396649084, 40.857897892041478 ] } },
{ "type": "Feature", "properties": { "Height": 95.558998107910199, "Radius": 18.796913939900019, "height_m": 29.13, "crown_diameter_m": 11.46, "site_id": 229 }, "geometry": { "type": "Point", "coordinates": [ -73.924273415743627, 40.857895512630996 ] } },
{ "type": "Feature", "properties": { "Height": 85.117248535156307, "Radius": 18.506794361362498, "height_m": 25.94, "crown_diameter_m": 11.28, "site_id": 230 }, "geometry": { "type": "Point", "coordinates": [ -73.92375796509458, 40.857917309922286 ] } },
{ "type": "Feature", "properties": { "Height": 64.215248107910199, "Radius": 28.392248709118658, "height_m": 19.57, "crown_diameter_m": 17.31, "site_id": 231 }, "geometry": { "type": "Point", "coordinates": [ -73.9231003459128, 40.8579219432374 ] } },
{ "type": "Feature", "properties": { "Height": 89.033996582031307, "Radius": 23.909925879978971, "height_m": 27.14, "crown_diameter_m": 14.58, "site_id": 232 }, "geometry": { "type": "Point", "coordinates": [ -73.923573546021132, 40.857931961357039 ] } },
{ "type": "Feature", "properties": { "Height": 97.401496887207003, "Radius": 14.969641274038219, "height_m": 29.69, "crown_diameter_m": 9.13, "site_id": 233 }, "geometry": { "type": "Point", "coordinates": [ -73.924420264421187, 40.85794382840281 ] } },
{ "type": "Feature", "properties": { "Height": 94.460746765136705, "Radius": 22.950452809533576, "height_m": 28.79, "crown_diameter_m": 13.99, "site_id": 234 }, "geometry": { "type": "Point", "coordinates": [ -73.923424632453802, 40.857944993572929 ] } },
{ "type": "Feature", "properties": { "Height": 98.371246337890597, "Radius": 20.443602435953338, "height_m": 29.98, "crown_diameter_m": 12.46, "site_id": 235 }, "geometry": { "type": "Point", "coordinates": [ -73.924318041872041, 40.857976189865944 ] } },
{ "type": "Feature", "properties": { "Height": 85.997253417968807, "Radius": 13.243441670776848, "height_m": 26.21, "crown_diameter_m": 8.07, "site_id": 236 }, "geometry": { "type": "Point", "coordinates": [ -73.923948189098397, 40.857975775566132 ] } },
{ "type": "Feature", "properties": { "Height": 82.319999694824205, "Radius": 31.125168892720353, "height_m": 25.09, "crown_diameter_m": 18.97, "site_id": 237 }, "geometry": { "type": "Point", "coordinates": [ -73.92404328855875, 40.858063870190428 ] } },
{ "type": "Feature", "properties": { "Height": 52.091751098632798, "Radius": 18.83075179616424, "height_m": 15.88, "crown_diameter_m": 11.48, "site_id": 238 }, "geometry": { "type": "Point", "coordinates": [ -73.923292953698294, 40.85799957489467 ] } },
{ "type": "Feature", "properties": { "Height": 97.931251525878906, "Radius": 10.029253413593549, "height_m": 29.85, "crown_diameter_m": 6.11, "site_id": 239 }, "geometry": { "type": "Point", "coordinates": [ -73.923427202350439, 40.858033780065782 ] } },
{ "type": "Feature", "properties": { "Height": 99.810501098632798, "Radius": 23.500375582719457, "height_m": 30.42, "crown_diameter_m": 14.33, "site_id": 240 }, "geometry": { "type": "Point", "coordinates": [ -73.923550580157951, 40.858035858273006 ] } },
{ "type": "Feature", "properties": { "Height": 58.360748291015597, "Radius": 34.464087689866609, "height_m": 17.79, "crown_diameter_m": 21.01, "site_id": 241 }, "geometry": { "type": "Point", "coordinates": [ -73.924184073814516, 40.858085697035683 ] } },
{ "type": "Feature", "properties": { "Height": 95.597747802734403, "Radius": 22.900120905527881, "height_m": 29.14, "crown_diameter_m": 13.96, "site_id": 242 }, "geometry": { "type": "Point", "coordinates": [ -73.924626864953368, 40.858030214364561 ] } },
{ "type": "Feature", "properties": { "Height": 88.742248535156307, "Radius": 26.17255958188877, "height_m": 27.05, "crown_diameter_m": 15.95, "site_id": 243 }, "geometry": { "type": "Point", "coordinates": [ -73.923848529706618, 40.858018120242861 ] } },
{ "type": "Feature", "properties": { "Height": 92.136497497558594, "Radius": 25.300616220076598, "height_m": 28.08, "crown_diameter_m": 15.42, "site_id": 244 }, "geometry": { "type": "Point", "coordinates": [ -73.924389841621348, 40.858079467400643 ] } },
{ "type": "Feature", "properties": { "Height": 18.744499206543001, "Radius": 16.295705647465144, "height_m": 5.71, "crown_diameter_m": 9.93, "site_id": 245 }, "geometry": { "type": "Point", "coordinates": [ -73.923158445138313, 40.858043650856885 ] } },
{ "type": "Feature", "properties": { "Height": 93.598503112792997, "Radius": 15.746853696442757, "height_m": 28.53, "crown_diameter_m": 9.6, "site_id": 246 }, "geometry": { "type": "Point", "coordinates": [ -73.923714151131875, 40.858059799831963 ] } },
{ "type": "Feature", "properties": { "Height": 89.664001464843807, "Radius": 27.036986770368387, "height_m": 27.33, "crown_diameter_m": 16.48, "site_id": 247 }, "geometry": { "type": "Point", "coordinates": [ -73.924693306195195, 40.858150745212534 ] } },
{ "type": "Feature", "properties": { "Height": 91.568000793457003, "Radius": 17.688940559532284, "height_m": 27.91, "crown_diameter_m": 10.78, "site_id": 248 }, "geometry": { "type": "Point", "coordinates": [ -73.924263600986905, 40.858149983973824 ] } },
{ "type": "Feature", "properties": { "Height": 93.174247741699205, "Radius": 26.590333482033373, "height_m": 28.4, "crown_diameter_m": 16.21, "site_id": 249 }, "geometry": { "type": "Point", "coordinates": [ -73.924518377445295, 40.858069128384784 ] } },
{ "type": "Feature", "properties": { "Height": 91.979248046875, "Radius": 28.994075419150569, "height_m": 28.04, "crown_diameter_m": 17.67, "site_id": 250 }, "geometry": { "type": "Point", "coordinates": [ -73.923892500846605, 40.858134956414176 ] } },
{ "type": "Feature", "properties": { "Height": 98.025253295898395, "Radius": 21.959951675002451, "height_m": 29.88, "crown_diameter_m": 13.39, "site_id": 251 }, "geometry": { "type": "Point", "coordinates": [ -73.923669056432786, 40.858104831463613 ] } },
{ "type": "Feature", "properties": { "Height": 108.824501037598, "Radius": 27.676935182590075, "height_m": 33.17, "crown_diameter_m": 16.87, "site_id": 252 }, "geometry": { "type": "Point", "coordinates": [ -73.923385550180043, 40.858097637730211 ] } },
{ "type": "Feature", "properties": { "Height": 88.023246765136705, "Radius": 30.580949063231785, "height_m": 26.83, "crown_diameter_m": 18.64, "site_id": 253 }, "geometry": { "type": "Point", "coordinates": [ -73.92333756632361, 40.858205207295505 ] } },
{ "type": "Feature", "properties": { "Height": 87.067253112792997, "Radius": 16.888032982579009, "height_m": 26.54, "crown_diameter_m": 10.29, "site_id": 254 }, "geometry": { "type": "Point", "coordinates": [ -73.923839189874172, 40.858187852980372 ] } },
{ "type": "Feature", "properties": { "Height": 100.77838134765599, "Radius": 22.736210219877808, "height_m": 30.72, "crown_diameter_m": 13.86, "site_id": 255 }, "geometry": { "type": "Point", "coordinates": [ -73.923671685997135, 40.858231825809199 ] } },
{ "type": "Feature", "properties": { "Height": 68.00537109375, "Radius": 32.664579263907051, "height_m": 20.73, "crown_diameter_m": 19.91, "site_id": 256 }, "geometry": { "type": "Point", "coordinates": [ -73.924397618698208, 40.85821485677566 ] } },
{ "type": "Feature", "properties": { "Height": 63.484500885009801, "Radius": 22.74320920733615, "height_m": 19.35, "crown_diameter_m": 13.86, "site_id": 257 }, "geometry": { "type": "Point", "coordinates": [ -73.924609910786458, 40.858237281936148 ] } },
{ "type": "Feature", "properties": { "Height": 115.150497436523, "Radius": 27.315167457198672, "height_m": 35.1, "crown_diameter_m": 16.65, "site_id": 258 }, "geometry": { "type": "Point", "coordinates": [ -73.923528087284041, 40.858178064172854 ] } },
{ "type": "Feature", "properties": { "Height": 84.733001708984403, "Radius": 22.475715547534318, "height_m": 25.83, "crown_diameter_m": 13.7, "site_id": 259 }, "geometry": { "type": "Point", "coordinates": [ -73.923827875901935, 40.858254493530985 ] } },
{ "type": "Feature", "properties": { "Height": 55.961372375488303, "Radius": 24.95861469035648, "height_m": 17.06, "crown_diameter_m": 15.21, "site_id": 260 }, "geometry": { "type": "Point", "coordinates": [ -73.924018900509864, 40.858253616344363 ] } },
{ "type": "Feature", "properties": { "Height": 115.874130249023, "Radius": 22.767688719988755, "height_m": 35.32, "crown_diameter_m": 13.88, "site_id": 261 }, "geometry": { "type": "Point", "coordinates": [ -73.923525429403512, 40.858301825855882 ] } },
{ "type": "Feature", "properties": { "Height": 77.975753784179702, "Radius": 29.609204717818841, "height_m": 23.77, "crown_diameter_m": 18.05, "site_id": 262 }, "geometry": { "type": "Point", "coordinates": [ -73.925211057084923, 40.858272196196594 ] } },
{ "type": "Feature", "properties": { "Height": 84.677253723144503, "Radius": 32.046018010050091, "height_m": 25.81, "crown_diameter_m": 19.54, "site_id": 263 }, "geometry": { "type": "Point", "coordinates": [ -73.924882479444747, 40.858273472146188 ] } },
{ "type": "Feature", "properties": { "Height": 48.862998962402301, "Radius": 14.820047957642226, "height_m": 14.89, "crown_diameter_m": 9.03, "site_id": 264 }, "geometry": { "type": "Point", "coordinates": [ -73.924219793270481, 40.858281562827266 ] } },
{ "type": "Feature", "properties": { "Height": 102.420249938965, "Radius": 35.045665863843368, "height_m": 31.22, "crown_diameter_m": 21.36, "site_id": 265 }, "geometry": { "type": "Point", "coordinates": [ -73.923554343056566, 40.858362245431536 ] } },
{ "type": "Feature", "properties": { "Height": 66.658500671386705, "Radius": 20.683531783305643, "height_m": 20.32, "crown_diameter_m": 12.61, "site_id": 266 }, "geometry": { "type": "Point", "coordinates": [ -73.924356787326133, 40.858297106047708 ] } },
{ "type": "Feature", "properties": { "Height": 28.4344997406006, "Radius": 14.598235126207822, "height_m": 8.67, "crown_diameter_m": 8.9, "site_id": 267 }, "geometry": { "type": "Point", "coordinates": [ -73.924561529088081, 40.85832919221339 ] } },
{ "type": "Feature", "properties": { "Height": 47.149749755859403, "Radius": 11.156126814350138, "height_m": 14.37, "crown_diameter_m": 6.8, "site_id": 268 }, "geometry": { "type": "Point", "coordinates": [ -73.924005822388878, 40.858318780745975 ] } },
{ "type": "Feature", "properties": { "Height": 87.910499572753906, "Radius": 22.086418916987409, "height_m": 26.8, "crown_diameter_m": 13.46, "site_id": 269 }, "geometry": { "type": "Point", "coordinates": [ -73.924451658714304, 40.858351936954527 ] } },
{ "type": "Feature", "properties": { "Height": 65.854248046875, "Radius": 17.117366918781034, "height_m": 20.07, "crown_diameter_m": 10.43, "site_id": 270 }, "geometry": { "type": "Point", "coordinates": [ -73.923914174672589, 40.858346183508836 ] } },
{ "type": "Feature", "properties": { "Height": 89.792747497558594, "Radius": 27.070813350666661, "height_m": 27.37, "crown_diameter_m": 16.5, "site_id": 271 }, "geometry": { "type": "Point", "coordinates": [ -73.923260866973322, 40.858374690792168 ] } },
{ "type": "Feature", "properties": { "Height": 93.872749328613295, "Radius": 34.632234278783159, "height_m": 28.61, "crown_diameter_m": 21.11, "site_id": 272 }, "geometry": { "type": "Point", "coordinates": [ -73.923812111254819, 40.858407637680273 ] } },
{ "type": "Feature", "properties": { "Height": 65.996749877929702, "Radius": 35.967915632164051, "height_m": 20.12, "crown_diameter_m": 21.93, "site_id": 273 }, "geometry": { "type": "Point", "coordinates": [ -73.925400460575986, 40.858388546052169 ] } },
{ "type": "Feature", "properties": { "Height": 38.619499206542997, "Radius": 15.665788274060855, "height_m": 11.77, "crown_diameter_m": 9.55, "site_id": 274 }, "geometry": { "type": "Point", "coordinates": [ -73.924710612740142, 40.858412684039699 ] } },
{ "type": "Feature", "properties": { "Height": 33.111499786377003, "Radius": 12.273555052896407, "height_m": 10.09, "crown_diameter_m": 7.48, "site_id": 275 }, "geometry": { "type": "Point", "coordinates": [ -73.923116046957844, 40.858415067831743 ] } },
{ "type": "Feature", "properties": { "Height": 68.647499084472699, "Radius": 33.568094927931476, "height_m": 20.92, "crown_diameter_m": 20.46, "site_id": 276 }, "geometry": { "type": "Point", "coordinates": [ -73.924220814093076, 40.858377636850669 ] } },
{ "type": "Feature", "properties": { "Height": 62.231250762939503, "Radius": 15.574085310927526, "height_m": 18.97, "crown_diameter_m": 9.49, "site_id": 277 }, "geometry": { "type": "Point", "coordinates": [ -73.923379957300511, 40.858429787221723 ] } },
{ "type": "Feature", "properties": { "Height": 42.397998809814503, "Radius": 27.980049411483055, "height_m": 12.92, "crown_diameter_m": 17.06, "site_id": 278 }, "geometry": { "type": "Point", "coordinates": [ -73.924975891393075, 40.858461681451317 ] } },
{ "type": "Feature", "properties": { "Height": 70.334373474121094, "Radius": 14.712264360219255, "height_m": 21.44, "crown_diameter_m": 8.97, "site_id": 279 }, "geometry": { "type": "Point", "coordinates": [ -73.924185890756178, 40.858473832237564 ] } },
{ "type": "Feature", "properties": { "Height": 66.130996704101605, "Radius": 15.022706457370044, "height_m": 20.16, "crown_diameter_m": 9.16, "site_id": 280 }, "geometry": { "type": "Point", "coordinates": [ -73.924370474605013, 40.858481315794393 ] } },
{ "type": "Feature", "properties": { "Height": 64.937751770019503, "Radius": 24.695783889727878, "height_m": 19.79, "crown_diameter_m": 15.05, "site_id": 281 }, "geometry": { "type": "Point", "coordinates": [ -73.924481692096023, 40.858446443303691 ] } },
{ "type": "Feature", "properties": { "Height": 82.625503540039105, "Radius": 40.213104820259808, "height_m": 25.18, "crown_diameter_m": 24.51, "site_id": 282 }, "geometry": { "type": "Point", "coordinates": [ -73.925156789044237, 40.858421782036167 ] } },
{ "type": "Feature", "properties": { "Height": 46.307502746582003, "Radius": 20.973894791049151, "height_m": 14.11, "crown_diameter_m": 12.79, "site_id": 283 }, "geometry": { "type": "Point", "coordinates": [ -73.924803865316235, 40.858457315542204 ] } },
{ "type": "Feature", "properties": { "Height": 62.971000671386697, "Radius": 26.721688797338174, "height_m": 19.19, "crown_diameter_m": 16.29, "site_id": 284 }, "geometry": { "type": "Point", "coordinates": [ -73.924288542618783, 40.858552663763938 ] } },
{ "type": "Feature", "properties": { "Height": 38.196250915527301, "Radius": 15.471555655790096, "height_m": 11.64, "crown_diameter_m": 9.43, "site_id": 285 }, "geometry": { "type": "Point", "coordinates": [ -73.924680202850183, 40.858493271614165 ] } },
{ "type": "Feature", "properties": { "Height": 93.288749694824205, "Radius": 23.391765524430518, "height_m": 28.43, "crown_diameter_m": 14.26, "site_id": 286 }, "geometry": { "type": "Point", "coordinates": [ -73.923553775393785, 40.858476390355129 ] } },
{ "type": "Feature", "properties": { "Height": 47.899749755859403, "Radius": 19.923163104065253, "height_m": 14.6, "crown_diameter_m": 12.15, "site_id": 287 }, "geometry": { "type": "Point", "coordinates": [ -73.924853696962657, 40.858527350353306 ] } },
{ "type": "Feature", "properties": { "Height": 77.999748229980497, "Radius": 33.462435687245325, "height_m": 23.77, "crown_diameter_m": 20.4, "site_id": 288 }, "geometry": { "type": "Point", "coordinates": [ -73.924064290317887, 40.858493277607458 ] } },
{ "type": "Feature", "properties": { "Height": 60.021499633789098, "Radius": 17.652914166616544, "height_m": 18.29, "crown_diameter_m": 10.76, "site_id": 289 }, "geometry": { "type": "Point", "coordinates": [ -73.924928260420032, 40.85857809471743 ] } },
{ "type": "Feature", "properties": { "Height": 107.21250152587901, "Radius": 11.396070970426017, "height_m": 32.68, "crown_diameter_m": 6.95, "site_id": 290 }, "geometry": { "type": "Point", "coordinates": [ -73.923558293263397, 40.858558719808201 ] } },
{ "type": "Feature", "properties": { "Height": 70.881500244140597, "Radius": 37.305903016373684, "height_m": 21.6, "crown_diameter_m": 22.74, "site_id": 291 }, "geometry": { "type": "Point", "coordinates": [ -73.925346255618706, 40.858559360185133 ] } },
{ "type": "Feature", "properties": { "Height": 75.265251159667997, "Radius": 17.956834762958085, "height_m": 22.94, "crown_diameter_m": 10.95, "site_id": 292 }, "geometry": { "type": "Point", "coordinates": [ -73.924425597333567, 40.85856751806601 ] } },
{ "type": "Feature", "properties": { "Height": 84.396499633789105, "Radius": 35.10692067532608, "height_m": 25.72, "crown_diameter_m": 21.4, "site_id": 293 }, "geometry": { "type": "Point", "coordinates": [ -73.923861889540632, 40.858573068166287 ] } },
{ "type": "Feature", "properties": { "Height": 61.010501861572301, "Radius": 26.61874915628302, "height_m": 18.6, "crown_diameter_m": 16.23, "site_id": 294 }, "geometry": { "type": "Point", "coordinates": [ -73.925544099893273, 40.858596371228337 ] } },
{ "type": "Feature", "properties": { "Height": 89.061752319335895, "Radius": 30.153808878547963, "height_m": 27.15, "crown_diameter_m": 18.38, "site_id": 295 }, "geometry": { "type": "Point", "coordinates": [ -73.923428856644506, 40.858549047353243 ] } },
{ "type": "Feature", "properties": { "Height": 46.786750793457003, "Radius": 23.856614942120721, "height_m": 14.26, "crown_diameter_m": 14.54, "site_id": 296 }, "geometry": { "type": "Point", "coordinates": [ -73.925076276231692, 40.858591257953101 ] } },
{ "type": "Feature", "properties": { "Height": 68.044746398925795, "Radius": 27.119273442104756, "height_m": 20.74, "crown_diameter_m": 16.53, "site_id": 297 }, "geometry": { "type": "Point", "coordinates": [ -73.925677889905558, 40.858615386704777 ] } },
{ "type": "Feature", "properties": { "Height": 104.24624633789099, "Radius": 43.807422930390167, "height_m": 31.77, "crown_diameter_m": 26.71, "site_id": 298 }, "geometry": { "type": "Point", "coordinates": [ -73.923696797264412, 40.858638617476323 ] } },
{ "type": "Feature", "properties": { "Height": 95.253501892089801, "Radius": 26.085761617966966, "height_m": 29.03, "crown_diameter_m": 15.9, "site_id": 299 }, "geometry": { "type": "Point", "coordinates": [ -73.92333952896368, 40.858632435603781 ] } },
{ "type": "Feature", "properties": { "Height": 71.589248657226605, "Radius": 25.017530128069765, "height_m": 21.82, "crown_diameter_m": 15.25, "site_id": 300 }, "geometry": { "type": "Point", "coordinates": [ -73.924053441365743, 40.8586472336588 ] } },
{ "type": "Feature", "properties": { "Height": 66.759246826171903, "Radius": 20.082296327732614, "height_m": 20.35, "crown_diameter_m": 12.24, "site_id": 301 }, "geometry": { "type": "Point", "coordinates": [ -73.924167620710648, 40.858621836582984 ] } },
{ "type": "Feature", "properties": { "Height": 79.603996276855497, "Radius": 37.047971998808592, "height_m": 24.26, "crown_diameter_m": 22.58, "site_id": 302 }, "geometry": { "type": "Point", "coordinates": [ -73.924582643692645, 40.858546013556662 ] } },
{ "type": "Feature", "properties": { "Height": 76.074501037597699, "Radius": 14.395128895068906, "height_m": 23.19, "crown_diameter_m": 8.78, "site_id": 303 }, "geometry": { "type": "Point", "coordinates": [ -73.924437186443214, 40.858626730215896 ] } },
{ "type": "Feature", "properties": { "Height": 108.87774658203099, "Radius": 12.741194683142286, "height_m": 33.19, "crown_diameter_m": 7.77, "site_id": 304 }, "geometry": { "type": "Point", "coordinates": [ -73.923549211011021, 40.85864501771605 ] } },
{ "type": "Feature", "properties": { "Height": 48.8567504882813, "Radius": 15.191269449366246, "height_m": 14.89, "crown_diameter_m": 9.26, "site_id": 305 }, "geometry": { "type": "Point", "coordinates": [ -73.925146904758293, 40.858640853295192 ] } },
{ "type": "Feature", "properties": { "Height": 73.335250854492202, "Radius": 32.8564754499372, "height_m": 22.35, "crown_diameter_m": 20.03, "site_id": 306 }, "geometry": { "type": "Point", "coordinates": [ -73.923123246055113, 40.858612191840066 ] } },
{ "type": "Feature", "properties": { "Height": 35.937999725341797, "Radius": 10.464157913908982, "height_m": 10.95, "crown_diameter_m": 6.38, "site_id": 307 }, "geometry": { "type": "Point", "coordinates": [ -73.924684604948652, 40.858650787413389 ] } },
{ "type": "Feature", "properties": { "Height": 39.939750671386697, "Radius": 27.460446470685799, "height_m": 12.17, "crown_diameter_m": 16.74, "site_id": 308 }, "geometry": { "type": "Point", "coordinates": [ -73.924784044942129, 40.858610890309961 ] } },
{ "type": "Feature", "properties": { "Height": 76.235496520996094, "Radius": 12.488868813069399, "height_m": 23.24, "crown_diameter_m": 7.61, "site_id": 309 }, "geometry": { "type": "Point", "coordinates": [ -73.924364440002549, 40.85866386560869 ] } },
{ "type": "Feature", "properties": { "Height": 49.182750701904297, "Radius": 12.334995970645954, "height_m": 14.99, "crown_diameter_m": 7.52, "site_id": 310 }, "geometry": { "type": "Point", "coordinates": [ -73.925721975085509, 40.858701309294958 ] } },
{ "type": "Feature", "properties": { "Height": 80.727500915527301, "Radius": 20.859760650909728, "height_m": 24.61, "crown_diameter_m": 12.72, "site_id": 311 }, "geometry": { "type": "Point", "coordinates": [ -73.923407783375225, 40.858711548517 ] } },
{ "type": "Feature", "properties": { "Height": 24.8584995269775, "Radius": 9.0358444987805271, "height_m": 7.58, "crown_diameter_m": 5.51, "site_id": 312 }, "geometry": { "type": "Point", "coordinates": [ -73.924252426288348, 40.858688293572051 ] } },
{ "type": "Feature", "properties": { "Height": 68.191749572753906, "Radius": 11.847981254502882, "height_m": 20.78, "crown_diameter_m": 7.22, "site_id": 313 }, "geometry": { "type": "Point", "coordinates": [ -73.924435623228391, 40.858706078626774 ] } },
{ "type": "Feature", "properties": { "Height": 69.118499755859403, "Radius": 19.855145278708608, "height_m": 21.07, "crown_diameter_m": 12.1, "site_id": 314 }, "geometry": { "type": "Point", "coordinates": [ -73.924331045446095, 40.858733032009475 ] } },
{ "type": "Feature", "properties": { "Height": 69.883003234863295, "Radius": 22.60281768552284, "height_m": 21.3, "crown_diameter_m": 13.78, "site_id": 315 }, "geometry": { "type": "Point", "coordinates": [ -73.924725718509066, 40.858729827795692 ] } },
{ "type": "Feature", "properties": { "Height": 56.651748657226598, "Radius": 24.3975303496827, "height_m": 17.27, "crown_diameter_m": 14.87, "site_id": 316 }, "geometry": { "type": "Point", "coordinates": [ -73.925361759329164, 40.858689510924705 ] } },
{ "type": "Feature", "properties": { "Height": 78.096496582031307, "Radius": 20.373416296332412, "height_m": 23.8, "crown_diameter_m": 12.42, "site_id": 317 }, "geometry": { "type": "Point", "coordinates": [ -73.923930358683265, 40.858710689391813 ] } },
{ "type": "Feature", "properties": { "Height": 85.348251342773395, "Radius": 15.777145844408119, "height_m": 26.01, "crown_diameter_m": 9.62, "site_id": 318 }, "geometry": { "type": "Point", "coordinates": [ -73.924487111072253, 40.858722236522468 ] } },
{ "type": "Feature", "properties": { "Height": 64.101249694824205, "Radius": 12.70366530947592, "height_m": 19.54, "crown_diameter_m": 7.74, "site_id": 319 }, "geometry": { "type": "Point", "coordinates": [ -73.925490461994769, 40.858730193633818 ] } },
{ "type": "Feature", "properties": { "Height": 65.665748596191406, "Radius": 25.568123293467593, "height_m": 20.01, "crown_diameter_m": 15.59, "site_id": 320 }, "geometry": { "type": "Point", "coordinates": [ -73.924107348887006, 40.858751480212071 ] } },
{ "type": "Feature", "properties": { "Height": 98.843002319335895, "Radius": 18.923493915151202, "height_m": 30.13, "crown_diameter_m": 11.54, "site_id": 321 }, "geometry": { "type": "Point", "coordinates": [ -73.923548985925052, 40.858742809050412 ] } },
{ "type": "Feature", "properties": { "Height": 83.002998352050795, "Radius": 26.886460375501063, "height_m": 25.3, "crown_diameter_m": 16.39, "site_id": 322 }, "geometry": { "type": "Point", "coordinates": [ -73.924594214908794, 40.858761302319159 ] } },
{ "type": "Feature", "properties": { "Height": 78.724746704101605, "Radius": 16.991382132383997, "height_m": 24.0, "crown_diameter_m": 10.36, "site_id": 323 }, "geometry": { "type": "Point", "coordinates": [ -73.924799380886014, 40.858764677093291 ] } },
{ "type": "Feature", "properties": { "Height": 69.366752624511705, "Radius": 19.364117483750853, "height_m": 21.14, "crown_diameter_m": 11.8, "site_id": 324 }, "geometry": { "type": "Point", "coordinates": [ -73.925394524967601, 40.858796221345571 ] } },
{ "type": "Feature", "properties": { "Height": 39.201751708984403, "Radius": 18.411953421235268, "height_m": 11.95, "crown_diameter_m": 11.22, "site_id": 325 }, "geometry": { "type": "Point", "coordinates": [ -73.925050446790465, 40.858795336478806 ] } },
{ "type": "Feature", "properties": { "Height": 92.270500183105497, "Radius": 46.744392323664144, "height_m": 28.12, "crown_diameter_m": 28.5, "site_id": 326 }, "geometry": { "type": "Point", "coordinates": [ -73.923167712970027, 40.858821682789682 ] } },
{ "type": "Feature", "properties": { "Height": 82.037498474121094, "Radius": 32.630454628839907, "height_m": 25.01, "crown_diameter_m": 19.89, "site_id": 327 }, "geometry": { "type": "Point", "coordinates": [ -73.924490966169529, 40.858858676882662 ] } },
{ "type": "Feature", "properties": { "Height": 72.236000061035199, "Radius": 34.271905112178807, "height_m": 22.02, "crown_diameter_m": 20.89, "site_id": 328 }, "geometry": { "type": "Point", "coordinates": [ -73.925197907472437, 40.858755225271366 ] } },
{ "type": "Feature", "properties": { "Height": 70.335502624511705, "Radius": 32.863740563447763, "height_m": 21.44, "crown_diameter_m": 20.03, "site_id": 329 }, "geometry": { "type": "Point", "coordinates": [ -73.925529939956732, 40.858794285427791 ] } },
{ "type": "Feature", "properties": { "Height": 83.142250061035199, "Radius": 37.402833445846852, "height_m": 25.34, "crown_diameter_m": 22.8, "site_id": 330 }, "geometry": { "type": "Point", "coordinates": [ -73.924940831522804, 40.858756499997867 ] } },
{ "type": "Feature", "properties": { "Height": 90.237503051757798, "Radius": 16.342031529409077, "height_m": 27.5, "crown_diameter_m": 9.96, "site_id": 331 }, "geometry": { "type": "Point", "coordinates": [ -73.923637996401951, 40.858806466949396 ] } },
{ "type": "Feature", "properties": { "Height": 13.420000076293899, "Radius": 9.7230672216428609, "height_m": 4.09, "crown_diameter_m": 5.93, "site_id": 332 }, "geometry": { "type": "Point", "coordinates": [ -73.923949282443658, 40.858820214135214 ] } },
{ "type": "Feature", "properties": { "Height": 91.825752258300795, "Radius": 29.435344574036808, "height_m": 27.99, "crown_diameter_m": 17.94, "site_id": 333 }, "geometry": { "type": "Point", "coordinates": [ -73.923443989087033, 40.85881403757552 ] } },
{ "type": "Feature", "properties": { "Height": 71.627998352050795, "Radius": 36.485229121119858, "height_m": 21.83, "crown_diameter_m": 22.24, "site_id": 334 }, "geometry": { "type": "Point", "coordinates": [ -73.925683937256835, 40.858866116005288 ] } },
{ "type": "Feature", "properties": { "Height": 48.347999572753899, "Radius": 17.589690428505119, "height_m": 14.74, "crown_diameter_m": 10.72, "site_id": 335 }, "geometry": { "type": "Point", "coordinates": [ -73.924308644268677, 40.858851159884658 ] } },
{ "type": "Feature", "properties": { "Height": 69.636001586914105, "Radius": 37.411342792662865, "height_m": 21.23, "crown_diameter_m": 22.81, "site_id": 336 }, "geometry": { "type": "Point", "coordinates": [ -73.92417505268098, 40.85886816887988 ] } },
{ "type": "Feature", "properties": { "Height": 69.579002380371094, "Radius": 23.005863671075208, "height_m": 21.21, "crown_diameter_m": 14.02, "site_id": 337 }, "geometry": { "type": "Point", "coordinates": [ -73.92520193691297, 40.858877149810574 ] } },
{ "type": "Feature", "properties": { "Height": 47.295249938964801, "Radius": 13.575766059431592, "height_m": 14.42, "crown_diameter_m": 8.28, "site_id": 338 }, "geometry": { "type": "Point", "coordinates": [ -73.924367976807531, 40.858914143988564 ] } },
{ "type": "Feature", "properties": { "Height": 69.064750671386705, "Radius": 31.061185827702548, "height_m": 21.05, "crown_diameter_m": 18.93, "site_id": 339 }, "geometry": { "type": "Point", "coordinates": [ -73.924753831134637, 40.858886119077098 ] } },
{ "type": "Feature", "properties": { "Height": 96.135246276855497, "Radius": 28.038292412385193, "height_m": 29.3, "crown_diameter_m": 17.09, "site_id": 340 }, "geometry": { "type": "Point", "coordinates": [ -73.923739246913186, 40.85884953054498 ] } },
{ "type": "Feature", "properties": { "Height": 52.586750030517599, "Radius": 18.601151746109178, "height_m": 16.03, "crown_diameter_m": 11.34, "site_id": 341 }, "geometry": { "type": "Point", "coordinates": [ -73.924654627134686, 40.858950788803348 ] } },
{ "type": "Feature", "properties": { "Height": 68.709251403808594, "Radius": 22.915752981992728, "height_m": 20.94, "crown_diameter_m": 13.97, "site_id": 342 }, "geometry": { "type": "Point", "coordinates": [ -73.92537752608095, 40.85892142537206 ] } },
{ "type": "Feature", "properties": { "Height": 91.742996215820298, "Radius": 24.862779389459288, "height_m": 27.96, "crown_diameter_m": 15.16, "site_id": 343 }, "geometry": { "type": "Point", "coordinates": [ -73.923634110026128, 40.858937400215694 ] } },
{ "type": "Feature", "properties": { "Height": 92.902252197265597, "Radius": 42.176709199961465, "height_m": 28.32, "crown_diameter_m": 25.71, "site_id": 344 }, "geometry": { "type": "Point", "coordinates": [ -73.923910753828764, 40.85893944700792 ] } },
{ "type": "Feature", "properties": { "Height": 90.893501281738295, "Radius": 21.712138113004762, "height_m": 27.7, "crown_diameter_m": 13.24, "site_id": 345 }, "geometry": { "type": "Point", "coordinates": [ -73.923525361318127, 40.858961346970503 ] } },
{ "type": "Feature", "properties": { "Height": 66.651252746582003, "Radius": 21.552115938201904, "height_m": 20.32, "crown_diameter_m": 13.14, "site_id": 346 }, "geometry": { "type": "Point", "coordinates": [ -73.925504997100518, 40.858953461656242 ] } },
{ "type": "Feature", "properties": { "Height": 84.803497314453097, "Radius": 24.423610026128891, "height_m": 25.85, "crown_diameter_m": 14.89, "site_id": 347 }, "geometry": { "type": "Point", "coordinates": [ -73.924935909889285, 40.858923194717768 ] } },
{ "type": "Feature", "properties": { "Height": 75.5782470703125, "Radius": 33.133831614346903, "height_m": 23.04, "crown_diameter_m": 20.2, "site_id": 348 }, "geometry": { "type": "Point", "coordinates": [ -73.923359722638168, 40.858950322213886 ] } },
{ "type": "Feature", "properties": { "Height": 68.052749633789105, "Radius": 21.402054252301923, "height_m": 20.74, "crown_diameter_m": 13.05, "site_id": 349 }, "geometry": { "type": "Point", "coordinates": [ -73.925110941746865, 40.858958878741333 ] } },
{ "type": "Feature", "properties": { "Height": 54.590999603271499, "Radius": 22.581683676520505, "height_m": 16.64, "crown_diameter_m": 13.77, "site_id": 350 }, "geometry": { "type": "Point", "coordinates": [ -73.924453489732628, 40.85896294627107 ] } },
{ "type": "Feature", "properties": { "Height": 77.660499572753906, "Radius": 14.472315126092795, "height_m": 23.67, "crown_diameter_m": 8.82, "site_id": 351 }, "geometry": { "type": "Point", "coordinates": [ -73.925322626207944, 40.858995582171097 ] } },
{ "type": "Feature", "properties": { "Height": 84.646003723144503, "Radius": 20.855945422592331, "height_m": 25.8, "crown_diameter_m": 12.71, "site_id": 352 }, "geometry": { "type": "Point", "coordinates": [ -73.925241631643701, 40.858979303778518 ] } },
{ "type": "Feature", "properties": { "Height": 49.411750793457003, "Radius": 16.380941183367199, "height_m": 15.06, "crown_diameter_m": 9.99, "site_id": 353 }, "geometry": { "type": "Point", "coordinates": [ -73.924567937170409, 40.859033010884069 ] } },
{ "type": "Feature", "properties": { "Height": 56.6622505187988, "Radius": 21.814519931567759, "height_m": 17.27, "crown_diameter_m": 13.3, "site_id": 354 }, "geometry": { "type": "Point", "coordinates": [ -73.924347738505617, 40.85901392398862 ] } },
{ "type": "Feature", "properties": { "Height": 66.914001464843807, "Radius": 18.111276534590164, "height_m": 20.4, "crown_diameter_m": 11.04, "site_id": 355 }, "geometry": { "type": "Point", "coordinates": [ -73.925638874423285, 40.859002159203271 ] } },
{ "type": "Feature", "properties": { "Height": 42.9244995117188, "Radius": 14.63634358033765, "height_m": 13.08, "crown_diameter_m": 8.92, "site_id": 356 }, "geometry": { "type": "Point", "coordinates": [ -73.924761353913993, 40.859015335378942 ] } },
{ "type": "Feature", "properties": { "Height": 83.338249206542997, "Radius": 21.829106706806275, "height_m": 25.4, "crown_diameter_m": 13.31, "site_id": 357 }, "geometry": { "type": "Point", "coordinates": [ -73.924975398917283, 40.858984464569296 ] } },
{ "type": "Feature", "properties": { "Height": 83.260498046875, "Radius": 11.451797811161432, "height_m": 25.38, "crown_diameter_m": 6.98, "site_id": 358 }, "geometry": { "type": "Point", "coordinates": [ -73.923481957651404, 40.859022464206262 ] } },
{ "type": "Feature", "properties": { "Height": 85.938751220703097, "Radius": 34.842989336521882, "height_m": 26.19, "crown_diameter_m": 21.24, "site_id": 359 }, "geometry": { "type": "Point", "coordinates": [ -73.924142322525071, 40.859061665496384 ] } },
{ "type": "Feature", "properties": { "Height": 66.622253417968807, "Radius": 19.984977600415551, "height_m": 20.31, "crown_diameter_m": 12.18, "site_id": 360 }, "geometry": { "type": "Point", "coordinates": [ -73.925559833370627, 40.859045060733131 ] } },
{ "type": "Feature", "properties": { "Height": 93.800003051757798, "Radius": 29.065347717372667, "height_m": 28.59, "crown_diameter_m": 17.72, "site_id": 361 }, "geometry": { "type": "Point", "coordinates": [ -73.923818033711726, 40.859095684875349 ] } },
{ "type": "Feature", "properties": { "Height": 80.238998413085895, "Radius": 13.669231989760256, "height_m": 24.46, "crown_diameter_m": 8.33, "site_id": 362 }, "geometry": { "type": "Point", "coordinates": [ -73.924043593057888, 40.859034097757338 ] } },
{ "type": "Feature", "properties": { "Height": 48.317249298095703, "Radius": 16.972638186102081, "height_m": 14.73, "crown_diameter_m": 10.35, "site_id": 363 }, "geometry": { "type": "Point", "coordinates": [ -73.924484685773251, 40.859060538451104 ] } },
{ "type": "Feature", "properties": { "Height": 74.330253601074205, "Radius": 16.007481325241379, "height_m": 22.66, "crown_diameter_m": 9.76, "site_id": 364 }, "geometry": { "type": "Point", "coordinates": [ -73.925328174883077, 40.859069213474136 ] } },
{ "type": "Feature", "properties": { "Height": 78.059249877929702, "Radius": 15.787230310662732, "height_m": 23.79, "crown_diameter_m": 9.62, "site_id": 365 }, "geometry": { "type": "Point", "coordinates": [ -73.923970362391501, 40.859096866846066 ] } },
{ "type": "Feature", "properties": { "Height": 85.807502746582003, "Radius": 24.47568601281472, "height_m": 26.15, "crown_diameter_m": 14.92, "site_id": 366 }, "geometry": { "type": "Point", "coordinates": [ -73.923602176998372, 40.859055066893092 ] } },
{ "type": "Feature", "properties": { "Height": 53.126750946044901, "Radius": 18.805379112110224, "height_m": 16.19, "crown_diameter_m": 11.46, "site_id": 367 }, "geometry": { "type": "Point", "coordinates": [ -73.925178048605929, 40.859088175997016 ] } },
{ "type": "Feature", "properties": { "Height": 61.965248107910199, "Radius": 22.952186423828419, "height_m": 18.89, "crown_diameter_m": 13.99, "site_id": 368 }, "geometry": { "type": "Point", "coordinates": [ -73.925416651240724, 40.859087539855487 ] } },
{ "type": "Feature", "properties": { "Height": 74.796249389648395, "Radius": 16.989040270043279, "height_m": 22.8, "crown_diameter_m": 10.36, "site_id": 369 }, "geometry": { "type": "Point", "coordinates": [ -73.925719196081673, 40.859100691294358 ] } },
{ "type": "Feature", "properties": { "Height": 78.908500671386705, "Radius": 21.03451311049222, "height_m": 24.05, "crown_diameter_m": 12.82, "site_id": 370 }, "geometry": { "type": "Point", "coordinates": [ -73.923683286342694, 40.859141593782788 ] } },
{ "type": "Feature", "properties": { "Height": 85.081001281738295, "Radius": 26.998696993760284, "height_m": 25.93, "crown_diameter_m": 16.46, "site_id": 371 }, "geometry": { "type": "Point", "coordinates": [ -73.923562180592128, 40.859183491781288 ] } },
{ "type": "Feature", "properties": { "Height": 97.177001953125, "Radius": 22.560529869838636, "height_m": 29.62, "crown_diameter_m": 13.75, "site_id": 372 }, "geometry": { "type": "Point", "coordinates": [ -73.92482881524181, 40.859092805333255 ] } },
{ "type": "Feature", "properties": { "Height": 98.185249328613295, "Radius": 34.267260907927898, "height_m": 29.93, "crown_diameter_m": 20.89, "site_id": 373 }, "geometry": { "type": "Point", "coordinates": [ -73.924985805914702, 40.859107985325601 ] } },
{ "type": "Feature", "properties": { "Height": 64.243247985839801, "Radius": 12.565098628628435, "height_m": 19.58, "crown_diameter_m": 7.66, "site_id": 374 }, "geometry": { "type": "Point", "coordinates": [ -73.923990088498329, 40.859143774691212 ] } },
{ "type": "Feature", "properties": { "Height": 45.170749664306598, "Radius": 16.986698084842924, "height_m": 13.77, "crown_diameter_m": 10.36, "site_id": 375 }, "geometry": { "type": "Point", "coordinates": [ -73.925149963176864, 40.85916600428888 ] } },
{ "type": "Feature", "properties": { "Height": 72.029998779296903, "Radius": 17.760774116241009, "height_m": 21.95, "crown_diameter_m": 10.83, "site_id": 376 }, "geometry": { "type": "Point", "coordinates": [ -73.925292068252361, 40.859142942078492 ] } },
{ "type": "Feature", "properties": { "Height": 84.165000915527301, "Radius": 35.97123416477546, "height_m": 25.65, "crown_diameter_m": 21.93, "site_id": 377 }, "geometry": { "type": "Point", "coordinates": [ -73.924663196861928, 40.859128298202883 ] } },
{ "type": "Feature", "properties": { "Height": 81.113746643066406, "Radius": 15.787230310662732, "height_m": 24.72, "crown_diameter_m": 9.62, "site_id": 378 }, "geometry": { "type": "Point", "coordinates": [ -73.925578132300046, 40.859129317032796 ] } },
{ "type": "Feature", "properties": { "Height": 59.480499267578097, "Radius": 30.26181657717801, "height_m": 18.13, "crown_diameter_m": 18.45, "site_id": 379 }, "geometry": { "type": "Point", "coordinates": [ -73.924307043135187, 40.859117918367417 ] } },
{ "type": "Feature", "properties": { "Height": 74.527748107910199, "Radius": 25.704702804078547, "height_m": 22.72, "crown_diameter_m": 15.67, "site_id": 380 }, "geometry": { "type": "Point", "coordinates": [ -73.925504019851928, 40.859185304029388 ] } },
{ "type": "Feature", "properties": { "Height": 44.467750549316399, "Radius": 12.939513133525306, "height_m": 13.55, "crown_diameter_m": 7.89, "site_id": 381 }, "geometry": { "type": "Point", "coordinates": [ -73.924175213501726, 40.859204607577936 ] } },
{ "type": "Feature", "properties": { "Height": 59.285999298095703, "Radius": 15.417454637771622, "height_m": 18.07, "crown_diameter_m": 9.4, "site_id": 382 }, "geometry": { "type": "Point", "coordinates": [ -73.925242752242994, 40.859201076421961 ] } },
{ "type": "Feature", "properties": { "Height": 72.115501403808594, "Radius": 18.925596408787502, "height_m": 21.98, "crown_diameter_m": 11.54, "site_id": 383 }, "geometry": { "type": "Point", "coordinates": [ -73.925645113659542, 40.859218008111156 ] } },
{ "type": "Feature", "properties": { "Height": 76.293746948242202, "Radius": 9.8045696298973155, "height_m": 23.25, "crown_diameter_m": 5.98, "site_id": 384 }, "geometry": { "type": "Point", "coordinates": [ -73.925734867151007, 40.859202817912305 ] } },
{ "type": "Feature", "properties": { "Height": 82.371498107910199, "Radius": 36.134570055916114, "height_m": 25.11, "crown_diameter_m": 22.03, "site_id": 385 }, "geometry": { "type": "Point", "coordinates": [ -73.924787089523875, 40.85928732462277 ] } },
{ "type": "Feature", "properties": { "Height": 82.983749389648395, "Radius": 27.274350661592642, "height_m": 25.29, "crown_diameter_m": 16.63, "site_id": 386 }, "geometry": { "type": "Point", "coordinates": [ -73.924574366273305, 40.859243619120086 ] } },
{ "type": "Feature", "properties": { "Height": 74.750747680664105, "Radius": 18.054066673528201, "height_m": 22.78, "crown_diameter_m": 11.01, "site_id": 387 }, "geometry": { "type": "Point", "coordinates": [ -73.923868342695755, 40.859221739937837 ] } },
{ "type": "Feature", "properties": { "Height": 79.306747436523395, "Radius": 22.546416305823719, "height_m": 24.17, "crown_diameter_m": 13.74, "site_id": 388 }, "geometry": { "type": "Point", "coordinates": [ -73.923996889362442, 40.859212219156092 ] } },
{ "type": "Feature", "properties": { "Height": 77.117248535156307, "Radius": 23.739579892837224, "height_m": 23.51, "crown_diameter_m": 14.47, "site_id": 389 }, "geometry": { "type": "Point", "coordinates": [ -73.925013371507504, 40.859245207389321 ] } },
{ "type": "Feature", "properties": { "Height": 72.581001281738295, "Radius": 33.704130404423772, "height_m": 22.12, "crown_diameter_m": 20.55, "site_id": 390 }, "geometry": { "type": "Point", "coordinates": [ -73.924458765702084, 40.859261201208767 ] } },
{ "type": "Feature", "properties": { "Height": 79.160751342773395, "Radius": 30.309113011211984, "height_m": 24.13, "crown_diameter_m": 18.48, "site_id": 391 }, "geometry": { "type": "Point", "coordinates": [ -73.924288327802515, 40.859282087128811 ] } },
{ "type": "Feature", "properties": { "Height": 82.043251037597699, "Radius": 28.911619828688853, "height_m": 25.01, "crown_diameter_m": 17.62, "site_id": 392 }, "geometry": { "type": "Point", "coordinates": [ -73.92377391661654, 40.859273395465593 ] } },
{ "type": "Feature", "properties": { "Height": 65.747253417968807, "Radius": 13.398760233979035, "height_m": 20.04, "crown_diameter_m": 8.17, "site_id": 393 }, "geometry": { "type": "Point", "coordinates": [ -73.925516747823977, 40.859293958232136 ] } },
{ "type": "Feature", "properties": { "Height": 86.777000427246094, "Radius": 21.222829428473098, "height_m": 26.45, "crown_diameter_m": 12.94, "site_id": 394 }, "geometry": { "type": "Point", "coordinates": [ -73.925683841624846, 40.859291352804078 ] } },
{ "type": "Feature", "properties": { "Height": 71.679496765136705, "Radius": 23.493602164050813, "height_m": 21.85, "crown_diameter_m": 14.32, "site_id": 395 }, "geometry": { "type": "Point", "coordinates": [ -73.923647499205117, 40.859312489517741 ] } },
{ "type": "Feature", "properties": { "Height": 82.277000427246094, "Radius": 10.793582275744573, "height_m": 25.08, "crown_diameter_m": 6.58, "site_id": 396 }, "geometry": { "type": "Point", "coordinates": [ -73.924067332643062, 40.859296163343295 ] } },
{ "type": "Feature", "properties": { "Height": 85.387252807617202, "Radius": 20.474719048232441, "height_m": 26.03, "crown_diameter_m": 12.48, "site_id": 397 }, "geometry": { "type": "Point", "coordinates": [ -73.924129917994648, 40.859269306863119 ] } },
{ "type": "Feature", "properties": { "Height": 62.583751678466797, "Radius": 15.817445133157866, "height_m": 19.08, "crown_diameter_m": 9.64, "site_id": 398 }, "geometry": { "type": "Point", "coordinates": [ -73.925577303556693, 40.859336785017405 ] } },
{ "type": "Feature", "properties": { "Height": 72.975250244140597, "Radius": 22.65907867532249, "height_m": 22.24, "crown_diameter_m": 13.81, "site_id": 399 }, "geometry": { "type": "Point", "coordinates": [ -73.923519651443542, 40.859320487643949 ] } },
{ "type": "Feature", "properties": { "Height": 84.697998046875, "Radius": 22.212166116452387, "height_m": 25.82, "crown_diameter_m": 13.54, "site_id": 400 }, "geometry": { "type": "Point", "coordinates": [ -73.924148748840196, 40.859372332661337 ] } },
{ "type": "Feature", "properties": { "Height": 93.184753417968807, "Radius": 42.159724909566087, "height_m": 28.4, "crown_diameter_m": 25.7, "site_id": 401 }, "geometry": { "type": "Point", "coordinates": [ -73.925306048878596, 40.859304974593904 ] } },
{ "type": "Feature", "properties": { "Height": 96.106002807617202, "Radius": 27.628013085792649, "height_m": 29.29, "crown_diameter_m": 16.84, "site_id": 402 }, "geometry": { "type": "Point", "coordinates": [ -73.923979056736471, 40.859344318376515 ] } },
{ "type": "Feature", "properties": { "Height": 93.867752075195298, "Radius": 25.259694512313654, "height_m": 28.61, "crown_diameter_m": 15.4, "site_id": 403 }, "geometry": { "type": "Point", "coordinates": [ -73.92389516101403, 40.859430631815982 ] } },
{ "type": "Feature", "properties": { "Height": 82.290496826171903, "Radius": 21.756075031018273, "height_m": 25.08, "crown_diameter_m": 13.26, "site_id": 404 }, "geometry": { "type": "Point", "coordinates": [ -73.925682082376966, 40.859389299826546 ] } },
{ "type": "Feature", "properties": { "Height": 73.788749694824205, "Radius": 22.715200318375462, "height_m": 22.49, "crown_diameter_m": 13.85, "site_id": 405 }, "geometry": { "type": "Point", "coordinates": [ -73.924930383975763, 40.859340464943848 ] } },
{ "type": "Feature", "properties": { "Height": 78.452751159667997, "Radius": 28.022678123537936, "height_m": 23.91, "crown_diameter_m": 17.08, "site_id": 406 }, "geometry": { "type": "Point", "coordinates": [ -73.925461091466829, 40.859411173359177 ] } },
{ "type": "Feature", "properties": { "Height": 65.388748168945298, "Radius": 13.528790949515024, "height_m": 19.93, "crown_diameter_m": 8.25, "site_id": 407 }, "geometry": { "type": "Point", "coordinates": [ -73.924858709012412, 40.859416626799515 ] } },
{ "type": "Feature", "properties": { "Height": 89.474746704101605, "Radius": 26.281789380078859, "height_m": 27.27, "crown_diameter_m": 16.02, "site_id": 408 }, "geometry": { "type": "Point", "coordinates": [ -73.923568167274823, 40.859448122905278 ] } },
{ "type": "Feature", "properties": { "Height": 70.127746582031307, "Radius": 24.784239001090391, "height_m": 21.37, "crown_diameter_m": 15.11, "site_id": 409 }, "geometry": { "type": "Point", "coordinates": [ -73.924617972913396, 40.859423323396726 ] } },
{ "type": "Feature", "properties": { "Height": 74.969497680664105, "Radius": 44.641445092258913, "height_m": 22.85, "crown_diameter_m": 27.21, "site_id": 410 }, "geometry": { "type": "Point", "coordinates": [ -73.925069374343423, 40.859434773618275 ] } },
{ "type": "Feature", "properties": { "Height": 60.793998718261697, "Radius": 30.847810371993056, "height_m": 18.53, "crown_diameter_m": 18.8, "site_id": 411 }, "geometry": { "type": "Point", "coordinates": [ -73.924496200048566, 40.859481446075264 ] } },
{ "type": "Feature", "properties": { "Height": 74.455253601074205, "Radius": 19.364117483750853, "height_m": 22.69, "crown_diameter_m": 11.8, "site_id": 412 }, "geometry": { "type": "Point", "coordinates": [ -73.925308984079152, 40.859450961316497 ] } },
{ "type": "Feature", "properties": { "Height": 69.025001525878906, "Radius": 15.553633450087503, "height_m": 21.04, "crown_diameter_m": 9.48, "site_id": 413 }, "geometry": { "type": "Point", "coordinates": [ -73.92471377607319, 40.859460269142069 ] } },
{ "type": "Feature", "properties": { "Height": 59.037998199462898, "Radius": 13.796713809378916, "height_m": 17.99, "crown_diameter_m": 8.41, "site_id": 414 }, "geometry": { "type": "Point", "coordinates": [ -73.923704304011181, 40.859484066040174 ] } },
{ "type": "Feature", "properties": { "Height": 84.301246643066406, "Radius": 35.057017422416529, "height_m": 25.7, "crown_diameter_m": 21.37, "site_id": 415 }, "geometry": { "type": "Point", "coordinates": [ -73.924253817261743, 40.859457052300471 ] } },
{ "type": "Feature", "properties": { "Height": 89.742248535156307, "Radius": 20.387082525081528, "height_m": 27.35, "crown_diameter_m": 12.43, "site_id": 416 }, "geometry": { "type": "Point", "coordinates": [ -73.924074000800076, 40.859491323840963 ] } },
{ "type": "Feature", "properties": { "Height": 58.197250366210902, "Radius": 18.788444953689591, "height_m": 17.74, "crown_diameter_m": 11.45, "site_id": 417 }, "geometry": { "type": "Point", "coordinates": [ -73.924383854505749, 40.859523248010326 ] } },
{ "type": "Feature", "properties": { "Height": 57.115749359130902, "Radius": 13.750493532712621, "height_m": 17.41, "crown_diameter_m": 8.38, "site_id": 418 }, "geometry": { "type": "Point", "coordinates": [ -73.924920489384547, 40.859496440573167 ] } },
{ "type": "Feature", "properties": { "Height": 81.226997375488295, "Radius": 34.257970610642367, "height_m": 24.76, "crown_diameter_m": 20.88, "site_id": 419 }, "geometry": { "type": "Point", "coordinates": [ -73.924788968770955, 40.859514432259822 ] } },
{ "type": "Feature", "properties": { "Height": 83.057998657226605, "Radius": 28.079415736037841, "height_m": 25.32, "crown_diameter_m": 17.12, "site_id": 420 }, "geometry": { "type": "Point", "coordinates": [ -73.925588935512806, 40.859513507480038 ] } },
{ "type": "Feature", "properties": { "Height": 79.032501220703097, "Radius": 23.303147122857609, "height_m": 24.09, "crown_diameter_m": 14.21, "site_id": 421 }, "geometry": { "type": "Point", "coordinates": [ -73.924258919580254, 40.859581060397431 ] } },
{ "type": "Feature", "properties": { "Height": 82.726997375488295, "Radius": 41.681355049843681, "height_m": 25.22, "crown_diameter_m": 25.41, "site_id": 422 }, "geometry": { "type": "Point", "coordinates": [ -73.923779927525686, 40.859524874025389 ] } },
{ "type": "Feature", "properties": { "Height": 67.707252502441406, "Radius": 10.704744696916627, "height_m": 20.64, "crown_diameter_m": 6.53, "site_id": 423 }, "geometry": { "type": "Point", "coordinates": [ -73.925075813757715, 40.859556606961952 ] } },
{ "type": "Feature", "properties": { "Height": 75.766746520996094, "Radius": 20.913100765226769, "height_m": 23.09, "crown_diameter_m": 12.75, "site_id": 424 }, "geometry": { "type": "Point", "coordinates": [ -73.925193719024307, 40.859554984242692 ] } },
{ "type": "Feature", "properties": { "Height": 53.717498779296903, "Radius": 11.65840132267193, "height_m": 16.37, "crown_diameter_m": 7.11, "site_id": 425 }, "geometry": { "type": "Point", "coordinates": [ -73.924595341840998, 40.859579179013323 ] } },
{ "type": "Feature", "properties": { "Height": 81.599998474121094, "Radius": 29.870095596987383, "height_m": 24.87, "crown_diameter_m": 18.21, "site_id": 426 }, "geometry": { "type": "Point", "coordinates": [ -73.925385513485423, 40.85954569741056 ] } },
{ "type": "Feature", "properties": { "Height": 71.017501831054702, "Radius": 23.873287398514627, "height_m": 21.65, "crown_diameter_m": 14.55, "site_id": 427 }, "geometry": { "type": "Point", "coordinates": [ -73.924035415520606, 40.85960498717025 ] } },
{ "type": "Feature", "properties": { "Height": 52.769248962402301, "Radius": 11.493415626621754, "height_m": 16.08, "crown_diameter_m": 7.01, "site_id": 428 }, "geometry": { "type": "Point", "coordinates": [ -73.923945999456009, 40.859618848946084 ] } },
{ "type": "Feature", "properties": { "Height": 70.627250671386705, "Radius": 21.778010249190537, "height_m": 21.53, "crown_diameter_m": 13.28, "site_id": 429 }, "geometry": { "type": "Point", "coordinates": [ -73.924206721923895, 40.859638743057886 ] } },
{ "type": "Feature", "properties": { "Height": 76.236999511718807, "Radius": 22.269414062214253, "height_m": 23.24, "crown_diameter_m": 13.58, "site_id": 430 }, "geometry": { "type": "Point", "coordinates": [ -73.925321066535901, 40.859642033410481 ] } },
{ "type": "Feature", "properties": { "Height": 59.470748901367202, "Radius": 17.740600327052718, "height_m": 18.13, "crown_diameter_m": 10.81, "site_id": 431 }, "geometry": { "type": "Point", "coordinates": [ -73.924535943431792, 40.859622661784115 ] } },
{ "type": "Feature", "properties": { "Height": 78.066749572753906, "Radius": 31.004771508189638, "height_m": 23.79, "crown_diameter_m": 18.9, "site_id": 432 }, "geometry": { "type": "Point", "coordinates": [ -73.924715150161319, 40.859647255090458 ] } },
{ "type": "Feature", "properties": { "Height": 55.100498199462898, "Radius": 18.196754081502785, "height_m": 16.79, "crown_diameter_m": 11.09, "site_id": 433 }, "geometry": { "type": "Point", "coordinates": [ -73.924419466329525, 40.859617768817628 ] } },
{ "type": "Feature", "properties": { "Height": 73.650497436523395, "Radius": 22.882739407080081, "height_m": 22.45, "crown_diameter_m": 13.95, "site_id": 434 }, "geometry": { "type": "Point", "coordinates": [ -73.925035676659704, 40.859632174365707 ] } },
{ "type": "Feature", "properties": { "Height": 73.563751220703097, "Radius": 18.575465448360347, "height_m": 22.42, "crown_diameter_m": 11.32, "site_id": 435 }, "geometry": { "type": "Point", "coordinates": [ -73.925179704814411, 40.859664427072929 ] } },
{ "type": "Feature", "properties": { "Height": 50.538249969482401, "Radius": 18.782090707990577, "height_m": 15.4, "crown_diameter_m": 11.45, "site_id": 436 }, "geometry": { "type": "Point", "coordinates": [ -73.92491162954461, 40.859664530268731 ] } },
{ "type": "Feature", "properties": { "Height": 65.108001708984403, "Radius": 23.439344349900718, "height_m": 19.84, "crown_diameter_m": 14.29, "site_id": 437 }, "geometry": { "type": "Point", "coordinates": [ -73.925040153948757, 40.85972063605648 ] } },
{ "type": "Feature", "properties": { "Height": 64.864250183105497, "Radius": 14.766254502611574, "height_m": 19.77, "crown_diameter_m": 9.0, "site_id": 438 }, "geometry": { "type": "Point", "coordinates": [ -73.924402605828618, 40.859697686207681 ] } },
{ "type": "Feature", "properties": { "Height": 68.918746948242202, "Radius": 18.796913939900019, "height_m": 21.01, "crown_diameter_m": 11.46, "site_id": 439 }, "geometry": { "type": "Point", "coordinates": [ -73.925272868771984, 40.859720101742809 ] } },
{ "type": "Feature", "properties": { "Height": 90.971000671386705, "Radius": 35.253949432717619, "height_m": 27.73, "crown_diameter_m": 21.49, "site_id": 440 }, "geometry": { "type": "Point", "coordinates": [ -73.923794663077118, 40.859713262769674 ] } },
{ "type": "Feature", "properties": { "Height": 67.450752258300795, "Radius": 29.364970316209906, "height_m": 20.56, "crown_diameter_m": 17.9, "site_id": 441 }, "geometry": { "type": "Point", "coordinates": [ -73.924514207067617, 40.859754929616827 ] } },
{ "type": "Feature", "properties": { "Height": 64.792747497558594, "Radius": 24.913937425834398, "height_m": 19.75, "crown_diameter_m": 15.19, "site_id": 442 }, "geometry": { "type": "Point", "coordinates": [ -73.92417665495509, 40.859745219809433 ] } },
{ "type": "Feature", "properties": { "Height": 63.851249694824197, "Radius": 15.23311875578942, "height_m": 19.46, "crown_diameter_m": 9.29, "site_id": 443 }, "geometry": { "type": "Point", "coordinates": [ -73.924328444624905, 40.859734636944502 ] } },
{ "type": "Feature", "properties": { "Height": 65.9219970703125, "Radius": 11.87481703351337, "height_m": 20.09, "crown_diameter_m": 7.24, "site_id": 444 }, "geometry": { "type": "Point", "coordinates": [ -73.925150644728902, 40.859798696566877 ] } },
{ "type": "Feature", "properties": { "Height": 74.953498840332003, "Radius": 34.829283315141964, "height_m": 22.85, "crown_diameter_m": 21.23, "site_id": 445 }, "geometry": { "type": "Point", "coordinates": [ -73.923997781968254, 40.859752340261203 ] } },
{ "type": "Feature", "properties": { "Height": 62.577999114990199, "Radius": 21.770700965464211, "height_m": 19.07, "crown_diameter_m": 13.27, "site_id": 446 }, "geometry": { "type": "Point", "coordinates": [ -73.924333176719173, 40.859789092706819 ] } },
{ "type": "Feature", "properties": { "Height": 49.851749420166001, "Radius": 14.07650184347694, "height_m": 15.19, "crown_diameter_m": 8.58, "site_id": 447 }, "geometry": { "type": "Point", "coordinates": [ -73.924603895089078, 40.85981195869072 ] } },
{ "type": "Feature", "properties": { "Height": 67.376251220703097, "Radius": 17.81445919822545, "height_m": 20.54, "crown_diameter_m": 10.86, "site_id": 448 }, "geometry": { "type": "Point", "coordinates": [ -73.925258810444205, 40.859792899091715 ] } },
{ "type": "Feature", "properties": { "Height": 62.751499176025398, "Radius": 17.99225261741606, "height_m": 19.13, "crown_diameter_m": 10.97, "site_id": 449 }, "geometry": { "type": "Point", "coordinates": [ -73.924152678998979, 40.859844855927598 ] } },
{ "type": "Feature", "properties": { "Height": 78.162498474121094, "Radius": 30.334045287198226, "height_m": 23.82, "crown_diameter_m": 18.49, "site_id": 450 }, "geometry": { "type": "Point", "coordinates": [ -73.924840988427761, 40.859823627053366 ] } },
{ "type": "Feature", "properties": { "Height": 77.701499938964801, "Radius": 14.916387312029334, "height_m": 23.68, "crown_diameter_m": 9.09, "site_id": 451 }, "geometry": { "type": "Point", "coordinates": [ -73.924949809709176, 40.859828688408847 ] } },
{ "type": "Feature", "properties": { "Height": 76.896751403808594, "Radius": 22.269414062214253, "height_m": 23.44, "crown_diameter_m": 13.58, "site_id": 452 }, "geometry": { "type": "Point", "coordinates": [ -73.92505306945246, 40.859803330182949 ] } },
{ "type": "Feature", "properties": { "Height": 72.0469970703125, "Radius": 23.525758534042343, "height_m": 21.96, "crown_diameter_m": 14.34, "site_id": 453 }, "geometry": { "type": "Point", "coordinates": [ -73.925272897533262, 40.859856008284069 ] } },
{ "type": "Feature", "properties": { "Height": 73.216003417968807, "Radius": 24.952237121658943, "height_m": 22.32, "crown_diameter_m": 15.21, "site_id": 454 }, "geometry": { "type": "Point", "coordinates": [ -73.924708661898649, 40.859792300061407 ] } },
{ "type": "Feature", "properties": { "Height": 77.578750610351605, "Radius": 18.220790632947125, "height_m": 23.65, "crown_diameter_m": 11.11, "site_id": 455 }, "geometry": { "type": "Point", "coordinates": [ -73.92505227503986, 40.859913619936314 ] } },
{ "type": "Feature", "properties": { "Height": 64.971748352050795, "Radius": 12.859315140102884, "height_m": 19.8, "crown_diameter_m": 7.84, "site_id": 456 }, "geometry": { "type": "Point", "coordinates": [ -73.92405868828213, 40.859898978412673 ] } },
{ "type": "Feature", "properties": { "Height": 68.402252197265597, "Radius": 26.862771859557856, "height_m": 20.85, "crown_diameter_m": 16.38, "site_id": 457 }, "geometry": { "type": "Point", "coordinates": [ -73.924328249535421, 40.859876909807561 ] } },
{ "type": "Feature", "properties": { "Height": 74.171249389648395, "Radius": 16.717538098337574, "height_m": 22.61, "crown_diameter_m": 10.19, "site_id": 458 }, "geometry": { "type": "Point", "coordinates": [ -73.925136368485639, 40.859891095634637 ] } },
{ "type": "Feature", "properties": { "Height": 64.462997436523395, "Radius": 25.774264925804793, "height_m": 19.65, "crown_diameter_m": 15.71, "site_id": 459 }, "geometry": { "type": "Point", "coordinates": [ -73.924144657085208, 40.859958714069428 ] } },
{ "type": "Feature", "properties": { "Height": 62.580001831054702, "Radius": 21.885538632509345, "height_m": 19.07, "crown_diameter_m": 13.34, "site_id": 460 }, "geometry": { "type": "Point", "coordinates": [ -73.923902916194152, 40.859886059997798 ] } },
{ "type": "Feature", "properties": { "Height": 76.8282470703125, "Radius": 13.061933202803933, "height_m": 23.42, "crown_diameter_m": 7.96, "site_id": 461 }, "geometry": { "type": "Point", "coordinates": [ -73.924924733269705, 40.85990919935341 ] } },
{ "type": "Feature", "properties": { "Height": 77.553749084472699, "Radius": 24.993662229367054, "height_m": 23.64, "crown_diameter_m": 15.24, "site_id": 462 }, "geometry": { "type": "Point", "coordinates": [ -73.924745811262156, 40.859936264094799 ] } },
{ "type": "Feature", "properties": { "Height": 79.197998046875, "Radius": 20.106057680545288, "height_m": 24.14, "crown_diameter_m": 12.26, "site_id": 463 }, "geometry": { "type": "Point", "coordinates": [ -73.924931535349458, 40.859980640586187 ] } },
{ "type": "Feature", "properties": { "Height": 53.194751739502003, "Radius": 26.099485750361293, "height_m": 16.21, "crown_diameter_m": 15.91, "site_id": 464 }, "geometry": { "type": "Point", "coordinates": [ -73.924614774403324, 40.859938937654725 ] } },
{ "type": "Feature", "properties": { "Height": 58.7422485351563, "Radius": 22.454461911057329, "height_m": 17.9, "crown_diameter_m": 13.69, "site_id": 465 }, "geometry": { "type": "Point", "coordinates": [ -73.924482955034492, 40.8599194098623 ] } },
{ "type": "Feature", "properties": { "Height": 64.314247131347699, "Radius": 16.214930341750197, "height_m": 19.6, "crown_diameter_m": 9.88, "site_id": 466 }, "geometry": { "type": "Point", "coordinates": [ -73.924261221475135, 40.859963494808667 ] } },
{ "type": "Feature", "properties": { "Height": 70.698997497558594, "Radius": 24.571411775050798, "height_m": 21.55, "crown_diameter_m": 14.98, "site_id": 467 }, "geometry": { "type": "Point", "coordinates": [ -73.925088673517806, 40.860028915354874 ] } },
{ "type": "Feature", "properties": { "Height": 68.112503051757798, "Radius": 17.637129479399686, "height_m": 20.76, "crown_diameter_m": 10.75, "site_id": 468 }, "geometry": { "type": "Point", "coordinates": [ -73.923917924187762, 40.859971453499277 ] } },
{ "type": "Feature", "properties": { "Height": 55.832248687744098, "Radius": 17.894684839384389, "height_m": 17.02, "crown_diameter_m": 10.91, "site_id": 469 }, "geometry": { "type": "Point", "coordinates": [ -73.924351507495032, 40.859990146424423 ] } },
{ "type": "Feature", "properties": { "Height": 57.253749847412102, "Radius": 18.549743582181339, "height_m": 17.45, "crown_diameter_m": 11.31, "site_id": 470 }, "geometry": { "type": "Point", "coordinates": [ -73.924536936555199, 40.860026840372889 ] } },
{ "type": "Feature", "properties": { "Height": 65.657997131347699, "Radius": 24.764966650585635, "height_m": 20.01, "crown_diameter_m": 15.1, "site_id": 471 }, "geometry": { "type": "Point", "coordinates": [ -73.924815937098444, 40.860064365855379 ] } },
{ "type": "Feature", "properties": { "Height": 69.020248413085895, "Radius": 27.506773701378908, "height_m": 21.04, "crown_diameter_m": 16.77, "site_id": 472 }, "geometry": { "type": "Point", "coordinates": [ -73.925046567544427, 40.860105300924225 ] } },
{ "type": "Feature", "properties": { "Height": 66.504249572753906, "Radius": 25.114359228799394, "height_m": 20.27, "crown_diameter_m": 15.31, "site_id": 473 }, "geometry": { "type": "Point", "coordinates": [ -73.923987506698609, 40.860015268600776 ] } },
{ "type": "Feature", "properties": { "Height": 35.476001739502003, "Radius": 12.539740179716349, "height_m": 10.81, "crown_diameter_m": 7.64, "site_id": 474 }, "geometry": { "type": "Point", "coordinates": [ -73.924643870770836, 40.86005523699157 ] } },
{ "type": "Feature", "properties": { "Height": 62.094249725341797, "Radius": 20.137695871130575, "height_m": 18.93, "crown_diameter_m": 12.28, "site_id": 475 }, "geometry": { "type": "Point", "coordinates": [ -73.924210430163313, 40.860070120045016 ] } },
{ "type": "Feature", "properties": { "Height": 56.652000427246101, "Radius": 10.600159896099592, "height_m": 17.27, "crown_diameter_m": 6.46, "site_id": 476 }, "geometry": { "type": "Point", "coordinates": [ -73.924922190608868, 40.86009388648479 ] } },
{ "type": "Feature", "properties": { "Height": 70.199752807617202, "Radius": 18.796913939900019, "height_m": 21.4, "crown_diameter_m": 11.46, "site_id": 477 }, "geometry": { "type": "Point", "coordinates": [ -73.92406353838507, 40.860073232808247 ] } },
{ "type": "Feature", "properties": { "Height": 73.145751953125, "Radius": 30.518432577276499, "height_m": 22.29, "crown_diameter_m": 18.6, "site_id": 478 }, "geometry": { "type": "Point", "coordinates": [ -73.924359334291921, 40.860090290593909 ] } },
{ "type": "Feature", "properties": { "Height": 82.530250549316406, "Radius": 20.106057680545288, "height_m": 25.16, "crown_diameter_m": 12.26, "site_id": 479 }, "geometry": { "type": "Point", "coordinates": [ -73.924493316853997, 40.860112342216119 ] } },
{ "type": "Feature", "properties": { "Height": 67.253501892089801, "Radius": 17.288521716057144, "height_m": 20.5, "crown_diameter_m": 10.54, "site_id": 480 }, "geometry": { "type": "Point", "coordinates": [ -73.924198566352828, 40.860171751504964 ] } },
{ "type": "Feature", "properties": { "Height": 68.086746215820298, "Radius": 25.96345049229248, "height_m": 20.75, "crown_diameter_m": 15.83, "site_id": 481 }, "geometry": { "type": "Point", "coordinates": [ -73.924040496108375, 40.860154748943486 ] } },
{ "type": "Feature", "properties": { "Height": 68.450752258300795, "Radius": 18.566895452310956, "height_m": 20.86, "crown_diameter_m": 11.32, "site_id": 482 }, "geometry": { "type": "Point", "coordinates": [ -73.924600790811041, 40.860142864384848 ] } },
{ "type": "Feature", "properties": { "Height": 56.916248321533203, "Radius": 22.174516830867152, "height_m": 17.35, "crown_diameter_m": 13.52, "site_id": 483 }, "geometry": { "type": "Point", "coordinates": [ -73.924916190601039, 40.860173466121601 ] } },
{ "type": "Feature", "properties": { "Height": 73.693748474121094, "Radius": 28.474810931447127, "height_m": 22.46, "crown_diameter_m": 17.36, "site_id": 484 }, "geometry": { "type": "Point", "coordinates": [ -73.924700636157326, 40.860162846637536 ] } },
{ "type": "Feature", "properties": { "Height": 68.617248535156307, "Radius": 21.741439257393452, "height_m": 20.91, "crown_diameter_m": 13.25, "site_id": 485 }, "geometry": { "type": "Point", "coordinates": [ -73.92443671738117, 40.860196218260889 ] } },
{ "type": "Feature", "properties": { "Height": 60.3984985351563, "Radius": 12.766152972845846, "height_m": 18.41, "crown_diameter_m": 7.78, "site_id": 486 }, "geometry": { "type": "Point", "coordinates": [ -73.924290959872152, 40.860221675924969 ] } },
{ "type": "Feature", "properties": { "Height": 55.351749420166001, "Radius": 14.763559684722065, "height_m": 16.87, "crown_diameter_m": 9.0, "site_id": 487 }, "geometry": { "type": "Point", "coordinates": [ -73.924061194129521, 40.860229560903434 ] } },
{ "type": "Feature", "properties": { "Height": 37.342750549316399, "Radius": 15.862659456354931, "height_m": 11.38, "crown_diameter_m": 9.67, "site_id": 488 }, "geometry": { "type": "Point", "coordinates": [ -73.925018502601489, 40.860231769172437 ] } },
{ "type": "Feature", "properties": { "Height": 64.966247558593807, "Radius": 10.264529815185629, "height_m": 19.8, "crown_diameter_m": 6.26, "site_id": 489 }, "geometry": { "type": "Point", "coordinates": [ -73.924571160418296, 40.860228690568576 ] } },
{ "type": "Feature", "properties": { "Height": 64.292503356933594, "Radius": 28.900607975374268, "height_m": 19.6, "crown_diameter_m": 17.62, "site_id": 490 }, "geometry": { "type": "Point", "coordinates": [ -73.924827672504449, 40.860258067186955 ] } },
{ "type": "Feature", "properties": { "Height": 70.111503601074205, "Radius": 24.813119460297553, "height_m": 21.37, "crown_diameter_m": 15.13, "site_id": 491 }, "geometry": { "type": "Point", "coordinates": [ -73.924476082962556, 40.86028707740217 ] } },
{ "type": "Feature", "properties": { "Height": 48.348251342773402, "Radius": 12.501606061472312, "height_m": 14.74, "crown_diameter_m": 7.62, "site_id": 492 }, "geometry": { "type": "Point", "coordinates": [ -73.924354788214401, 40.860293532799908 ] } },
{ "type": "Feature", "properties": { "Height": 64.843002319335895, "Radius": 14.194722891072566, "height_m": 19.76, "crown_diameter_m": 8.65, "site_id": 493 }, "geometry": { "type": "Point", "coordinates": [ -73.924988585253004, 40.860293787210075 ] } },
{ "type": "Feature", "properties": { "Height": 64.443252563476605, "Radius": 14.082153922340916, "height_m": 19.64, "crown_diameter_m": 8.58, "site_id": 494 }, "geometry": { "type": "Point", "coordinates": [ -73.924596673702766, 40.860284329636258 ] } },
{ "type": "Feature", "properties": { "Height": 70.778251647949205, "Radius": 28.22076071320269, "height_m": 21.57, "crown_diameter_m": 17.2, "site_id": 495 }, "geometry": { "type": "Point", "coordinates": [ -73.92473113962059, 40.860354450373968 ] } },
{ "type": "Feature", "properties": { "Height": 54.451751708984403, "Radius": 25.62253188609721, "height_m": 16.6, "crown_diameter_m": 15.62, "site_id": 496 }, "geometry": { "type": "Point", "coordinates": [ -73.924939542137963, 40.860377115509834 ] } },
{ "type": "Feature", "properties": { "Height": 60.805248260497997, "Radius": 37.90791449257955, "height_m": 18.53, "crown_diameter_m": 23.11, "site_id": 497 }, "geometry": { "type": "Point", "coordinates": [ -73.924199794595538, 40.860334549268984 ] } },
{ "type": "Feature", "properties": { "Height": 68.353500366210895, "Radius": 33.813741454801715, "height_m": 20.83, "crown_diameter_m": 20.61, "site_id": 498 }, "geometry": { "type": "Point", "coordinates": [ -73.924398146912708, 40.860419112089929 ] } },
{ "type": "Feature", "properties": { "Height": 68.885246276855497, "Radius": 14.272992929222172, "height_m": 21.0, "crown_diameter_m": 8.7, "site_id": 499 }, "geometry": { "type": "Point", "coordinates": [ -73.924488178985811, 40.860457959671137 ] } },
{ "type": "Feature", "properties": { "Height": 32.276500701904297, "Radius": 11.127557940783529, "height_m": 9.84, "crown_diameter_m": 6.78, "site_id": 500 }, "geometry": { "type": "Point", "coordinates": [ -73.924267648519276, 40.860474067178863 ] } },
{ "type": "Feature", "properties": { "Height": 76.456253051757798, "Radius": 37.723784588190277, "height_m": 23.3, "crown_diameter_m": 23.0, "site_id": 501 }, "geometry": { "type": "Point", "coordinates": [ -73.924645022783324, 40.86047888155187 ] } },
{ "type": "Feature", "properties": { "Height": 58.823001861572301, "Radius": 31.822993305057434, "height_m": 17.93, "crown_diameter_m": 19.4, "site_id": 502 }, "geometry": { "type": "Point", "coordinates": [ -73.924868604084352, 40.860511824118568 ] } },
{ "type": "Feature", "properties": { "Height": 73.207748413085895, "Radius": 20.230346911528947, "height_m": 22.31, "crown_diameter_m": 12.33, "site_id": 503 }, "geometry": { "type": "Point", "coordinates": [ -73.924542374954697, 40.8605680773722 ] } },
{ "type": "Feature", "properties": { "Height": 62.8897514343262, "Radius": 24.368157350851572, "height_m": 19.17, "crown_diameter_m": 14.85, "site_id": 504 }, "geometry": { "type": "Point", "coordinates": [ -73.924808717343709, 40.86063521351587 ] } },
{ "type": "Feature", "properties": { "Height": 72.463752746582003, "Radius": 36.870339656957654, "height_m": 22.09, "crown_diameter_m": 22.48, "site_id": 505 }, "geometry": { "type": "Point", "coordinates": [ -73.924354456910592, 40.860655715207798 ] } },
{ "type": "Feature", "properties": { "Height": 76.290748596191406, "Radius": 25.555670779253525, "height_m": 23.25, "crown_diameter_m": 15.58, "site_id": 506 }, "geometry": { "type": "Point", "coordinates": [ -73.924557265979018, 40.860654977223412 ] } },
{ "type": "Feature", "properties": { "Height": 77.793251037597699, "Radius": 21.967197988242077, "height_m": 23.71, "crown_diameter_m": 13.39, "site_id": 507 }, "geometry": { "type": "Point", "coordinates": [ -73.92459398857369, 40.860729842781033 ] } },
{ "type": "Feature", "properties": { "Height": 67.253753662109403, "Radius": 20.255898975135768, "height_m": 20.5, "crown_diameter_m": 12.35, "site_id": 508 }, "geometry": { "type": "Point", "coordinates": [ -73.92478853161046, 40.860713802358475 ] } },
{ "type": "Feature", "properties": { "Height": 73.422996520996094, "Radius": 22.509326096821486, "height_m": 22.38, "crown_diameter_m": 13.72, "site_id": 509 }, "geometry": { "type": "Point", "coordinates": [ -73.924440834401551, 40.860786938127447 ] } },
{ "type": "Feature", "properties": { "Height": 73.473503112792997, "Radius": 23.876620492757535, "height_m": 22.39, "crown_diameter_m": 14.56, "site_id": 510 }, "geometry": { "type": "Point", "coordinates": [ -73.924664456457194, 40.860787869584293 ] } },
{ "type": "Feature", "properties": { "Height": 71.445251464843807, "Radius": 13.750493532712621, "height_m": 21.78, "crown_diameter_m": 8.38, "site_id": 511 }, "geometry": { "type": "Point", "coordinates": [ -73.924524092271099, 40.86083923636739 ] } },
{ "type": "Feature", "properties": { "Height": 71.314750671386705, "Radius": 54.781617418079023, "height_m": 21.74, "crown_diameter_m": 33.39, "site_id": 512 }, "geometry": { "type": "Point", "coordinates": [ -73.924752287934865, 40.860968135718217 ] } },
{ "type": "Feature", "properties": { "Height": 70.363998413085895, "Radius": 12.927207364566026, "height_m": 21.45, "crown_diameter_m": 7.88, "site_id": 513 }, "geometry": { "type": "Point", "coordinates": [ -73.924616699299605, 40.860967614074497 ] } },
{ "type": "Feature", "properties": { "Height": 10.058250427246101, "Radius": 2.9854106607209232, "height_m": 3.07, "crown_diameter_m": 1.82, "site_id": 514 }, "geometry": { "type": "Point", "coordinates": [ -73.925516521087602, 40.858493508389614 ] } },
{ "type": "Feature", "properties": { "Height": 17.518999099731399, "Radius": 7.5060542134020682, "height_m": 5.34, "crown_diameter_m": 4.58, "site_id": 515 }, "geometry": { "type": "Point", "coordinates": [ -73.923144199534846, 40.85847079184358 ] } },
{ "type": "Feature", "properties": { "Height": 10.871625900268601, "Radius": 2.6462837142006137, "height_m": 3.31, "crown_diameter_m": 1.61, "site_id": 516 }, "geometry": { "type": "Point", "coordinates": [ -73.923282045016819, 40.858466020936348 ] } },
{ "type": "Feature", "properties": { "Height": 17.8910007476807, "Radius": 8.8803870581205047, "height_m": 5.45, "crown_diameter_m": 5.41, "site_id": 517 }, "geometry": { "type": "Point", "coordinates": [ -73.923133260159133, 40.858340950005953 ] } },
{ "type": "Feature", "properties": { "Height": 9.7188749313354492, "Radius": 2.4102189574505841, "height_m": 2.96, "crown_diameter_m": 1.47, "site_id": 518 }, "geometry": { "type": "Point", "coordinates": [ -73.92403787133803, 40.858354136206074 ] } },
{ "type": "Feature", "properties": { "Height": 29.258750915527301, "Radius": 10.202319970580199, "height_m": 8.92, "crown_diameter_m": 6.22, "site_id": 519 }, "geometry": { "type": "Point", "coordinates": [ -73.923118387032503, 40.858228313020398 ] } },
{ "type": "Feature", "properties": { "Height": 19.142749786376999, "Radius": 9.5829224229367327, "height_m": 5.83, "crown_diameter_m": 5.84, "site_id": 520 }, "geometry": { "type": "Point", "coordinates": [ -73.923168124444757, 40.858273515668301 ] } },
{ "type": "Feature", "properties": { "Height": 15.8190002441406, "Radius": 12.504788346381044, "height_m": 4.82, "crown_diameter_m": 7.62, "site_id": 521 }, "geometry": { "type": "Point", "coordinates": [ -73.923174034600294, 40.858179949612541 ] } },
{ "type": "Feature", "properties": { "Height": 8.3447504043579102, "Radius": 2.326213245840639, "height_m": 2.54, "crown_diameter_m": 1.42, "site_id": 522 }, "geometry": { "type": "Point", "coordinates": [ -73.923698039193738, 40.857964456922652 ] } },
{ "type": "Feature", "properties": { "Height": 8.5152502059936506, "Radius": 2.2567583341910251, "height_m": 2.6, "crown_diameter_m": 1.38, "site_id": 523 }, "geometry": { "type": "Point", "coordinates": [ -73.923696083222467, 40.856807856169489 ] } },
{ "type": "Feature", "properties": { "Height": 10.864500045776399, "Radius": 6.3580937037245224, "height_m": 3.31, "crown_diameter_m": 3.88, "site_id": 524 }, "geometry": { "type": "Point", "coordinates": [ -73.924067521826757, 40.85663936363482 ] } },
{ "type": "Feature", "properties": { "Height": 98.943000793457003, "Radius": 40.11899723931716, "height_m": 30.16, "crown_diameter_m": 24.46, "site_id": 525 }, "geometry": { "type": "Point", "coordinates": [ -73.927783558370507, 40.84914130164448 ] } },
{ "type": "Feature", "properties": { "Height": 78.103500366210895, "Radius": 24.979330543306716, "height_m": 23.81, "crown_diameter_m": 15.23, "site_id": 526 }, "geometry": { "type": "Point", "coordinates": [ -73.928215204830153, 40.849088177276791 ] } },
{ "type": "Feature", "properties": { "Height": 49.062625885009801, "Radius": 16.667481908401861, "height_m": 14.95, "crown_diameter_m": 10.16, "site_id": 527 }, "geometry": { "type": "Point", "coordinates": [ -73.928610008747839, 40.849095168766432 ] } },
{ "type": "Feature", "properties": { "Height": 61.793998718261697, "Radius": 19.566481942535152, "height_m": 18.83, "crown_diameter_m": 11.93, "site_id": 528 }, "geometry": { "type": "Point", "coordinates": [ -73.927957310615795, 40.849088984535328 ] } },
{ "type": "Feature", "properties": { "Height": 64.913497924804702, "Radius": 32.507064534630608, "height_m": 19.79, "crown_diameter_m": 19.82, "site_id": 529 }, "geometry": { "type": "Point", "coordinates": [ -73.928467574957594, 40.849131759377315 ] } },
{ "type": "Feature", "properties": { "Height": 48.482498168945298, "Radius": 17.249352628730691, "height_m": 14.78, "crown_diameter_m": 10.52, "site_id": 530 }, "geometry": { "type": "Point", "coordinates": [ -73.9282420191809, 40.849144724153419 ] } },
{ "type": "Feature", "properties": { "Height": 74.4635009765625, "Radius": 24.636099031318714, "height_m": 22.7, "crown_diameter_m": 15.02, "site_id": 531 }, "geometry": { "type": "Point", "coordinates": [ -73.927616809519762, 40.849196967313944 ] } },
{ "type": "Feature", "properties": { "Height": 82.3802490234375, "Radius": 22.084617341152036, "height_m": 25.11, "crown_diameter_m": 13.46, "site_id": 532 }, "geometry": { "type": "Point", "coordinates": [ -73.928199953298218, 40.8492200745712 ] } },
{ "type": "Feature", "properties": { "Height": 78.693748474121094, "Radius": 25.995612867716499, "height_m": 23.99, "crown_diameter_m": 15.85, "site_id": 533 }, "geometry": { "type": "Point", "coordinates": [ -73.928010162393207, 40.849279676923324 ] } },
{ "type": "Feature", "properties": { "Height": 21.701999664306602, "Radius": 13.46393256748075, "height_m": 6.61, "crown_diameter_m": 8.21, "site_id": 534 }, "geometry": { "type": "Point", "coordinates": [ -73.927857982203321, 40.849273779083077 ] } },
{ "type": "Feature", "properties": { "Height": 80.133247375488295, "Radius": 37.29736961361634, "height_m": 24.42, "crown_diameter_m": 22.74, "site_id": 535 }, "geometry": { "type": "Point", "coordinates": [ -73.928270243899235, 40.849339534356737 ] } },
{ "type": "Feature", "properties": { "Height": 85.024246215820298, "Radius": 36.60716624970798, "height_m": 25.92, "crown_diameter_m": 22.32, "site_id": 536 }, "geometry": { "type": "Point", "coordinates": [ -73.928068806391096, 40.849407770683804 ] } },
{ "type": "Feature", "properties": { "Height": 63.3306274414063, "Radius": 30.923817286480872, "height_m": 19.3, "crown_diameter_m": 18.85, "site_id": 537 }, "geometry": { "type": "Point", "coordinates": [ -73.928475515004848, 40.849272321212432 ] } },
{ "type": "Feature", "properties": { "Height": 53.516998291015597, "Radius": 23.246733303166074, "height_m": 16.31, "crown_diameter_m": 14.17, "site_id": 538 }, "geometry": { "type": "Point", "coordinates": [ -73.927725410174673, 40.849317238494507 ] } },
{ "type": "Feature", "properties": { "Height": 83.583503723144503, "Radius": 31.807985997783309, "height_m": 25.48, "crown_diameter_m": 19.39, "site_id": 539 }, "geometry": { "type": "Point", "coordinates": [ -73.927557566432156, 40.849330291204907 ] } },
{ "type": "Feature", "properties": { "Height": 67.778999328613295, "Radius": 16.46815177937675, "height_m": 20.66, "crown_diameter_m": 10.04, "site_id": 540 }, "geometry": { "type": "Point", "coordinates": [ -73.927936393295937, 40.84937884347999 ] } },
{ "type": "Feature", "properties": { "Height": 58.254749298095703, "Radius": 10.940041919714261, "height_m": 17.76, "crown_diameter_m": 6.67, "site_id": 541 }, "geometry": { "type": "Point", "coordinates": [ -73.927861750478584, 40.849395547780631 ] } },
{ "type": "Feature", "properties": { "Height": 93.207748413085895, "Radius": 20.216574731145414, "height_m": 28.41, "crown_diameter_m": 12.32, "site_id": 542 }, "geometry": { "type": "Point", "coordinates": [ -73.927495166907903, 40.849410841541633 ] } },
{ "type": "Feature", "properties": { "Height": 63.940750122070298, "Radius": 20.314742613119286, "height_m": 19.49, "crown_diameter_m": 12.38, "site_id": 543 }, "geometry": { "type": "Point", "coordinates": [ -73.928408918843047, 40.849412193859372 ] } },
{ "type": "Feature", "properties": { "Height": 59.668498992919901, "Radius": 24.456170512558639, "height_m": 18.19, "crown_diameter_m": 14.91, "site_id": 544 }, "geometry": { "type": "Point", "coordinates": [ -73.927763847941293, 40.849420924517361 ] } },
{ "type": "Feature", "properties": { "Height": 66.883499145507798, "Radius": 28.155830151866073, "height_m": 20.39, "crown_diameter_m": 17.16, "site_id": 545 }, "geometry": { "type": "Point", "coordinates": [ -73.928263000714779, 40.849535137441187 ] } },
{ "type": "Feature", "properties": { "Height": 54.539249420166001, "Radius": 14.494292838262302, "height_m": 16.62, "crown_diameter_m": 8.84, "site_id": 546 }, "geometry": { "type": "Point", "coordinates": [ -73.927873561164702, 40.849459555838827 ] } },
{ "type": "Feature", "properties": { "Height": 89.901496887207003, "Radius": 29.199195710554829, "height_m": 27.4, "crown_diameter_m": 17.8, "site_id": 547 }, "geometry": { "type": "Point", "coordinates": [ -73.927529364069656, 40.849482599830587 ] } },
{ "type": "Feature", "properties": { "Height": 66.318000793457003, "Radius": 24.569792411568297, "height_m": 20.21, "crown_diameter_m": 14.98, "site_id": 548 }, "geometry": { "type": "Point", "coordinates": [ -73.928387510136872, 40.849532354838757 ] } },
{ "type": "Feature", "properties": { "Height": 63.9835014343262, "Radius": 15.269642812771579, "height_m": 19.5, "crown_diameter_m": 9.31, "site_id": 549 }, "geometry": { "type": "Point", "coordinates": [ -73.928152557350501, 40.849528785974854 ] } },
{ "type": "Feature", "properties": { "Height": 50.002250671386697, "Radius": 26.240881488377731, "height_m": 15.24, "crown_diameter_m": 16.0, "site_id": 550 }, "geometry": { "type": "Point", "coordinates": [ -73.927731822337236, 40.849553959365323 ] } },
{ "type": "Feature", "properties": { "Height": 91.137001037597699, "Radius": 35.503621636219187, "height_m": 27.78, "crown_diameter_m": 21.64, "site_id": 551 }, "geometry": { "type": "Point", "coordinates": [ -73.927383699057543, 40.849578447553455 ] } },
{ "type": "Feature", "properties": { "Height": 56.785499572753899, "Radius": 20.046601490203663, "height_m": 17.31, "crown_diameter_m": 12.22, "site_id": 552 }, "geometry": { "type": "Point", "coordinates": [ -73.927857320451977, 40.849565747915861 ] } },
{ "type": "Feature", "properties": { "Height": 49.713249206542997, "Radius": 20.796719882044513, "height_m": 15.15, "crown_diameter_m": 12.68, "site_id": 553 }, "geometry": { "type": "Point", "coordinates": [ -73.927928507324239, 40.849598747720037 ] } },
{ "type": "Feature", "properties": { "Height": 69.540252685546903, "Radius": 41.311238843375222, "height_m": 21.2, "crown_diameter_m": 25.18, "site_id": 554 }, "geometry": { "type": "Point", "coordinates": [ -73.928070666824667, 40.849676636258607 ] } },
{ "type": "Feature", "properties": { "Height": 47.736251831054702, "Radius": 17.959050425223655, "height_m": 14.55, "crown_diameter_m": 10.95, "site_id": 555 }, "geometry": { "type": "Point", "coordinates": [ -73.928419862885207, 40.849636267386728 ] } },
{ "type": "Feature", "properties": { "Height": 48.394748687744098, "Radius": 12.828336258339185, "height_m": 14.75, "crown_diameter_m": 7.82, "site_id": 556 }, "geometry": { "type": "Point", "coordinates": [ -73.92830365098051, 40.849646644528292 ] } },
{ "type": "Feature", "properties": { "Height": 57.361499786377003, "Radius": 16.902163259475167, "height_m": 17.48, "crown_diameter_m": 10.3, "site_id": 557 }, "geometry": { "type": "Point", "coordinates": [ -73.927426170852613, 40.849657091739047 ] } },
{ "type": "Feature", "properties": { "Height": 57.171501159667997, "Radius": 18.76937576303246, "height_m": 17.43, "crown_diameter_m": 11.44, "site_id": 558 }, "geometry": { "type": "Point", "coordinates": [ -73.927391126561574, 40.84971826892663 ] } },
{ "type": "Feature", "properties": { "Height": 36.680999755859403, "Radius": 16.847932840689843, "height_m": 11.18, "crown_diameter_m": 10.27, "site_id": 559 }, "geometry": { "type": "Point", "coordinates": [ -73.92786894069728, 40.849706975747004 ] } },
{ "type": "Feature", "properties": { "Height": 46.322250366210902, "Radius": 16.648373295746818, "height_m": 14.12, "crown_diameter_m": 10.15, "site_id": 560 }, "geometry": { "type": "Point", "coordinates": [ -73.92827244885143, 40.849696561917298 ] } },
{ "type": "Feature", "properties": { "Height": 59.020748138427699, "Radius": 23.724490642466655, "height_m": 17.99, "crown_diameter_m": 14.46, "site_id": 561 }, "geometry": { "type": "Point", "coordinates": [ -73.927686013837516, 40.849691791488205 ] } },
{ "type": "Feature", "properties": { "Height": 93.899497985839801, "Radius": 20.687378808686869, "height_m": 28.62, "crown_diameter_m": 12.61, "site_id": 562 }, "geometry": { "type": "Point", "coordinates": [ -73.927266467346186, 40.849713443002635 ] } },
{ "type": "Feature", "properties": { "Height": 49.805999755859403, "Radius": 16.185457556994169, "height_m": 15.18, "crown_diameter_m": 9.87, "site_id": 563 }, "geometry": { "type": "Point", "coordinates": [ -73.92734269026019, 40.849793363778076 ] } },
{ "type": "Feature", "properties": { "Height": 47.949001312255902, "Radius": 27.230550487736018, "height_m": 14.61, "crown_diameter_m": 16.6, "site_id": 564 }, "geometry": { "type": "Point", "coordinates": [ -73.927700167088375, 40.849781463250963 ] } },
{ "type": "Feature", "properties": { "Height": 38.4010009765625, "Radius": 16.320104082520025, "height_m": 11.7, "crown_diameter_m": 9.95, "site_id": 565 }, "geometry": { "type": "Point", "coordinates": [ -73.92718913752995, 40.849802046760033 ] } },
{ "type": "Feature", "properties": { "Height": 50.658500671386697, "Radius": 23.798169362211656, "height_m": 15.44, "crown_diameter_m": 14.51, "site_id": 566 }, "geometry": { "type": "Point", "coordinates": [ -73.928056368733792, 40.849857490263815 ] } },
{ "type": "Feature", "properties": { "Height": 66.299247741699205, "Radius": 26.425221149797228, "height_m": 20.21, "crown_diameter_m": 16.11, "site_id": 567 }, "geometry": { "type": "Point", "coordinates": [ -73.927897754130626, 40.849813000580873 ] } },
{ "type": "Feature", "properties": { "Height": 46.0007514953613, "Radius": 14.361922094451577, "height_m": 14.02, "crown_diameter_m": 8.76, "site_id": 568 }, "geometry": { "type": "Point", "coordinates": [ -73.927272733824239, 40.849833572589446 ] } },
{ "type": "Feature", "properties": { "Height": 41.089500427246101, "Radius": 12.27031279816994, "height_m": 12.52, "crown_diameter_m": 7.48, "site_id": 569 }, "geometry": { "type": "Point", "coordinates": [ -73.927229915951244, 40.849876213600304 ] } },
{ "type": "Feature", "properties": { "Height": 51.083999633789098, "Radius": 14.766254502611574, "height_m": 15.57, "crown_diameter_m": 9.0, "site_id": 570 }, "geometry": { "type": "Point", "coordinates": [ -73.927635844906547, 40.849877357736908 ] } },
{ "type": "Feature", "properties": { "Height": 37.495250701904297, "Radius": 13.874361378803977, "height_m": 11.43, "crown_diameter_m": 8.46, "site_id": 571 }, "geometry": { "type": "Point", "coordinates": [ -73.927134511662629, 40.849897848932521 ] } },
{ "type": "Feature", "properties": { "Height": 51.702751159667997, "Radius": 20.086258505205858, "height_m": 15.76, "crown_diameter_m": 12.24, "site_id": 572 }, "geometry": { "type": "Point", "coordinates": [ -73.927977976027464, 40.849924223635277 ] } },
{ "type": "Feature", "properties": { "Height": 54.680500030517599, "Radius": 23.435949065700985, "height_m": 16.67, "crown_diameter_m": 14.29, "site_id": 573 }, "geometry": { "type": "Point", "coordinates": [ -73.9273911512946, 40.849878122484377 ] } },
{ "type": "Feature", "properties": { "Height": 69.061248779296903, "Radius": 30.009635877255992, "height_m": 21.05, "crown_diameter_m": 18.29, "site_id": 574 }, "geometry": { "type": "Point", "coordinates": [ -73.927793776792257, 40.849911671792576 ] } },
{ "type": "Feature", "properties": { "Height": 60.333000183105497, "Radius": 35.515947143147073, "height_m": 18.39, "crown_diameter_m": 21.65, "site_id": 575 }, "geometry": { "type": "Point", "coordinates": [ -73.927536311875031, 40.849955255352299 ] } },
{ "type": "Feature", "properties": { "Height": 56.423248291015597, "Radius": 15.819960430165601, "height_m": 17.2, "crown_diameter_m": 9.64, "site_id": 576 }, "geometry": { "type": "Point", "coordinates": [ -73.927071693376121, 40.849971088574371 ] } },
{ "type": "Feature", "properties": { "Height": 64.287498474121094, "Radius": 30.894209711887697, "height_m": 19.59, "crown_diameter_m": 18.83, "site_id": 577 }, "geometry": { "type": "Point", "coordinates": [ -73.927241942020473, 40.849982435117695 ] } },
{ "type": "Feature", "properties": { "Height": 48.904499053955099, "Radius": 20.670061556032991, "height_m": 14.91, "crown_diameter_m": 12.6, "site_id": 578 }, "geometry": { "type": "Point", "coordinates": [ -73.927399740036918, 40.850031878793537 ] } },
{ "type": "Feature", "properties": { "Height": 69.160247802734403, "Radius": 22.706440455214352, "height_m": 21.08, "crown_diameter_m": 13.84, "site_id": 579 }, "geometry": { "type": "Point", "coordinates": [ -73.927752904873017, 40.850004874138385 ] } },
{ "type": "Feature", "properties": { "Height": 58.254749298095703, "Radius": 14.581872443920643, "height_m": 17.76, "crown_diameter_m": 8.89, "site_id": 580 }, "geometry": { "type": "Point", "coordinates": [ -73.926989897486777, 40.850055964035811 ] } },
{ "type": "Feature", "properties": { "Height": 64.466751098632798, "Radius": 25.076307147506359, "height_m": 19.65, "crown_diameter_m": 15.29, "site_id": 581 }, "geometry": { "type": "Point", "coordinates": [ -73.927169547737293, 40.850081670477557 ] } },
{ "type": "Feature", "properties": { "Height": 29.177749633789102, "Radius": 20.171257075711232, "height_m": 8.89, "crown_diameter_m": 12.3, "site_id": 582 }, "geometry": { "type": "Point", "coordinates": [ -73.927388598780766, 40.850143640845126 ] } },
{ "type": "Feature", "properties": { "Height": 73.641746520996094, "Radius": 31.497497325396022, "height_m": 22.45, "crown_diameter_m": 19.2, "site_id": 583 }, "geometry": { "type": "Point", "coordinates": [ -73.926968992571261, 40.850177034555962 ] } },
{ "type": "Feature", "properties": { "Height": 64.811500549316406, "Radius": 27.374825105344314, "height_m": 19.75, "crown_diameter_m": 16.69, "site_id": 584 }, "geometry": { "type": "Point", "coordinates": [ -73.927182671442409, 40.850166626672241 ] } },
{ "type": "Feature", "properties": { "Height": 70.172996520996094, "Radius": 38.378371784690728, "height_m": 21.39, "crown_diameter_m": 23.4, "site_id": 585 }, "geometry": { "type": "Point", "coordinates": [ -73.927728863122567, 40.850097917720824 ] } },
{ "type": "Feature", "properties": { "Height": 66.448249816894503, "Radius": 21.730455958254844, "height_m": 20.25, "crown_diameter_m": 13.25, "site_id": 586 }, "geometry": { "type": "Point", "coordinates": [ -73.92771789053657, 40.850171731376342 ] } },
{ "type": "Feature", "properties": { "Height": 62.584499359130902, "Radius": 21.038295956150083, "height_m": 19.08, "crown_diameter_m": 12.82, "site_id": 587 }, "geometry": { "type": "Point", "coordinates": [ -73.927542109399724, 40.850214595279049 ] } },
{ "type": "Feature", "properties": { "Height": 66.329750061035199, "Radius": 19.484971561326855, "height_m": 20.22, "crown_diameter_m": 11.88, "site_id": 588 }, "geometry": { "type": "Point", "coordinates": [ -73.926839414244952, 40.850269610371683 ] } },
{ "type": "Feature", "properties": { "Height": 48.684501647949197, "Radius": 20.03468907863958, "height_m": 14.84, "crown_diameter_m": 12.21, "site_id": 589 }, "geometry": { "type": "Point", "coordinates": [ -73.927679026288715, 40.850267998423462 ] } },
{ "type": "Feature", "properties": { "Height": 56.197750091552699, "Radius": 13.446189622059965, "height_m": 17.13, "crown_diameter_m": 8.2, "site_id": 590 }, "geometry": { "type": "Point", "coordinates": [ -73.927042045700333, 40.850247293039047 ] } },
{ "type": "Feature", "properties": { "Height": 47.971248626708999, "Radius": 12.815923738491737, "height_m": 14.62, "crown_diameter_m": 7.81, "site_id": 591 }, "geometry": { "type": "Point", "coordinates": [ -73.927434864607605, 40.850262500676536 ] } },
{ "type": "Feature", "properties": { "Height": 59.225498199462898, "Radius": 30.90966068045147, "height_m": 18.05, "crown_diameter_m": 18.84, "site_id": 592 }, "geometry": { "type": "Point", "coordinates": [ -73.927198757486437, 40.85030038419314 ] } },
{ "type": "Feature", "properties": { "Height": 59.126998901367202, "Radius": 19.396965883076678, "height_m": 18.02, "crown_diameter_m": 11.82, "site_id": 593 }, "geometry": { "type": "Point", "coordinates": [ -73.927045591645054, 40.850325019442884 ] } },
{ "type": "Feature", "properties": { "Height": 15.786749839782701, "Radius": 9.1669956884750814, "height_m": 4.81, "crown_diameter_m": 5.59, "site_id": 594 }, "geometry": { "type": "Point", "coordinates": [ -73.926744350709725, 40.850383932331191 ] } },
{ "type": "Feature", "properties": { "Height": 53.269001007080099, "Radius": 38.27559602620051, "height_m": 16.24, "crown_diameter_m": 23.33, "site_id": 595 }, "geometry": { "type": "Point", "coordinates": [ -73.927511891384668, 40.85036728171837 ] } },
{ "type": "Feature", "properties": { "Height": 79.724998474121094, "Radius": 40.781970959117537, "height_m": 24.3, "crown_diameter_m": 24.86, "site_id": 596 }, "geometry": { "type": "Point", "coordinates": [ -73.926960895247106, 40.850415779560187 ] } },
{ "type": "Feature", "properties": { "Height": 57.974498748779297, "Radius": 15.154556505605992, "height_m": 17.67, "crown_diameter_m": 9.24, "site_id": 597 }, "geometry": { "type": "Point", "coordinates": [ -73.927305515933696, 40.850416659100027 ] } },
{ "type": "Feature", "properties": { "Height": 57.1674995422363, "Radius": 12.110379022110809, "height_m": 17.42, "crown_diameter_m": 7.38, "site_id": 598 }, "geometry": { "type": "Point", "coordinates": [ -73.927409464919705, 40.850437720426484 ] } },
{ "type": "Feature", "properties": { "Height": 61.123748779296903, "Radius": 14.940375085197267, "height_m": 18.63, "crown_diameter_m": 9.11, "site_id": 599 }, "geometry": { "type": "Point", "coordinates": [ -73.927330237196372, 40.850465376880443 ] } },
{ "type": "Feature", "properties": { "Height": 50.558250427246101, "Radius": 24.469182575470523, "height_m": 15.41, "crown_diameter_m": 14.92, "site_id": 600 }, "geometry": { "type": "Point", "coordinates": [ -73.927359716896291, 40.850534184924491 ] } },
{ "type": "Feature", "properties": { "Height": 54.622001647949197, "Radius": 25.85287573006946, "height_m": 16.65, "crown_diameter_m": 15.76, "site_id": 601 }, "geometry": { "type": "Point", "coordinates": [ -73.926808262912857, 40.850527520315907 ] } },
{ "type": "Feature", "properties": { "Height": 30.272750854492202, "Radius": 10.147573511951332, "height_m": 9.23, "crown_diameter_m": 6.19, "site_id": 602 }, "geometry": { "type": "Point", "coordinates": [ -73.926639443885819, 40.850561729028804 ] } },
{ "type": "Feature", "properties": { "Height": 31.1310005187988, "Radius": 24.387743280886259, "height_m": 9.49, "crown_diameter_m": 14.87, "site_id": 603 }, "geometry": { "type": "Point", "coordinates": [ -73.926707129303651, 40.850605460316885 ] } },
{ "type": "Feature", "properties": { "Height": 56.377998352050803, "Radius": 21.220954537402832, "height_m": 17.18, "crown_diameter_m": 12.94, "site_id": 604 }, "geometry": { "type": "Point", "coordinates": [ -73.9271804081461, 40.850577739431571 ] } },
{ "type": "Feature", "properties": { "Height": 54.782249450683601, "Radius": 22.854901514283551, "height_m": 16.7, "crown_diameter_m": 13.93, "site_id": 605 }, "geometry": { "type": "Point", "coordinates": [ -73.927300247893427, 40.850663236577631 ] } },
{ "type": "Feature", "properties": { "Height": 66.700500488281307, "Radius": 30.955967314175503, "height_m": 20.33, "crown_diameter_m": 18.87, "site_id": 606 }, "geometry": { "type": "Point", "coordinates": [ -73.92703059223328, 40.850608480309234 ] } },
{ "type": "Feature", "properties": { "Height": 67.653999328613295, "Radius": 20.960611164877257, "height_m": 20.62, "crown_diameter_m": 12.78, "site_id": 607 }, "geometry": { "type": "Point", "coordinates": [ -73.926933662686366, 40.850697291203289 ] } },
{ "type": "Feature", "properties": { "Height": 27.6784992218018, "Radius": 18.30358312485399, "height_m": 8.44, "crown_diameter_m": 11.16, "site_id": 608 }, "geometry": { "type": "Point", "coordinates": [ -73.926602503332049, 40.85070135921751 ] } },
{ "type": "Feature", "properties": { "Height": 66.199501037597699, "Radius": 26.148224328293928, "height_m": 20.18, "crown_diameter_m": 15.94, "site_id": 609 }, "geometry": { "type": "Point", "coordinates": [ -73.927094104555266, 40.85072707472456 ] } },
{ "type": "Feature", "properties": { "Height": 44.129749298095703, "Radius": 14.988235458992838, "height_m": 13.45, "crown_diameter_m": 9.14, "site_id": 610 }, "geometry": { "type": "Point", "coordinates": [ -73.926864924069918, 40.850760228047548 ] } },
{ "type": "Feature", "properties": { "Height": 44.341251373291001, "Radius": 14.766254502611574, "height_m": 13.52, "crown_diameter_m": 9.0, "site_id": 611 }, "geometry": { "type": "Point", "coordinates": [ -73.926865642253304, 40.850821056728499 ] } },
{ "type": "Feature", "properties": { "Height": 63.509498596191399, "Radius": 15.67594437773643, "height_m": 19.36, "crown_diameter_m": 9.56, "site_id": 612 }, "geometry": { "type": "Point", "coordinates": [ -73.926952363860366, 40.850841307905526 ] } },
{ "type": "Feature", "properties": { "Height": 69.793746948242202, "Radius": 39.815358979504673, "height_m": 21.27, "crown_diameter_m": 24.27, "site_id": 613 }, "geometry": { "type": "Point", "coordinates": [ -73.927180989035193, 40.850835733422826 ] } },
{ "type": "Feature", "properties": { "Height": 20.572750091552699, "Radius": 13.291425312283248, "height_m": 6.27, "crown_diameter_m": 8.1, "site_id": 614 }, "geometry": { "type": "Point", "coordinates": [ -73.926418663924338, 40.85089032558642 ] } },
{ "type": "Feature", "properties": { "Height": 64.693748474121094, "Radius": 34.501011860295996, "height_m": 19.72, "crown_diameter_m": 21.03, "site_id": 615 }, "geometry": { "type": "Point", "coordinates": [ -73.92706723389712, 40.850992576768093 ] } },
{ "type": "Feature", "properties": { "Height": 52.083499908447301, "Radius": 23.000674573530667, "height_m": 15.88, "crown_diameter_m": 14.02, "site_id": 616 }, "geometry": { "type": "Point", "coordinates": [ -73.92651572866211, 40.850932279238343 ] } },
{ "type": "Feature", "properties": { "Height": 39.0789985656738, "Radius": 30.276276104200321, "height_m": 11.91, "crown_diameter_m": 18.46, "site_id": 617 }, "geometry": { "type": "Point", "coordinates": [ -73.926603762484064, 40.850927297029862 ] } },
{ "type": "Feature", "properties": { "Height": 64.335998535156307, "Radius": 29.611892188186783, "height_m": 19.61, "crown_diameter_m": 18.05, "site_id": 618 }, "geometry": { "type": "Point", "coordinates": [ -73.926749153686629, 40.850971792693393 ] } },
{ "type": "Feature", "properties": { "Height": 41.437999725341797, "Radius": 21.699306420652537, "height_m": 12.63, "crown_diameter_m": 13.23, "site_id": 619 }, "geometry": { "type": "Point", "coordinates": [ -73.926441066914677, 40.851041409987403 ] } },
{ "type": "Feature", "properties": { "Height": 69.411003112792997, "Radius": 30.687453434176394, "height_m": 21.16, "crown_diameter_m": 18.71, "site_id": 620 }, "geometry": { "type": "Point", "coordinates": [ -73.926909498460759, 40.850991175727266 ] } },
{ "type": "Feature", "properties": { "Height": 27.308500289916999, "Radius": 9.8974677303369667, "height_m": 8.32, "crown_diameter_m": 6.03, "site_id": 621 }, "geometry": { "type": "Point", "coordinates": [ -73.926906830547054, 40.851113866948744 ] } },
{ "type": "Feature", "properties": { "Height": 43.774749755859403, "Radius": 17.526238620062148, "height_m": 13.34, "crown_diameter_m": 10.68, "site_id": 622 }, "geometry": { "type": "Point", "coordinates": [ -73.926565807079953, 40.851120126708828 ] } },
{ "type": "Feature", "properties": { "Height": 61.058250427246101, "Radius": 34.150950542809333, "height_m": 18.61, "crown_diameter_m": 20.82, "site_id": 623 }, "geometry": { "type": "Point", "coordinates": [ -73.926721778053519, 40.8511313379569 ] } },
{ "type": "Feature", "properties": { "Height": 57.571498870849602, "Radius": 26.92195406801838, "height_m": 17.55, "crown_diameter_m": 16.41, "site_id": 624 }, "geometry": { "type": "Point", "coordinates": [ -73.926370136646838, 40.8511433319294 ] } },
{ "type": "Feature", "properties": { "Height": 64.422752380371094, "Radius": 31.15583409118539, "height_m": 19.64, "crown_diameter_m": 18.99, "site_id": 625 }, "geometry": { "type": "Point", "coordinates": [ -73.92700810966582, 40.851158859312882 ] } },
{ "type": "Feature", "properties": { "Height": 64.4010009765625, "Radius": 22.012433401222943, "height_m": 19.63, "crown_diameter_m": 13.42, "site_id": 626 }, "geometry": { "type": "Point", "coordinates": [ -73.9264379267603, 40.851213942217491 ] } },
{ "type": "Feature", "properties": { "Height": 36.604251861572301, "Radius": 13.954428432326917, "height_m": 11.16, "crown_diameter_m": 8.51, "site_id": 627 }, "geometry": { "type": "Point", "coordinates": [ -73.926762411860111, 40.851238023413138 ] } },
{ "type": "Feature", "properties": { "Height": 35.621749877929702, "Radius": 16.451230371244822, "height_m": 10.86, "crown_diameter_m": 10.03, "site_id": 628 }, "geometry": { "type": "Point", "coordinates": [ -73.926179702385909, 40.851255814926638 ] } },
{ "type": "Feature", "properties": { "Height": 73.696746826171903, "Radius": 32.673104853822629, "height_m": 22.46, "crown_diameter_m": 19.92, "site_id": 629 }, "geometry": { "type": "Point", "coordinates": [ -73.926952618557564, 40.851275656696629 ] } },
{ "type": "Feature", "properties": { "Height": 66.6302490234375, "Radius": 23.152404806704283, "height_m": 20.31, "crown_diameter_m": 14.11, "site_id": 630 }, "geometry": { "type": "Point", "coordinates": [ -73.926656888574996, 40.851301522088953 ] } },
{ "type": "Feature", "properties": { "Height": 55.358001708984403, "Radius": 20.468888286602535, "height_m": 16.87, "crown_diameter_m": 12.48, "site_id": 631 }, "geometry": { "type": "Point", "coordinates": [ -73.926860554989858, 40.851374099559266 ] } },
{ "type": "Feature", "properties": { "Height": 62.602500915527301, "Radius": 20.538748176679821, "height_m": 19.08, "crown_diameter_m": 12.52, "site_id": 632 }, "geometry": { "type": "Point", "coordinates": [ -73.926735021850007, 40.851363177981895 ] } },
{ "type": "Feature", "properties": { "Height": 88.974998474121094, "Radius": 23.12489154112443, "height_m": 27.12, "crown_diameter_m": 14.1, "site_id": 633 }, "geometry": { "type": "Point", "coordinates": [ -73.926275294586333, 40.851351284963201 ] } },
{ "type": "Feature", "properties": { "Height": 92.631500244140597, "Radius": 46.057536397427157, "height_m": 28.23, "crown_diameter_m": 28.08, "site_id": 634 }, "geometry": { "type": "Point", "coordinates": [ -73.926221966048146, 40.851443735878092 ] } },
{ "type": "Feature", "properties": { "Height": 83.885749816894503, "Radius": 43.704668509409629, "height_m": 25.57, "crown_diameter_m": 26.64, "site_id": 635 }, "geometry": { "type": "Point", "coordinates": [ -73.926474719519717, 40.85134376256039 ] } },
{ "type": "Feature", "properties": { "Height": 83.892250061035199, "Radius": 30.221029779490333, "height_m": 25.57, "crown_diameter_m": 18.42, "site_id": 636 }, "geometry": { "type": "Point", "coordinates": [ -73.926597047692653, 40.851471251041779 ] } },
{ "type": "Feature", "properties": { "Height": 58.195751190185497, "Radius": 14.036873567421146, "height_m": 17.74, "crown_diameter_m": 8.56, "site_id": 637 }, "geometry": { "type": "Point", "coordinates": [ -73.926409588595263, 40.851529904008068 ] } },
{ "type": "Feature", "properties": { "Height": 52.672500610351598, "Radius": 14.513496035832425, "height_m": 16.05, "crown_diameter_m": 8.85, "site_id": 638 }, "geometry": { "type": "Point", "coordinates": [ -73.926686146736657, 40.851548433017584 ] } },
{ "type": "Feature", "properties": { "Height": 74.058998107910199, "Radius": 13.552298857686367, "height_m": 22.57, "crown_diameter_m": 8.26, "site_id": 639 }, "geometry": { "type": "Point", "coordinates": [ -73.926762881825198, 40.851518821360663 ] } },
{ "type": "Feature", "properties": { "Height": 64.396003723144503, "Radius": 16.305469402473857, "height_m": 19.63, "crown_diameter_m": 9.94, "site_id": 640 }, "geometry": { "type": "Point", "coordinates": [ -73.926079835618893, 40.851519643696726 ] } },
{ "type": "Feature", "properties": { "Height": 73.943496704101605, "Radius": 35.964596793344334, "height_m": 22.54, "crown_diameter_m": 21.92, "site_id": 641 }, "geometry": { "type": "Point", "coordinates": [ -73.926905136641764, 40.851489805888264 ] } },
{ "type": "Feature", "properties": { "Height": 82.829498291015597, "Radius": 14.777028859756632, "height_m": 25.25, "crown_diameter_m": 9.01, "site_id": 642 }, "geometry": { "type": "Point", "coordinates": [ -73.92643485875098, 40.85160323186016 ] } },
{ "type": "Feature", "properties": { "Height": 58.514251708984403, "Radius": 16.836120504637215, "height_m": 17.84, "crown_diameter_m": 10.26, "site_id": 643 }, "geometry": { "type": "Point", "coordinates": [ -73.925958246571398, 40.851582325495414 ] } },
{ "type": "Feature", "properties": { "Height": 72.599998474121094, "Radius": 18.746042631630413, "height_m": 22.13, "crown_diameter_m": 11.43, "site_id": 644 }, "geometry": { "type": "Point", "coordinates": [ -73.926754718268725, 40.851617658654355 ] } },
{ "type": "Feature", "properties": { "Height": 53.489749908447301, "Radius": 14.873646859386385, "height_m": 16.3, "crown_diameter_m": 9.07, "site_id": 645 }, "geometry": { "type": "Point", "coordinates": [ -73.926361887673195, 40.851616629646017 ] } },
{ "type": "Feature", "properties": { "Height": 86.678253173828097, "Radius": 18.394657077895459, "height_m": 26.42, "crown_diameter_m": 11.21, "site_id": 646 }, "geometry": { "type": "Point", "coordinates": [ -73.926506919722129, 40.851595636217134 ] } },
{ "type": "Feature", "properties": { "Height": 69.105003356933594, "Radius": 25.382261712384739, "height_m": 21.06, "crown_diameter_m": 15.47, "site_id": 647 }, "geometry": { "type": "Point", "coordinates": [ -73.926878270377117, 40.851651099351649 ] } },
{ "type": "Feature", "properties": { "Height": 89.160247802734403, "Radius": 23.009322419297572, "height_m": 27.18, "crown_diameter_m": 14.03, "site_id": 648 }, "geometry": { "type": "Point", "coordinates": [ -73.926625816187382, 40.851634069246629 ] } },
{ "type": "Feature", "properties": { "Height": 73.795249938964801, "Radius": 31.963966543256518, "height_m": 22.49, "crown_diameter_m": 19.49, "site_id": 649 }, "geometry": { "type": "Point", "coordinates": [ -73.926089757358852, 40.851632415934354 ] } },
{ "type": "Feature", "properties": { "Height": 46.555751800537102, "Radius": 12.728697186576065, "height_m": 14.19, "crown_diameter_m": 7.76, "site_id": 650 }, "geometry": { "type": "Point", "coordinates": [ -73.9262751750436, 40.851653864526426 ] } },
{ "type": "Feature", "properties": { "Height": 58.582748413085902, "Radius": 11.213046198183495, "height_m": 17.86, "crown_diameter_m": 6.84, "site_id": 651 }, "geometry": { "type": "Point", "coordinates": [ -73.926436414162879, 40.851674460848031 ] } },
{ "type": "Feature", "properties": { "Height": 80.607002258300795, "Radius": 13.968677826861914, "height_m": 24.57, "crown_diameter_m": 8.52, "site_id": 652 }, "geometry": { "type": "Point", "coordinates": [ -73.926576165905587, 40.85172824349965 ] } },
{ "type": "Feature", "properties": { "Height": 78.787498474121094, "Radius": 23.291191973119908, "height_m": 24.01, "crown_diameter_m": 14.2, "site_id": 653 }, "geometry": { "type": "Point", "coordinates": [ -73.926762443620305, 40.85172616290717 ] } },
{ "type": "Feature", "properties": { "Height": 95.650749206542997, "Radius": 33.025578344803577, "height_m": 29.15, "crown_diameter_m": 20.13, "site_id": 654 }, "geometry": { "type": "Point", "coordinates": [ -73.925911628458536, 40.851726984777436 ] } },
{ "type": "Feature", "properties": { "Height": 82.931747436523395, "Radius": 17.320712102226707, "height_m": 25.28, "crown_diameter_m": 10.56, "site_id": 655 }, "geometry": { "type": "Point", "coordinates": [ -73.926445969512287, 40.851738417161833 ] } },
{ "type": "Feature", "properties": { "Height": 80.628997802734403, "Radius": 29.713835948969795, "height_m": 24.58, "crown_diameter_m": 18.11, "site_id": 656 }, "geometry": { "type": "Point", "coordinates": [ -73.926310375810502, 40.851749807395883 ] } },
{ "type": "Feature", "properties": { "Height": 79.097999572753906, "Radius": 13.738914167683992, "height_m": 24.11, "crown_diameter_m": 8.38, "site_id": 657 }, "geometry": { "type": "Point", "coordinates": [ -73.926749050638492, 40.851784703474841 ] } },
{ "type": "Feature", "properties": { "Height": 71.711746215820298, "Radius": 15.217438752914624, "height_m": 21.86, "crown_diameter_m": 9.28, "site_id": 658 }, "geometry": { "type": "Point", "coordinates": [ -73.926594722526602, 40.851785737297099 ] } },
{ "type": "Feature", "properties": { "Height": 98.417503356933594, "Radius": 22.680140565547774, "height_m": 30.0, "crown_diameter_m": 13.83, "site_id": 659 }, "geometry": { "type": "Point", "coordinates": [ -73.925830996945322, 40.851833231511158 ] } },
{ "type": "Feature", "properties": { "Height": 70.433746337890597, "Radius": 13.790944746275176, "height_m": 21.47, "crown_diameter_m": 8.41, "site_id": 660 }, "geometry": { "type": "Point", "coordinates": [ -73.926508566158262, 40.851805658051248 ] } },
{ "type": "Feature", "properties": { "Height": 84.228752136230497, "Radius": 15.09668435477122, "height_m": 25.67, "crown_diameter_m": 9.2, "site_id": 661 }, "geometry": { "type": "Point", "coordinates": [ -73.926651275651977, 40.851827417407627 ] } },
{ "type": "Feature", "properties": { "Height": 62.736499786377003, "Radius": 22.066593493098427, "height_m": 19.12, "crown_diameter_m": 13.45, "site_id": 662 }, "geometry": { "type": "Point", "coordinates": [ -73.926868451747282, 40.851820842120276 ] } },
{ "type": "Feature", "properties": { "Height": 88.140998840332003, "Radius": 22.319385562278196, "height_m": 26.87, "crown_diameter_m": 13.61, "site_id": 663 }, "geometry": { "type": "Point", "coordinates": [ -73.925898050076711, 40.851901238312607 ] } },
{ "type": "Feature", "properties": { "Height": 88.101997375488295, "Radius": 20.181117396520943, "height_m": 26.85, "crown_diameter_m": 12.3, "site_id": 664 }, "geometry": { "type": "Point", "coordinates": [ -73.926587528713256, 40.851881401858833 ] } },
{ "type": "Feature", "properties": { "Height": 78.073997497558594, "Radius": 32.781308328931559, "height_m": 23.8, "crown_diameter_m": 19.98, "site_id": 665 }, "geometry": { "type": "Point", "coordinates": [ -73.926829962829075, 40.851905964607838 ] } },
{ "type": "Feature", "properties": { "Height": 85.422500610351605, "Radius": 40.639277115428591, "height_m": 26.04, "crown_diameter_m": 24.77, "site_id": 666 }, "geometry": { "type": "Point", "coordinates": [ -73.926093625708745, 40.851838498645648 ] } },
{ "type": "Feature", "properties": { "Height": 81.460250854492202, "Radius": 18.360015508398526, "height_m": 24.83, "crown_diameter_m": 11.19, "site_id": 667 }, "geometry": { "type": "Point", "coordinates": [ -73.92660307613599, 40.851942637982845 ] } },
{ "type": "Feature", "properties": { "Height": 68.399497985839801, "Radius": 12.590406002966217, "height_m": 20.85, "crown_diameter_m": 7.68, "site_id": 668 }, "geometry": { "type": "Point", "coordinates": [ -73.926167028926301, 40.851929649293616 ] } },
{ "type": "Feature", "properties": { "Height": 71.630500793457003, "Radius": 19.625365277680483, "height_m": 21.83, "crown_diameter_m": 11.96, "site_id": 669 }, "geometry": { "type": "Point", "coordinates": [ -73.926238605768688, 40.851894842450442 ] } },
{ "type": "Feature", "properties": { "Height": 90.183502197265597, "Radius": 16.669868944849245, "height_m": 27.49, "crown_diameter_m": 10.16, "site_id": 670 }, "geometry": { "type": "Point", "coordinates": [ -73.925791404213101, 40.851997693465378 ] } },
{ "type": "Feature", "properties": { "Height": 87.008247375488295, "Radius": 33.210597038096658, "height_m": 26.52, "crown_diameter_m": 20.25, "site_id": 671 }, "geometry": { "type": "Point", "coordinates": [ -73.925947211674412, 40.852032875840692 ] } },
{ "type": "Feature", "properties": { "Height": 79.367500305175795, "Radius": 35.826038555282523, "height_m": 24.19, "crown_diameter_m": 21.84, "site_id": 672 }, "geometry": { "type": "Point", "coordinates": [ -73.926388106797603, 40.851905112598175 ] } },
{ "type": "Feature", "properties": { "Height": 67.070503234863295, "Radius": 13.446189622059965, "height_m": 20.44, "crown_diameter_m": 8.2, "site_id": 673 }, "geometry": { "type": "Point", "coordinates": [ -73.926836127897317, 40.85197113169847 ] } },
{ "type": "Feature", "properties": { "Height": 70.414749145507798, "Radius": 25.903614421069328, "height_m": 21.46, "crown_diameter_m": 15.79, "site_id": 674 }, "geometry": { "type": "Point", "coordinates": [ -73.92611929281216, 40.852054988786747 ] } },
{ "type": "Feature", "properties": { "Height": 83.210502624511705, "Radius": 27.120740578000344, "height_m": 25.36, "crown_diameter_m": 16.53, "site_id": 675 }, "geometry": { "type": "Point", "coordinates": [ -73.926361321683984, 40.85203145609929 ] } },
{ "type": "Feature", "properties": { "Height": 79.989501953125, "Radius": 18.965499502720288, "height_m": 24.38, "crown_diameter_m": 11.56, "site_id": 676 }, "geometry": { "type": "Point", "coordinates": [ -73.925807475282568, 40.85213851188464 ] } },
{ "type": "Feature", "properties": { "Height": 79.790748596191406, "Radius": 40.380960481989696, "height_m": 24.32, "crown_diameter_m": 24.62, "site_id": 677 }, "geometry": { "type": "Point", "coordinates": [ -73.926760151213699, 40.852047141717073 ] } },
{ "type": "Feature", "properties": { "Height": 77.051246643066406, "Radius": 26.142136975323929, "height_m": 23.49, "crown_diameter_m": 15.94, "site_id": 678 }, "geometry": { "type": "Point", "coordinates": [ -73.925898107503343, 40.852170102653069 ] } },
{ "type": "Feature", "properties": { "Height": 92.663253784179702, "Radius": 35.925854353149703, "height_m": 28.24, "crown_diameter_m": 21.9, "site_id": 679 }, "geometry": { "type": "Point", "coordinates": [ -73.926259409807543, 40.852138154194591 ] } },
{ "type": "Feature", "properties": { "Height": 83.602752685546903, "Radius": 36.94257214939158, "height_m": 25.48, "crown_diameter_m": 22.52, "site_id": 680 }, "geometry": { "type": "Point", "coordinates": [ -73.926612581375181, 40.852184398128117 ] } },
{ "type": "Feature", "properties": { "Height": 66.069000244140597, "Radius": 35.160148186068518, "height_m": 20.14, "crown_diameter_m": 21.43, "site_id": 681 }, "geometry": { "type": "Point", "coordinates": [ -73.926925155802721, 40.852184091370546 ] } },
{ "type": "Feature", "properties": { "Height": 23.245750427246101, "Radius": 11.406540491210489, "height_m": 7.09, "crown_diameter_m": 6.95, "site_id": 682 }, "geometry": { "type": "Point", "coordinates": [ -73.926436243834402, 40.852232715159005 ] } },
{ "type": "Feature", "properties": { "Height": 62.9427490234375, "Radius": 20.394887687130531, "height_m": 19.18, "crown_diameter_m": 12.43, "site_id": 683 }, "geometry": { "type": "Point", "coordinates": [ -73.926025279511421, 40.852201535787515 ] } },
{ "type": "Feature", "properties": { "Height": 59.724498748779297, "Radius": 14.183506197980657, "height_m": 18.2, "crown_diameter_m": 8.65, "site_id": 684 }, "geometry": { "type": "Point", "coordinates": [ -73.925791944100794, 40.852280178948597 ] } },
{ "type": "Feature", "properties": { "Height": 64.825752258300795, "Radius": 23.104235090784048, "height_m": 19.76, "crown_diameter_m": 14.08, "site_id": 685 }, "geometry": { "type": "Point", "coordinates": [ -73.926733068465097, 40.852278477935172 ] } },
{ "type": "Feature", "properties": { "Height": 63.747001647949197, "Radius": 26.372468623767148, "height_m": 19.43, "crown_diameter_m": 16.08, "site_id": 686 }, "geometry": { "type": "Point", "coordinates": [ -73.926874016018502, 40.852313855830474 ] } },
{ "type": "Feature", "properties": { "Height": 63.393501281738303, "Radius": 16.419758633965078, "height_m": 19.32, "crown_diameter_m": 10.01, "site_id": 687 }, "geometry": { "type": "Point", "coordinates": [ -73.926605712201308, 40.852316864182939 ] } },
{ "type": "Feature", "properties": { "Height": 81.366249084472699, "Radius": 17.448879795986784, "height_m": 24.8, "crown_diameter_m": 10.64, "site_id": 688 }, "geometry": { "type": "Point", "coordinates": [ -73.926263589792129, 40.852317161999004 ] } },
{ "type": "Feature", "properties": { "Height": 67.540748596191406, "Radius": 18.965499502720288, "height_m": 20.59, "crown_diameter_m": 11.56, "site_id": 689 }, "geometry": { "type": "Point", "coordinates": [ -73.925868902099921, 40.852297476443411 ] } },
{ "type": "Feature", "properties": { "Height": 19.995000839233398, "Radius": 11.810982500200661, "height_m": 6.09, "crown_diameter_m": 7.2, "site_id": 690 }, "geometry": { "type": "Point", "coordinates": [ -73.926390033666408, 40.852329692945609 ] } },
{ "type": "Feature", "properties": { "Height": 47.673500061035199, "Radius": 13.198298572697899, "height_m": 14.53, "crown_diameter_m": 8.05, "site_id": 691 }, "geometry": { "type": "Point", "coordinates": [ -73.926527947014705, 40.8523344147914 ] } },
{ "type": "Feature", "properties": { "Height": 84.6094970703125, "Radius": 23.152404806704283, "height_m": 25.79, "crown_diameter_m": 14.11, "site_id": 692 }, "geometry": { "type": "Point", "coordinates": [ -73.926210898320249, 40.852416182387202 ] } },
{ "type": "Feature", "properties": { "Height": 85.604499816894503, "Radius": 49.564464327731322, "height_m": 26.09, "crown_diameter_m": 30.21, "site_id": 693 }, "geometry": { "type": "Point", "coordinates": [ -73.926012891678923, 40.852368616768764 ] } },
{ "type": "Feature", "properties": { "Height": 46.097499847412102, "Radius": 12.373643572303322, "height_m": 14.05, "crown_diameter_m": 7.54, "site_id": 694 }, "geometry": { "type": "Point", "coordinates": [ -73.926310479979563, 40.8523847540459 ] } },
{ "type": "Feature", "properties": { "Height": 55.264499664306598, "Radius": 23.722813466638858, "height_m": 16.84, "crown_diameter_m": 14.46, "site_id": 695 }, "geometry": { "type": "Point", "coordinates": [ -73.926673426987492, 40.85238396415302 ] } },
{ "type": "Feature", "properties": { "Height": 57.436000823974602, "Radius": 16.146076823319174, "height_m": 17.51, "crown_diameter_m": 9.84, "site_id": 696 }, "geometry": { "type": "Point", "coordinates": [ -73.926636378409754, 40.852445421663518 ] } },
{ "type": "Feature", "properties": { "Height": 50.717250823974602, "Radius": 31.160942023688143, "height_m": 15.46, "crown_diameter_m": 19.0, "site_id": 697 }, "geometry": { "type": "Point", "coordinates": [ -73.926915683801866, 40.852438829049071 ] } },
{ "type": "Feature", "properties": { "Height": 60.068748474121101, "Radius": 14.701442538703267, "height_m": 18.31, "crown_diameter_m": 8.96, "site_id": 698 }, "geometry": { "type": "Point", "coordinates": [ -73.92579504620565, 40.852433501350568 ] } },
{ "type": "Feature", "properties": { "Height": 74.426498413085895, "Radius": 12.590406002966217, "height_m": 22.69, "crown_diameter_m": 7.68, "site_id": 699 }, "geometry": { "type": "Point", "coordinates": [ -73.926142391473959, 40.85246148820665 ] } },
{ "type": "Feature", "properties": { "Height": 48.237251281738303, "Radius": 21.618475672196471, "height_m": 14.7, "crown_diameter_m": 13.18, "site_id": 700 }, "geometry": { "type": "Point", "coordinates": [ -73.926772943583458, 40.852486795969121 ] } },
{ "type": "Feature", "properties": { "Height": 58.512001037597699, "Radius": 16.419758633965078, "height_m": 17.83, "crown_diameter_m": 10.01, "site_id": 701 }, "geometry": { "type": "Point", "coordinates": [ -73.925804636812103, 40.852543005497978 ] } },
{ "type": "Feature", "properties": { "Height": 70.899002075195298, "Radius": 22.560529869838636, "height_m": 21.61, "crown_diameter_m": 13.75, "site_id": 702 }, "geometry": { "type": "Point", "coordinates": [ -73.926123712674567, 40.85252699151355 ] } },
{ "type": "Feature", "properties": { "Height": 59.426498413085902, "Radius": 34.828140903224799, "height_m": 18.11, "crown_diameter_m": 21.23, "site_id": 703 }, "geometry": { "type": "Point", "coordinates": [ -73.926418167109645, 40.852520784408057 ] } },
{ "type": "Feature", "properties": { "Height": 70.355751037597699, "Radius": 25.743371632998119, "height_m": 21.44, "crown_diameter_m": 15.69, "site_id": 704 }, "geometry": { "type": "Point", "coordinates": [ -73.925933486035447, 40.85259925735815 ] } },
{ "type": "Feature", "properties": { "Height": 49.4817504882813, "Radius": 19.05758589474819, "height_m": 15.08, "crown_diameter_m": 11.62, "site_id": 705 }, "geometry": { "type": "Point", "coordinates": [ -73.92628474407266, 40.852550691003685 ] } },
{ "type": "Feature", "properties": { "Height": 36.143501281738303, "Radius": 13.162072616253417, "height_m": 11.02, "crown_diameter_m": 8.02, "site_id": 706 }, "geometry": { "type": "Point", "coordinates": [ -73.927017354326338, 40.852550469725799 ] } },
{ "type": "Feature", "properties": { "Height": 52.982498168945298, "Radius": 12.577758680835945, "height_m": 16.15, "crown_diameter_m": 7.67, "site_id": 707 }, "geometry": { "type": "Point", "coordinates": [ -73.925843587226723, 40.85260177501182 ] } },
{ "type": "Feature", "properties": { "Height": 68.010002136230497, "Radius": 31.579500841745681, "height_m": 20.73, "crown_diameter_m": 19.25, "site_id": 708 }, "geometry": { "type": "Point", "coordinates": [ -73.926094729798564, 40.852635786553094 ] } },
{ "type": "Feature", "properties": { "Height": 74.861251831054702, "Radius": 44.456564007075002, "height_m": 22.82, "crown_diameter_m": 27.1, "site_id": 709 }, "geometry": { "type": "Point", "coordinates": [ -73.926583546192589, 40.852631536775831 ] } },
{ "type": "Feature", "properties": { "Height": 61.2265014648438, "Radius": 29.634725846227738, "height_m": 18.66, "crown_diameter_m": 18.07, "site_id": 710 }, "geometry": { "type": "Point", "coordinates": [ -73.926743167626768, 40.852590908111999 ] } },
{ "type": "Feature", "properties": { "Height": 52.367500305175803, "Radius": 20.098140350968553, "height_m": 15.96, "crown_diameter_m": 12.25, "site_id": 711 }, "geometry": { "type": "Point", "coordinates": [ -73.925802723360832, 40.852696583107928 ] } },
{ "type": "Feature", "properties": { "Height": 55.521499633789098, "Radius": 13.599192765483634, "height_m": 16.92, "crown_diameter_m": 8.29, "site_id": 712 }, "geometry": { "type": "Point", "coordinates": [ -73.925915133704606, 40.852718539997404 ] } },
{ "type": "Feature", "properties": { "Height": 59.048500061035199, "Radius": 39.607957206309095, "height_m": 18.0, "crown_diameter_m": 24.15, "site_id": 713 }, "geometry": { "type": "Point", "coordinates": [ -73.926244411279285, 40.852757524349663 ] } },
{ "type": "Feature", "properties": { "Height": 80.576873779296903, "Radius": 30.432262713307054, "height_m": 24.56, "crown_diameter_m": 18.55, "site_id": 714 }, "geometry": { "type": "Point", "coordinates": [ -73.926629475937673, 40.852800535134122 ] } },
{ "type": "Feature", "properties": { "Height": 83.669746398925795, "Radius": 40.662768029017656, "height_m": 25.5, "crown_diameter_m": 24.79, "site_id": 715 }, "geometry": { "type": "Point", "coordinates": [ -73.926500368353757, 40.852874173492467 ] } },
{ "type": "Feature", "properties": { "Height": 67.625503540039105, "Radius": 32.411451708895349, "height_m": 20.61, "crown_diameter_m": 19.76, "site_id": 716 }, "geometry": { "type": "Point", "coordinates": [ -73.925995835014433, 40.852799824237863 ] } },
{ "type": "Feature", "properties": { "Height": 66.634002685546903, "Radius": 26.588837079011167, "height_m": 20.31, "crown_diameter_m": 16.21, "site_id": 717 }, "geometry": { "type": "Point", "coordinates": [ -73.926350728736608, 40.852866054679154 ] } },
{ "type": "Feature", "properties": { "Height": 46.184249877929702, "Radius": 18.489586738523691, "height_m": 14.08, "crown_diameter_m": 11.27, "site_id": 718 }, "geometry": { "type": "Point", "coordinates": [ -73.926073018358281, 40.852888117393384 ] } },
{ "type": "Feature", "properties": { "Height": 80.856498718261705, "Radius": 37.326162029151241, "height_m": 24.65, "crown_diameter_m": 22.75, "site_id": 719 }, "geometry": { "type": "Point", "coordinates": [ -73.925854121554877, 40.852931843459068 ] } },
{ "type": "Feature", "properties": { "Height": 52.573375701904297, "Radius": 16.307909427837682, "height_m": 16.02, "crown_diameter_m": 9.94, "site_id": 720 }, "geometry": { "type": "Point", "coordinates": [ -73.92637083405728, 40.852990202972492 ] } },
{ "type": "Feature", "properties": { "Height": 74.477249145507798, "Radius": 30.860706075232656, "height_m": 22.7, "crown_diameter_m": 18.81, "site_id": 721 }, "geometry": { "type": "Point", "coordinates": [ -73.926188392388894, 40.85296385326928 ] } },
{ "type": "Feature", "properties": { "Height": 81.366996765136705, "Radius": 11.699284211396439, "height_m": 24.8, "crown_diameter_m": 7.13, "site_id": 722 }, "geometry": { "type": "Point", "coordinates": [ -73.925935915075982, 40.853022913181135 ] } },
{ "type": "Feature", "properties": { "Height": 77.121749877929702, "Radius": 35.943570364509704, "height_m": 23.51, "crown_diameter_m": 21.91, "site_id": 723 }, "geometry": { "type": "Point", "coordinates": [ -73.926117591117247, 40.853096922206902 ] } },
{ "type": "Feature", "properties": { "Height": 72.437248229980497, "Radius": 13.446189622059965, "height_m": 22.08, "crown_diameter_m": 8.2, "site_id": 724 }, "geometry": { "type": "Point", "coordinates": [ -73.926015094630955, 40.853071674275 ] } },
{ "type": "Feature", "properties": { "Height": 88.318496704101605, "Radius": 16.982012745328934, "height_m": 26.92, "crown_diameter_m": 10.35, "site_id": 725 }, "geometry": { "type": "Point", "coordinates": [ -73.925920200974886, 40.853089294530371 ] } },
{ "type": "Feature", "properties": { "Height": 87.430252075195298, "Radius": 17.787636910694122, "height_m": 26.65, "crown_diameter_m": 10.84, "site_id": 726 }, "geometry": { "type": "Point", "coordinates": [ -73.925811384975546, 40.853107392921338 ] } },
{ "type": "Feature", "properties": { "Height": 73.148002624511705, "Radius": 25.313194205551593, "height_m": 22.3, "crown_diameter_m": 15.43, "site_id": 727 }, "geometry": { "type": "Point", "coordinates": [ -73.92640263391722, 40.853067282825556 ] } },
{ "type": "Feature", "properties": { "Height": 83.546501159667997, "Radius": 20.342144725641095, "height_m": 25.46, "crown_diameter_m": 12.4, "site_id": 728 }, "geometry": { "type": "Point", "coordinates": [ -73.926256236206029, 40.853098769575141 ] } },
{ "type": "Feature", "properties": { "Height": 29.205249786376999, "Radius": 15.563862739881275, "height_m": 8.9, "crown_diameter_m": 9.49, "site_id": 729 }, "geometry": { "type": "Point", "coordinates": [ -73.926457352664698, 40.853129972118758 ] } },
{ "type": "Feature", "properties": { "Height": 52.915248870849602, "Radius": 17.066152051888221, "height_m": 16.13, "crown_diameter_m": 10.4, "site_id": 730 }, "geometry": { "type": "Point", "coordinates": [ -73.925977562181814, 40.853150363062312 ] } },
{ "type": "Feature", "properties": { "Height": 72.529502868652301, "Radius": 24.710280030223384, "height_m": 22.11, "crown_diameter_m": 15.06, "site_id": 731 }, "geometry": { "type": "Point", "coordinates": [ -73.925826368978321, 40.853222569116113 ] } },
{ "type": "Feature", "properties": { "Height": 52.147251129150398, "Radius": 13.431385929778928, "height_m": 15.89, "crown_diameter_m": 8.19, "site_id": 732 }, "geometry": { "type": "Point", "coordinates": [ -73.925889178311621, 40.853276303088158 ] } },
{ "type": "Feature", "properties": { "Height": 62.743000030517599, "Radius": 28.961121354227437, "height_m": 19.12, "crown_diameter_m": 17.65, "site_id": 733 }, "geometry": { "type": "Point", "coordinates": [ -73.926017198432774, 40.853244449326873 ] } },
{ "type": "Feature", "properties": { "Height": 37.415500640869098, "Radius": 14.317526556719258, "height_m": 11.4, "crown_diameter_m": 8.73, "site_id": 734 }, "geometry": { "type": "Point", "coordinates": [ -73.926442351283001, 40.853226856340235 ] } },
{ "type": "Feature", "properties": { "Height": 38.232250213622997, "Radius": 11.026984017500345, "height_m": 11.65, "crown_diameter_m": 6.72, "site_id": 735 }, "geometry": { "type": "Point", "coordinates": [ -73.92615187610933, 40.853273663814171 ] } },
{ "type": "Feature", "properties": { "Height": 65.655250549316406, "Radius": 26.97510703993861, "height_m": 20.01, "crown_diameter_m": 16.44, "site_id": 736 }, "geometry": { "type": "Point", "coordinates": [ -73.926321569148683, 40.853211661814271 ] } },
{ "type": "Feature", "properties": { "Height": 51.090999603271499, "Radius": 21.53364638648636, "height_m": 15.57, "crown_diameter_m": 13.13, "site_id": 737 }, "geometry": { "type": "Point", "coordinates": [ -73.92646965498237, 40.853294680754729 ] } },
{ "type": "Feature", "properties": { "Height": 52.525001525878899, "Radius": 19.649679181628848, "height_m": 16.01, "crown_diameter_m": 11.98, "site_id": 738 }, "geometry": { "type": "Point", "coordinates": [ -73.926068618494398, 40.853361873962008 ] } },
{ "type": "Feature", "properties": { "Height": 54.224998474121101, "Radius": 19.867165345562018, "height_m": 16.53, "crown_diameter_m": 12.11, "site_id": 739 }, "geometry": { "type": "Point", "coordinates": [ -73.92594760895031, 40.853355860310316 ] } },
{ "type": "Feature", "properties": { "Height": 68.386497497558594, "Radius": 29.598452396186833, "height_m": 20.84, "crown_diameter_m": 18.04, "site_id": 740 }, "geometry": { "type": "Point", "coordinates": [ -73.926332036769324, 40.853355771449138 ] } },
{ "type": "Feature", "properties": { "Height": 61.730499267578097, "Radius": 18.124453165314311, "height_m": 18.82, "crown_diameter_m": 11.05, "site_id": 741 }, "geometry": { "type": "Point", "coordinates": [ -73.926174779927948, 40.853335918643218 ] } },
{ "type": "Feature", "properties": { "Height": 59.990249633789098, "Radius": 43.740159703728494, "height_m": 18.29, "crown_diameter_m": 26.66, "site_id": 742 }, "geometry": { "type": "Point", "coordinates": [ -73.926506514626524, 40.853502449423068 ] } },
{ "type": "Feature", "properties": { "Height": 66.103752136230497, "Radius": 32.044776373520051, "height_m": 20.15, "crown_diameter_m": 19.53, "site_id": 743 }, "geometry": { "type": "Point", "coordinates": [ -73.925875917408305, 40.853432447894455 ] } },
{ "type": "Feature", "properties": { "Height": 79.300247192382798, "Radius": 16.65076307158569, "height_m": 24.17, "crown_diameter_m": 10.15, "site_id": 744 }, "geometry": { "type": "Point", "coordinates": [ -73.926060069954247, 40.853466643366552 ] } },
{ "type": "Feature", "properties": { "Height": 69.691253662109403, "Radius": 28.147349905656391, "height_m": 21.24, "crown_diameter_m": 17.16, "site_id": 745 }, "geometry": { "type": "Point", "coordinates": [ -73.926180943251239, 40.853472724349672 ] } },
{ "type": "Feature", "properties": { "Height": 56.208499908447301, "Radius": 13.374982468597496, "height_m": 17.13, "crown_diameter_m": 8.15, "site_id": 746 }, "geometry": { "type": "Point", "coordinates": [ -73.925820284194387, 40.853523243808404 ] } },
{ "type": "Feature", "properties": { "Height": 63.636501312255902, "Radius": 25.644263000829476, "height_m": 19.4, "crown_diameter_m": 15.63, "site_id": 747 }, "geometry": { "type": "Point", "coordinates": [ -73.925964986421505, 40.853560592793166 ] } },
{ "type": "Feature", "properties": { "Height": 49.097751617431598, "Radius": 23.033519114473869, "height_m": 14.96, "crown_diameter_m": 14.04, "site_id": 748 }, "geometry": { "type": "Point", "coordinates": [ -73.926322093496395, 40.853539124069833 ] } },
{ "type": "Feature", "properties": { "Height": 34.682498931884801, "Radius": 17.288521716057144, "height_m": 10.57, "crown_diameter_m": 10.54, "site_id": 749 }, "geometry": { "type": "Point", "coordinates": [ -73.925820250258781, 40.85359301656495 ] } },
{ "type": "Feature", "properties": { "Height": 62.2109985351563, "Radius": 22.003393758362495, "height_m": 18.96, "crown_diameter_m": 13.41, "site_id": 750 }, "geometry": { "type": "Point", "coordinates": [ -73.926110620263998, 40.853593237125018 ] } },
{ "type": "Feature", "properties": { "Height": 53.869499206542997, "Radius": 37.533451463699841, "height_m": 16.42, "crown_diameter_m": 22.88, "site_id": 751 }, "geometry": { "type": "Point", "coordinates": [ -73.92632923322725, 40.853671603525648 ] } },
{ "type": "Feature", "properties": { "Height": 53.914749145507798, "Radius": 17.27010027053149, "height_m": 16.43, "crown_diameter_m": 10.53, "site_id": 752 }, "geometry": { "type": "Point", "coordinates": [ -73.92581647878869, 40.853672900336576 ] } },
{ "type": "Feature", "properties": { "Height": 57.747749328613303, "Radius": 30.596558225828741, "height_m": 17.6, "crown_diameter_m": 18.65, "site_id": 753 }, "geometry": { "type": "Point", "coordinates": [ -73.926106769968357, 40.853703822209894 ] } },
{ "type": "Feature", "properties": { "Height": 37.490001678466797, "Radius": 15.967661658277217, "height_m": 11.43, "crown_diameter_m": 9.73, "site_id": 754 }, "geometry": { "type": "Point", "coordinates": [ -73.92591752643014, 40.853661297601448 ] } },
{ "type": "Feature", "properties": { "Height": 54.4739990234375, "Radius": 9.6738361851973931, "height_m": 16.6, "crown_diameter_m": 5.9, "site_id": 755 }, "geometry": { "type": "Point", "coordinates": [ -73.926061468352884, 40.853752406213701 ] } },
{ "type": "Feature", "properties": { "Height": 41.183998107910199, "Radius": 11.689076894451167, "height_m": 12.55, "crown_diameter_m": 7.13, "site_id": 756 }, "geometry": { "type": "Point", "coordinates": [ -73.926292720586503, 40.853776106545048 ] } },
{ "type": "Feature", "properties": { "Height": 99.092498779296903, "Radius": 22.560529869838636, "height_m": 30.2, "crown_diameter_m": 13.75, "site_id": 757 }, "geometry": { "type": "Point", "coordinates": [ -73.925935285704611, 40.853824549186825 ] } },
{ "type": "Feature", "properties": { "Height": 71.641250610351605, "Radius": 29.780713899763835, "height_m": 21.84, "crown_diameter_m": 18.15, "site_id": 758 }, "geometry": { "type": "Point", "coordinates": [ -73.926082869851697, 40.85385503002265 ] } },
{ "type": "Feature", "properties": { "Height": 63.153499603271499, "Radius": 17.582902972945245, "height_m": 19.25, "crown_diameter_m": 10.72, "site_id": 759 }, "geometry": { "type": "Point", "coordinates": [ -73.926075892848516, 40.853929754630876 ] } },
{ "type": "Feature", "properties": { "Height": 34.7612495422363, "Radius": 18.692904470901684, "height_m": 10.6, "crown_diameter_m": 11.4, "site_id": 760 }, "geometry": { "type": "Point", "coordinates": [ -73.926398082769964, 40.853864197747164 ] } },
{ "type": "Feature", "properties": { "Height": 98.975997924804702, "Radius": 41.578131173300314, "height_m": 30.17, "crown_diameter_m": 25.35, "site_id": 761 }, "geometry": { "type": "Point", "coordinates": [ -73.925853120743639, 40.853883873910007 ] } },
{ "type": "Feature", "properties": { "Height": 57.243751525878899, "Radius": 15.517777833763365, "height_m": 17.45, "crown_diameter_m": 9.46, "site_id": 762 }, "geometry": { "type": "Point", "coordinates": [ -73.926145829448132, 40.853926895338724 ] } },
{ "type": "Feature", "properties": { "Height": 63.126998901367202, "Radius": 18.409792267002665, "height_m": 19.24, "crown_diameter_m": 11.22, "site_id": 763 }, "geometry": { "type": "Point", "coordinates": [ -73.92595487241654, 40.854033796335379 ] } },
{ "type": "Feature", "properties": { "Height": 71.962501525878906, "Radius": 10.969099187147178, "height_m": 21.93, "crown_diameter_m": 6.69, "site_id": 764 }, "geometry": { "type": "Point", "coordinates": [ -73.925842227376364, 40.85406822630857 ] } },
{ "type": "Feature", "properties": { "Height": 55.522750854492202, "Radius": 29.999027079442463, "height_m": 16.92, "crown_diameter_m": 18.29, "site_id": 765 }, "geometry": { "type": "Point", "coordinates": [ -73.926168893802, 40.854057336371163 ] } },
{ "type": "Feature", "properties": { "Height": 51.048751831054702, "Radius": 28.066659773356292, "height_m": 15.56, "crown_diameter_m": 17.11, "site_id": 766 }, "geometry": { "type": "Point", "coordinates": [ -73.926337624539912, 40.854069314507434 ] } },
{ "type": "Feature", "properties": { "Height": 72.875503540039105, "Radius": 17.55346033766304, "height_m": 22.21, "crown_diameter_m": 10.7, "site_id": 767 }, "geometry": { "type": "Point", "coordinates": [ -73.925822636744357, 40.854105259028003 ] } },
{ "type": "Feature", "properties": { "Height": 36.535251617431598, "Radius": 19.627392586737869, "height_m": 11.14, "crown_diameter_m": 11.96, "site_id": 768 }, "geometry": { "type": "Point", "coordinates": [ -73.926216087789783, 40.854163189606368 ] } },
{ "type": "Feature", "properties": { "Height": 74.851997375488295, "Radius": 19.140916357310147, "height_m": 22.81, "crown_diameter_m": 11.67, "site_id": 769 }, "geometry": { "type": "Point", "coordinates": [ -73.925837588551133, 40.854181457412743 ] } },
{ "type": "Feature", "properties": { "Height": 75.714752197265597, "Radius": 13.261455882237982, "height_m": 23.08, "crown_diameter_m": 8.08, "site_id": 770 }, "geometry": { "type": "Point", "coordinates": [ -73.925796546871894, 40.854254054748097 ] } },
{ "type": "Feature", "properties": { "Height": 69.166000366210895, "Radius": 38.632570181703528, "height_m": 21.08, "crown_diameter_m": 23.55, "site_id": 771 }, "geometry": { "type": "Point", "coordinates": [ -73.926029492628658, 40.854204619687728 ] } },
{ "type": "Feature", "properties": { "Height": 67.525749206542997, "Radius": 11.610522675523068, "height_m": 20.58, "crown_diameter_m": 7.08, "site_id": 772 }, "geometry": { "type": "Point", "coordinates": [ -73.925970920436171, 40.854305827059505 ] } },
{ "type": "Feature", "properties": { "Height": 75.007751464843807, "Radius": 14.461313744703507, "height_m": 22.86, "crown_diameter_m": 8.82, "site_id": 773 }, "geometry": { "type": "Point", "coordinates": [ -73.92583013605433, 40.85431007430131 ] } },
{ "type": "Feature", "properties": { "Height": 62.967250823974602, "Radius": 15.136166640889741, "height_m": 19.19, "crown_diameter_m": 9.23, "site_id": 774 }, "geometry": { "type": "Point", "coordinates": [ -73.926063693235392, 40.854338086321548 ] } },
{ "type": "Feature", "properties": { "Height": 68.771247863769503, "Radius": 13.925885902070091, "height_m": 20.96, "crown_diameter_m": 8.49, "site_id": 775 }, "geometry": { "type": "Point", "coordinates": [ -73.926004928311443, 40.854377949415515 ] } },
{ "type": "Feature", "properties": { "Height": 71.686248779296903, "Radius": 9.4995185527006925, "height_m": 21.85, "crown_diameter_m": 5.79, "site_id": 776 }, "geometry": { "type": "Point", "coordinates": [ -73.92578581896673, 40.854365387296205 ] } },
{ "type": "Feature", "properties": { "Height": 71.854751586914105, "Radius": 20.966305178066424, "height_m": 21.9, "crown_diameter_m": 12.78, "site_id": 777 }, "geometry": { "type": "Point", "coordinates": [ -73.925886226680333, 40.854379835391221 ] } },
{ "type": "Feature", "properties": { "Height": 69.801002502441406, "Radius": 17.535317221354788, "height_m": 21.28, "crown_diameter_m": 10.69, "site_id": 778 }, "geometry": { "type": "Point", "coordinates": [ -73.925997018154277, 40.85442571810708 ] } },
{ "type": "Feature", "properties": { "Height": 70.374496459960895, "Radius": 24.03606547302574, "height_m": 21.45, "crown_diameter_m": 14.65, "site_id": 779 }, "geometry": { "type": "Point", "coordinates": [ -73.925874048235045, 40.854492442108821 ] } },
{ "type": "Feature", "properties": { "Height": 66.344749450683594, "Radius": 20.677759903248148, "height_m": 20.22, "crown_diameter_m": 12.61, "site_id": 780 }, "geometry": { "type": "Point", "coordinates": [ -73.925819662608575, 40.854570788615277 ] } },
{ "type": "Feature", "properties": { "Height": 70.220497131347699, "Radius": 22.59929672317022, "height_m": 21.4, "crown_diameter_m": 13.78, "site_id": 781 }, "geometry": { "type": "Point", "coordinates": [ -73.925851516833674, 40.854661973028556 ] } },
{ "type": "Feature", "properties": { "Height": 8.9317502975463903, "Radius": 3.3138634663094946, "height_m": 2.72, "crown_diameter_m": 2.02, "site_id": 782 }, "geometry": { "type": "Point", "coordinates": [ -73.92620637600379, 40.853859578227855 ] } },
{ "type": "Feature", "properties": { "Height": 53.049999237060497, "Radius": 27.457548423453762, "height_m": 16.17, "crown_diameter_m": 16.74, "site_id": 783 }, "geometry": { "type": "Point", "coordinates": [ -73.926930000717334, 40.853262155735514 ] } },
{ "type": "Feature", "properties": { "Height": 53.1015014648438, "Radius": 21.269647992825657, "height_m": 16.19, "crown_diameter_m": 12.97, "site_id": 784 }, "geometry": { "type": "Point", "coordinates": [ -73.92666459953368, 40.853352553359919 ] } },
{ "type": "Feature", "properties": { "Height": 54.869499206542997, "Radius": 39.564737365238969, "height_m": 16.72, "crown_diameter_m": 24.12, "site_id": 785 }, "geometry": { "type": "Point", "coordinates": [ -73.926814026082909, 40.853379658491995 ] } },
{ "type": "Feature", "properties": { "Height": 60.094249725341797, "Radius": 20.474719048232441, "height_m": 18.32, "crown_diameter_m": 12.48, "site_id": 786 }, "geometry": { "type": "Point", "coordinates": [ -73.927146167687226, 40.852619839469952 ] } },
{ "type": "Feature", "properties": { "Height": 64.432502746582003, "Radius": 43.42335993772511, "height_m": 19.64, "crown_diameter_m": 26.47, "site_id": 787 }, "geometry": { "type": "Point", "coordinates": [ -73.927294146776831, 40.852615808574278 ] } },
{ "type": "Feature", "properties": { "Height": 33.212249755859403, "Radius": 22.564056881486831, "height_m": 10.12, "crown_diameter_m": 13.76, "site_id": 788 }, "geometry": { "type": "Point", "coordinates": [ -73.92719094669917, 40.85290640235165 ] } },
{ "type": "Feature", "properties": { "Height": 38.1953735351563, "Radius": 21.045859607645983, "height_m": 11.64, "crown_diameter_m": 12.83, "site_id": 789 }, "geometry": { "type": "Point", "coordinates": [ -73.926930572485503, 40.852909019348395 ] } },
{ "type": "Feature", "properties": { "Height": 48.9575004577637, "Radius": 20.058506827187099, "height_m": 14.92, "crown_diameter_m": 12.23, "site_id": 790 }, "geometry": { "type": "Point", "coordinates": [ -73.927053903216091, 40.852959508714292 ] } },
{ "type": "Feature", "properties": { "Height": 52.810501098632798, "Radius": 32.276131738608342, "height_m": 16.1, "crown_diameter_m": 19.68, "site_id": 791 }, "geometry": { "type": "Point", "coordinates": [ -73.927061507028782, 40.85308642609472 ] } },
{ "type": "Feature", "properties": { "Height": 27.198249816894499, "Radius": 15.7746237205259, "height_m": 8.29, "crown_diameter_m": 9.62, "site_id": 792 }, "geometry": { "type": "Point", "coordinates": [ -73.926796789247277, 40.853052354919981 ] } },
{ "type": "Feature", "properties": { "Height": 13.030500411987299, "Radius": 2.7350104799285653, "height_m": 3.97, "crown_diameter_m": 1.67, "site_id": 793 }, "geometry": { "type": "Point", "coordinates": [ -73.926696053868966, 40.852975295328797 ] } },
{ "type": "Feature", "properties": { "Height": 30.6827507019043, "Radius": 9.7639034669565081, "height_m": 9.35, "crown_diameter_m": 5.95, "site_id": 794 }, "geometry": { "type": "Point", "coordinates": [ -73.926808033955496, 40.852855471382931 ] } },
{ "type": "Feature", "properties": { "Height": 12.8754997253418, "Radius": 5.5566229816164148, "height_m": 3.92, "crown_diameter_m": 3.39, "site_id": 795 }, "geometry": { "type": "Point", "coordinates": [ -73.927102983804119, 40.852504545665553 ] } },
{ "type": "Feature", "properties": { "Height": 19.406499862670898, "Radius": 7.7409195884015354, "height_m": 5.92, "crown_diameter_m": 4.72, "site_id": 796 }, "geometry": { "type": "Point", "coordinates": [ -73.927421754267002, 40.85246907367771 ] } },
{ "type": "Feature", "properties": { "Height": 24.127000808715799, "Radius": 10.577614333752315, "height_m": 7.35, "crown_diameter_m": 6.45, "site_id": 797 }, "geometry": { "type": "Point", "coordinates": [ -73.927352851742086, 40.852438692746766 ] } },
{ "type": "Feature", "properties": { "Height": 13.647250175476101, "Radius": 5.9507961516041465, "height_m": 4.16, "crown_diameter_m": 3.63, "site_id": 798 }, "geometry": { "type": "Point", "coordinates": [ -73.927048399724754, 40.852429276889154 ] } },
{ "type": "Feature", "properties": { "Height": 23.420000076293899, "Radius": 8.6580585696957897, "height_m": 7.14, "crown_diameter_m": 5.28, "site_id": 799 }, "geometry": { "type": "Point", "coordinates": [ -73.927273041030745, 40.852410554326333 ] } },
{ "type": "Feature", "properties": { "Height": 8.9154996871948207, "Radius": 2.5231325220201604, "height_m": 2.72, "crown_diameter_m": 1.54, "site_id": 800 }, "geometry": { "type": "Point", "coordinates": [ -73.926353322357571, 40.852300551217937 ] } },
{ "type": "Feature", "properties": { "Height": 9.0399999618530291, "Radius": 2.5388531259649034, "height_m": 2.76, "crown_diameter_m": 1.55, "site_id": 801 }, "geometry": { "type": "Point", "coordinates": [ -73.926366950481196, 40.852184274028211 ] } },
{ "type": "Feature", "properties": { "Height": 8.9219999313354492, "Radius": 2.1110041228223762, "height_m": 2.72, "crown_diameter_m": 1.29, "site_id": 802 }, "geometry": { "type": "Point", "coordinates": [ -73.926822680809934, 40.851279035836939 ] } },
{ "type": "Feature", "properties": { "Height": 15.8272495269775, "Radius": 4.7956114601559285, "height_m": 4.82, "crown_diameter_m": 2.92, "site_id": 803 }, "geometry": { "type": "Point", "coordinates": [ -73.92622496708843, 40.851169402072273 ] } },
{ "type": "Feature", "properties": { "Height": 12.8769998550415, "Radius": 3.5570799788317498, "height_m": 3.92, "crown_diameter_m": 2.17, "site_id": 804 }, "geometry": { "type": "Point", "coordinates": [ -73.92625349147805, 40.85112681083865 ] } },
{ "type": "Feature", "properties": { "Height": 14.1840000152588, "Radius": 4.2781793388739517, "height_m": 4.32, "crown_diameter_m": 2.61, "site_id": 805 }, "geometry": { "type": "Point", "coordinates": [ -73.926285162629114, 40.851080474661941 ] } },
{ "type": "Feature", "properties": { "Height": 9.2174997329711896, "Radius": 3.3138634663094946, "height_m": 2.81, "crown_diameter_m": 2.02, "site_id": 806 }, "geometry": { "type": "Point", "coordinates": [ -73.9264114515031, 40.850970510685585 ] } },
{ "type": "Feature", "properties": { "Height": 9.3222503662109393, "Radius": 2.5073133533983873, "height_m": 2.84, "crown_diameter_m": 1.53, "site_id": 807 }, "geometry": { "type": "Point", "coordinates": [ -73.926488788897572, 40.85086648654778 ] } },
{ "type": "Feature", "properties": { "Height": 11.117250442504901, "Radius": 3.8265199286629055, "height_m": 3.39, "crown_diameter_m": 2.33, "site_id": 808 }, "geometry": { "type": "Point", "coordinates": [ -73.926697090671894, 40.850823924975309 ] } },
{ "type": "Feature", "properties": { "Height": 12.4840002059937, "Radius": 4.3974226071262796, "height_m": 3.81, "crown_diameter_m": 2.68, "site_id": 809 }, "geometry": { "type": "Point", "coordinates": [ -73.926749609617843, 40.850821614354722 ] } },
{ "type": "Feature", "properties": { "Height": 11.2565002441406, "Radius": 3.3018348840901828, "height_m": 3.43, "crown_diameter_m": 2.01, "site_id": 810 }, "geometry": { "type": "Point", "coordinates": [ -73.92717253109808, 40.850443733158542 ] } },
{ "type": "Feature", "properties": { "Height": 8.9919996261596697, "Radius": 2.5231325220201604, "height_m": 2.74, "crown_diameter_m": 1.54, "site_id": 811 }, "geometry": { "type": "Point", "coordinates": [ -73.927311416103237, 40.850219917936307 ] } },
{ "type": "Feature", "properties": { "Height": 11.2924995422363, "Radius": 10.566323512885861, "height_m": 3.44, "crown_diameter_m": 6.44, "site_id": 812 }, "geometry": { "type": "Point", "coordinates": [ -73.927526290983664, 40.849745346170749 ] } },
{ "type": "Feature", "properties": { "Height": 9.7110004425048793, "Radius": 2.8209479177387813, "height_m": 2.96, "crown_diameter_m": 1.72, "site_id": 813 }, "geometry": { "type": "Point", "coordinates": [ -73.927531303680169, 40.849695296370854 ] } },
{ "type": "Feature", "properties": { "Height": 8.71350002288818, "Radius": 3.1285825864361585, "height_m": 2.66, "crown_diameter_m": 1.91, "site_id": 814 }, "geometry": { "type": "Point", "coordinates": [ -73.927556939089925, 40.84969180775726 ] } },
{ "type": "Feature", "properties": { "Height": 12.8442497253418, "Radius": 6.1803872323710332, "height_m": 3.91, "crown_diameter_m": 3.77, "site_id": 815 }, "geometry": { "type": "Point", "coordinates": [ -73.927568012875739, 40.849658012040756 ] } },
{ "type": "Feature", "properties": { "Height": 9.6532497406005895, "Radius": 3.6345371475096124, "height_m": 2.94, "crown_diameter_m": 2.22, "site_id": 816 }, "geometry": { "type": "Point", "coordinates": [ -73.927598044244846, 40.849631716714626 ] } },
{ "type": "Feature", "properties": { "Height": 61.793498992919901, "Radius": 34.812143199941552, "height_m": 18.83, "crown_diameter_m": 21.22, "site_id": 817 }, "geometry": { "type": "Point", "coordinates": [ -73.928796100456964, 40.849143578973475 ] } },
{ "type": "Feature", "properties": { "Height": 46.895500183105497, "Radius": 23.640486092024219, "height_m": 14.29, "crown_diameter_m": 14.41, "site_id": 818 }, "geometry": { "type": "Point", "coordinates": [ -73.928677364696156, 40.849278984659961 ] } },
{ "type": "Feature", "properties": { "Height": 12.054750442504901, "Radius": 3.6996385101659595, "height_m": 3.67, "crown_diameter_m": 2.26, "site_id": 819 }, "geometry": { "type": "Point", "coordinates": [ -73.928561509811772, 40.849338496732372 ] } },
{ "type": "Feature", "properties": { "Height": 85.730499267578097, "Radius": 13.599192765483634, "height_m": 26.13, "crown_diameter_m": 8.29, "site_id": 820 }, "geometry": { "type": "Point", "coordinates": [ -73.925736467964768, 40.852011179897083 ] } },
{ "type": "Feature", "properties": { "Height": 88.643997192382798, "Radius": 32.008747962925327, "height_m": 27.02, "crown_diameter_m": 19.51, "site_id": 821 }, "geometry": { "type": "Point", "coordinates": [ -73.925657388272114, 40.852099324919443 ] } },
{ "type": "Feature", "properties": { "Height": 64.425750732421903, "Radius": 20.054539166812571, "height_m": 19.64, "crown_diameter_m": 12.23, "site_id": 822 }, "geometry": { "type": "Point", "coordinates": [ -73.925728672992804, 40.852252187871606 ] } },
{ "type": "Feature", "properties": { "Height": 60.763248443603501, "Radius": 17.908020837886276, "height_m": 18.52, "crown_diameter_m": 10.92, "site_id": 823 }, "geometry": { "type": "Point", "coordinates": [ -73.925633579056964, 40.852236716497046 ] } },
{ "type": "Feature", "properties": { "Height": 74.125251770019503, "Radius": 25.941986756300672, "height_m": 22.59, "crown_diameter_m": 15.81, "site_id": 824 }, "geometry": { "type": "Point", "coordinates": [ -73.925502362707988, 40.852220513036094 ] } },
{ "type": "Feature", "properties": { "Height": 64.104499816894503, "Radius": 20.905489081347621, "height_m": 19.54, "crown_diameter_m": 12.74, "site_id": 825 }, "geometry": { "type": "Point", "coordinates": [ -73.925518574628967, 40.852337778322266 ] } },
{ "type": "Feature", "properties": { "Height": 56.670249938964801, "Radius": 13.715726110367628, "height_m": 17.27, "crown_diameter_m": 8.36, "site_id": 826 }, "geometry": { "type": "Point", "coordinates": [ -73.925612393713195, 40.852311981238522 ] } },
{ "type": "Feature", "properties": { "Height": 63.659500122070298, "Radius": 18.669475765839028, "height_m": 19.4, "crown_diameter_m": 11.38, "site_id": 827 }, "geometry": { "type": "Point", "coordinates": [ -73.925678246037023, 40.85237230979596 ] } },
{ "type": "Feature", "properties": { "Height": 56.652000427246101, "Radius": 15.5843011764478, "height_m": 17.27, "crown_diameter_m": 9.5, "site_id": 828 }, "geometry": { "type": "Point", "coordinates": [ -73.925727057507785, 40.852426589548848 ] } },
{ "type": "Feature", "properties": { "Height": 60.694000244140597, "Radius": 16.086824965400158, "height_m": 18.5, "crown_diameter_m": 9.81, "site_id": 829 }, "geometry": { "type": "Point", "coordinates": [ -73.925734343474801, 40.852539515887571 ] } },
{ "type": "Feature", "properties": { "Height": 82.527748107910199, "Radius": 48.277785410157968, "height_m": 25.15, "crown_diameter_m": 29.43, "site_id": 830 }, "geometry": { "type": "Point", "coordinates": [ -73.925492725468231, 40.85249190778682 ] } },
{ "type": "Feature", "properties": { "Height": 39.666000366210902, "Radius": 14.339741506551949, "height_m": 12.09, "crown_diameter_m": 8.74, "site_id": 831 }, "geometry": { "type": "Point", "coordinates": [ -73.925660920730607, 40.852578240164569 ] } },
{ "type": "Feature", "properties": { "Height": 52.877498626708999, "Radius": 10.826708437340544, "height_m": 16.12, "crown_diameter_m": 6.6, "site_id": 832 }, "geometry": { "type": "Point", "coordinates": [ -73.925512090774603, 40.852619813512518 ] } },
{ "type": "Feature", "properties": { "Height": 84.633003234863295, "Radius": 26.57386841426629, "height_m": 25.8, "crown_diameter_m": 16.2, "site_id": 833 }, "geometry": { "type": "Point", "coordinates": [ -73.925298741741074, 40.852631283797805 ] } },
{ "type": "Feature", "properties": { "Height": 69.321998596191406, "Radius": 26.831648944412432, "height_m": 21.13, "crown_diameter_m": 16.36, "site_id": 834 }, "geometry": { "type": "Point", "coordinates": [ -73.925671178491953, 40.852668933481141 ] } },
{ "type": "Feature", "properties": { "Height": 71.591247558593807, "Radius": 22.066593493098427, "height_m": 21.82, "crown_diameter_m": 13.45, "site_id": 835 }, "geometry": { "type": "Point", "coordinates": [ -73.925480333307419, 40.852671136331999 ] } },
{ "type": "Feature", "properties": { "Height": 69.537002563476605, "Radius": 16.803001786735081, "height_m": 21.19, "crown_diameter_m": 10.24, "site_id": 836 }, "geometry": { "type": "Point", "coordinates": [ -73.925567681299484, 40.852776698816918 ] } },
{ "type": "Feature", "properties": { "Height": 92.863372802734403, "Radius": 46.592632719920992, "height_m": 28.3, "crown_diameter_m": 28.4, "site_id": 837 }, "geometry": { "type": "Point", "coordinates": [ -73.925316228551893, 40.852781051371892 ] } },
{ "type": "Feature", "properties": { "Height": 60.367000579833999, "Radius": 22.228282003537501, "height_m": 18.4, "crown_diameter_m": 13.55, "site_id": 838 }, "geometry": { "type": "Point", "coordinates": [ -73.925112588898273, 40.852826677840312 ] } },
{ "type": "Feature", "properties": { "Height": 61.329498291015597, "Radius": 17.760774116241009, "height_m": 18.69, "crown_diameter_m": 10.83, "site_id": 839 }, "geometry": { "type": "Point", "coordinates": [ -73.92549793582134, 40.852843975446177 ] } },
{ "type": "Feature", "properties": { "Height": 55.667373657226598, "Radius": 13.715726110367628, "height_m": 16.97, "crown_diameter_m": 8.36, "site_id": 840 }, "geometry": { "type": "Point", "coordinates": [ -73.925177614179475, 40.852887451884484 ] } },
{ "type": "Feature", "properties": { "Height": 93.683746337890597, "Radius": 36.541893390203555, "height_m": 28.55, "crown_diameter_m": 22.28, "site_id": 841 }, "geometry": { "type": "Point", "coordinates": [ -73.925673610590877, 40.852848511977292 ] } },
{ "type": "Feature", "properties": { "Height": 81.744125366210895, "Radius": 23.16614918595387, "height_m": 24.92, "crown_diameter_m": 14.12, "site_id": 842 }, "geometry": { "type": "Point", "coordinates": [ -73.925011326976232, 40.852925204181943 ] } },
{ "type": "Feature", "properties": { "Height": 93.6356201171875, "Radius": 35.07970951970006, "height_m": 28.54, "crown_diameter_m": 21.38, "site_id": 843 }, "geometry": { "type": "Point", "coordinates": [ -73.925233197991815, 40.852985449694962 ] } },
{ "type": "Feature", "properties": { "Height": 78.066001892089801, "Radius": 20.928315827817965, "height_m": 23.79, "crown_diameter_m": 12.76, "site_id": 844 }, "geometry": { "type": "Point", "coordinates": [ -73.925035963688657, 40.852996717421028 ] } },
{ "type": "Feature", "properties": { "Height": 84.698997497558594, "Radius": 19.372334805352949, "height_m": 25.82, "crown_diameter_m": 11.81, "site_id": 845 }, "geometry": { "type": "Point", "coordinates": [ -73.925337057824763, 40.85301497203691 ] } },
{ "type": "Feature", "properties": { "Height": 99.074752807617202, "Radius": 46.029019134012735, "height_m": 30.2, "crown_diameter_m": 28.06, "site_id": 846 }, "geometry": { "type": "Point", "coordinates": [ -73.925574149620473, 40.853025557431145 ] } },
{ "type": "Feature", "properties": { "Height": 88.859001159667997, "Radius": 24.553592902711806, "height_m": 27.08, "crown_diameter_m": 14.97, "site_id": 847 }, "geometry": { "type": "Point", "coordinates": [ -73.925086496901571, 40.853112225678011 ] } },
{ "type": "Feature", "properties": { "Height": 53.855998992919901, "Radius": 20.196883896891812, "height_m": 16.42, "crown_diameter_m": 12.31, "site_id": 848 }, "geometry": { "type": "Point", "coordinates": [ -73.924855124651643, 40.853129994983028 ] } },
{ "type": "Feature", "properties": { "Height": 93.747749328613295, "Radius": 24.573031031817198, "height_m": 28.57, "crown_diameter_m": 14.98, "site_id": 849 }, "geometry": { "type": "Point", "coordinates": [ -73.92532147510461, 40.853104290710135 ] } },
{ "type": "Feature", "properties": { "Height": 89.886253356933594, "Radius": 15.450968080927582, "height_m": 27.4, "crown_diameter_m": 9.42, "site_id": 850 }, "geometry": { "type": "Point", "coordinates": [ -73.925495922804004, 40.853146148488037 ] } },
{ "type": "Feature", "properties": { "Height": 92.971000671386705, "Radius": 24.112092549480099, "height_m": 28.34, "crown_diameter_m": 14.7, "site_id": 851 }, "geometry": { "type": "Point", "coordinates": [ -73.925168893524088, 40.853251531160332 ] } },
{ "type": "Feature", "properties": { "Height": 79.024002075195298, "Radius": 19.794935460673933, "height_m": 24.09, "crown_diameter_m": 12.07, "site_id": 852 }, "geometry": { "type": "Point", "coordinates": [ -73.925076264531967, 40.853192302444718 ] } },
{ "type": "Feature", "properties": { "Height": 86.240753173828097, "Radius": 25.744917178079991, "height_m": 26.29, "crown_diameter_m": 15.69, "site_id": 853 }, "geometry": { "type": "Point", "coordinates": [ -73.925710485679957, 40.853203522095747 ] } },
{ "type": "Feature", "properties": { "Height": 92.996498107910199, "Radius": 15.522905135351742, "height_m": 28.35, "crown_diameter_m": 9.46, "site_id": 854 }, "geometry": { "type": "Point", "coordinates": [ -73.925317586169882, 40.853210121158781 ] } },
{ "type": "Feature", "properties": { "Height": 94.225997924804702, "Radius": 15.797308339337176, "height_m": 28.72, "crown_diameter_m": 9.63, "site_id": 855 }, "geometry": { "type": "Point", "coordinates": [ -73.925234986293006, 40.853238744709863 ] } },
{ "type": "Feature", "properties": { "Height": 91.525749206542997, "Radius": 20.867389014906145, "height_m": 27.9, "crown_diameter_m": 12.72, "site_id": 856 }, "geometry": { "type": "Point", "coordinates": [ -73.925405808703545, 40.853205662271634 ] } },
{ "type": "Feature", "properties": { "Height": 95.341003417968807, "Radius": 42.01129302244307, "height_m": 29.06, "crown_diameter_m": 25.61, "site_id": 857 }, "geometry": { "type": "Point", "coordinates": [ -73.924908257612032, 40.853269333814865 ] } },
{ "type": "Feature", "properties": { "Height": 99.936996459960895, "Radius": 55.802742218142633, "height_m": 30.46, "crown_diameter_m": 34.02, "site_id": 858 }, "geometry": { "type": "Point", "coordinates": [ -73.925586166055339, 40.853362201323627 ] } },
{ "type": "Feature", "properties": { "Height": 95.929496765136705, "Radius": 29.103652814295788, "height_m": 29.24, "crown_diameter_m": 17.74, "site_id": 859 }, "geometry": { "type": "Point", "coordinates": [ -73.925293643916618, 40.853339331589019 ] } },
{ "type": "Feature", "properties": { "Height": 83.178001403808594, "Radius": 18.106882193500471, "height_m": 25.35, "crown_diameter_m": 11.04, "site_id": 860 }, "geometry": { "type": "Point", "coordinates": [ -73.924852504177366, 40.853393060160592 ] } },
{ "type": "Feature", "properties": { "Height": 83.242996215820298, "Radius": 21.491106180294217, "height_m": 25.37, "crown_diameter_m": 13.1, "site_id": 861 }, "geometry": { "type": "Point", "coordinates": [ -73.925010193815268, 40.853388556755846 ] } },
{ "type": "Feature", "properties": { "Height": 85.741500854492202, "Radius": 16.944483389521771, "height_m": 26.13, "crown_diameter_m": 10.33, "site_id": 862 }, "geometry": { "type": "Point", "coordinates": [ -73.925121038647504, 40.853377666170722 ] } },
{ "type": "Feature", "properties": { "Height": 95.966751098632798, "Radius": 23.983034927508857, "height_m": 29.25, "crown_diameter_m": 14.62, "site_id": 863 }, "geometry": { "type": "Point", "coordinates": [ -73.925396826402775, 40.853463626561336 ] } },
{ "type": "Feature", "properties": { "Height": 73.702003479003906, "Radius": 19.349728773904914, "height_m": 22.46, "crown_diameter_m": 11.8, "site_id": 864 }, "geometry": { "type": "Point", "coordinates": [ -73.924731564769729, 40.853400569760524 ] } },
{ "type": "Feature", "properties": { "Height": 49.920249938964801, "Radius": 12.322086499845234, "height_m": 15.22, "crown_diameter_m": 7.51, "site_id": 865 }, "geometry": { "type": "Point", "coordinates": [ -73.924640488188459, 40.853428371509253 ] } },
{ "type": "Feature", "properties": { "Height": 86.365997314453097, "Radius": 26.075082298788182, "height_m": 26.32, "crown_diameter_m": 15.9, "site_id": 866 }, "geometry": { "type": "Point", "coordinates": [ -73.92523580913695, 40.853464705570047 ] } },
{ "type": "Feature", "properties": { "Height": 91.158500671386705, "Radius": 21.638711666278937, "height_m": 27.79, "crown_diameter_m": 13.19, "site_id": 867 }, "geometry": { "type": "Point", "coordinates": [ -73.925091450145558, 40.853554878990479 ] } },
{ "type": "Feature", "properties": { "Height": 91.237998962402301, "Radius": 26.714242733494402, "height_m": 27.81, "crown_diameter_m": 16.29, "site_id": 868 }, "geometry": { "type": "Point", "coordinates": [ -73.924999583216774, 40.853515764088606 ] } },
{ "type": "Feature", "properties": { "Height": 67.695747375488295, "Radius": 16.303029011918774, "height_m": 20.63, "crown_diameter_m": 9.94, "site_id": 869 }, "geometry": { "type": "Point", "coordinates": [ -73.92551626917755, 40.853526018648459 ] } },
{ "type": "Feature", "properties": { "Height": 90.306251525878906, "Radius": 24.214186138512741, "height_m": 27.53, "crown_diameter_m": 14.76, "site_id": 870 }, "geometry": { "type": "Point", "coordinates": [ -73.92488214662886, 40.853523508450358 ] } },
{ "type": "Feature", "properties": { "Height": 91.048500061035199, "Radius": 29.693743191606885, "height_m": 27.75, "crown_diameter_m": 18.1, "site_id": 871 }, "geometry": { "type": "Point", "coordinates": [ -73.925209273925361, 40.853593058829894 ] } },
{ "type": "Feature", "properties": { "Height": 63.5512504577637, "Radius": 20.598715452255583, "height_m": 19.37, "crown_diameter_m": 12.56, "site_id": 872 }, "geometry": { "type": "Point", "coordinates": [ -73.925526505917873, 40.853606842563202 ] } },
{ "type": "Feature", "properties": { "Height": 89.402252197265597, "Radius": 32.647521404946239, "height_m": 27.25, "crown_diameter_m": 19.9, "site_id": 873 }, "geometry": { "type": "Point", "coordinates": [ -73.924735070340603, 40.853525362155025 ] } },
{ "type": "Feature", "properties": { "Height": 62.434501647949197, "Radius": 21.609271228609746, "height_m": 19.03, "crown_diameter_m": 13.17, "site_id": 874 }, "geometry": { "type": "Point", "coordinates": [ -73.925340381654422, 40.853603781256936 ] } },
{ "type": "Feature", "properties": { "Height": 52.108749389648402, "Radius": 17.794346272940903, "height_m": 15.88, "crown_diameter_m": 10.85, "site_id": 875 }, "geometry": { "type": "Point", "coordinates": [ -73.925705723355392, 40.85359067723126 ] } },
{ "type": "Feature", "properties": { "Height": 48.628749847412102, "Radius": 24.404052881639814, "height_m": 14.82, "crown_diameter_m": 14.88, "site_id": 876 }, "geometry": { "type": "Point", "coordinates": [ -73.925429336591066, 40.853661597211364 ] } },
{ "type": "Feature", "properties": { "Height": 79.000999450683594, "Radius": 18.19456736586892, "height_m": 24.08, "crown_diameter_m": 11.09, "site_id": 877 }, "geometry": { "type": "Point", "coordinates": [ -73.924831007568301, 40.853718501776108 ] } },
{ "type": "Feature", "properties": { "Height": 85.108253479003906, "Radius": 22.140398025397776, "height_m": 25.94, "crown_diameter_m": 13.5, "site_id": 878 }, "geometry": { "type": "Point", "coordinates": [ -73.924902037520013, 40.853736585778961 ] } },
{ "type": "Feature", "properties": { "Height": 89.203750610351605, "Radius": 31.648722475778438, "height_m": 27.19, "crown_diameter_m": 19.29, "site_id": 879 }, "geometry": { "type": "Point", "coordinates": [ -73.924706668702385, 40.85365784913752 ] } },
{ "type": "Feature", "properties": { "Height": 56.9747505187988, "Radius": 22.086418916987409, "height_m": 17.37, "crown_diameter_m": 13.46, "site_id": 880 }, "geometry": { "type": "Point", "coordinates": [ -73.925601737610577, 40.853682313564619 ] } },
{ "type": "Feature", "properties": { "Height": 64.271499633789105, "Radius": 20.098140350968553, "height_m": 19.59, "crown_diameter_m": 12.25, "site_id": 881 }, "geometry": { "type": "Point", "coordinates": [ -73.925711705771789, 40.85369323715215 ] } },
{ "type": "Feature", "properties": { "Height": 83.2969970703125, "Radius": 24.644172999690468, "height_m": 25.39, "crown_diameter_m": 15.02, "site_id": 882 }, "geometry": { "type": "Point", "coordinates": [ -73.925001563396293, 40.853684359886245 ] } },
{ "type": "Feature", "properties": { "Height": 54.880500793457003, "Radius": 17.778687155707086, "height_m": 16.73, "crown_diameter_m": 10.84, "site_id": 883 }, "geometry": { "type": "Point", "coordinates": [ -73.925400378230449, 40.853734392226002 ] } },
{ "type": "Feature", "properties": { "Height": 87.491752624511705, "Radius": 27.931658222104733, "height_m": 26.67, "crown_diameter_m": 17.03, "site_id": 884 }, "geometry": { "type": "Point", "coordinates": [ -73.925145677347771, 40.853732189434396 ] } },
{ "type": "Feature", "properties": { "Height": 80.849502563476605, "Radius": 25.038197236202443, "height_m": 24.64, "crown_diameter_m": 15.26, "site_id": 885 }, "geometry": { "type": "Point", "coordinates": [ -73.924414158853452, 40.853731817832589 ] } },
{ "type": "Feature", "properties": { "Height": 78.250999450683594, "Radius": 16.79352729949365, "height_m": 23.85, "crown_diameter_m": 10.24, "site_id": 886 }, "geometry": { "type": "Point", "coordinates": [ -73.92463136914985, 40.853721679029995 ] } },
{ "type": "Feature", "properties": { "Height": 61.152000427246101, "Radius": 31.417812735070132, "height_m": 18.64, "crown_diameter_m": 19.15, "site_id": 887 }, "geometry": { "type": "Point", "coordinates": [ -73.925294740978089, 40.853815482458437 ] } },
{ "type": "Feature", "properties": { "Height": 74.522750854492202, "Radius": 16.400361393131039, "height_m": 22.71, "crown_diameter_m": 10.0, "site_id": 888 }, "geometry": { "type": "Point", "coordinates": [ -73.924660881338767, 40.853790977614011 ] } },
{ "type": "Feature", "properties": { "Height": 97.129249572753906, "Radius": 25.090583440804878, "height_m": 29.6, "crown_diameter_m": 15.3, "site_id": 889 }, "geometry": { "type": "Point", "coordinates": [ -73.925623390604926, 40.853792701659629 ] } },
{ "type": "Feature", "properties": { "Height": 61.269748687744098, "Radius": 15.85764200898717, "height_m": 18.68, "crown_diameter_m": 9.67, "site_id": 890 }, "geometry": { "type": "Point", "coordinates": [ -73.924792506512929, 40.85381003144704 ] } },
{ "type": "Feature", "properties": { "Height": 105.38249969482401, "Radius": 13.41953121791069, "height_m": 32.12, "crown_diameter_m": 8.18, "site_id": 891 }, "geometry": { "type": "Point", "coordinates": [ -73.925508600896094, 40.853823521656658 ] } },
{ "type": "Feature", "properties": { "Height": 97.199752807617202, "Radius": 24.482187722588801, "height_m": 29.63, "crown_diameter_m": 14.92, "site_id": 892 }, "geometry": { "type": "Point", "coordinates": [ -73.924575360126894, 40.853817961689394 ] } },
{ "type": "Feature", "properties": { "Height": 90.926246643066406, "Radius": 29.109120856206751, "height_m": 27.71, "crown_diameter_m": 17.74, "site_id": 893 }, "geometry": { "type": "Point", "coordinates": [ -73.925000611218024, 40.853849359911358 ] } },
{ "type": "Feature", "properties": { "Height": 105.77749633789099, "Radius": 11.32602684669552, "height_m": 32.24, "crown_diameter_m": 6.9, "site_id": 894 }, "geometry": { "type": "Point", "coordinates": [ -73.925557384215296, 40.853883649239883 ] } },
{ "type": "Feature", "properties": { "Height": 41.318748474121101, "Radius": 20.074369626682653, "height_m": 12.59, "crown_diameter_m": 12.24, "site_id": 895 }, "geometry": { "type": "Point", "coordinates": [ -73.925161111829567, 40.853868763472597 ] } },
{ "type": "Feature", "properties": { "Height": 99.944000244140597, "Radius": 27.587659158860209, "height_m": 30.46, "crown_diameter_m": 16.82, "site_id": 896 }, "geometry": { "type": "Point", "coordinates": [ -73.925368884945314, 40.853958756304188 ] } },
{ "type": "Feature", "properties": { "Height": 88.504249572753906, "Radius": 12.02134303343187, "height_m": 26.98, "crown_diameter_m": 7.33, "site_id": 897 }, "geometry": { "type": "Point", "coordinates": [ -73.92572919390139, 40.853909816594765 ] } },
{ "type": "Feature", "properties": { "Height": 44.599250793457003, "Radius": 11.493415626621754, "height_m": 13.59, "crown_diameter_m": 7.01, "site_id": 898 }, "geometry": { "type": "Point", "coordinates": [ -73.925063816347304, 40.853929621259624 ] } },
{ "type": "Feature", "properties": { "Height": 84.006752014160199, "Radius": 29.992394675240465, "height_m": 25.61, "crown_diameter_m": 18.28, "site_id": 899 }, "geometry": { "type": "Point", "coordinates": [ -73.924798121666313, 40.853906828928437 ] } },
{ "type": "Feature", "properties": { "Height": 63.834373474121101, "Radius": 21.110041228223761, "height_m": 19.46, "crown_diameter_m": 12.87, "site_id": 900 }, "geometry": { "type": "Point", "coordinates": [ -73.925200536277913, 40.853984974041758 ] } },
{ "type": "Feature", "properties": { "Height": 120.69075012207, "Radius": 23.884951193437654, "height_m": 36.79, "crown_diameter_m": 14.56, "site_id": 901 }, "geometry": { "type": "Point", "coordinates": [ -73.925499332025879, 40.853934209476527 ] } },
{ "type": "Feature", "properties": { "Height": 44.044750213622997, "Radius": 14.820047957642226, "height_m": 13.42, "crown_diameter_m": 9.03, "site_id": 902 }, "geometry": { "type": "Point", "coordinates": [ -73.92512778195983, 40.853961302456121 ] } },
{ "type": "Feature", "properties": { "Height": 112.252250671387, "Radius": 31.091914131171986, "height_m": 34.21, "crown_diameter_m": 18.95, "site_id": 903 }, "geometry": { "type": "Point", "coordinates": [ -73.925673344433307, 40.853920847665499 ] } },
{ "type": "Feature", "properties": { "Height": 103.528999328613, "Radius": 35.807153217594788, "height_m": 31.56, "crown_diameter_m": 21.83, "site_id": 904 }, "geometry": { "type": "Point", "coordinates": [ -73.924569118463253, 40.853940303773378 ] } },
{ "type": "Feature", "properties": { "Height": 22.736499786376999, "Radius": 10.752956158948198, "height_m": 6.93, "crown_diameter_m": 6.56, "site_id": 905 }, "geometry": { "type": "Point", "coordinates": [ -73.92424852842538, 40.853996635568492 ] } },
{ "type": "Feature", "properties": { "Height": 96.979499816894503, "Radius": 31.751645422176331, "height_m": 29.56, "crown_diameter_m": 19.36, "site_id": 906 }, "geometry": { "type": "Point", "coordinates": [ -73.924380502534319, 40.854021971027223 ] } },
{ "type": "Feature", "properties": { "Height": 48.998748779296903, "Radius": 32.782522069359203, "height_m": 14.93, "crown_diameter_m": 19.98, "site_id": 907 }, "geometry": { "type": "Point", "coordinates": [ -73.924991088714449, 40.854021197193745 ] } },
{ "type": "Feature", "properties": { "Height": 73.439498901367202, "Radius": 13.086279790944385, "height_m": 22.38, "crown_diameter_m": 7.98, "site_id": 908 }, "geometry": { "type": "Point", "coordinates": [ -73.92450756155182, 40.853997666232786 ] } },
{ "type": "Feature", "properties": { "Height": 98.778503417968807, "Radius": 14.980269348699055, "height_m": 30.11, "crown_diameter_m": 9.13, "site_id": 909 }, "geometry": { "type": "Point", "coordinates": [ -73.925472629016596, 40.854034787922096 ] } },
{ "type": "Feature", "properties": { "Height": 101.16300201416, "Radius": 26.026206750102993, "height_m": 30.83, "crown_diameter_m": 15.87, "site_id": 910 }, "geometry": { "type": "Point", "coordinates": [ -73.924682474960235, 40.85408859961607 ] } },
{ "type": "Feature", "properties": { "Height": 97.295249938964801, "Radius": 36.979173477047382, "height_m": 29.66, "crown_diameter_m": 22.54, "site_id": 911 }, "geometry": { "type": "Point", "coordinates": [ -73.924813043689056, 40.854109013377034 ] } },
{ "type": "Feature", "properties": { "Height": 100.949249267578, "Radius": 26.324145232506833, "height_m": 30.77, "crown_diameter_m": 16.05, "site_id": 912 }, "geometry": { "type": "Point", "coordinates": [ -73.925267639909762, 40.854070611936294 ] } },
{ "type": "Feature", "properties": { "Height": 25.753250122070298, "Radius": 12.961020115465276, "height_m": 7.85, "crown_diameter_m": 7.9, "site_id": 913 }, "geometry": { "type": "Point", "coordinates": [ -73.924191950320932, 40.854063977672176 ] } },
{ "type": "Feature", "properties": { "Height": 107.56874847412099, "Radius": 35.002496366993746, "height_m": 32.79, "crown_diameter_m": 21.34, "site_id": 914 }, "geometry": { "type": "Point", "coordinates": [ -73.925646460504367, 40.854097574286037 ] } },
{ "type": "Feature", "properties": { "Height": 64.736251831054702, "Radius": 25.619425936405687, "height_m": 19.73, "crown_diameter_m": 15.62, "site_id": 915 }, "geometry": { "type": "Point", "coordinates": [ -73.925152213166498, 40.854145276989655 ] } },
{ "type": "Feature", "properties": { "Height": 23.3815002441406, "Radius": 11.631066229203196, "height_m": 7.13, "crown_diameter_m": 7.09, "site_id": 916 }, "geometry": { "type": "Point", "coordinates": [ -73.924134633816749, 40.854137060794727 ] } },
{ "type": "Feature", "properties": { "Height": 74.286750793457003, "Radius": 20.192943425895987, "height_m": 22.64, "crown_diameter_m": 12.31, "site_id": 917 }, "geometry": { "type": "Point", "coordinates": [ -73.924342299859376, 40.854139289010888 ] } },
{ "type": "Feature", "properties": { "Height": 91.347251892089801, "Radius": 33.090572803628525, "height_m": 27.84, "crown_diameter_m": 20.17, "site_id": 918 }, "geometry": { "type": "Point", "coordinates": [ -73.924519068988062, 40.854158515929086 ] } },
{ "type": "Feature", "properties": { "Height": 109.010749816895, "Radius": 35.935820684209212, "height_m": 33.23, "crown_diameter_m": 21.91, "site_id": 919 }, "geometry": { "type": "Point", "coordinates": [ -73.925472157057797, 40.854173392147615 ] } },
{ "type": "Feature", "properties": { "Height": 52.416999816894503, "Radius": 15.990072422510471, "height_m": 15.98, "crown_diameter_m": 9.75, "site_id": 920 }, "geometry": { "type": "Point", "coordinates": [ -73.924214375731808, 40.854161700221781 ] } },
{ "type": "Feature", "properties": { "Height": 73.159248352050795, "Radius": 27.24953920702583, "height_m": 22.3, "crown_diameter_m": 16.61, "site_id": 921 }, "geometry": { "type": "Point", "coordinates": [ -73.924275593925472, 40.854228243508004 ] } },
{ "type": "Feature", "properties": { "Height": 72.277000427246094, "Radius": 29.288993551594018, "height_m": 22.03, "crown_diameter_m": 17.85, "site_id": 922 }, "geometry": { "type": "Point", "coordinates": [ -73.924934463790322, 40.854209483723956 ] } },
{ "type": "Feature", "properties": { "Height": 26.7465000152588, "Radius": 11.777246405870379, "height_m": 8.15, "crown_diameter_m": 7.18, "site_id": 923 }, "geometry": { "type": "Point", "coordinates": [ -73.924088033154348, 40.854207352212427 ] } },
{ "type": "Feature", "properties": { "Height": 84.247253417968807, "Radius": 20.400739598977932, "height_m": 25.68, "crown_diameter_m": 12.44, "site_id": 924 }, "geometry": { "type": "Point", "coordinates": [ -73.925326658193057, 40.854220373949026 ] } },
{ "type": "Feature", "properties": { "Height": 79.900749206542997, "Radius": 19.851136972363392, "height_m": 24.35, "crown_diameter_m": 12.1, "site_id": 925 }, "geometry": { "type": "Point", "coordinates": [ -73.925682151540414, 40.85421679532314 ] } },
{ "type": "Feature", "properties": { "Height": 41.917751312255902, "Radius": 11.368105109938904, "height_m": 12.78, "crown_diameter_m": 6.93, "site_id": 926 }, "geometry": { "type": "Point", "coordinates": [ -73.925129017689869, 40.854254222291985 ] } },
{ "type": "Feature", "properties": { "Height": 61.301750183105497, "Radius": 16.622063085174787, "height_m": 18.68, "crown_diameter_m": 10.13, "site_id": 927 }, "geometry": { "type": "Point", "coordinates": [ -73.925232907874843, 40.854226814776759 ] } },
{ "type": "Feature", "properties": { "Height": 69.653503417968807, "Radius": 18.62466639885896, "height_m": 21.23, "crown_diameter_m": 11.35, "site_id": 928 }, "geometry": { "type": "Point", "coordinates": [ -73.924358962230343, 40.854280384419468 ] } },
{ "type": "Feature", "properties": { "Height": 52.503250122070298, "Radius": 21.550269695346056, "height_m": 16.0, "crown_diameter_m": 13.14, "site_id": 929 }, "geometry": { "type": "Point", "coordinates": [ -73.924841974798937, 40.8543076869232 ] } },
{ "type": "Feature", "properties": { "Height": 66.086746215820298, "Radius": 15.49211587171288, "height_m": 20.14, "crown_diameter_m": 9.44, "site_id": 930 }, "geometry": { "type": "Point", "coordinates": [ -73.925413228831189, 40.854286777252106 ] } },
{ "type": "Feature", "properties": { "Height": 78.696502685546903, "Radius": 15.26443044094783, "height_m": 23.99, "crown_diameter_m": 9.31, "site_id": 931 }, "geometry": { "type": "Point", "coordinates": [ -73.924552506267929, 40.854272180710026 ] } },
{ "type": "Feature", "properties": { "Height": 82.068252563476605, "Radius": 21.734117674677879, "height_m": 25.01, "crown_diameter_m": 13.25, "site_id": 932 }, "geometry": { "type": "Point", "coordinates": [ -73.925676297147618, 40.854308507494288 ] } },
{ "type": "Feature", "properties": { "Height": 64.538497924804702, "Radius": 13.738914167683992, "height_m": 19.67, "crown_diameter_m": 8.38, "site_id": 933 }, "geometry": { "type": "Point", "coordinates": [ -73.925619858970137, 40.854344045030629 ] } },
{ "type": "Feature", "properties": { "Height": 107.603996276855, "Radius": 20.306906646535332, "height_m": 32.8, "crown_diameter_m": 12.38, "site_id": 934 }, "geometry": { "type": "Point", "coordinates": [ -73.92501316129227, 40.854303518283608 ] } },
{ "type": "Feature", "properties": { "Height": 54.344249725341797, "Radius": 16.042242454831392, "height_m": 16.56, "crown_diameter_m": 9.78, "site_id": 935 }, "geometry": { "type": "Point", "coordinates": [ -73.925132169495257, 40.854295738788963 ] } },
{ "type": "Feature", "properties": { "Height": 56.059501647949197, "Radius": 21.228453108144777, "height_m": 17.09, "crown_diameter_m": 12.94, "site_id": 936 }, "geometry": { "type": "Point", "coordinates": [ -73.924019007063123, 40.854310847068355 ] } },
{ "type": "Feature", "properties": { "Height": 92.979499816894503, "Radius": 27.994266194785183, "height_m": 28.34, "crown_diameter_m": 17.07, "site_id": 937 }, "geometry": { "type": "Point", "coordinates": [ -73.924653100460517, 40.854311144976855 ] } },
{ "type": "Feature", "properties": { "Height": 56.851749420166001, "Radius": 23.513916566604646, "height_m": 17.33, "crown_diameter_m": 14.33, "site_id": 938 }, "geometry": { "type": "Point", "coordinates": [ -73.925278939161132, 40.854328690169375 ] } },
{ "type": "Feature", "properties": { "Height": 106.730499267578, "Radius": 23.74963406702674, "height_m": 32.53, "crown_diameter_m": 14.48, "site_id": 939 }, "geometry": { "type": "Point", "coordinates": [ -73.924749106516344, 40.854376106049031 ] } },
{ "type": "Feature", "properties": { "Height": 94.981498718261705, "Radius": 25.829779740470595, "height_m": 28.95, "crown_diameter_m": 15.75, "site_id": 940 }, "geometry": { "type": "Point", "coordinates": [ -73.925154424311259, 40.854394594758752 ] } },
{ "type": "Feature", "properties": { "Height": 73.611000061035199, "Radius": 11.283791670955125, "height_m": 22.44, "crown_diameter_m": 6.88, "site_id": 941 }, "geometry": { "type": "Point", "coordinates": [ -73.925747453465561, 40.854355458105793 ] } },
{ "type": "Feature", "properties": { "Height": 83.152748107910199, "Radius": 26.995749376851695, "height_m": 25.34, "crown_diameter_m": 16.46, "site_id": 942 }, "geometry": { "type": "Point", "coordinates": [ -73.924281631751001, 40.854406298020734 ] } },
{ "type": "Feature", "properties": { "Height": 99.188003540039105, "Radius": 30.31436361549758, "height_m": 30.23, "crown_diameter_m": 18.48, "site_id": 943 }, "geometry": { "type": "Point", "coordinates": [ -73.924392400685164, 40.854416824471748 ] } },
{ "type": "Feature", "properties": { "Height": 114.102996826172, "Radius": 34.141628596261214, "height_m": 34.78, "crown_diameter_m": 20.81, "site_id": 944 }, "geometry": { "type": "Point", "coordinates": [ -73.925471564719615, 40.854387673582579 ] } },
{ "type": "Feature", "properties": { "Height": 56.652000427246101, "Radius": 12.318857018332594, "height_m": 17.27, "crown_diameter_m": 7.51, "site_id": 945 }, "geometry": { "type": "Point", "coordinates": [ -73.925684546943927, 40.854421863053695 ] } },
{ "type": "Feature", "properties": { "Height": 96.642753601074205, "Radius": 29.348706138658606, "height_m": 29.46, "crown_diameter_m": 17.89, "site_id": 946 }, "geometry": { "type": "Point", "coordinates": [ -73.924538992022832, 40.854409304093842 ] } },
{ "type": "Feature", "properties": { "Height": 44.647499084472699, "Radius": 10.600159896099592, "height_m": 13.61, "crown_diameter_m": 6.46, "site_id": 947 }, "geometry": { "type": "Point", "coordinates": [ -73.924899933375073, 40.854428994733695 ] } },
{ "type": "Feature", "properties": { "Height": 107.708251953125, "Radius": 25.476142917026298, "height_m": 32.83, "crown_diameter_m": 15.53, "site_id": 948 }, "geometry": { "type": "Point", "coordinates": [ -73.92498699804851, 40.854421055014107 ] } },
{ "type": "Feature", "properties": { "Height": 51.474498748779297, "Radius": 20.373416296332412, "height_m": 15.69, "crown_diameter_m": 12.42, "site_id": 949 }, "geometry": { "type": "Point", "coordinates": [ -73.925508563063929, 40.854469357631707 ] } },
{ "type": "Feature", "properties": { "Height": 50.057498931884801, "Radius": 21.609271228609746, "height_m": 15.26, "crown_diameter_m": 13.17, "site_id": 950 }, "geometry": { "type": "Point", "coordinates": [ -73.925271620473524, 40.854464957680051 ] } },
{ "type": "Feature", "properties": { "Height": 55.953750610351598, "Radius": 14.059531973722809, "height_m": 17.05, "crown_diameter_m": 8.57, "site_id": 951 }, "geometry": { "type": "Point", "coordinates": [ -73.9256561758733, 40.854467874288019 ] } },
{ "type": "Feature", "properties": { "Height": 102.69425201416, "Radius": 25.152353742548311, "height_m": 31.3, "crown_diameter_m": 15.33, "site_id": 952 }, "geometry": { "type": "Point", "coordinates": [ -73.924765433990586, 40.85446704380837 ] } },
{ "type": "Feature", "properties": { "Height": 79.822746276855497, "Radius": 32.649958787562277, "height_m": 24.33, "crown_diameter_m": 19.9, "site_id": 953 }, "geometry": { "type": "Point", "coordinates": [ -73.924118228084978, 40.854424281529752 ] } },
{ "type": "Feature", "properties": { "Height": 67.615997314453097, "Radius": 14.570953780881622, "height_m": 20.61, "crown_diameter_m": 8.88, "site_id": 954 }, "geometry": { "type": "Point", "coordinates": [ -73.92574108038373, 40.854542157367902 ] } },
{ "type": "Feature", "properties": { "Height": 91.364997863769503, "Radius": 24.2437456849879, "height_m": 27.85, "crown_diameter_m": 14.78, "site_id": 955 }, "geometry": { "type": "Point", "coordinates": [ -73.924170754734618, 40.854545736514019 ] } },
{ "type": "Feature", "properties": { "Height": 50.617000579833999, "Radius": 13.398760233979035, "height_m": 15.43, "crown_diameter_m": 8.17, "site_id": 956 }, "geometry": { "type": "Point", "coordinates": [ -73.925498267964471, 40.854557000303856 ] } },
{ "type": "Feature", "properties": { "Height": 100.867752075195, "Radius": 31.569419596208114, "height_m": 30.74, "crown_diameter_m": 19.24, "site_id": 957 }, "geometry": { "type": "Point", "coordinates": [ -73.924533599615359, 40.854561758247264 ] } },
{ "type": "Feature", "properties": { "Height": 77.215751647949205, "Radius": 28.263026366230189, "height_m": 23.54, "crown_diameter_m": 17.23, "site_id": 958 }, "geometry": { "type": "Point", "coordinates": [ -73.925624040189973, 40.854554470932008 ] } },
{ "type": "Feature", "properties": { "Height": 83.667999267578097, "Radius": 34.89547921430642, "height_m": 25.5, "crown_diameter_m": 21.27, "site_id": 959 }, "geometry": { "type": "Point", "coordinates": [ -73.923909627729458, 40.854532006786656 ] } },
{ "type": "Feature", "properties": { "Height": 86.6197509765625, "Radius": 18.437867513470433, "height_m": 26.4, "crown_diameter_m": 11.24, "site_id": 960 }, "geometry": { "type": "Point", "coordinates": [ -73.924666508814084, 40.854574083689045 ] } },
{ "type": "Feature", "properties": { "Height": 121.04450225830099, "Radius": 21.047750095824746, "height_m": 36.89, "crown_diameter_m": 12.83, "site_id": 961 }, "geometry": { "type": "Point", "coordinates": [ -73.92495304043095, 40.854533434055085 ] } },
{ "type": "Feature", "properties": { "Height": 55.405250549316399, "Radius": 18.609705966725112, "height_m": 16.89, "crown_diameter_m": 11.34, "site_id": 962 }, "geometry": { "type": "Point", "coordinates": [ -73.925397983416161, 40.854580609414668 ] } },
{ "type": "Feature", "properties": { "Height": 107.19024658203099, "Radius": 33.124223427508859, "height_m": 32.67, "crown_diameter_m": 20.19, "site_id": 963 }, "geometry": { "type": "Point", "coordinates": [ -73.925117969854568, 40.854556031894994 ] } },
{ "type": "Feature", "properties": { "Height": 124.56925201416, "Radius": 12.753679933255228, "height_m": 37.97, "crown_diameter_m": 7.77, "site_id": 964 }, "geometry": { "type": "Point", "coordinates": [ -73.924870387076936, 40.854599406982075 ] } },
{ "type": "Feature", "properties": { "Height": 120.801750183105, "Radius": 22.404791686419177, "height_m": 36.82, "crown_diameter_m": 13.66, "site_id": 965 }, "geometry": { "type": "Point", "coordinates": [ -73.924795142875823, 40.854569427427585 ] } },
{ "type": "Feature", "properties": { "Height": 71.543251037597699, "Radius": 14.516237276018515, "height_m": 21.81, "crown_diameter_m": 8.85, "site_id": 966 }, "geometry": { "type": "Point", "coordinates": [ -73.925457153879208, 40.854621708263295 ] } },
{ "type": "Feature", "properties": { "Height": 119.20424652099599, "Radius": 28.36140127684877, "height_m": 36.33, "crown_diameter_m": 17.29, "site_id": 967 }, "geometry": { "type": "Point", "coordinates": [ -73.925012160510633, 40.854664172504357 ] } },
{ "type": "Feature", "properties": { "Height": 84.761749267578097, "Radius": 17.398640802108218, "height_m": 25.84, "crown_diameter_m": 10.61, "site_id": 968 }, "geometry": { "type": "Point", "coordinates": [ -73.925533651666115, 40.854659406305402 ] } },
{ "type": "Feature", "properties": { "Height": 130.73875427246099, "Radius": 22.14399195416512, "height_m": 39.85, "crown_diameter_m": 13.5, "site_id": 969 }, "geometry": { "type": "Point", "coordinates": [ -73.924814067459451, 40.854682637820027 ] } },
{ "type": "Feature", "properties": { "Height": 94.255996704101605, "Radius": 22.039530083839459, "height_m": 28.73, "crown_diameter_m": 13.44, "site_id": 970 }, "geometry": { "type": "Point", "coordinates": [ -73.924093392117939, 40.854656620763144 ] } },
{ "type": "Feature", "properties": { "Height": 100.88124847412099, "Radius": 35.034310627222233, "height_m": 30.75, "crown_diameter_m": 21.36, "site_id": 971 }, "geometry": { "type": "Point", "coordinates": [ -73.924415004885191, 40.854677969153116 ] } },
{ "type": "Feature", "properties": { "Height": 88.395248413085895, "Radius": 33.41126712422853, "height_m": 26.94, "crown_diameter_m": 20.37, "site_id": 972 }, "geometry": { "type": "Point", "coordinates": [ -73.923939933696801, 40.85469501659523 ] } },
{ "type": "Feature", "properties": { "Height": 101.82550048828099, "Radius": 28.445451845228195, "height_m": 31.04, "crown_diameter_m": 17.34, "site_id": 973 }, "geometry": { "type": "Point", "coordinates": [ -73.925258292943624, 40.854616624197696 ] } },
{ "type": "Feature", "properties": { "Height": 99.018501281738295, "Radius": 32.488699305842488, "height_m": 30.18, "crown_diameter_m": 19.81, "site_id": 974 }, "geometry": { "type": "Point", "coordinates": [ -73.924256444538301, 40.854650774781071 ] } },
{ "type": "Feature", "properties": { "Height": 90.247253417968807, "Radius": 33.783133319927288, "height_m": 27.51, "crown_diameter_m": 20.59, "site_id": 975 }, "geometry": { "type": "Point", "coordinates": [ -73.925406830401585, 40.854762789021564 ] } },
{ "type": "Feature", "properties": { "Height": 92.563003540039105, "Radius": 26.570873669408158, "height_m": 28.21, "crown_diameter_m": 16.2, "site_id": 976 }, "geometry": { "type": "Point", "coordinates": [ -73.923789861674067, 40.854694564564973 ] } },
{ "type": "Feature", "properties": { "Height": 118.677001953125, "Radius": 25.401065711787442, "height_m": 36.17, "crown_diameter_m": 15.48, "site_id": 977 }, "geometry": { "type": "Point", "coordinates": [ -73.924665717310802, 40.854702235688457 ] } },
{ "type": "Feature", "properties": { "Height": 70.648002624511705, "Radius": 27.358832163694121, "height_m": 21.53, "crown_diameter_m": 16.68, "site_id": 978 }, "geometry": { "type": "Point", "coordinates": [ -73.925670836331562, 40.854689006572734 ] } },
{ "type": "Feature", "properties": { "Height": 75.291748046875, "Radius": 23.94650830413693, "height_m": 22.95, "crown_diameter_m": 14.6, "site_id": 979 }, "geometry": { "type": "Point", "coordinates": [ -73.92500482651856, 40.854747231753123 ] } },
{ "type": "Feature", "properties": { "Height": 101.820999145508, "Radius": 28.192548409126221, "height_m": 31.04, "crown_diameter_m": 17.19, "site_id": 980 }, "geometry": { "type": "Point", "coordinates": [ -73.925236700941895, 40.854805724178696 ] } },
{ "type": "Feature", "properties": { "Height": 71.766746520996094, "Radius": 28.347368619873336, "height_m": 21.87, "crown_diameter_m": 17.28, "site_id": 981 }, "geometry": { "type": "Point", "coordinates": [ -73.925611217574584, 40.854805731245307 ] } },
{ "type": "Feature", "properties": { "Height": 116.307746887207, "Radius": 13.622579184763433, "height_m": 35.45, "crown_diameter_m": 8.3, "site_id": 982 }, "geometry": { "type": "Point", "coordinates": [ -73.924637642170907, 40.854798255645981 ] } },
{ "type": "Feature", "properties": { "Height": 127.672500610352, "Radius": 22.715200318375462, "height_m": 38.91, "crown_diameter_m": 13.85, "site_id": 983 }, "geometry": { "type": "Point", "coordinates": [ -73.924838139280922, 40.854774806179478 ] } },
{ "type": "Feature", "properties": { "Height": 96.176246643066406, "Radius": 36.559310880892397, "height_m": 29.31, "crown_diameter_m": 22.29, "site_id": 984 }, "geometry": { "type": "Point", "coordinates": [ -73.924119196107242, 40.854838813425268 ] } },
{ "type": "Feature", "properties": { "Height": 130.26300048828099, "Radius": 31.163495675978737, "height_m": 39.7, "crown_diameter_m": 19.0, "site_id": 985 }, "geometry": { "type": "Point", "coordinates": [ -73.924510875517413, 40.854812353704176 ] } },
{ "type": "Feature", "properties": { "Height": 91.741996765136705, "Radius": 23.055964736417568, "height_m": 27.96, "crown_diameter_m": 14.05, "site_id": 986 }, "geometry": { "type": "Point", "coordinates": [ -73.923972315356536, 40.854843419989919 ] } },
{ "type": "Feature", "properties": { "Height": 96.582496643066406, "Radius": 19.527806933913016, "height_m": 29.44, "crown_diameter_m": 11.9, "site_id": 987 }, "geometry": { "type": "Point", "coordinates": [ -73.923768724714478, 40.854819273143725 ] } },
{ "type": "Feature", "properties": { "Height": 83.530998229980497, "Radius": 28.175607467140328, "height_m": 25.46, "crown_diameter_m": 17.18, "site_id": 988 }, "geometry": { "type": "Point", "coordinates": [ -73.924304559536267, 40.854839162118978 ] } },
{ "type": "Feature", "properties": { "Height": 126.74024963378901, "Radius": 32.277364475426843, "height_m": 38.63, "crown_diameter_m": 19.68, "site_id": 989 }, "geometry": { "type": "Point", "coordinates": [ -73.92478097974768, 40.854880111094026 ] } },
{ "type": "Feature", "properties": { "Height": 41.823501586914098, "Radius": 10.19451704785507, "height_m": 12.75, "crown_diameter_m": 6.21, "site_id": 990 }, "geometry": { "type": "Point", "coordinates": [ -73.925746308626429, 40.854834905040065 ] } },
{ "type": "Feature", "properties": { "Height": 65.407752990722699, "Radius": 32.282294951966023, "height_m": 19.94, "crown_diameter_m": 19.68, "site_id": 991 }, "geometry": { "type": "Point", "coordinates": [ -73.925016579779012, 40.854864789520818 ] } },
{ "type": "Feature", "properties": { "Height": 49.004001617431598, "Radius": 17.316117139391579, "height_m": 14.94, "crown_diameter_m": 10.56, "site_id": 992 }, "geometry": { "type": "Point", "coordinates": [ -73.925127079051222, 40.854883867955493 ] } },
{ "type": "Feature", "properties": { "Height": 114.589248657227, "Radius": 22.169133142001129, "height_m": 34.93, "crown_diameter_m": 13.51, "site_id": 993 }, "geometry": { "type": "Point", "coordinates": [ -73.924651595130683, 40.85491863702665 ] } },
{ "type": "Feature", "properties": { "Height": 92.108001708984403, "Radius": 24.359991898975085, "height_m": 28.07, "crown_diameter_m": 14.85, "site_id": 994 }, "geometry": { "type": "Point", "coordinates": [ -73.92386310870495, 40.854905576418751 ] } },
{ "type": "Feature", "properties": { "Height": 96.814750671386705, "Radius": 16.096715421277896, "height_m": 29.51, "crown_diameter_m": 9.81, "site_id": 995 }, "geometry": { "type": "Point", "coordinates": [ -73.92438500832229, 40.854917771930509 ] } },
{ "type": "Feature", "properties": { "Height": 97.001502990722699, "Radius": 26.594822185913987, "height_m": 29.57, "crown_diameter_m": 16.21, "site_id": 996 }, "geometry": { "type": "Point", "coordinates": [ -73.923688708728477, 40.854900655270264 ] } },
{ "type": "Feature", "properties": { "Height": 58.322750091552699, "Radius": 14.852230510107461, "height_m": 17.78, "crown_diameter_m": 9.05, "site_id": 997 }, "geometry": { "type": "Point", "coordinates": [ -73.92422849196862, 40.854946849658369 ] } },
{ "type": "Feature", "properties": { "Height": 78.253753662109403, "Radius": 23.574754744787878, "height_m": 23.85, "crown_diameter_m": 14.37, "site_id": 998 }, "geometry": { "type": "Point", "coordinates": [ -73.925187749051901, 40.854969980768232 ] } },
{ "type": "Feature", "properties": { "Height": 72.436248779296903, "Radius": 33.543194096390913, "height_m": 22.08, "crown_diameter_m": 20.45, "site_id": 999 }, "geometry": { "type": "Point", "coordinates": [ -73.92546361156559, 40.854906304592312 ] } },
{ "type": "Feature", "properties": { "Height": 61.312248229980497, "Radius": 15.777145844408119, "height_m": 18.69, "crown_diameter_m": 9.62, "site_id": 1000 }, "geometry": { "type": "Point", "coordinates": [ -73.924858360474843, 40.854976009806627 ] } },
{ "type": "Feature", "properties": { "Height": 69.782997131347699, "Radius": 30.494955853156181, "height_m": 21.27, "crown_diameter_m": 18.59, "site_id": 1001 }, "geometry": { "type": "Point", "coordinates": [ -73.925588600646066, 40.85499165189043 ] } },
{ "type": "Feature", "properties": { "Height": 119.86074829101599, "Radius": 16.631635250140441, "height_m": 36.53, "crown_diameter_m": 10.14, "site_id": 1002 }, "geometry": { "type": "Point", "coordinates": [ -73.924644829142622, 40.855001342727029 ] } },
{ "type": "Feature", "properties": { "Height": 74.904502868652301, "Radius": 20.536810833075389, "height_m": 22.83, "crown_diameter_m": 12.52, "site_id": 1003 }, "geometry": { "type": "Point", "coordinates": [ -73.925329421090979, 40.854986597465064 ] } },
{ "type": "Feature", "properties": { "Height": 75.145500183105497, "Radius": 17.30692355385402, "height_m": 22.9, "crown_diameter_m": 10.55, "site_id": 1004 }, "geometry": { "type": "Point", "coordinates": [ -73.924341145320128, 40.85499890444823 ] } },
{ "type": "Feature", "properties": { "Height": 121.887252807617, "Radius": 35.454276759508005, "height_m": 37.15, "crown_diameter_m": 21.61, "site_id": 1005 }, "geometry": { "type": "Point", "coordinates": [ -73.924517142946627, 40.855012328994114 ] } },
{ "type": "Feature", "properties": { "Height": 87.192497253417997, "Radius": 23.193613509986026, "height_m": 26.58, "crown_diameter_m": 14.14, "site_id": 1006 }, "geometry": { "type": "Point", "coordinates": [ -73.923860734450642, 40.855030877306959 ] } },
{ "type": "Feature", "properties": { "Height": 104.703247070313, "Radius": 19.722441048627633, "height_m": 31.91, "crown_diameter_m": 12.02, "site_id": 1007 }, "geometry": { "type": "Point", "coordinates": [ -73.925082624178742, 40.855015372048875 ] } },
{ "type": "Feature", "properties": { "Height": 105.050750732422, "Radius": 14.916387312029334, "height_m": 32.02, "crown_diameter_m": 9.09, "site_id": 1008 }, "geometry": { "type": "Point", "coordinates": [ -73.924969653665883, 40.855006331541652 ] } },
{ "type": "Feature", "properties": { "Height": 90.393501281738295, "Radius": 32.838305634108728, "height_m": 27.55, "crown_diameter_m": 20.02, "site_id": 1009 }, "geometry": { "type": "Point", "coordinates": [ -73.924018520483486, 40.855030581514519 ] } },
{ "type": "Feature", "properties": { "Height": 89.389999389648395, "Radius": 30.21707974835099, "height_m": 27.25, "crown_diameter_m": 18.42, "site_id": 1010 }, "geometry": { "type": "Point", "coordinates": [ -73.923675447435599, 40.855050288330517 ] } },
{ "type": "Feature", "properties": { "Height": 65.532501220703097, "Radius": 21.237822598431116, "height_m": 19.97, "crown_diameter_m": 12.95, "site_id": 1011 }, "geometry": { "type": "Point", "coordinates": [ -73.924166260203492, 40.855035412603613 ] } },
{ "type": "Feature", "properties": { "Height": 70.803001403808594, "Radius": 15.553633450087503, "height_m": 21.58, "crown_diameter_m": 9.48, "site_id": 1012 }, "geometry": { "type": "Point", "coordinates": [ -73.924252337961931, 40.855049235861827 ] } },
{ "type": "Feature", "properties": { "Height": 69.644248962402301, "Radius": 23.028336248678393, "height_m": 21.23, "crown_diameter_m": 14.04, "site_id": 1013 }, "geometry": { "type": "Point", "coordinates": [ -73.924784368037578, 40.855041644320387 ] } },
{ "type": "Feature", "properties": { "Height": 93.893997192382798, "Radius": 16.371222439596615, "height_m": 28.62, "crown_diameter_m": 9.98, "site_id": 1014 }, "geometry": { "type": "Point", "coordinates": [ -73.925141035680156, 40.855108218191205 ] } },
{ "type": "Feature", "properties": { "Height": 104.29274749755901, "Radius": 18.071688997561054, "height_m": 31.79, "crown_diameter_m": 11.02, "site_id": 1015 }, "geometry": { "type": "Point", "coordinates": [ -73.924967643377471, 40.855089437468855 ] } },
{ "type": "Feature", "properties": { "Height": 86.538749694824205, "Radius": 17.444318593504988, "height_m": 26.38, "crown_diameter_m": 10.63, "site_id": 1016 }, "geometry": { "type": "Point", "coordinates": [ -73.923789566376328, 40.85508890569681 ] } },
{ "type": "Feature", "properties": { "Height": 73.739501953125, "Radius": 26.319610365799004, "height_m": 22.48, "crown_diameter_m": 16.04, "site_id": 1017 }, "geometry": { "type": "Point", "coordinates": [ -73.925427894763246, 40.855091452221671 ] } },
{ "type": "Feature", "properties": { "Height": 88.626998901367202, "Radius": 21.594535958414419, "height_m": 27.01, "crown_diameter_m": 13.16, "site_id": 1018 }, "geometry": { "type": "Point", "coordinates": [ -73.924344575491233, 40.855091406056296 ] } },
{ "type": "Feature", "properties": { "Height": 85.335998535156307, "Radius": 13.487553519969305, "height_m": 26.01, "crown_diameter_m": 8.22, "site_id": 1019 }, "geometry": { "type": "Point", "coordinates": [ -73.925214783073457, 40.855127369040389 ] } },
{ "type": "Feature", "properties": { "Height": 100.275253295898, "Radius": 19.47884453275087, "height_m": 30.56, "crown_diameter_m": 11.87, "site_id": 1020 }, "geometry": { "type": "Point", "coordinates": [ -73.925015550829741, 40.855150501208854 ] } },
{ "type": "Feature", "properties": { "Height": 72.225997924804702, "Radius": 13.980066885278035, "height_m": 22.01, "crown_diameter_m": 8.52, "site_id": 1021 }, "geometry": { "type": "Point", "coordinates": [ -73.924618534659544, 40.855148052488026 ] } },
{ "type": "Feature", "properties": { "Height": 75.391998291015597, "Radius": 22.650297107471342, "height_m": 22.98, "crown_diameter_m": 13.81, "site_id": 1022 }, "geometry": { "type": "Point", "coordinates": [ -73.925345691111687, 40.855151750878058 ] } },
{ "type": "Feature", "properties": { "Height": 74.669746398925795, "Radius": 18.643883600599406, "height_m": 22.76, "crown_diameter_m": 11.37, "site_id": 1023 }, "geometry": { "type": "Point", "coordinates": [ -73.923790154762429, 40.855155024652831 ] } },
{ "type": "Feature", "properties": { "Height": 87.180496215820298, "Radius": 22.60281768552284, "height_m": 26.57, "crown_diameter_m": 13.78, "site_id": 1024 }, "geometry": { "type": "Point", "coordinates": [ -73.924840983981767, 40.855142528128759 ] } },
{ "type": "Feature", "properties": { "Height": 94.637001037597699, "Radius": 11.340070282773887, "height_m": 28.85, "crown_diameter_m": 6.91, "site_id": 1025 }, "geometry": { "type": "Point", "coordinates": [ -73.925128548877069, 40.855165857733837 ] } },
{ "type": "Feature", "properties": { "Height": 87.095497131347699, "Radius": 28.248944841582372, "height_m": 26.55, "crown_diameter_m": 17.22, "site_id": 1026 }, "geometry": { "type": "Point", "coordinates": [ -73.924717207348948, 40.855185271185093 ] } },
{ "type": "Feature", "properties": { "Height": 87.315750122070298, "Radius": 26.839062435821379, "height_m": 26.61, "crown_diameter_m": 16.36, "site_id": 1027 }, "geometry": { "type": "Point", "coordinates": [ -73.924097962955599, 40.855215631622627 ] } },
{ "type": "Feature", "properties": { "Height": 93.608253479003906, "Radius": 18.498192550829796, "height_m": 28.53, "crown_diameter_m": 11.28, "site_id": 1028 }, "geometry": { "type": "Point", "coordinates": [ -73.924236896452996, 40.855151363037585 ] } },
{ "type": "Feature", "properties": { "Height": 71.440246582031307, "Radius": 14.809304898631529, "height_m": 21.77, "crown_diameter_m": 9.03, "site_id": 1029 }, "geometry": { "type": "Point", "coordinates": [ -73.9246519326542, 40.85521218657702 ] } },
{ "type": "Feature", "properties": { "Height": 93.490997314453097, "Radius": 22.736210219877808, "height_m": 28.5, "crown_diameter_m": 13.86, "site_id": 1030 }, "geometry": { "type": "Point", "coordinates": [ -73.924235044027043, 40.855239796360081 ] } },
{ "type": "Feature", "properties": { "Height": 105.68350219726599, "Radius": 27.414040951306863, "height_m": 32.21, "crown_diameter_m": 16.71, "site_id": 1031 }, "geometry": { "type": "Point", "coordinates": [ -73.923960718277741, 40.855195652097422 ] } },
{ "type": "Feature", "properties": { "Height": 113.24674987793, "Radius": 26.666538690549778, "height_m": 34.52, "crown_diameter_m": 16.26, "site_id": 1032 }, "geometry": { "type": "Point", "coordinates": [ -73.924466348687204, 40.855178500312718 ] } },
{ "type": "Feature", "properties": { "Height": 113.561248779297, "Radius": 25.909757813642617, "height_m": 34.61, "crown_diameter_m": 15.79, "site_id": 1033 }, "geometry": { "type": "Point", "coordinates": [ -73.924352758653697, 40.855260394899325 ] } },
{ "type": "Feature", "properties": { "Height": 106.91950225830099, "Radius": 19.798955145040818, "height_m": 32.59, "crown_diameter_m": 12.07, "site_id": 1034 }, "geometry": { "type": "Point", "coordinates": [ -73.92499601317455, 40.85526080858461 ] } },
{ "type": "Feature", "properties": { "Height": 47.337249755859403, "Radius": 10.280023453913834, "height_m": 14.43, "crown_diameter_m": 6.27, "site_id": 1035 }, "geometry": { "type": "Point", "coordinates": [ -73.925053241777121, 40.855222600114601 ] } },
{ "type": "Feature", "properties": { "Height": 83.929496765136705, "Radius": 29.03384501037063, "height_m": 25.58, "crown_diameter_m": 17.7, "site_id": 1036 }, "geometry": { "type": "Point", "coordinates": [ -73.923705306363303, 40.85523154904601 ] } },
{ "type": "Feature", "properties": { "Height": 99.223503112792997, "Radius": 34.992264211929708, "height_m": 30.24, "crown_diameter_m": 21.33, "site_id": 1037 }, "geometry": { "type": "Point", "coordinates": [ -73.925205154234277, 40.855259101957806 ] } },
{ "type": "Feature", "properties": { "Height": 102.00650024414099, "Radius": 24.187880659656962, "height_m": 31.09, "crown_diameter_m": 14.74, "site_id": 1038 }, "geometry": { "type": "Point", "coordinates": [ -73.924848970102886, 40.855251909692811 ] } },
{ "type": "Feature", "properties": { "Height": 114.22200012207, "Radius": 27.834623456611492, "height_m": 34.81, "crown_diameter_m": 16.97, "site_id": 1039 }, "geometry": { "type": "Point", "coordinates": [ -73.924522227336055, 40.855304850583707 ] } },
{ "type": "Feature", "properties": { "Height": 108.240753173828, "Radius": 24.095585330081406, "height_m": 32.99, "crown_diameter_m": 14.69, "site_id": 1040 }, "geometry": { "type": "Point", "coordinates": [ -73.92390344537047, 40.855301079863096 ] } },
{ "type": "Feature", "properties": { "Height": 82.170501708984403, "Radius": 12.70366530947592, "height_m": 25.05, "crown_diameter_m": 7.74, "site_id": 1041 }, "geometry": { "type": "Point", "coordinates": [ -73.924183949647443, 40.855308496385717 ] } },
{ "type": "Feature", "properties": { "Height": 104.17974853515599, "Radius": 16.698486766680407, "height_m": 31.75, "crown_diameter_m": 10.18, "site_id": 1042 }, "geometry": { "type": "Point", "coordinates": [ -73.924933742173593, 40.855311224405526 ] } },
{ "type": "Feature", "properties": { "Height": 68.900497436523395, "Radius": 33.962853973989162, "height_m": 21.0, "crown_diameter_m": 20.7, "site_id": 1043 }, "geometry": { "type": "Point", "coordinates": [ -73.923537952809838, 40.855221312228089 ] } },
{ "type": "Feature", "properties": { "Height": 60.763248443603501, "Radius": 17.382625217727135, "height_m": 18.52, "crown_diameter_m": 10.6, "site_id": 1044 }, "geometry": { "type": "Point", "coordinates": [ -73.923451234423084, 40.855326100712219 ] } },
{ "type": "Feature", "properties": { "Height": 78.015251159667997, "Radius": 21.09307098109219, "height_m": 23.78, "crown_diameter_m": 12.86, "site_id": 1045 }, "geometry": { "type": "Point", "coordinates": [ -73.92374568294801, 40.855337116009146 ] } },
{ "type": "Feature", "properties": { "Height": 83.202247619628906, "Radius": 13.312363769549926, "height_m": 25.36, "crown_diameter_m": 8.12, "site_id": 1046 }, "geometry": { "type": "Point", "coordinates": [ -73.923637436589004, 40.855327413658529 ] } },
{ "type": "Feature", "properties": { "Height": 108.460746765137, "Radius": 14.787795366729421, "height_m": 33.06, "crown_diameter_m": 9.01, "site_id": 1047 }, "geometry": { "type": "Point", "coordinates": [ -73.92428660182064, 40.855357757632142 ] } },
{ "type": "Feature", "properties": { "Height": 86.740249633789105, "Radius": 23.889948219440257, "height_m": 26.44, "crown_diameter_m": 14.56, "site_id": 1048 }, "geometry": { "type": "Point", "coordinates": [ -73.924693630613447, 40.855361845720459 ] } },
{ "type": "Feature", "properties": { "Height": 87.676246643066406, "Radius": 17.233198304710495, "height_m": 26.72, "crown_diameter_m": 10.51, "site_id": 1049 }, "geometry": { "type": "Point", "coordinates": [ -73.924114623421659, 40.855351941828694 ] } },
{ "type": "Feature", "properties": { "Height": 98.122253417968807, "Radius": 22.964318059437236, "height_m": 29.91, "crown_diameter_m": 14.0, "site_id": 1050 }, "geometry": { "type": "Point", "coordinates": [ -73.924937588489769, 40.855387775861253 ] } },
{ "type": "Feature", "properties": { "Height": 89.689002990722699, "Radius": 22.118822189811244, "height_m": 27.34, "crown_diameter_m": 13.48, "site_id": 1051 }, "geometry": { "type": "Point", "coordinates": [ -73.924817177745695, 40.855417517220346 ] } },
{ "type": "Feature", "properties": { "Height": 73.763252258300795, "Radius": 25.427680907051371, "height_m": 22.48, "crown_diameter_m": 15.5, "site_id": 1052 }, "geometry": { "type": "Point", "coordinates": [ -73.925125427550114, 40.855394320224917 ] } },
{ "type": "Feature", "properties": { "Height": 113.430252075195, "Radius": 23.843268583066589, "height_m": 34.57, "crown_diameter_m": 14.53, "site_id": 1053 }, "geometry": { "type": "Point", "coordinates": [ -73.924361290540475, 40.855419994544022 ] } },
{ "type": "Feature", "properties": { "Height": 76.049247741699205, "Radius": 29.348706138658606, "height_m": 23.18, "crown_diameter_m": 17.89, "site_id": 1054 }, "geometry": { "type": "Point", "coordinates": [ -73.925323358439428, 40.855378438680269 ] } },
{ "type": "Feature", "properties": { "Height": 90.222503662109403, "Radius": 10.837727990765352, "height_m": 27.5, "crown_diameter_m": 6.61, "site_id": 1055 }, "geometry": { "type": "Point", "coordinates": [ -73.924069910580826, 40.85541546547428 ] } },
{ "type": "Feature", "properties": { "Height": 116.56600189209, "Radius": 16.390654164465779, "height_m": 35.53, "crown_diameter_m": 9.99, "site_id": 1056 }, "geometry": { "type": "Point", "coordinates": [ -73.924488596161126, 40.85541169976873 ] } },
{ "type": "Feature", "properties": { "Height": 99.159500122070298, "Radius": 30.841360498342365, "height_m": 30.22, "crown_diameter_m": 18.8, "site_id": 1057 }, "geometry": { "type": "Point", "coordinates": [ -73.923952909569479, 40.85541886250568 ] } },
{ "type": "Feature", "properties": { "Height": 107.646003723145, "Radius": 18.177064170508249, "height_m": 32.81, "crown_diameter_m": 11.08, "site_id": 1058 }, "geometry": { "type": "Point", "coordinates": [ -73.924588567210904, 40.855425397694255 ] } },
{ "type": "Feature", "properties": { "Height": 109.798500061035, "Radius": 16.027354059554529, "height_m": 33.47, "crown_diameter_m": 9.77, "site_id": 1059 }, "geometry": { "type": "Point", "coordinates": [ -73.924645237199115, 40.855485934220987 ] } },
{ "type": "Feature", "properties": { "Height": 77.971000671386705, "Radius": 22.511093682995384, "height_m": 23.77, "crown_diameter_m": 13.72, "site_id": 1060 }, "geometry": { "type": "Point", "coordinates": [ -73.925081875633481, 40.855491451344662 ] } },
{ "type": "Feature", "properties": { "Height": 89.743247985839801, "Radius": 27.215934765311314, "height_m": 27.35, "crown_diameter_m": 16.59, "site_id": 1061 }, "geometry": { "type": "Point", "coordinates": [ -73.923602511107958, 40.85543026534927 ] } },
{ "type": "Feature", "properties": { "Height": 82.257499694824205, "Radius": 23.704356700529473, "height_m": 25.07, "crown_diameter_m": 14.45, "site_id": 1062 }, "geometry": { "type": "Point", "coordinates": [ -73.92381817500349, 40.855449824351034 ] } },
{ "type": "Feature", "properties": { "Height": 79.549247741699205, "Radius": 12.678584010953838, "height_m": 24.25, "crown_diameter_m": 7.73, "site_id": 1063 }, "geometry": { "type": "Point", "coordinates": [ -73.924960879228905, 40.855470435389179 ] } },
{ "type": "Feature", "properties": { "Height": 98.190002441406307, "Radius": 26.969206327401658, "height_m": 29.93, "crown_diameter_m": 16.44, "site_id": 1064 }, "geometry": { "type": "Point", "coordinates": [ -73.924159403126765, 40.855459562859316 ] } },
{ "type": "Feature", "properties": { "Height": 109.165496826172, "Radius": 13.552298857686367, "height_m": 33.27, "crown_diameter_m": 8.26, "site_id": 1065 }, "geometry": { "type": "Point", "coordinates": [ -73.924430892680277, 40.855490615249678 ] } },
{ "type": "Feature", "properties": { "Height": 99.290748596191406, "Radius": 15.347615963921077, "height_m": 30.26, "crown_diameter_m": 9.36, "site_id": 1066 }, "geometry": { "type": "Point", "coordinates": [ -73.924228210896857, 40.855476729109547 ] } },
{ "type": "Feature", "properties": { "Height": 108.96125030517599, "Radius": 14.679774962390477, "height_m": 33.21, "crown_diameter_m": 8.95, "site_id": 1067 }, "geometry": { "type": "Point", "coordinates": [ -73.924527882389825, 40.855485398259049 ] } },
{ "type": "Feature", "properties": { "Height": 98.524002075195298, "Radius": 16.516403133234203, "height_m": 30.03, "crown_diameter_m": 10.07, "site_id": 1068 }, "geometry": { "type": "Point", "coordinates": [ -73.924749484811031, 40.855474684891803 ] } },
{ "type": "Feature", "properties": { "Height": 85.114250183105497, "Radius": 28.379633357683403, "height_m": 25.94, "crown_diameter_m": 17.3, "site_id": 1069 }, "geometry": { "type": "Point", "coordinates": [ -73.923730698770257, 40.855537158320651 ] } },
{ "type": "Feature", "properties": { "Height": 108.893501281738, "Radius": 30.549706811864404, "height_m": 33.19, "crown_diameter_m": 18.62, "site_id": 1070 }, "geometry": { "type": "Point", "coordinates": [ -73.924287666093605, 40.855565733066243 ] } },
{ "type": "Feature", "properties": { "Height": 73.075996398925795, "Radius": 26.062872004370686, "height_m": 22.27, "crown_diameter_m": 15.89, "site_id": 1071 }, "geometry": { "type": "Point", "coordinates": [ -73.923446678211079, 40.855458740038898 ] } },
{ "type": "Feature", "properties": { "Height": 50.616748809814503, "Radius": 11.583074592976935, "height_m": 15.43, "crown_diameter_m": 7.06, "site_id": 1072 }, "geometry": { "type": "Point", "coordinates": [ -73.924911275930825, 40.855518367776014 ] } },
{ "type": "Feature", "properties": { "Height": 97.054000854492202, "Radius": 33.030397134986771, "height_m": 29.58, "crown_diameter_m": 20.14, "site_id": 1073 }, "geometry": { "type": "Point", "coordinates": [ -73.924021385544194, 40.855559245566475 ] } },
{ "type": "Feature", "properties": { "Height": 91.313499450683594, "Radius": 11.012541334134653, "height_m": 27.83, "crown_diameter_m": 6.71, "site_id": 1074 }, "geometry": { "type": "Point", "coordinates": [ -73.924639383341969, 40.855552785561201 ] } },
{ "type": "Feature", "properties": { "Height": 56.213249206542997, "Radius": 19.032515610847501, "height_m": 17.13, "crown_diameter_m": 11.6, "site_id": 1075 }, "geometry": { "type": "Point", "coordinates": [ -73.923333754374042, 40.855518834971569 ] } },
{ "type": "Feature", "properties": { "Height": 107.914497375488, "Radius": 18.386002804502823, "height_m": 32.89, "crown_diameter_m": 11.21, "site_id": 1076 }, "geometry": { "type": "Point", "coordinates": [ -73.924440660582874, 40.855564609601693 ] } },
{ "type": "Feature", "properties": { "Height": 85.396751403808594, "Radius": 24.055921788244397, "height_m": 26.03, "crown_diameter_m": 14.66, "site_id": 1077 }, "geometry": { "type": "Point", "coordinates": [ -73.923557280271467, 40.855560147446567 ] } },
{ "type": "Feature", "properties": { "Height": 99.858749389648395, "Radius": 26.38453564275768, "height_m": 30.44, "crown_diameter_m": 16.08, "site_id": 1078 }, "geometry": { "type": "Point", "coordinates": [ -73.924757416945624, 40.855566692344752 ] } },
{ "type": "Feature", "properties": { "Height": 114.9375, "Radius": 14.250673927406329, "height_m": 35.03, "crown_diameter_m": 8.69, "site_id": 1079 }, "geometry": { "type": "Point", "coordinates": [ -73.924544118339867, 40.855560807903011 ] } },
{ "type": "Feature", "properties": { "Height": 63.786251068115199, "Radius": 12.488868813069399, "height_m": 19.44, "crown_diameter_m": 7.61, "site_id": 1080 }, "geometry": { "type": "Point", "coordinates": [ -73.924830278396001, 40.855610341621727 ] } },
{ "type": "Feature", "properties": { "Height": 73.285003662109403, "Radius": 25.644263000829476, "height_m": 22.34, "crown_diameter_m": 15.63, "site_id": 1081 }, "geometry": { "type": "Point", "coordinates": [ -73.925065406119089, 40.855585980511421 ] } },
{ "type": "Feature", "properties": { "Height": 16.002250671386701, "Radius": 8.4956910661919984, "height_m": 4.88, "crown_diameter_m": 5.18, "site_id": 1082 }, "geometry": { "type": "Point", "coordinates": [ -73.925203742897907, 40.855596594320716 ] } },
{ "type": "Feature", "properties": { "Height": 60.3802490234375, "Radius": 24.356724951746692, "height_m": 18.4, "crown_diameter_m": 14.85, "site_id": 1083 }, "geometry": { "type": "Point", "coordinates": [ -73.923820462121071, 40.855660583112126 ] } },
{ "type": "Feature", "properties": { "Height": 116.33399963378901, "Radius": 16.869174201729876, "height_m": 35.46, "crown_diameter_m": 10.28, "site_id": 1084 }, "geometry": { "type": "Point", "coordinates": [ -73.924568200144719, 40.855615889584172 ] } },
{ "type": "Feature", "properties": { "Height": 53.319751739502003, "Radius": 14.261837794318172, "height_m": 16.25, "crown_diameter_m": 8.69, "site_id": 1085 }, "geometry": { "type": "Point", "coordinates": [ -73.924885479887564, 40.855633624654317 ] } },
{ "type": "Feature", "properties": { "Height": 70.781501770019503, "Radius": 16.259039346641551, "height_m": 21.57, "crown_diameter_m": 9.91, "site_id": 1086 }, "geometry": { "type": "Point", "coordinates": [ -73.924969770644935, 40.855629094202669 ] } },
{ "type": "Feature", "properties": { "Height": 111.663497924805, "Radius": 18.115669809738975, "height_m": 34.04, "crown_diameter_m": 11.04, "site_id": 1087 }, "geometry": { "type": "Point", "coordinates": [ -73.92447253296163, 40.855658405816918 ] } },
{ "type": "Feature", "properties": { "Height": 77.816001892089801, "Radius": 17.42606184481555, "height_m": 23.72, "crown_diameter_m": 10.62, "site_id": 1088 }, "geometry": { "type": "Point", "coordinates": [ -73.924174438826455, 40.855677150311884 ] } },
{ "type": "Feature", "properties": { "Height": 98.342247009277301, "Radius": 30.107590046031415, "height_m": 29.97, "crown_diameter_m": 18.35, "site_id": 1089 }, "geometry": { "type": "Point", "coordinates": [ -73.924642539692925, 40.855697890061492 ] } },
{ "type": "Feature", "properties": { "Height": 80.722999572753906, "Radius": 31.199224861365256, "height_m": 24.6, "crown_diameter_m": 19.02, "site_id": 1090 }, "geometry": { "type": "Point", "coordinates": [ -73.923661743669825, 40.855684578043657 ] } },
{ "type": "Feature", "properties": { "Height": 19.399499893188501, "Radius": 7.9238011742946135, "height_m": 5.91, "crown_diameter_m": 4.83, "site_id": 1091 }, "geometry": { "type": "Point", "coordinates": [ -73.923217640336986, 40.85568448144025 ] } },
{ "type": "Feature", "properties": { "Height": 95.797752380371094, "Radius": 44.936381034507242, "height_m": 29.2, "crown_diameter_m": 27.39, "site_id": 1092 }, "geometry": { "type": "Point", "coordinates": [ -73.92337925543238, 40.85565404512888 ] } },
{ "type": "Feature", "properties": { "Height": 86.264251708984403, "Radius": 12.976360421598395, "height_m": 26.29, "crown_diameter_m": 7.91, "site_id": 1093 }, "geometry": { "type": "Point", "coordinates": [ -73.924277857785157, 40.855677384827651 ] } },
{ "type": "Feature", "properties": { "Height": 73.297500610351605, "Radius": 24.332208866065791, "height_m": 22.34, "crown_diameter_m": 14.83, "site_id": 1094 }, "geometry": { "type": "Point", "coordinates": [ -73.923932261033428, 40.855678620777361 ] } },
{ "type": "Feature", "properties": { "Height": 70.878250122070298, "Radius": 18.803263176338447, "height_m": 21.6, "crown_diameter_m": 11.46, "site_id": 1095 }, "geometry": { "type": "Point", "coordinates": [ -73.924990588980947, 40.855698907507879 ] } },
{ "type": "Feature", "properties": { "Height": 94.273498535156307, "Radius": 19.939133578055859, "height_m": 28.73, "crown_diameter_m": 12.15, "site_id": 1096 }, "geometry": { "type": "Point", "coordinates": [ -73.924400438815738, 40.8556911094594 ] } },
{ "type": "Feature", "properties": { "Height": 68.613250732421903, "Radius": 27.774520862949498, "height_m": 20.91, "crown_diameter_m": 16.93, "site_id": 1097 }, "geometry": { "type": "Point", "coordinates": [ -73.924790288873623, 40.855750242873796 ] } },
{ "type": "Feature", "properties": { "Height": 87.362251281738295, "Radius": 23.675804306710585, "height_m": 26.63, "crown_diameter_m": 14.43, "site_id": 1098 }, "geometry": { "type": "Point", "coordinates": [ -73.924199858617939, 40.855757847418012 ] } },
{ "type": "Feature", "properties": { "Height": 104.557502746582, "Radius": 25.749553256723427, "height_m": 31.87, "crown_diameter_m": 15.7, "site_id": 1099 }, "geometry": { "type": "Point", "coordinates": [ -73.924349364729864, 40.855815844426147 ] } },
{ "type": "Feature", "properties": { "Height": 70.086746215820298, "Radius": 21.405772145885482, "height_m": 21.36, "crown_diameter_m": 13.05, "site_id": 1100 }, "geometry": { "type": "Point", "coordinates": [ -73.924986520598068, 40.855772912624644 ] } },
{ "type": "Feature", "properties": { "Height": 63.441249847412102, "Radius": 23.357721312641292, "height_m": 19.34, "crown_diameter_m": 14.24, "site_id": 1101 }, "geometry": { "type": "Point", "coordinates": [ -73.923273324687159, 40.85579251888916 ] } },
{ "type": "Feature", "properties": { "Height": 86.277252197265597, "Radius": 37.67840352748118, "height_m": 26.3, "crown_diameter_m": 22.97, "site_id": 1102 }, "geometry": { "type": "Point", "coordinates": [ -73.92401888475132, 40.855792438702771 ] } },
{ "type": "Feature", "properties": { "Height": 77.115249633789105, "Radius": 14.798554040663838, "height_m": 23.5, "crown_diameter_m": 9.02, "site_id": 1103 }, "geometry": { "type": "Point", "coordinates": [ -73.92475367409439, 40.855827615308215 ] } },
{ "type": "Feature", "properties": { "Height": 104.387748718262, "Radius": 12.778613837669742, "height_m": 31.82, "crown_diameter_m": 7.79, "site_id": 1104 }, "geometry": { "type": "Point", "coordinates": [ -73.924403601525896, 40.855805123611596 ] } },
{ "type": "Feature", "properties": { "Height": 51.191501617431598, "Radius": 10.885350482732106, "height_m": 15.6, "crown_diameter_m": 6.64, "site_id": 1105 }, "geometry": { "type": "Point", "coordinates": [ -73.923764634443657, 40.855815560377678 ] } },
{ "type": "Feature", "properties": { "Height": 102.259246826172, "Radius": 25.905150405797237, "height_m": 31.17, "crown_diameter_m": 15.79, "site_id": 1106 }, "geometry": { "type": "Point", "coordinates": [ -73.924500549920168, 40.855814768321935 ] } },
{ "type": "Feature", "properties": { "Height": 81.708747863769503, "Radius": 22.65907867532249, "height_m": 24.9, "crown_diameter_m": 13.81, "site_id": 1107 }, "geometry": { "type": "Point", "coordinates": [ -73.924213370592312, 40.855854633874465 ] } },
{ "type": "Feature", "properties": { "Height": 95.339996337890597, "Radius": 40.931944565685889, "height_m": 29.06, "crown_diameter_m": 24.95, "site_id": 1108 }, "geometry": { "type": "Point", "coordinates": [ -73.923547573364033, 40.855826013720538 ] } },
{ "type": "Feature", "properties": { "Height": 78.668502807617202, "Radius": 20.739243807473965, "height_m": 23.98, "crown_diameter_m": 12.64, "site_id": 1109 }, "geometry": { "type": "Point", "coordinates": [ -73.923916056238966, 40.855863738456911 ] } },
{ "type": "Feature", "properties": { "Height": 89.891250610351605, "Radius": 26.001734523957655, "height_m": 27.4, "crown_diameter_m": 15.85, "site_id": 1110 }, "geometry": { "type": "Point", "coordinates": [ -73.924635942297712, 40.855864087593581 ] } },
{ "type": "Feature", "properties": { "Height": 46.982250213622997, "Radius": 10.990841724215146, "height_m": 14.32, "crown_diameter_m": 6.7, "site_id": 1111 }, "geometry": { "type": "Point", "coordinates": [ -73.924881349735074, 40.855889280394045 ] } },
{ "type": "Feature", "properties": { "Height": 29.478000640869102, "Radius": 14.658075357087599, "height_m": 8.98, "crown_diameter_m": 8.94, "site_id": 1112 }, "geometry": { "type": "Point", "coordinates": [ -73.923130002188273, 40.855882227660366 ] } },
{ "type": "Feature", "properties": { "Height": 98.355247497558594, "Radius": 20.078333368379234, "height_m": 29.98, "crown_diameter_m": 12.24, "site_id": 1113 }, "geometry": { "type": "Point", "coordinates": [ -73.923755952640292, 40.855877951469729 ] } },
{ "type": "Feature", "properties": { "Height": 29.863000869751001, "Radius": 12.166104433032896, "height_m": 9.1, "crown_diameter_m": 7.42, "site_id": 1114 }, "geometry": { "type": "Point", "coordinates": [ -73.923228553427535, 40.855877958318089 ] } },
{ "type": "Feature", "properties": { "Height": 78.736251831054702, "Radius": 14.690612745308144, "height_m": 24.0, "crown_diameter_m": 8.96, "site_id": 1115 }, "geometry": { "type": "Point", "coordinates": [ -73.923336217231338, 40.855892705214856 ] } },
{ "type": "Feature", "properties": { "Height": 14.115750312805201, "Radius": 7.4368234296931925, "height_m": 4.3, "crown_diameter_m": 4.53, "site_id": 1116 }, "geometry": { "type": "Point", "coordinates": [ -73.925246460347012, 40.855541160758776 ] } },
{ "type": "Feature", "properties": { "Height": 26.95924949646, "Radius": 10.588893115346867, "height_m": 8.22, "crown_diameter_m": 6.45, "site_id": 1117 }, "geometry": { "type": "Point", "coordinates": [ -73.923308743568171, 40.855426940334674 ] } },
{ "type": "Feature", "properties": { "Height": 16.4232501983643, "Radius": 7.6893472647968704, "height_m": 5.01, "crown_diameter_m": 4.69, "site_id": 1118 }, "geometry": { "type": "Point", "coordinates": [ -73.923351983827374, 40.855315332477673 ] } },
{ "type": "Feature", "properties": { "Height": 18.418750762939499, "Radius": 8.2001806965655195, "height_m": 5.61, "crown_diameter_m": 5.0, "site_id": 1119 }, "geometry": { "type": "Point", "coordinates": [ -73.925468365765781, 40.855233660530544 ] } },
{ "type": "Feature", "properties": { "Height": 9.7352504730224592, "Radius": 2.5231325220201604, "height_m": 2.97, "crown_diameter_m": 1.54, "site_id": 1120 }, "geometry": { "type": "Point", "coordinates": [ -73.924002796257199, 40.854410390209878 ] } },
{ "type": "Feature", "properties": { "Height": 17.429500579833999, "Radius": 6.3015203166718337, "height_m": 5.31, "crown_diameter_m": 3.84, "site_id": 1121 }, "geometry": { "type": "Point", "coordinates": [ -73.924124737254019, 40.854265738102974 ] } },
{ "type": "Feature", "properties": { "Height": 17.9540004730225, "Radius": 8.0186405960814646, "height_m": 5.47, "crown_diameter_m": 4.89, "site_id": 1122 }, "geometry": { "type": "Point", "coordinates": [ -73.924321728081765, 40.853941361920789 ] } },
{ "type": "Feature", "properties": { "Height": 10.039999961853001, "Radius": 4.1170379448441876, "height_m": 3.06, "crown_diameter_m": 2.51, "site_id": 1123 }, "geometry": { "type": "Point", "coordinates": [ -73.934905288211425, 40.842303098565992 ] } },
{ "type": "Feature", "properties": { "Height": 9.5062503814697301, "Radius": 3.9894228040143269, "height_m": 2.9, "crown_diameter_m": 2.43, "site_id": 1124 }, "geometry": { "type": "Point", "coordinates": [ -73.934850594141849, 40.842282771472227 ] } },
{ "type": "Feature", "properties": { "Height": 10.163999557495099, "Radius": 4.0488219445247555, "height_m": 3.1, "crown_diameter_m": 2.47, "site_id": 1125 }, "geometry": { "type": "Point", "coordinates": [ -73.934901867023527, 40.84227069329053 ] } },
{ "type": "Feature", "properties": { "Height": 32.425498962402301, "Radius": 10.100411799620099, "height_m": 9.88, "crown_diameter_m": 6.16, "site_id": 1126 }, "geometry": { "type": "Point", "coordinates": [ -73.934955229554376, 40.84221941869891 ] } },
{ "type": "Feature", "properties": { "Height": 60.009246826171903, "Radius": 14.549091872423544, "height_m": 18.29, "crown_diameter_m": 8.87, "site_id": 1127 }, "geometry": { "type": "Point", "coordinates": [ -73.928927128010713, 40.847481413237411 ] } },
{ "type": "Feature", "properties": { "Height": 59.8757514953613, "Radius": 10.045109950630787, "height_m": 18.25, "crown_diameter_m": 6.12, "site_id": 1128 }, "geometry": { "type": "Point", "coordinates": [ -73.929105036910897, 40.847519600033557 ] } },
{ "type": "Feature", "properties": { "Height": 79.493247985839801, "Radius": 29.397471676812479, "height_m": 24.23, "crown_diameter_m": 17.92, "site_id": 1129 }, "geometry": { "type": "Point", "coordinates": [ -73.929216102345563, 40.84754008330092 ] } },
{ "type": "Feature", "properties": { "Height": 73.499748229980497, "Radius": 11.847981254502882, "height_m": 22.4, "crown_diameter_m": 7.22, "site_id": 1130 }, "geometry": { "type": "Point", "coordinates": [ -73.928972933916299, 40.847598717973149 ] } },
{ "type": "Feature", "properties": { "Height": 73.702499389648395, "Radius": 12.552425807826008, "height_m": 22.46, "crown_diameter_m": 7.65, "site_id": 1131 }, "geometry": { "type": "Point", "coordinates": [ -73.928830278302271, 40.847631906842587 ] } },
{ "type": "Feature", "properties": { "Height": 84.976997375488295, "Radius": 50.14785395004494, "height_m": 25.9, "crown_diameter_m": 30.57, "site_id": 1132 }, "geometry": { "type": "Point", "coordinates": [ -73.929098423515867, 40.847635265111911 ] } },
{ "type": "Feature", "properties": { "Height": 65.628997802734403, "Radius": 26.336234392837557, "height_m": 20.0, "crown_diameter_m": 16.05, "site_id": 1133 }, "geometry": { "type": "Point", "coordinates": [ -73.929322729025799, 40.847705859081479 ] } },
{ "type": "Feature", "properties": { "Height": 65.904747009277301, "Radius": 32.379518026336655, "height_m": 20.09, "crown_diameter_m": 19.74, "site_id": 1134 }, "geometry": { "type": "Point", "coordinates": [ -73.929491058750173, 40.847688812216411 ] } },
{ "type": "Feature", "properties": { "Height": 76.213996887207003, "Radius": 20.536810833075389, "height_m": 23.23, "crown_diameter_m": 12.52, "site_id": 1135 }, "geometry": { "type": "Point", "coordinates": [ -73.928924335737889, 40.847665284851637 ] } },
{ "type": "Feature", "properties": { "Height": 71.513504028320298, "Radius": 25.9588526143026, "height_m": 21.8, "crown_diameter_m": 15.82, "site_id": 1136 }, "geometry": { "type": "Point", "coordinates": [ -73.928830618339845, 40.847731938243676 ] } },
{ "type": "Feature", "properties": { "Height": 41.8802490234375, "Radius": 11.244936739995955, "height_m": 12.77, "crown_diameter_m": 6.85, "site_id": 1137 }, "geometry": { "type": "Point", "coordinates": [ -73.92871761469415, 40.847773740462614 ] } },
{ "type": "Feature", "properties": { "Height": 40.379501342773402, "Radius": 17.159156293944243, "height_m": 12.31, "crown_diameter_m": 10.46, "site_id": 1138 }, "geometry": { "type": "Point", "coordinates": [ -73.929195127243858, 40.847820765595408 ] } },
{ "type": "Feature", "properties": { "Height": 67.906501770019503, "Radius": 30.085115279214218, "height_m": 20.7, "crown_diameter_m": 18.34, "site_id": 1139 }, "geometry": { "type": "Point", "coordinates": [ -73.929479616245501, 40.847807655800416 ] } },
{ "type": "Feature", "properties": { "Height": 58.095500946044901, "Radius": 22.070199440257571, "height_m": 17.71, "crown_diameter_m": 13.45, "site_id": 1140 }, "geometry": { "type": "Point", "coordinates": [ -73.92871343462005, 40.847833463032593 ] } },
{ "type": "Feature", "properties": { "Height": 44.866249084472699, "Radius": 17.99225261741606, "height_m": 13.68, "crown_diameter_m": 10.97, "site_id": 1141 }, "geometry": { "type": "Point", "coordinates": [ -73.929293033204559, 40.847848564413304 ] } },
{ "type": "Feature", "properties": { "Height": 42.536998748779297, "Radius": 20.766085772419665, "height_m": 12.97, "crown_diameter_m": 12.66, "site_id": 1142 }, "geometry": { "type": "Point", "coordinates": [ -73.929621837967943, 40.847859576795379 ] } },
{ "type": "Feature", "properties": { "Height": 75.413002014160199, "Radius": 37.108066072365972, "height_m": 22.99, "crown_diameter_m": 22.62, "site_id": 1143 }, "geometry": { "type": "Point", "coordinates": [ -73.928983490860404, 40.847860314792804 ] } },
{ "type": "Feature", "properties": { "Height": 66.614753723144503, "Radius": 39.861301714293489, "height_m": 20.3, "crown_diameter_m": 24.3, "site_id": 1144 }, "geometry": { "type": "Point", "coordinates": [ -73.928814815152748, 40.847948595047562 ] } },
{ "type": "Feature", "properties": { "Height": 51.352500915527301, "Radius": 25.440196070061891, "height_m": 15.65, "crown_diameter_m": 15.51, "site_id": 1145 }, "geometry": { "type": "Point", "coordinates": [ -73.929344393381484, 40.847939035926636 ] } },
{ "type": "Feature", "properties": { "Height": 51.639499664306598, "Radius": 16.4778133535604, "height_m": 15.74, "crown_diameter_m": 10.04, "site_id": 1146 }, "geometry": { "type": "Point", "coordinates": [ -73.929499882140462, 40.847911917281309 ] } },
{ "type": "Feature", "properties": { "Height": 50.168998718261697, "Radius": 25.795868216968671, "height_m": 15.29, "crown_diameter_m": 15.73, "site_id": 1147 }, "geometry": { "type": "Point", "coordinates": [ -73.929192022936377, 40.847943082061967 ] } },
{ "type": "Feature", "properties": { "Height": 64.851501464843807, "Radius": 24.813119460297553, "height_m": 19.77, "crown_diameter_m": 15.13, "site_id": 1148 }, "geometry": { "type": "Point", "coordinates": [ -73.928658622053902, 40.848006280445226 ] } },
{ "type": "Feature", "properties": { "Height": 69.723747253417997, "Radius": 36.793640020248901, "height_m": 21.25, "crown_diameter_m": 22.43, "site_id": 1149 }, "geometry": { "type": "Point", "coordinates": [ -73.929605449243027, 40.848031319490865 ] } },
{ "type": "Feature", "properties": { "Height": 52.321250915527301, "Radius": 24.490312432507015, "height_m": 15.95, "crown_diameter_m": 14.93, "site_id": 1150 }, "geometry": { "type": "Point", "coordinates": [ -73.929144045185069, 40.84801497131928 ] } },
{ "type": "Feature", "properties": { "Height": 47.767749786377003, "Radius": 13.999975443466647, "height_m": 14.56, "crown_diameter_m": 8.53, "site_id": 1151 }, "geometry": { "type": "Point", "coordinates": [ -73.928812763721268, 40.848033835282209 ] } },
{ "type": "Feature", "properties": { "Height": 93.990501403808594, "Radius": 32.351242723770348, "height_m": 28.65, "crown_diameter_m": 19.72, "site_id": 1152 }, "geometry": { "type": "Point", "coordinates": [ -73.929422367200758, 40.848052364688115 ] } },
{ "type": "Feature", "properties": { "Height": 54.698249816894503, "Radius": 17.359720180478249, "height_m": 16.67, "crown_diameter_m": 10.58, "site_id": 1153 }, "geometry": { "type": "Point", "coordinates": [ -73.928536055587699, 40.848039934318983 ] } },
{ "type": "Feature", "properties": { "Height": 29.435749053955099, "Radius": 10.93276553585658, "height_m": 8.97, "crown_diameter_m": 6.66, "site_id": 1154 }, "geometry": { "type": "Point", "coordinates": [ -73.928459856742592, 40.848105766202693 ] } },
{ "type": "Feature", "properties": { "Height": 41.089500427246101, "Radius": 14.428259270064393, "height_m": 12.52, "crown_diameter_m": 8.8, "site_id": 1155 }, "geometry": { "type": "Point", "coordinates": [ -73.929295276657214, 40.8481287485601 ] } },
{ "type": "Feature", "properties": { "Height": 75.142753601074205, "Radius": 33.710032537452896, "height_m": 22.9, "crown_diameter_m": 20.55, "site_id": 1156 }, "geometry": { "type": "Point", "coordinates": [ -73.929103611359352, 40.848111672853982 ] } },
{ "type": "Feature", "properties": { "Height": 49.468376159667997, "Radius": 17.033480597239226, "height_m": 15.08, "crown_diameter_m": 10.38, "site_id": 1157 }, "geometry": { "type": "Point", "coordinates": [ -73.928536850609362, 40.848137704859944 ] } },
{ "type": "Feature", "properties": { "Height": 56.008125305175803, "Radius": 29.775369191555008, "height_m": 17.07, "crown_diameter_m": 18.15, "site_id": 1158 }, "geometry": { "type": "Point", "coordinates": [ -73.928839846140619, 40.848113676129678 ] } },
{ "type": "Feature", "properties": { "Height": 58.814250946044901, "Radius": 14.63634358033765, "height_m": 17.93, "crown_diameter_m": 8.92, "site_id": 1159 }, "geometry": { "type": "Point", "coordinates": [ -73.928686816618566, 40.848144733257833 ] } },
{ "type": "Feature", "properties": { "Height": 55.367378234863303, "Radius": 28.347368619873336, "height_m": 16.88, "crown_diameter_m": 17.28, "site_id": 1160 }, "geometry": { "type": "Point", "coordinates": [ -73.928716334552433, 40.84822358239547 ] } },
{ "type": "Feature", "properties": { "Height": 45.404998779296903, "Radius": 20.577456745088487, "height_m": 13.84, "crown_diameter_m": 12.54, "site_id": 1161 }, "geometry": { "type": "Point", "coordinates": [ -73.928394702412859, 40.848204987040319 ] } },
{ "type": "Feature", "properties": { "Height": 75.639999389648395, "Radius": 32.250233380636736, "height_m": 23.06, "crown_diameter_m": 19.66, "site_id": 1162 }, "geometry": { "type": "Point", "coordinates": [ -73.929297491576705, 40.84824947801372 ] } },
{ "type": "Feature", "properties": { "Height": 71.361999511718807, "Radius": 33.265662766852373, "height_m": 21.75, "crown_diameter_m": 20.28, "site_id": 1163 }, "geometry": { "type": "Point", "coordinates": [ -73.929503959376262, 40.848251800674689 ] } },
{ "type": "Feature", "properties": { "Height": 67.252502441406307, "Radius": 31.145615713051846, "height_m": 20.5, "crown_diameter_m": 18.99, "site_id": 1164 }, "geometry": { "type": "Point", "coordinates": [ -73.929119645589594, 40.84823044142734 ] } },
{ "type": "Feature", "properties": { "Height": 64.273750305175795, "Radius": 18.16830624941662, "height_m": 19.59, "crown_diameter_m": 11.08, "site_id": 1165 }, "geometry": { "type": "Point", "coordinates": [ -73.928829227911777, 40.848251213468188 ] } },
{ "type": "Feature", "properties": { "Height": 69.898124694824205, "Radius": 29.95788250352815, "height_m": 21.3, "crown_diameter_m": 18.26, "site_id": 1166 }, "geometry": { "type": "Point", "coordinates": [ -73.928522194089567, 40.848276183384144 ] } },
{ "type": "Feature", "properties": { "Height": 70.501998901367202, "Radius": 30.069240624017386, "height_m": 21.49, "crown_diameter_m": 18.33, "site_id": 1167 }, "geometry": { "type": "Point", "coordinates": [ -73.928880743396576, 40.848313694376976 ] } },
{ "type": "Feature", "properties": { "Height": 73.562751770019503, "Radius": 26.43425386964736, "height_m": 22.42, "crown_diameter_m": 16.11, "site_id": 1168 }, "geometry": { "type": "Point", "coordinates": [ -73.929384040037363, 40.848378981288342 ] } },
{ "type": "Feature", "properties": { "Height": 76.694503784179702, "Radius": 15.35798247369064, "height_m": 23.38, "crown_diameter_m": 9.36, "site_id": 1169 }, "geometry": { "type": "Point", "coordinates": [ -73.929280255796755, 40.848328096629857 ] } },
{ "type": "Feature", "properties": { "Height": 73.090751647949205, "Radius": 14.048207338801282, "height_m": 22.28, "crown_diameter_m": 8.56, "site_id": 1170 }, "geometry": { "type": "Point", "coordinates": [ -73.92892170428739, 40.848344523661204 ] } },
{ "type": "Feature", "properties": { "Height": 35.301998138427699, "Radius": 12.46654731388109, "height_m": 10.76, "crown_diameter_m": 7.6, "site_id": 1171 }, "geometry": { "type": "Point", "coordinates": [ -73.928262525921667, 40.848346908944237 ] } },
{ "type": "Feature", "properties": { "Height": 84.908752441406307, "Radius": 31.004771508189638, "height_m": 25.88, "crown_diameter_m": 18.9, "site_id": 1172 }, "geometry": { "type": "Point", "coordinates": [ -73.928576087346826, 40.848365901289796 ] } },
{ "type": "Feature", "properties": { "Height": 70.145500183105497, "Radius": 33.196217043034942, "height_m": 21.38, "crown_diameter_m": 20.24, "site_id": 1173 }, "geometry": { "type": "Point", "coordinates": [ -73.929009646516732, 40.848400872085982 ] } },
{ "type": "Feature", "properties": { "Height": 73.612503051757798, "Radius": 34.281191633176277, "height_m": 22.44, "crown_diameter_m": 20.9, "site_id": 1174 }, "geometry": { "type": "Point", "coordinates": [ -73.929191687316958, 40.848454431785157 ] } },
{ "type": "Feature", "properties": { "Height": 53.876998901367202, "Radius": 24.998437632186679, "height_m": 16.42, "crown_diameter_m": 15.24, "site_id": 1175 }, "geometry": { "type": "Point", "coordinates": [ -73.928176928051172, 40.848456022354299 ] } },
{ "type": "Feature", "properties": { "Height": 94.610252380371094, "Radius": 36.162087742752881, "height_m": 28.84, "crown_diameter_m": 22.04, "site_id": 1176 }, "geometry": { "type": "Point", "coordinates": [ -73.928627495700411, 40.848472827838634 ] } },
{ "type": "Feature", "properties": { "Height": 42.074501037597699, "Radius": 17.745085373345347, "height_m": 12.82, "crown_diameter_m": 10.82, "site_id": 1177 }, "geometry": { "type": "Point", "coordinates": [ -73.92832290204359, 40.848488281431358 ] } },
{ "type": "Feature", "properties": { "Height": 48.5234985351563, "Radius": 11.821084554078958, "height_m": 14.79, "crown_diameter_m": 7.21, "site_id": 1178 }, "geometry": { "type": "Point", "coordinates": [ -73.928248015657601, 40.848502038521481 ] } },
{ "type": "Feature", "properties": { "Height": 66.233749389648395, "Radius": 20.542622315764863, "height_m": 20.19, "crown_diameter_m": 12.52, "site_id": 1179 }, "geometry": { "type": "Point", "coordinates": [ -73.92843818506627, 40.848462020811603 ] } },
{ "type": "Feature", "properties": { "Height": 69.096252441406307, "Radius": 23.349202503753475, "height_m": 21.06, "crown_diameter_m": 14.23, "site_id": 1180 }, "geometry": { "type": "Point", "coordinates": [ -73.929347490813413, 40.84852183190381 ] } },
{ "type": "Feature", "properties": { "Height": 24.020124435424801, "Radius": 22.900120905527881, "height_m": 7.32, "crown_diameter_m": 13.96, "site_id": 1181 }, "geometry": { "type": "Point", "coordinates": [ -73.928829167408352, 40.848519452055612 ] } },
{ "type": "Feature", "properties": { "Height": 66.350502014160199, "Radius": 29.712496854534852, "height_m": 20.22, "crown_diameter_m": 18.11, "site_id": 1182 }, "geometry": { "type": "Point", "coordinates": [ -73.928984540185851, 40.84856800419599 ] } },
{ "type": "Feature", "properties": { "Height": 39.623123168945298, "Radius": 17.444318593504988, "height_m": 12.08, "crown_diameter_m": 10.63, "site_id": 1183 }, "geometry": { "type": "Point", "coordinates": [ -73.928424313893942, 40.848551465301149 ] } },
{ "type": "Feature", "properties": { "Height": 66.997497558593807, "Radius": 18.062879984608916, "height_m": 20.42, "crown_diameter_m": 11.01, "site_id": 1184 }, "geometry": { "type": "Point", "coordinates": [ -73.929236980435888, 40.84858107328435 ] } },
{ "type": "Feature", "properties": { "Height": 37.5755004882813, "Radius": 21.405772145885482, "height_m": 11.45, "crown_diameter_m": 13.05, "site_id": 1185 }, "geometry": { "type": "Point", "coordinates": [ -73.92818072406682, 40.848563579507697 ] } },
{ "type": "Feature", "properties": { "Height": 64.365501403808594, "Radius": 18.323137079996787, "height_m": 19.62, "crown_diameter_m": 11.17, "site_id": 1186 }, "geometry": { "type": "Point", "coordinates": [ -73.92920632903467, 40.848627202901675 ] } },
{ "type": "Feature", "properties": { "Height": 69.915252685546903, "Radius": 15.09668435477122, "height_m": 21.31, "crown_diameter_m": 9.2, "site_id": 1187 }, "geometry": { "type": "Point", "coordinates": [ -73.929038822114094, 40.848632122927832 ] } },
{ "type": "Feature", "properties": { "Height": 18.012500762939499, "Radius": 11.354096349090721, "height_m": 5.49, "crown_diameter_m": 6.92, "site_id": 1188 }, "geometry": { "type": "Point", "coordinates": [ -73.928780887966397, 40.848635339918083 ] } },
{ "type": "Feature", "properties": { "Height": 49.831001281738303, "Radius": 20.030716700474503, "height_m": 15.19, "crown_diameter_m": 12.21, "site_id": 1189 }, "geometry": { "type": "Point", "coordinates": [ -73.928410914148486, 40.848651299058574 ] } },
{ "type": "Feature", "properties": { "Height": 44.875251770019503, "Radius": 23.976397862229554, "height_m": 13.68, "crown_diameter_m": 14.62, "site_id": 1190 }, "geometry": { "type": "Point", "coordinates": [ -73.928305178816089, 40.848615338872818 ] } },
{ "type": "Feature", "properties": { "Height": 43.107498168945298, "Radius": 17.371176474327626, "height_m": 13.14, "crown_diameter_m": 10.59, "site_id": 1191 }, "geometry": { "type": "Point", "coordinates": [ -73.928182977925658, 40.848661759774181 ] } },
{ "type": "Feature", "properties": { "Height": 71.204498291015597, "Radius": 25.529189018872326, "height_m": 21.7, "crown_diameter_m": 15.56, "site_id": 1192 }, "geometry": { "type": "Point", "coordinates": [ -73.929170308275843, 40.84870315081325 ] } },
{ "type": "Feature", "properties": { "Height": 28.102500915527301, "Radius": 14.386834380467786, "height_m": 8.57, "crown_diameter_m": 8.77, "site_id": 1193 }, "geometry": { "type": "Point", "coordinates": [ -73.92854765772563, 40.848689271146966 ] } },
{ "type": "Feature", "properties": { "Height": 37.255001068115199, "Radius": 13.738914167683992, "height_m": 11.36, "crown_diameter_m": 8.38, "site_id": 1194 }, "geometry": { "type": "Point", "coordinates": [ -73.928241093916057, 40.848720680925339 ] } },
{ "type": "Feature", "properties": { "Height": 72.602500915527301, "Radius": 24.059229580874433, "height_m": 22.13, "crown_diameter_m": 14.67, "site_id": 1195 }, "geometry": { "type": "Point", "coordinates": [ -73.928876370237973, 40.848710480965082 ] } },
{ "type": "Feature", "properties": { "Height": 72.125251770019503, "Radius": 18.463745234996065, "height_m": 21.98, "crown_diameter_m": 11.26, "site_id": 1196 }, "geometry": { "type": "Point", "coordinates": [ -73.929017203730155, 40.848707817607057 ] } },
{ "type": "Feature", "properties": { "Height": 38.346874237060497, "Radius": 15.035943490916603, "height_m": 11.69, "crown_diameter_m": 9.17, "site_id": 1197 }, "geometry": { "type": "Point", "coordinates": [ -73.928644435654789, 40.848718267466438 ] } },
{ "type": "Feature", "properties": { "Height": 68.329498291015597, "Radius": 44.3310865792699, "height_m": 20.83, "crown_diameter_m": 27.02, "site_id": 1198 }, "geometry": { "type": "Point", "coordinates": [ -73.927976898202587, 40.848706214660801 ] } },
{ "type": "Feature", "properties": { "Height": 52.674251556396499, "Radius": 16.636419267282427, "height_m": 16.06, "crown_diameter_m": 10.14, "site_id": 1199 }, "geometry": { "type": "Point", "coordinates": [ -73.92816684078187, 40.848782495822668 ] } },
{ "type": "Feature", "properties": { "Height": 50.160999298095703, "Radius": 23.7362275550541, "height_m": 15.29, "crown_diameter_m": 14.47, "site_id": 1200 }, "geometry": { "type": "Point", "coordinates": [ -73.928738845964361, 40.848751257725695 ] } },
{ "type": "Feature", "properties": { "Height": 75.997497558593807, "Radius": 24.279825147895533, "height_m": 23.16, "crown_diameter_m": 14.8, "site_id": 1201 }, "geometry": { "type": "Point", "coordinates": [ -73.929080632085856, 40.84878554928239 ] } },
{ "type": "Feature", "properties": { "Height": 49.646999359130902, "Radius": 17.5715847207438, "height_m": 15.13, "crown_diameter_m": 10.71, "site_id": 1202 }, "geometry": { "type": "Point", "coordinates": [ -73.928052492246792, 40.848789480817665 ] } },
{ "type": "Feature", "properties": { "Height": 32.940750122070298, "Radius": 18.409792267002665, "height_m": 10.04, "crown_diameter_m": 11.22, "site_id": 1203 }, "geometry": { "type": "Point", "coordinates": [ -73.928286995374222, 40.848775424274663 ] } },
{ "type": "Feature", "properties": { "Height": 54.009376525878899, "Radius": 27.386450469539799, "height_m": 16.46, "crown_diameter_m": 16.69, "site_id": 1204 }, "geometry": { "type": "Point", "coordinates": [ -73.92858020041983, 40.848814930668738 ] } },
{ "type": "Feature", "properties": { "Height": 73.261253356933594, "Radius": 26.310538287503711, "height_m": 22.33, "crown_diameter_m": 16.04, "site_id": 1205 }, "geometry": { "type": "Point", "coordinates": [ -73.929043682926391, 40.848870052157643 ] } },
{ "type": "Feature", "properties": { "Height": 76.207496643066406, "Radius": 36.564752145248661, "height_m": 23.23, "crown_diameter_m": 22.29, "site_id": 1206 }, "geometry": { "type": "Point", "coordinates": [ -73.928872253024139, 40.848875627788779 ] } },
{ "type": "Feature", "properties": { "Height": 93.379249572753906, "Radius": 22.891431806028766, "height_m": 28.46, "crown_diameter_m": 13.95, "site_id": 1207 }, "geometry": { "type": "Point", "coordinates": [ -73.928210208519175, 40.84889392090404 ] } },
{ "type": "Feature", "properties": { "Height": 16.152000427246101, "Radius": 8.0681083114064105, "height_m": 4.92, "crown_diameter_m": 4.92, "site_id": 1208 }, "geometry": { "type": "Point", "coordinates": [ -73.92829662499777, 40.848916955210449 ] } },
{ "type": "Feature", "properties": { "Height": 97.070999145507798, "Radius": 18.98646744666166, "height_m": 29.59, "crown_diameter_m": 11.57, "site_id": 1209 }, "geometry": { "type": "Point", "coordinates": [ -73.928110875070772, 40.848899956276007 ] } },
{ "type": "Feature", "properties": { "Height": 86.175628662109403, "Radius": 23.936536824085962, "height_m": 26.27, "crown_diameter_m": 14.59, "site_id": 1210 }, "geometry": { "type": "Point", "coordinates": [ -73.9279718496241, 40.8489277668005 ] } },
{ "type": "Feature", "properties": { "Height": 94.943252563476605, "Radius": 14.317526556719258, "height_m": 28.94, "crown_diameter_m": 8.73, "site_id": 1211 }, "geometry": { "type": "Point", "coordinates": [ -73.928063583485894, 40.848939840208963 ] } },
{ "type": "Feature", "properties": { "Height": 50.155750274658203, "Radius": 17.974552413802897, "height_m": 15.29, "crown_diameter_m": 10.96, "site_id": 1212 }, "geometry": { "type": "Point", "coordinates": [ -73.928652991345857, 40.848902082119082 ] } },
{ "type": "Feature", "properties": { "Height": 46.1952514648438, "Radius": 20.066439794405365, "height_m": 14.08, "crown_diameter_m": 12.23, "site_id": 1213 }, "geometry": { "type": "Point", "coordinates": [ -73.928507074876308, 40.84891130016684 ] } },
{ "type": "Feature", "properties": { "Height": 56.266998291015597, "Radius": 26.459829830542137, "height_m": 17.15, "crown_diameter_m": 16.13, "site_id": 1214 }, "geometry": { "type": "Point", "coordinates": [ -73.92785648291121, 40.848891416581523 ] } },
{ "type": "Feature", "properties": { "Height": 17.445999145507798, "Radius": 12.656597102775796, "height_m": 5.32, "crown_diameter_m": 7.72, "site_id": 1215 }, "geometry": { "type": "Point", "coordinates": [ -73.928359863528044, 40.848976553951481 ] } },
{ "type": "Feature", "properties": { "Height": 34.219249725341797, "Radius": 13.767844320097732, "height_m": 10.43, "crown_diameter_m": 8.39, "site_id": 1216 }, "geometry": { "type": "Point", "coordinates": [ -73.928687524039873, 40.848964869575241 ] } },
{ "type": "Feature", "properties": { "Height": 74.025253295898395, "Radius": 17.987829199373206, "height_m": 22.56, "crown_diameter_m": 10.97, "site_id": 1217 }, "geometry": { "type": "Point", "coordinates": [ -73.927952614660427, 40.849022119161383 ] } },
{ "type": "Feature", "properties": { "Height": 68.864997863769503, "Radius": 31.182641402227848, "height_m": 20.99, "crown_diameter_m": 19.01, "site_id": 1218 }, "geometry": { "type": "Point", "coordinates": [ -73.928849359483422, 40.849000178748568 ] } },
{ "type": "Feature", "properties": { "Height": 56.923500061035199, "Radius": 20.046601490203663, "height_m": 17.35, "crown_diameter_m": 12.22, "site_id": 1219 }, "geometry": { "type": "Point", "coordinates": [ -73.928528697490734, 40.848992302027668 ] } },
{ "type": "Feature", "properties": { "Height": 88.014251708984403, "Radius": 26.386043632107789, "height_m": 26.83, "crown_diameter_m": 16.08, "site_id": 1220 }, "geometry": { "type": "Point", "coordinates": [ -73.928190149715476, 40.849016842706199 ] } },
{ "type": "Feature", "properties": { "Height": 93.015998840332003, "Radius": 20.474719048232441, "height_m": 28.35, "crown_diameter_m": 12.48, "site_id": 1221 }, "geometry": { "type": "Point", "coordinates": [ -73.927742563168252, 40.849024192185944 ] } },
{ "type": "Feature", "properties": { "Height": 57.634498596191399, "Radius": 11.87481703351337, "height_m": 17.57, "crown_diameter_m": 7.24, "site_id": 1222 }, "geometry": { "type": "Point", "coordinates": [ -73.928451064631005, 40.849034239348818 ] } },
{ "type": "Feature", "properties": { "Height": 54.905998229980497, "Radius": 12.440987989579774, "height_m": 16.74, "crown_diameter_m": 7.58, "site_id": 1223 }, "geometry": { "type": "Point", "coordinates": [ -73.928624369802392, 40.849027589415662 ] } },
{ "type": "Feature", "properties": { "Height": 8.5825004577636701, "Radius": 3.0251296216499521, "height_m": 2.62, "crown_diameter_m": 1.84, "site_id": 1224 }, "geometry": { "type": "Point", "coordinates": [ -73.928314075795527, 40.848953645802709 ] } },
{ "type": "Feature", "properties": { "Height": 14.883749961853001, "Radius": 6.5309666014019667, "height_m": 4.54, "crown_diameter_m": 3.98, "site_id": 1225 }, "geometry": { "type": "Point", "coordinates": [ -73.928377994360488, 40.848888344894753 ] } },
{ "type": "Feature", "properties": { "Height": 14.084750175476101, "Radius": 3.8884083625218757, "height_m": 4.29, "crown_diameter_m": 2.37, "site_id": 1226 }, "geometry": { "type": "Point", "coordinates": [ -73.928353253511332, 40.848851037449627 ] } },
{ "type": "Feature", "properties": { "Height": 20.690750122070298, "Radius": 16.944483389521771, "height_m": 6.31, "crown_diameter_m": 10.33, "site_id": 1227 }, "geometry": { "type": "Point", "coordinates": [ -73.928422138500295, 40.848784482513494 ] } },
{ "type": "Feature", "properties": { "Height": 22.532249450683601, "Radius": 4.9987324458734106, "height_m": 6.87, "crown_diameter_m": 3.05, "site_id": 1228 }, "geometry": { "type": "Point", "coordinates": [ -73.928377741707024, 40.848733115197021 ] } },
{ "type": "Feature", "properties": { "Height": 14.2201251983643, "Radius": 4.1650796867546953, "height_m": 4.33, "crown_diameter_m": 2.54, "site_id": 1229 }, "geometry": { "type": "Point", "coordinates": [ -73.928687945560625, 40.848665711931879 ] } },
{ "type": "Feature", "properties": { "Height": 10.5165004730225, "Radius": 3.8369039909802694, "height_m": 3.21, "crown_diameter_m": 2.34, "site_id": 1230 }, "geometry": { "type": "Point", "coordinates": [ -73.928652724512332, 40.848652232297646 ] } },
{ "type": "Feature", "properties": { "Height": 9.4224996566772496, "Radius": 3.5793816391798146, "height_m": 2.87, "crown_diameter_m": 2.18, "site_id": 1231 }, "geometry": { "type": "Point", "coordinates": [ -73.928724028046062, 40.848640002667644 ] } },
{ "type": "Feature", "properties": { "Height": 18.339750289916999, "Radius": 7.6945200519710824, "height_m": 5.59, "crown_diameter_m": 4.69, "site_id": 1232 }, "geometry": { "type": "Point", "coordinates": [ -73.928673580663244, 40.848608722606564 ] } },
{ "type": "Feature", "properties": { "Height": 13.0112495422363, "Radius": 4.8286850345578216, "height_m": 3.97, "crown_diameter_m": 2.94, "site_id": 1233 }, "geometry": { "type": "Point", "coordinates": [ -73.928554885266365, 40.848613358729082 ] } },
{ "type": "Feature", "properties": { "Height": 7.9902501106262198, "Radius": 2.8906114426405538, "height_m": 2.44, "crown_diameter_m": 1.76, "site_id": 1234 }, "geometry": { "type": "Point", "coordinates": [ -73.928728968655392, 40.848584373312562 ] } },
{ "type": "Feature", "properties": { "Height": 9.7237501144409197, "Radius": 3.5793816391798146, "height_m": 2.96, "crown_diameter_m": 2.18, "site_id": 1235 }, "geometry": { "type": "Point", "coordinates": [ -73.928711820866724, 40.848561370449509 ] } },
{ "type": "Feature", "properties": { "Height": 8.6437501907348597, "Radius": 2.7495199211616979, "height_m": 2.63, "crown_diameter_m": 1.68, "site_id": 1236 }, "geometry": { "type": "Point", "coordinates": [ -73.928306918697771, 40.848420386091902 ] } },
{ "type": "Feature", "properties": { "Height": 40.107498168945298, "Radius": 26.844991754889815, "height_m": 12.22, "crown_diameter_m": 16.36, "site_id": 1237 }, "geometry": { "type": "Point", "coordinates": [ -73.930516318253297, 40.848157711932345 ] } },
{ "type": "Feature", "properties": { "Height": 39.444248199462898, "Radius": 23.859950365407503, "height_m": 12.02, "crown_diameter_m": 14.55, "site_id": 1238 }, "geometry": { "type": "Point", "coordinates": [ -73.930253298667608, 40.848199424293796 ] } },
{ "type": "Feature", "properties": { "Height": 41.289501190185497, "Radius": 27.364648860297251, "height_m": 12.59, "crown_diameter_m": 16.68, "site_id": 1239 }, "geometry": { "type": "Point", "coordinates": [ -73.930531019827868, 40.848262774913032 ] } },
{ "type": "Feature", "properties": { "Height": 22.131999969482401, "Radius": 7.2416540754705698, "height_m": 6.75, "crown_diameter_m": 4.41, "site_id": 1240 }, "geometry": { "type": "Point", "coordinates": [ -73.92832535748353, 40.848300528526025 ] } },
{ "type": "Feature", "properties": { "Height": 48.605251312255902, "Radius": 19.673963037463739, "height_m": 14.81, "crown_diameter_m": 11.99, "site_id": 1241 }, "geometry": { "type": "Point", "coordinates": [ -73.929944186982539, 40.847852671726855 ] } },
{ "type": "Feature", "properties": { "Height": 49.484748840332003, "Radius": 17.000746355818674, "height_m": 15.08, "crown_diameter_m": 10.36, "site_id": 1242 }, "geometry": { "type": "Point", "coordinates": [ -73.92987747756905, 40.847911896194809 ] } },
{ "type": "Feature", "properties": { "Height": 49.208248138427699, "Radius": 11.888212206450685, "height_m": 15.0, "crown_diameter_m": 7.25, "site_id": 1243 }, "geometry": { "type": "Point", "coordinates": [ -73.930004442758801, 40.847913039487473 ] } },
{ "type": "Feature", "properties": { "Height": 39.341999053955099, "Radius": 25.333620112768486, "height_m": 11.99, "crown_diameter_m": 15.44, "site_id": 1244 }, "geometry": { "type": "Point", "coordinates": [ -73.930157769026039, 40.847944993639004 ] } },
{ "type": "Feature", "properties": { "Height": 50.428249359130902, "Radius": 26.269675164464029, "height_m": 15.37, "crown_diameter_m": 16.01, "site_id": 1245 }, "geometry": { "type": "Point", "coordinates": [ -73.930016458538276, 40.847990083892817 ] } },
{ "type": "Feature", "properties": { "Height": 55.421501159667997, "Radius": 30.861995349190362, "height_m": 16.89, "crown_diameter_m": 18.81, "site_id": 1246 }, "geometry": { "type": "Point", "coordinates": [ -73.930284966490888, 40.848047046828427 ] } },
{ "type": "Feature", "properties": { "Height": 39.8385009765625, "Radius": 23.682525613959321, "height_m": 12.14, "crown_diameter_m": 14.44, "site_id": 1247 }, "geometry": { "type": "Point", "coordinates": [ -73.930802065832538, 40.847642652625794 ] } },
{ "type": "Feature", "properties": { "Height": 33.951248168945298, "Radius": 12.778613837669742, "height_m": 10.35, "crown_diameter_m": 7.79, "site_id": 1248 }, "geometry": { "type": "Point", "coordinates": [ -73.930881586705382, 40.847634097897185 ] } },
{ "type": "Feature", "properties": { "Height": 34.655750274658203, "Radius": 21.340615493875955, "height_m": 10.56, "crown_diameter_m": 13.01, "site_id": 1249 }, "geometry": { "type": "Point", "coordinates": [ -73.930923284567484, 40.847711693984181 ] } },
{ "type": "Feature", "properties": { "Height": 37.055500030517599, "Radius": 19.665871750657423, "height_m": 11.29, "crown_diameter_m": 11.99, "site_id": 1250 }, "geometry": { "type": "Point", "coordinates": [ -73.930846005496093, 40.847800617222944 ] } },
{ "type": "Feature", "properties": { "Height": 27.5620002746582, "Radius": 17.226270385514066, "height_m": 8.4, "crown_diameter_m": 10.5, "site_id": 1251 }, "geometry": { "type": "Point", "coordinates": [ -73.930802710928432, 40.847867223187876 ] } },
{ "type": "Feature", "properties": { "Height": 33.934501647949197, "Radius": 21.601904849930182, "height_m": 10.34, "crown_diameter_m": 13.17, "site_id": 1252 }, "geometry": { "type": "Point", "coordinates": [ -73.930541860479096, 40.847166142085079 ] } },
{ "type": "Feature", "properties": { "Height": 36.511501312255902, "Radius": 29.5311616884951, "height_m": 11.13, "crown_diameter_m": 18.0, "site_id": 1253 }, "geometry": { "type": "Point", "coordinates": [ -73.930509131558281, 40.84729769962054 ] } },
{ "type": "Feature", "properties": { "Height": 34.701248168945298, "Radius": 17.514883750959591, "height_m": 10.58, "crown_diameter_m": 10.68, "site_id": 1254 }, "geometry": { "type": "Point", "coordinates": [ -73.930402315399519, 40.847390158114173 ] } },
{ "type": "Feature", "properties": { "Height": 47.352001190185497, "Radius": 25.232902128751011, "height_m": 14.43, "crown_diameter_m": 15.38, "site_id": 1255 }, "geometry": { "type": "Point", "coordinates": [ -73.930549671783623, 40.847424899672617 ] } },
{ "type": "Feature", "properties": { "Height": 30.094499588012699, "Radius": 18.249156649549342, "height_m": 9.17, "crown_diameter_m": 11.12, "site_id": 1256 }, "geometry": { "type": "Point", "coordinates": [ -73.930442625566258, 40.84748887098759 ] } },
{ "type": "Feature", "properties": { "Height": 37.109001159667997, "Radius": 23.17473528357122, "height_m": 11.31, "crown_diameter_m": 14.13, "site_id": 1257 }, "geometry": { "type": "Point", "coordinates": [ -73.930289244786991, 40.847501885065519 ] } },
{ "type": "Feature", "properties": { "Height": 34.316501617431598, "Radius": 14.803930445578967, "height_m": 10.46, "crown_diameter_m": 9.02, "site_id": 1258 }, "geometry": { "type": "Point", "coordinates": [ -73.930212156836546, 40.847504139212347 ] } },
{ "type": "Feature", "properties": { "Height": 32.293998718261697, "Radius": 15.070305364926574, "height_m": 9.84, "crown_diameter_m": 9.19, "site_id": 1259 }, "geometry": { "type": "Point", "coordinates": [ -73.930361670497732, 40.847535408215784 ] } },
{ "type": "Feature", "properties": { "Height": 24.527000427246101, "Radius": 11.565886462729004, "height_m": 7.48, "crown_diameter_m": 7.05, "site_id": 1260 }, "geometry": { "type": "Point", "coordinates": [ -73.930254157235069, 40.847605654603981 ] } },
{ "type": "Feature", "properties": { "Height": 35.298500061035199, "Radius": 15.940227935829867, "height_m": 10.76, "crown_diameter_m": 9.72, "site_id": 1261 }, "geometry": { "type": "Point", "coordinates": [ -73.93043523807718, 40.84758496887703 ] } },
{ "type": "Feature", "properties": { "Height": 45.116500854492202, "Radius": 38.564535077221088, "height_m": 13.75, "crown_diameter_m": 23.51, "site_id": 1262 }, "geometry": { "type": "Point", "coordinates": [ -73.930556006190599, 40.847641051365486 ] } },
{ "type": "Feature", "properties": { "Height": 31.217500686645501, "Radius": 21.970820248632471, "height_m": 9.52, "crown_diameter_m": 13.39, "site_id": 1263 }, "geometry": { "type": "Point", "coordinates": [ -73.930406127549816, 40.847669292330664 ] } },
{ "type": "Feature", "properties": { "Height": 31.650999069213899, "Radius": 22.473945178853885, "height_m": 9.65, "crown_diameter_m": 13.7, "site_id": 1264 }, "geometry": { "type": "Point", "coordinates": [ -73.930597227406381, 40.847787557457679 ] } },
{ "type": "Feature", "properties": { "Height": 28.8059997558594, "Radius": 24.356724951746692, "height_m": 8.78, "crown_diameter_m": 14.85, "site_id": 1265 }, "geometry": { "type": "Point", "coordinates": [ -73.930857848073288, 40.846902080615124 ] } },
{ "type": "Feature", "properties": { "Height": 57.665500640869098, "Radius": 26.767808162038836, "height_m": 17.58, "crown_diameter_m": 16.32, "site_id": 1266 }, "geometry": { "type": "Point", "coordinates": [ -73.931093322534423, 40.8469621654965 ] } },
{ "type": "Feature", "properties": { "Height": 58.751499176025398, "Radius": 18.266590765442757, "height_m": 17.91, "crown_diameter_m": 11.14, "site_id": 1267 }, "geometry": { "type": "Point", "coordinates": [ -73.931283508462798, 40.847174584441305 ] } },
{ "type": "Feature", "properties": { "Height": 65.026748657226605, "Radius": 46.373500957526268, "height_m": 19.82, "crown_diameter_m": 28.27, "site_id": 1268 }, "geometry": { "type": "Point", "coordinates": [ -73.930966474040304, 40.847135969336968 ] } },
{ "type": "Feature", "properties": { "Height": 65.365753173828097, "Radius": 18.185817873963178, "height_m": 19.92, "crown_diameter_m": 11.09, "site_id": 1269 }, "geometry": { "type": "Point", "coordinates": [ -73.931147287494113, 40.847184273556771 ] } },
{ "type": "Feature", "properties": { "Height": 61.437625885009801, "Radius": 11.227230955528665, "height_m": 18.73, "crown_diameter_m": 6.84, "site_id": 1270 }, "geometry": { "type": "Point", "coordinates": [ -73.931243582771373, 40.847246679285327 ] } },
{ "type": "Feature", "properties": { "Height": 54.8021240234375, "Radius": 14.47781268189453, "height_m": 16.7, "crown_diameter_m": 8.83, "site_id": 1271 }, "geometry": { "type": "Point", "coordinates": [ -73.930813006881152, 40.847239754593986 ] } },
{ "type": "Feature", "properties": { "Height": 68.194503784179702, "Radius": 18.47236308621676, "height_m": 20.79, "crown_diameter_m": 11.26, "site_id": 1272 }, "geometry": { "type": "Point", "coordinates": [ -73.931052140872069, 40.847246004011964 ] } },
{ "type": "Feature", "properties": { "Height": 66.9219970703125, "Radius": 39.436811533058822, "height_m": 20.4, "crown_diameter_m": 24.04, "site_id": 1273 }, "geometry": { "type": "Point", "coordinates": [ -73.931047226859079, 40.847382048363436 ] } },
{ "type": "Feature", "properties": { "Height": 61.541500091552699, "Radius": 18.29488576958752, "height_m": 18.76, "crown_diameter_m": 11.15, "site_id": 1274 }, "geometry": { "type": "Point", "coordinates": [ -73.930854636544041, 40.84731305622217 ] } },
{ "type": "Feature", "properties": { "Height": 60.737499237060497, "Radius": 23.593312897172876, "height_m": 18.51, "crown_diameter_m": 14.38, "site_id": 1275 }, "geometry": { "type": "Point", "coordinates": [ -73.931285207863169, 40.847312241923625 ] } },
{ "type": "Feature", "properties": { "Height": 61.767501831054702, "Radius": 18.980179495687207, "height_m": 18.83, "crown_diameter_m": 11.57, "site_id": 1276 }, "geometry": { "type": "Point", "coordinates": [ -73.930904554562872, 40.847373379500333 ] } },
{ "type": "Feature", "properties": { "Height": 61.191249847412102, "Radius": 18.948708441878455, "height_m": 18.65, "crown_diameter_m": 11.55, "site_id": 1277 }, "geometry": { "type": "Point", "coordinates": [ -73.930938797317523, 40.847431168392127 ] } },
{ "type": "Feature", "properties": { "Height": 55.1380004882813, "Radius": 34.347285419209975, "height_m": 16.81, "crown_diameter_m": 20.94, "site_id": 1278 }, "geometry": { "type": "Point", "coordinates": [ -73.931087079863417, 40.847528058197959 ] } },
{ "type": "Feature", "properties": { "Height": 9.6770000457763707, "Radius": 4.1936405677709718, "height_m": 2.95, "crown_diameter_m": 2.56, "site_id": 1279 }, "geometry": { "type": "Point", "coordinates": [ -73.930734255952899, 40.847524022491079 ] } },
{ "type": "Feature", "properties": { "Height": 44.360748291015597, "Radius": 21.143940861275933, "height_m": 13.52, "crown_diameter_m": 12.89, "site_id": 1280 }, "geometry": { "type": "Point", "coordinates": [ -73.929778442746397, 40.846069569801934 ] } },
{ "type": "Feature", "properties": { "Height": 54.158500671386697, "Radius": 18.401145111867557, "height_m": 16.51, "crown_diameter_m": 11.22, "site_id": 1281 }, "geometry": { "type": "Point", "coordinates": [ -73.929819299038385, 40.846130064543622 ] } },
{ "type": "Feature", "properties": { "Height": 53.737251281738303, "Radius": 25.42455115371229, "height_m": 16.38, "crown_diameter_m": 15.5, "site_id": 1282 }, "geometry": { "type": "Point", "coordinates": [ -73.929716705631293, 40.846250274568149 ] } },
{ "type": "Feature", "properties": { "Height": 53.207248687744098, "Radius": 12.014721527540665, "height_m": 16.22, "crown_diameter_m": 7.32, "site_id": 1283 }, "geometry": { "type": "Point", "coordinates": [ -73.929919446512173, 40.846382810843529 ] } },
{ "type": "Feature", "properties": { "Height": 49.677501678466797, "Radius": 31.832994246003594, "height_m": 15.14, "crown_diameter_m": 19.41, "site_id": 1284 }, "geometry": { "type": "Point", "coordinates": [ -73.929575585441256, 40.846453637678422 ] } },
{ "type": "Feature", "properties": { "Height": 53.578498840332003, "Radius": 23.943184938871582, "height_m": 16.33, "crown_diameter_m": 14.6, "site_id": 1285 }, "geometry": { "type": "Point", "coordinates": [ -73.929693987845994, 40.846391521889764 ] } },
{ "type": "Feature", "properties": { "Height": 68.719749450683594, "Radius": 34.484862400517734, "height_m": 20.95, "crown_diameter_m": 21.02, "site_id": 1286 }, "geometry": { "type": "Point", "coordinates": [ -73.929757651718575, 40.846508775084438 ] } },
{ "type": "Feature", "properties": { "Height": 75.958747863769503, "Radius": 13.764954041002149, "height_m": 23.15, "crown_diameter_m": 8.39, "site_id": 1287 }, "geometry": { "type": "Point", "coordinates": [ -73.929941262219558, 40.846499754850093 ] } },
{ "type": "Feature", "properties": { "Height": 80.489250183105497, "Radius": 20.509668807464429, "height_m": 24.53, "crown_diameter_m": 12.5, "site_id": 1288 }, "geometry": { "type": "Point", "coordinates": [ -73.929981266168738, 40.84657616161499 ] } },
{ "type": "Feature", "properties": { "Height": 73.072502136230497, "Radius": 23.255289648298522, "height_m": 22.27, "crown_diameter_m": 14.18, "site_id": 1289 }, "geometry": { "type": "Point", "coordinates": [ -73.929841739043596, 40.846559921102646 ] } },
{ "type": "Feature", "properties": { "Height": 12.719499588012701, "Radius": 13.19226782137884, "height_m": 3.88, "crown_diameter_m": 8.04, "site_id": 1290 }, "geometry": { "type": "Point", "coordinates": [ -73.930095607076751, 40.846594058912949 ] } },
{ "type": "Feature", "properties": { "Height": 73.304496765136705, "Radius": 13.854272314662571, "height_m": 22.34, "crown_diameter_m": 8.45, "site_id": 1291 }, "geometry": { "type": "Point", "coordinates": [ -73.929788621558757, 40.84665848460817 ] } },
{ "type": "Feature", "properties": { "Height": 58.638999938964801, "Radius": 27.943051923668587, "height_m": 17.87, "crown_diameter_m": 17.03, "site_id": 1292 }, "geometry": { "type": "Point", "coordinates": [ -73.929551003021558, 40.846637573476571 ] } },
{ "type": "Feature", "properties": { "Height": 75.489250183105497, "Radius": 18.575465448360347, "height_m": 23.01, "crown_diameter_m": 11.32, "site_id": 1293 }, "geometry": { "type": "Point", "coordinates": [ -73.92992197836432, 40.846658467546625 ] } },
{ "type": "Feature", "properties": { "Height": 62.186500549316399, "Radius": 18.44649745427224, "height_m": 18.95, "crown_diameter_m": 11.24, "site_id": 1294 }, "geometry": { "type": "Point", "coordinates": [ -73.929666627359268, 40.846689882502808 ] } },
{ "type": "Feature", "properties": { "Height": 76.170249938964801, "Radius": 10.49453289192004, "height_m": 23.22, "crown_diameter_m": 6.4, "site_id": 1295 }, "geometry": { "type": "Point", "coordinates": [ -73.929868286214202, 40.846695895403222 ] } },
{ "type": "Feature", "properties": { "Height": 82.728500366210895, "Radius": 18.832864643497249, "height_m": 25.22, "crown_diameter_m": 11.48, "site_id": 1296 }, "geometry": { "type": "Point", "coordinates": [ -73.930148135895109, 40.846710046250557 ] } },
{ "type": "Feature", "properties": { "Height": 76.886749267578097, "Radius": 10.264529815185629, "height_m": 23.44, "crown_diameter_m": 6.26, "site_id": 1297 }, "geometry": { "type": "Point", "coordinates": [ -73.929919434876609, 40.846729275327256 ] } },
{ "type": "Feature", "properties": { "Height": 82.176750183105497, "Radius": 19.694176710767803, "height_m": 25.05, "crown_diameter_m": 12.01, "site_id": 1298 }, "geometry": { "type": "Point", "coordinates": [ -73.930024645941202, 40.846710357717008 ] } },
{ "type": "Feature", "properties": { "Height": 75.292251586914105, "Radius": 11.603666741842574, "height_m": 22.95, "crown_diameter_m": 7.07, "site_id": 1299 }, "geometry": { "type": "Point", "coordinates": [ -73.929857512419574, 40.846747033223359 ] } },
{ "type": "Feature", "properties": { "Height": 42.993751525878899, "Radius": 24.121991458915023, "height_m": 13.1, "crown_diameter_m": 14.7, "site_id": 1300 }, "geometry": { "type": "Point", "coordinates": [ -73.929451901234444, 40.846753839430143 ] } },
{ "type": "Feature", "properties": { "Height": 73.258003234863295, "Radius": 26.299950240967707, "height_m": 22.33, "crown_diameter_m": 16.03, "site_id": 1301 }, "geometry": { "type": "Point", "coordinates": [ -73.929701876232158, 40.846750301820975 ] } },
{ "type": "Feature", "properties": { "Height": 84.058250427246094, "Radius": 43.722872720674481, "height_m": 25.62, "crown_diameter_m": 26.65, "site_id": 1302 }, "geometry": { "type": "Point", "coordinates": [ -73.930160074038071, 40.846853081398983 ] } },
{ "type": "Feature", "properties": { "Height": 79.740501403808594, "Radius": 14.92172126081846, "height_m": 24.3, "crown_diameter_m": 9.1, "site_id": 1303 }, "geometry": { "type": "Point", "coordinates": [ -73.92992506718123, 40.846807301018544 ] } },
{ "type": "Feature", "properties": { "Height": 49.988998413085902, "Radius": 17.421494668260941, "height_m": 15.24, "crown_diameter_m": 10.62, "site_id": 1304 }, "geometry": { "type": "Point", "coordinates": [ -73.930327180620154, 40.846854674567012 ] } },
{ "type": "Feature", "properties": { "Height": 78.709503173828097, "Radius": 25.872875577417208, "height_m": 23.99, "crown_diameter_m": 15.77, "site_id": 1305 }, "geometry": { "type": "Point", "coordinates": [ -73.929719708571639, 40.846863788245003 ] } },
{ "type": "Feature", "properties": { "Height": 28.680500030517599, "Radius": 14.56002692986536, "height_m": 8.74, "crown_diameter_m": 8.88, "site_id": 1306 }, "geometry": { "type": "Point", "coordinates": [ -73.929308807027439, 40.846842365689881 ] } },
{ "type": "Feature", "properties": { "Height": 72.989501953125, "Radius": 15.220053208522424, "height_m": 22.25, "crown_diameter_m": 9.28, "site_id": 1307 }, "geometry": { "type": "Point", "coordinates": [ -73.929911421070713, 40.846881197044631 ] } },
{ "type": "Feature", "properties": { "Height": 76.138748168945298, "Radius": 36.504853629461927, "height_m": 23.21, "crown_diameter_m": 22.25, "site_id": 1308 }, "geometry": { "type": "Point", "coordinates": [ -73.929834003399066, 40.846958375311814 ] } },
{ "type": "Feature", "properties": { "Height": 69.782997131347699, "Radius": 37.227963205690216, "height_m": 21.27, "crown_diameter_m": 22.69, "site_id": 1309 }, "geometry": { "type": "Point", "coordinates": [ -73.929541085413447, 40.846882149279935 ] } },
{ "type": "Feature", "properties": { "Height": 66.308998107910199, "Radius": 19.376442159327937, "height_m": 20.21, "crown_diameter_m": 11.81, "site_id": 1310 }, "geometry": { "type": "Point", "coordinates": [ -73.929983481124552, 40.846942462585524 ] } },
{ "type": "Feature", "properties": { "Height": 77.469253540039105, "Radius": 23.662355964639019, "height_m": 23.61, "crown_diameter_m": 14.42, "site_id": 1311 }, "geometry": { "type": "Point", "coordinates": [ -73.930115790568081, 40.846969208199724 ] } },
{ "type": "Feature", "properties": { "Height": 50.694000244140597, "Radius": 19.454317121722035, "height_m": 15.45, "crown_diameter_m": 11.86, "site_id": 1312 }, "geometry": { "type": "Point", "coordinates": [ -73.929294684839917, 40.846946258555761 ] } },
{ "type": "Feature", "properties": { "Height": 68.0364990234375, "Radius": 14.744682168955999, "height_m": 20.74, "crown_diameter_m": 8.99, "site_id": 1313 }, "geometry": { "type": "Point", "coordinates": [ -73.929673212866888, 40.847023547789718 ] } },
{ "type": "Feature", "properties": { "Height": 72.708251953125, "Radius": 33.846673106458525, "height_m": 22.16, "crown_diameter_m": 20.63, "site_id": 1314 }, "geometry": { "type": "Point", "coordinates": [ -73.929469932108049, 40.847001778541888 ] } },
{ "type": "Feature", "properties": { "Height": 63.291751861572301, "Radius": 20.389034095710141, "height_m": 19.29, "crown_diameter_m": 12.43, "site_id": 1315 }, "geometry": { "type": "Point", "coordinates": [ -73.929318693524053, 40.847036325214717 ] } },
{ "type": "Feature", "properties": { "Height": 56.209751129150398, "Radius": 20.216574731145414, "height_m": 17.13, "crown_diameter_m": 12.32, "site_id": 1316 }, "geometry": { "type": "Point", "coordinates": [ -73.930234368618883, 40.847031721021814 ] } },
{ "type": "Feature", "properties": { "Height": 65.486251831054702, "Radius": 21.702973392612918, "height_m": 19.96, "crown_diameter_m": 13.23, "site_id": 1317 }, "geometry": { "type": "Point", "coordinates": [ -73.930037993699713, 40.847051895585494 ] } },
{ "type": "Feature", "properties": { "Height": 58.017749786377003, "Radius": 15.533154661153459, "height_m": 17.68, "crown_diameter_m": 9.47, "site_id": 1318 }, "geometry": { "type": "Point", "coordinates": [ -73.929753098667646, 40.847063007416835 ] } },
{ "type": "Feature", "properties": { "Height": 60.009998321533203, "Radius": 14.592782937361743, "height_m": 18.29, "crown_diameter_m": 8.9, "site_id": 1319 }, "geometry": { "type": "Point", "coordinates": [ -73.929431245067619, 40.847100575821116 ] } },
{ "type": "Feature", "properties": { "Height": 63.2960014343262, "Radius": 17.297725082008998, "height_m": 19.29, "crown_diameter_m": 10.54, "site_id": 1320 }, "geometry": { "type": "Point", "coordinates": [ -73.929237320955281, 40.847083836635129 ] } },
{ "type": "Feature", "properties": { "Height": 57.888748168945298, "Radius": 11.227230955528665, "height_m": 17.64, "crown_diameter_m": 6.84, "site_id": 1321 }, "geometry": { "type": "Point", "coordinates": [ -73.930272534743168, 40.847094971273073 ] } },
{ "type": "Feature", "properties": { "Height": 49.171501159667997, "Radius": 17.5625248672306, "height_m": 14.99, "crown_diameter_m": 10.71, "site_id": 1322 }, "geometry": { "type": "Point", "coordinates": [ -73.929623063099768, 40.847095027109212 ] } },
{ "type": "Feature", "properties": { "Height": 66.317001342773395, "Radius": 25.662875024327708, "height_m": 20.21, "crown_diameter_m": 15.64, "site_id": 1323 }, "geometry": { "type": "Point", "coordinates": [ -73.929298730156134, 40.847157819125115 ] } },
{ "type": "Feature", "properties": { "Height": 55.877998352050803, "Radius": 30.662808519693229, "height_m": 17.03, "crown_diameter_m": 18.69, "site_id": 1324 }, "geometry": { "type": "Point", "coordinates": [ -73.930373309739352, 40.847086578321026 ] } },
{ "type": "Feature", "properties": { "Height": 65.388999938964801, "Radius": 30.999637842866232, "height_m": 19.93, "crown_diameter_m": 18.9, "site_id": 1325 }, "geometry": { "type": "Point", "coordinates": [ -73.929955052467193, 40.847192036612746 ] } },
{ "type": "Feature", "properties": { "Height": 88.663497924804702, "Radius": 20.435815879801165, "height_m": 27.02, "crown_diameter_m": 12.46, "site_id": 1326 }, "geometry": { "type": "Point", "coordinates": [ -73.929676074478834, 40.84715347438204 ] } },
{ "type": "Feature", "properties": { "Height": 79.526252746582003, "Radius": 28.350175706934721, "height_m": 24.24, "crown_diameter_m": 17.28, "site_id": 1327 }, "geometry": { "type": "Point", "coordinates": [ -73.929811571527097, 40.847163567680091 ] } },
{ "type": "Feature", "properties": { "Height": 66.699249267578097, "Radius": 52.902363811075908, "height_m": 20.33, "crown_diameter_m": 32.25, "site_id": 1328 }, "geometry": { "type": "Point", "coordinates": [ -73.930190594598642, 40.847246600654998 ] } },
{ "type": "Feature", "properties": { "Height": 76.808876037597699, "Radius": 19.372334805352949, "height_m": 23.41, "crown_diameter_m": 11.81, "site_id": 1329 }, "geometry": { "type": "Point", "coordinates": [ -73.929488960166367, 40.847173870674816 ] } },
{ "type": "Feature", "properties": { "Height": 79.802749633789105, "Radius": 12.047792665040703, "height_m": 24.32, "crown_diameter_m": 7.34, "site_id": 1330 }, "geometry": { "type": "Point", "coordinates": [ -73.929391534346493, 40.847208489044299 ] } },
{ "type": "Feature", "properties": { "Height": 86.243621826171903, "Radius": 17.81445919822545, "height_m": 26.29, "crown_diameter_m": 10.86, "site_id": 1331 }, "geometry": { "type": "Point", "coordinates": [ -73.929542966584933, 40.847233269536247 ] } },
{ "type": "Feature", "properties": { "Height": 63.541999816894503, "Radius": 17.850159553067712, "height_m": 19.37, "crown_diameter_m": 10.88, "site_id": 1332 }, "geometry": { "type": "Point", "coordinates": [ -73.929782545841022, 40.847278158384938 ] } },
{ "type": "Feature", "properties": { "Height": 86.159873962402301, "Radius": 22.440281636885864, "height_m": 26.26, "crown_diameter_m": 13.68, "site_id": 1333 }, "geometry": { "type": "Point", "coordinates": [ -73.929646907888355, 40.847267649840177 ] } },
{ "type": "Feature", "properties": { "Height": 78.356002807617202, "Radius": 29.676318464374969, "height_m": 23.88, "crown_diameter_m": 18.09, "site_id": 1334 }, "geometry": { "type": "Point", "coordinates": [ -73.929668781578599, 40.847368829896254 ] } },
{ "type": "Feature", "properties": { "Height": 24.382249832153299, "Radius": 15.10722305368455, "height_m": 7.43, "crown_diameter_m": 9.21, "site_id": 1335 }, "geometry": { "type": "Point", "coordinates": [ -73.929842567901915, 40.84734249096217 ] } },
{ "type": "Feature", "properties": { "Height": 48.623500823974602, "Radius": 30.335356944617264, "height_m": 14.82, "crown_diameter_m": 18.49, "site_id": 1336 }, "geometry": { "type": "Point", "coordinates": [ -73.929980747089687, 40.847405010557281 ] } },
{ "type": "Feature", "properties": { "Height": 31.3347492218018, "Radius": 20.789065586650157, "height_m": 9.55, "crown_diameter_m": 12.67, "site_id": 1337 }, "geometry": { "type": "Point", "coordinates": [ -73.929829233231658, 40.847439091275334 ] } },
{ "type": "Feature", "properties": { "Height": 11.724499702453601, "Radius": 4.2874696415384577, "height_m": 3.57, "crown_diameter_m": 2.61, "site_id": 1338 }, "geometry": { "type": "Point", "coordinates": [ -73.930671178441656, 40.846988363621378 ] } },
{ "type": "Feature", "properties": { "Height": 8.4949998855590803, "Radius": 4.0291195310356978, "height_m": 2.59, "crown_diameter_m": 2.46, "site_id": 1339 }, "geometry": { "type": "Point", "coordinates": [ -73.930403043495033, 40.84696287851019 ] } },
{ "type": "Feature", "properties": { "Height": 8.1199998855590803, "Radius": 2.4592453796829674, "height_m": 2.47, "crown_diameter_m": 1.5, "site_id": 1340 }, "geometry": { "type": "Point", "coordinates": [ -73.930872751020061, 40.846952834096719 ] } },
{ "type": "Feature", "properties": { "Height": 25.7782497406006, "Radius": 11.91161751259772, "height_m": 7.86, "crown_diameter_m": 7.26, "site_id": 1341 }, "geometry": { "type": "Point", "coordinates": [ -73.931430089791036, 40.846750995381989 ] } },
{ "type": "Feature", "properties": { "Height": 36.622249603271499, "Radius": 31.266743321650356, "height_m": 11.16, "crown_diameter_m": 19.06, "site_id": 1342 }, "geometry": { "type": "Point", "coordinates": [ -73.931499538602978, 40.846845770250738 ] } },
{ "type": "Feature", "properties": { "Height": 8.2194995880127006, "Radius": 2.1110041228223762, "height_m": 2.51, "crown_diameter_m": 1.29, "site_id": 1343 }, "geometry": { "type": "Point", "coordinates": [ -73.930942090558602, 40.846808489769316 ] } },
{ "type": "Feature", "properties": { "Height": 10.1859998703003, "Radius": 3.9993839251484071, "height_m": 3.1, "crown_diameter_m": 2.44, "site_id": 1344 }, "geometry": { "type": "Point", "coordinates": [ -73.930966030336705, 40.846769377701293 ] } },
{ "type": "Feature", "properties": { "Height": 25.2304992675781, "Radius": 13.837029903109631, "height_m": 7.69, "crown_diameter_m": 8.44, "site_id": 1345 }, "geometry": { "type": "Point", "coordinates": [ -73.931057541920239, 40.846450095282663 ] } },
{ "type": "Feature", "properties": { "Height": 25.794750213623001, "Radius": 15.860150931083242, "height_m": 7.86, "crown_diameter_m": 9.67, "site_id": 1346 }, "geometry": { "type": "Point", "coordinates": [ -73.931144955242402, 40.846443936796469 ] } },
{ "type": "Feature", "properties": { "Height": 37.315498352050803, "Radius": 28.131796148210118, "height_m": 11.37, "crown_diameter_m": 17.15, "site_id": 1347 }, "geometry": { "type": "Point", "coordinates": [ -73.931271555259613, 40.846527260125818 ] } },
{ "type": "Feature", "properties": { "Height": 50.588249206542997, "Radius": 26.833131806550924, "height_m": 15.42, "crown_diameter_m": 16.36, "site_id": 1348 }, "geometry": { "type": "Point", "coordinates": [ -73.931404131369973, 40.846612491410312 ] } },
{ "type": "Feature", "properties": { "Height": 26.1674995422363, "Radius": 16.741321775320721, "height_m": 7.98, "crown_diameter_m": 10.21, "site_id": 1349 }, "geometry": { "type": "Point", "coordinates": [ -73.93155001744212, 40.846624062050971 ] } },
{ "type": "Feature", "properties": { "Height": 38.844249725341797, "Radius": 20.536810833075389, "height_m": 11.84, "crown_diameter_m": 12.52, "site_id": 1350 }, "geometry": { "type": "Point", "coordinates": [ -73.931664866692074, 40.846677445602495 ] } },
{ "type": "Feature", "properties": { "Height": 11.083250045776399, "Radius": 3.3138634663094946, "height_m": 3.38, "crown_diameter_m": 2.02, "site_id": 1351 }, "geometry": { "type": "Point", "coordinates": [ -73.93116595095556, 40.846762947889758 ] } },
{ "type": "Feature", "properties": { "Height": 13.550749778747599, "Radius": 11.063008236355405, "height_m": 4.13, "crown_diameter_m": 6.74, "site_id": 1352 }, "geometry": { "type": "Point", "coordinates": [ -73.93125785303566, 40.846730397661965 ] } },
{ "type": "Feature", "properties": { "Height": 8.6137504577636701, "Radius": 2.1110041228223762, "height_m": 2.63, "crown_diameter_m": 1.29, "site_id": 1353 }, "geometry": { "type": "Point", "coordinates": [ -73.931201624574555, 40.846740810753417 ] } },
{ "type": "Feature", "properties": { "Height": 8.6260004043579102, "Radius": 2.5854414729132054, "height_m": 2.63, "crown_diameter_m": 1.58, "site_id": 1354 }, "geometry": { "type": "Point", "coordinates": [ -73.931204152602945, 40.846708856484966 ] } },
{ "type": "Feature", "properties": { "Height": 8.2587499618530291, "Radius": 2.1110041228223762, "height_m": 2.52, "crown_diameter_m": 1.29, "site_id": 1355 }, "geometry": { "type": "Point", "coordinates": [ -73.93122593953953, 40.846695342278529 ] } },
{ "type": "Feature", "properties": { "Height": 16.031499862670898, "Radius": 12.859315140102884, "height_m": 4.89, "crown_diameter_m": 7.84, "site_id": 1356 }, "geometry": { "type": "Point", "coordinates": [ -73.930333738363842, 40.846179742284804 ] } },
{ "type": "Feature", "properties": { "Height": 52.547500610351598, "Radius": 16.044722510880042, "height_m": 16.02, "crown_diameter_m": 9.78, "site_id": 1357 }, "geometry": { "type": "Point", "coordinates": [ -73.930622581700391, 40.846272232162171 ] } },
{ "type": "Feature", "properties": { "Height": 59.653251647949197, "Radius": 27.974360675140542, "height_m": 18.18, "crown_diameter_m": 17.05, "site_id": 1358 }, "geometry": { "type": "Point", "coordinates": [ -73.930385840537795, 40.846275178223991 ] } },
{ "type": "Feature", "properties": { "Height": 61.683998107910199, "Radius": 28.946004869537401, "height_m": 18.8, "crown_diameter_m": 17.65, "site_id": 1359 }, "geometry": { "type": "Point", "coordinates": [ -73.930775675797875, 40.846338198767917 ] } },
{ "type": "Feature", "properties": { "Height": 58.324748992919901, "Radius": 13.934454799959427, "height_m": 17.78, "crown_diameter_m": 8.49, "site_id": 1360 }, "geometry": { "type": "Point", "coordinates": [ -73.93062682522573, 40.846342091323322 ] } },
{ "type": "Feature", "properties": { "Height": 63.722751617431598, "Radius": 21.262163950372706, "height_m": 19.42, "crown_diameter_m": 12.96, "site_id": 1361 }, "geometry": { "type": "Point", "coordinates": [ -73.930497353592543, 40.846281023027075 ] } },
{ "type": "Feature", "properties": { "Height": 61.994251251220703, "Radius": 15.326861909850873, "height_m": 18.9, "crown_diameter_m": 9.34, "site_id": 1362 }, "geometry": { "type": "Point", "coordinates": [ -73.930549666310426, 40.846338652738901 ] } },
{ "type": "Feature", "properties": { "Height": 64.582252502441406, "Radius": 13.957279475043833, "height_m": 19.68, "crown_diameter_m": 8.51, "site_id": 1363 }, "geometry": { "type": "Point", "coordinates": [ -73.930477739171252, 40.846411299869757 ] } },
{ "type": "Feature", "properties": { "Height": 63.060001373291001, "Radius": 32.690149363233743, "height_m": 19.22, "crown_diameter_m": 19.93, "site_id": 1364 }, "geometry": { "type": "Point", "coordinates": [ -73.930590369128666, 40.846452736322021 ] } },
{ "type": "Feature", "properties": { "Height": 66.008003234863295, "Radius": 34.199849075432176, "height_m": 20.12, "crown_diameter_m": 20.85, "site_id": 1365 }, "geometry": { "type": "Point", "coordinates": [ -73.930525644805471, 40.846574010808197 ] } },
{ "type": "Feature", "properties": { "Height": 8.0229997634887695, "Radius": 1.9544100476116797, "height_m": 2.45, "crown_diameter_m": 1.19, "site_id": 1366 }, "geometry": { "type": "Point", "coordinates": [ -73.93120645180592, 40.846691768310038 ] } },
{ "type": "Feature", "properties": { "Height": 22.751249313354499, "Radius": 7.715176518808164, "height_m": 6.93, "crown_diameter_m": 4.7, "site_id": 1367 }, "geometry": { "type": "Point", "coordinates": [ -73.930771676279605, 40.846666110713421 ] } },
{ "type": "Feature", "properties": { "Height": 11.198249816894499, "Radius": 5.1011599852900993, "height_m": 3.41, "crown_diameter_m": 3.11, "site_id": 1368 }, "geometry": { "type": "Point", "coordinates": [ -73.930174476174571, 40.84661449022888 ] } },
{ "type": "Feature", "properties": { "Height": 22.534000396728501, "Radius": 11.777246405870379, "height_m": 6.87, "crown_diameter_m": 7.18, "site_id": 1369 }, "geometry": { "type": "Point", "coordinates": [ -73.930199480637825, 40.846542015715713 ] } },
{ "type": "Feature", "properties": { "Height": 28.381750106811499, "Radius": 7.1809610472257885, "height_m": 8.65, "crown_diameter_m": 4.38, "site_id": 1370 }, "geometry": { "type": "Point", "coordinates": [ -73.930142639864854, 40.846409424306728 ] } },
{ "type": "Feature", "properties": { "Height": 25.99049949646, "Radius": 7.1029653638554962, "height_m": 7.92, "crown_diameter_m": 4.33, "site_id": 1371 }, "geometry": { "type": "Point", "coordinates": [ -73.930117338578384, 40.84636258877304 ] } },
{ "type": "Feature", "properties": { "Height": 40.1327514648438, "Radius": 11.347085483124877, "height_m": 12.23, "crown_diameter_m": 6.92, "site_id": 1372 }, "geometry": { "type": "Point", "coordinates": [ -73.933026544647163, 40.84221154415949 ] } },
{ "type": "Feature", "properties": { "Height": 63.148998260497997, "Radius": 26.804943398342804, "height_m": 19.25, "crown_diameter_m": 16.34, "site_id": 1373 }, "geometry": { "type": "Point", "coordinates": [ -73.932264545749419, 40.842250199514893 ] } },
{ "type": "Feature", "properties": { "Height": 26.1392498016357, "Radius": 13.980066885278035, "height_m": 7.97, "crown_diameter_m": 8.52, "site_id": 1374 }, "geometry": { "type": "Point", "coordinates": [ -73.932543486014509, 40.84222647289856 ] } },
{ "type": "Feature", "properties": { "Height": 56.799251556396499, "Radius": 38.253759609461028, "height_m": 17.31, "crown_diameter_m": 23.32, "site_id": 1375 }, "geometry": { "type": "Point", "coordinates": [ -73.932711456436792, 40.842308629347158 ] } },
{ "type": "Feature", "properties": { "Height": 34.909500122070298, "Radius": 14.286924599624504, "height_m": 10.64, "crown_diameter_m": 8.71, "site_id": 1376 }, "geometry": { "type": "Point", "coordinates": [ -73.932517921569499, 40.842294017443642 ] } },
{ "type": "Feature", "properties": { "Height": 43.294998168945298, "Radius": 22.983369120344403, "height_m": 13.2, "crown_diameter_m": 14.01, "site_id": 1377 }, "geometry": { "type": "Point", "coordinates": [ -73.932945820147367, 40.842302185924744 ] } },
{ "type": "Feature", "properties": { "Height": 44.253501892089801, "Radius": 21.177786230693734, "height_m": 13.49, "crown_diameter_m": 12.91, "site_id": 1378 }, "geometry": { "type": "Point", "coordinates": [ -73.932509350429996, 40.842361182013022 ] } },
{ "type": "Feature", "properties": { "Height": 31.374000549316399, "Radius": 14.090627789674221, "height_m": 9.56, "crown_diameter_m": 8.59, "site_id": 1379 }, "geometry": { "type": "Point", "coordinates": [ -73.932247294035164, 40.842352925745089 ] } },
{ "type": "Feature", "properties": { "Height": 37.8072509765625, "Radius": 17.207782298206567, "height_m": 11.52, "crown_diameter_m": 10.49, "site_id": 1380 }, "geometry": { "type": "Point", "coordinates": [ -73.932883044232369, 40.842419749314452 ] } },
{ "type": "Feature", "properties": { "Height": 69.766746520996094, "Radius": 16.288378990378064, "height_m": 21.26, "crown_diameter_m": 9.93, "site_id": 1381 }, "geometry": { "type": "Point", "coordinates": [ -73.932631309359238, 40.84241516042912 ] } },
{ "type": "Feature", "properties": { "Height": 81.649246215820298, "Radius": 22.590491916382927, "height_m": 24.89, "crown_diameter_m": 13.77, "site_id": 1382 }, "geometry": { "type": "Point", "coordinates": [ -73.93252494421651, 40.842473410589314 ] } },
{ "type": "Feature", "properties": { "Height": 41.608749389648402, "Radius": 16.65076307158569, "height_m": 12.68, "crown_diameter_m": 10.15, "site_id": 1383 }, "geometry": { "type": "Point", "coordinates": [ -73.932722763820564, 40.842459790918362 ] } },
{ "type": "Feature", "properties": { "Height": 21.624750137329102, "Radius": 26.395089758983048, "height_m": 6.59, "crown_diameter_m": 16.09, "site_id": 1384 }, "geometry": { "type": "Point", "coordinates": [ -73.932320947530798, 40.842422175483733 ] } },
{ "type": "Feature", "properties": { "Height": 12.338250160217299, "Radius": 8.2870596681906932, "height_m": 3.76, "crown_diameter_m": 5.05, "site_id": 1385 }, "geometry": { "type": "Point", "coordinates": [ -73.932421406199552, 40.842475161767481 ] } },
{ "type": "Feature", "properties": { "Height": 59.566001892089801, "Radius": 14.45305721320277, "height_m": 18.16, "crown_diameter_m": 8.81, "site_id": 1386 }, "geometry": { "type": "Point", "coordinates": [ -73.93168355227445, 40.842537568028838 ] } },
{ "type": "Feature", "properties": { "Height": 52.438999176025398, "Radius": 18.705671396331432, "height_m": 15.98, "crown_diameter_m": 11.4, "site_id": 1387 }, "geometry": { "type": "Point", "coordinates": [ -73.931604248990496, 40.842572328693166 ] } },
{ "type": "Feature", "properties": { "Height": 42.1257514953613, "Radius": 19.366172141031157, "height_m": 12.84, "crown_diameter_m": 11.81, "site_id": 1388 }, "geometry": { "type": "Point", "coordinates": [ -73.932058662703952, 40.842534042634583 ] } },
{ "type": "Feature", "properties": { "Height": 19.976499557495099, "Radius": 12.590406002966217, "height_m": 6.09, "crown_diameter_m": 7.68, "site_id": 1389 }, "geometry": { "type": "Point", "coordinates": [ -73.932444230838854, 40.842571963738926 ] } },
{ "type": "Feature", "properties": { "Height": 24.1557502746582, "Radius": 16.458484533589534, "height_m": 7.36, "crown_diameter_m": 10.03, "site_id": 1390 }, "geometry": { "type": "Point", "coordinates": [ -73.932296118453152, 40.842584762954083 ] } },
{ "type": "Feature", "properties": { "Height": 41.927501678466797, "Radius": 24.021162465202774, "height_m": 12.78, "crown_diameter_m": 14.64, "site_id": 1391 }, "geometry": { "type": "Point", "coordinates": [ -73.932010852776074, 40.84260404130999 ] } },
{ "type": "Feature", "properties": { "Height": 20.700250625610401, "Radius": 11.898248689628273, "height_m": 6.31, "crown_diameter_m": 7.25, "site_id": 1392 }, "geometry": { "type": "Point", "coordinates": [ -73.932419489764428, 40.842611982467695 ] } },
{ "type": "Feature", "properties": { "Height": 25.297500610351602, "Radius": 11.396070970426017, "height_m": 7.71, "crown_diameter_m": 6.95, "site_id": 1393 }, "geometry": { "type": "Point", "coordinates": [ -73.932238725903773, 40.842622906557992 ] } },
{ "type": "Feature", "properties": { "Height": 29.888750076293899, "Radius": 19.468628533447053, "height_m": 9.11, "crown_diameter_m": 11.87, "site_id": 1394 }, "geometry": { "type": "Point", "coordinates": [ -73.932368749408838, 40.842671056592216 ] } },
{ "type": "Feature", "properties": { "Height": 49.801498413085902, "Radius": 16.007481325241379, "height_m": 15.18, "crown_diameter_m": 9.76, "site_id": 1395 }, "geometry": { "type": "Point", "coordinates": [ -73.932052024063339, 40.842686902830479 ] } },
{ "type": "Feature", "properties": { "Height": 65.662002563476605, "Radius": 17.014783027830759, "height_m": 20.01, "crown_diameter_m": 10.37, "site_id": 1396 }, "geometry": { "type": "Point", "coordinates": [ -73.93159596565836, 40.842670018277644 ] } },
{ "type": "Feature", "properties": { "Height": 68.360496520996094, "Radius": 42.334900663138839, "height_m": 20.84, "crown_diameter_m": 25.81, "site_id": 1397 }, "geometry": { "type": "Point", "coordinates": [ -73.931832992921116, 40.842673843416208 ] } },
{ "type": "Feature", "properties": { "Height": 69.887496948242202, "Radius": 20.279456919490165, "height_m": 21.3, "crown_diameter_m": 12.36, "site_id": 1398 }, "geometry": { "type": "Point", "coordinates": [ -73.931708278655506, 40.842731727181771 ] } },
{ "type": "Feature", "properties": { "Height": 68.126747131347699, "Radius": 17.594213944184503, "height_m": 20.77, "crown_diameter_m": 10.73, "site_id": 1399 }, "geometry": { "type": "Point", "coordinates": [ -73.931619552507428, 40.842754406664127 ] } },
{ "type": "Feature", "properties": { "Height": 51.194751739502003, "Radius": 18.677998695187732, "height_m": 15.6, "crown_diameter_m": 11.39, "site_id": 1400 }, "geometry": { "type": "Point", "coordinates": [ -73.932507104550751, 40.842797185950339 ] } },
{ "type": "Feature", "properties": { "Height": 65.838752746582003, "Radius": 24.220758044221618, "height_m": 20.07, "crown_diameter_m": 14.76, "site_id": 1401 }, "geometry": { "type": "Point", "coordinates": [ -73.932108030098675, 40.842763140035679 ] } },
{ "type": "Feature", "properties": { "Height": 44.045749664306598, "Radius": 24.359991898975085, "height_m": 13.43, "crown_diameter_m": 14.85, "site_id": 1402 }, "geometry": { "type": "Point", "coordinates": [ -73.932318305843225, 40.842792632291221 ] } },
{ "type": "Feature", "properties": { "Height": 68.478996276855497, "Radius": 16.79352729949365, "height_m": 20.87, "crown_diameter_m": 10.24, "site_id": 1403 }, "geometry": { "type": "Point", "coordinates": [ -73.932025919365543, 40.842832254047103 ] } },
{ "type": "Feature", "properties": { "Height": 73.626251220703097, "Radius": 17.498974555922032, "height_m": 22.44, "crown_diameter_m": 10.67, "site_id": 1404 }, "geometry": { "type": "Point", "coordinates": [ -73.931913740462576, 40.842805905194162 ] } },
{ "type": "Feature", "properties": { "Height": 57.939250946044901, "Radius": 29.804753226078116, "height_m": 17.66, "crown_diameter_m": 18.17, "site_id": 1405 }, "geometry": { "type": "Point", "coordinates": [ -73.93280057697531, 40.842826586400868 ] } },
{ "type": "Feature", "properties": { "Height": 40.416751861572301, "Radius": 22.722205777391167, "height_m": 12.32, "crown_diameter_m": 13.85, "site_id": 1406 }, "geometry": { "type": "Point", "coordinates": [ -73.932415676246606, 40.842851379019265 ] } },
{ "type": "Feature", "properties": { "Height": 67.693000793457003, "Radius": 13.885827795123747, "height_m": 20.63, "crown_diameter_m": 8.46, "site_id": 1407 }, "geometry": { "type": "Point", "coordinates": [ -73.931639754557523, 40.842852175266032 ] } },
{ "type": "Feature", "properties": { "Height": 68.910247802734403, "Radius": 23.594999278140484, "height_m": 21.0, "crown_diameter_m": 14.38, "site_id": 1408 }, "geometry": { "type": "Point", "coordinates": [ -73.932172439294177, 40.842853757625399 ] } },
{ "type": "Feature", "properties": { "Height": 66.867248535156307, "Radius": 19.963065333312567, "height_m": 20.38, "crown_diameter_m": 12.17, "site_id": 1409 }, "geometry": { "type": "Point", "coordinates": [ -73.93173054076388, 40.842837316869513 ] } },
{ "type": "Feature", "properties": { "Height": 60.349250793457003, "Radius": 33.570465472401644, "height_m": 18.39, "crown_diameter_m": 20.46, "site_id": 1410 }, "geometry": { "type": "Point", "coordinates": [ -73.932640356544766, 40.842896544103176 ] } },
{ "type": "Feature", "properties": { "Height": 75.312248229980497, "Radius": 11.18462271470208, "height_m": 22.96, "crown_diameter_m": 6.82, "site_id": 1411 }, "geometry": { "type": "Point", "coordinates": [ -73.931872442352116, 40.842871291725281 ] } },
{ "type": "Feature", "properties": { "Height": 50.320499420166001, "Radius": 16.840846433292999, "height_m": 15.34, "crown_diameter_m": 10.27, "site_id": 1412 }, "geometry": { "type": "Point", "coordinates": [ -73.933048866676756, 40.842860374104646 ] } },
{ "type": "Feature", "properties": { "Height": 58.777248382568402, "Radius": 27.416943597400159, "height_m": 17.92, "crown_diameter_m": 16.71, "site_id": 1413 }, "geometry": { "type": "Point", "coordinates": [ -73.932908730367004, 40.842899034592278 ] } },
{ "type": "Feature", "properties": { "Height": 70.767997741699205, "Radius": 14.820047957642226, "height_m": 21.57, "crown_diameter_m": 9.03, "site_id": 1414 }, "geometry": { "type": "Point", "coordinates": [ -73.931707537831443, 40.84292435301618 ] } },
{ "type": "Feature", "properties": { "Height": 75.622497558593807, "Radius": 19.511499785403828, "height_m": 23.05, "crown_diameter_m": 11.89, "site_id": 1415 }, "geometry": { "type": "Point", "coordinates": [ -73.93193309849508, 40.842908509793553 ] } },
{ "type": "Feature", "properties": { "Height": 70.285125732421903, "Radius": 17.841241161527712, "height_m": 21.42, "crown_diameter_m": 10.88, "site_id": 1416 }, "geometry": { "type": "Point", "coordinates": [ -73.931828586811648, 40.842922466949176 ] } },
{ "type": "Feature", "properties": { "Height": 32.800498962402301, "Radius": 15.274853405932202, "height_m": 10.0, "crown_diameter_m": 9.31, "site_id": 1417 }, "geometry": { "type": "Point", "coordinates": [ -73.932275989193656, 40.842918957435487 ] } },
{ "type": "Feature", "properties": { "Height": 78.125251770019503, "Radius": 13.622579184763433, "height_m": 23.81, "crown_diameter_m": 8.3, "site_id": 1418 }, "geometry": { "type": "Point", "coordinates": [ -73.931621558032234, 40.84292012379111 ] } },
{ "type": "Feature", "properties": { "Height": 78.362747192382798, "Radius": 36.793640020248901, "height_m": 23.88, "crown_diameter_m": 22.43, "site_id": 1419 }, "geometry": { "type": "Point", "coordinates": [ -73.932055568789465, 40.842980131574457 ] } },
{ "type": "Feature", "properties": { "Height": 41.977249145507798, "Radius": 16.526036498377113, "height_m": 12.79, "crown_diameter_m": 10.07, "site_id": 1420 }, "geometry": { "type": "Point", "coordinates": [ -73.932382728604097, 40.842948374328621 ] } },
{ "type": "Feature", "properties": { "Height": 53.797500610351598, "Radius": 12.653452997124806, "height_m": 16.4, "crown_diameter_m": 7.71, "site_id": 1421 }, "geometry": { "type": "Point", "coordinates": [ -73.933204874216131, 40.842933872744062 ] } },
{ "type": "Feature", "properties": { "Height": 39.840499877929702, "Radius": 20.224445696883041, "height_m": 12.14, "crown_diameter_m": 12.33, "site_id": 1422 }, "geometry": { "type": "Point", "coordinates": [ -73.932492681002387, 40.84294441442767 ] } },
{ "type": "Feature", "properties": { "Height": 37.278499603271499, "Radius": 13.013103375051497, "height_m": 11.36, "crown_diameter_m": 7.93, "site_id": 1423 }, "geometry": { "type": "Point", "coordinates": [ -73.932269965362039, 40.842986678179415 ] } },
{ "type": "Feature", "properties": { "Height": 81.862747192382798, "Radius": 18.779972148319072, "height_m": 24.95, "crown_diameter_m": 11.45, "site_id": 1424 }, "geometry": { "type": "Point", "coordinates": [ -73.931828414402389, 40.843016653917267 ] } },
{ "type": "Feature", "properties": { "Height": 72.455253601074205, "Radius": 17.526238620062148, "height_m": 22.08, "crown_diameter_m": 10.68, "site_id": 1425 }, "geometry": { "type": "Point", "coordinates": [ -73.93170028278746, 40.842978033414617 ] } },
{ "type": "Feature", "properties": { "Height": 57.704250335693402, "Radius": 29.537897657581698, "height_m": 17.59, "crown_diameter_m": 18.01, "site_id": 1426 }, "geometry": { "type": "Point", "coordinates": [ -73.933072339131641, 40.84296489804855 ] } },
{ "type": "Feature", "properties": { "Height": 72.279747009277301, "Radius": 23.282648822051918, "height_m": 22.03, "crown_diameter_m": 14.19, "site_id": 1427 }, "geometry": { "type": "Point", "coordinates": [ -73.93169806167225, 40.84305674689741 ] } },
{ "type": "Feature", "properties": { "Height": 38.222251892089801, "Radius": 13.110581167104948, "height_m": 11.65, "crown_diameter_m": 7.99, "site_id": 1428 }, "geometry": { "type": "Point", "coordinates": [ -73.932141006991813, 40.843020208785099 ] } },
{ "type": "Feature", "properties": { "Height": 45.291751861572301, "Radius": 14.668929172241667, "height_m": 13.8, "crown_diameter_m": 8.94, "site_id": 1429 }, "geometry": { "type": "Point", "coordinates": [ -73.932477649067749, 40.84302975345873 ] } },
{ "type": "Feature", "properties": { "Height": 43.375251770019503, "Radius": 16.419758633965078, "height_m": 13.22, "crown_diameter_m": 10.01, "site_id": 1430 }, "geometry": { "type": "Point", "coordinates": [ -73.93229246000125, 40.84306514774164 ] } },
{ "type": "Feature", "properties": { "Height": 40.8637504577637, "Radius": 19.082623241951211, "height_m": 12.46, "crown_diameter_m": 11.63, "site_id": 1431 }, "geometry": { "type": "Point", "coordinates": [ -73.93217883073045, 40.843081522188228 ] } },
{ "type": "Feature", "properties": { "Height": 37.708248138427699, "Radius": 24.582744332558288, "height_m": 11.49, "crown_diameter_m": 14.99, "site_id": 1432 }, "geometry": { "type": "Point", "coordinates": [ -73.93260185280856, 40.843054324911982 ] } },
{ "type": "Feature", "properties": { "Height": 70.694252014160199, "Radius": 45.645343245680628, "height_m": 21.55, "crown_diameter_m": 27.83, "site_id": 1433 }, "geometry": { "type": "Point", "coordinates": [ -73.93329094234835, 40.84305942696713 ] } },
{ "type": "Feature", "properties": { "Height": 47.727500915527301, "Radius": 23.74963406702674, "height_m": 14.55, "crown_diameter_m": 14.48, "site_id": 1434 }, "geometry": { "type": "Point", "coordinates": [ -73.932397802349229, 40.8430506935807 ] } },
{ "type": "Feature", "properties": { "Height": 48.289749145507798, "Radius": 23.395167220881923, "height_m": 14.72, "crown_diameter_m": 14.26, "site_id": 1435 }, "geometry": { "type": "Point", "coordinates": [ -73.933516798677601, 40.843094268670306 ] } },
{ "type": "Feature", "properties": { "Height": 70.754997253417997, "Radius": 22.641512133667106, "height_m": 21.57, "crown_diameter_m": 13.8, "site_id": 1436 }, "geometry": { "type": "Point", "coordinates": [ -73.931708851157538, 40.843148917846378 ] } },
{ "type": "Feature", "properties": { "Height": 61.356250762939503, "Radius": 24.93947709161375, "height_m": 18.7, "crown_diameter_m": 15.2, "site_id": 1437 }, "geometry": { "type": "Point", "coordinates": [ -73.931909407834326, 40.843108139620135 ] } },
{ "type": "Feature", "properties": { "Height": 55.912750244140597, "Radius": 30.145890682723614, "height_m": 17.04, "crown_diameter_m": 18.38, "site_id": 1438 }, "geometry": { "type": "Point", "coordinates": [ -73.932392957695612, 40.843190341899778 ] } },
{ "type": "Feature", "properties": { "Height": 59.599998474121101, "Radius": 24.888371552065365, "height_m": 18.17, "crown_diameter_m": 15.17, "site_id": 1439 }, "geometry": { "type": "Point", "coordinates": [ -73.931975925620236, 40.84317997067275 ] } },
{ "type": "Feature", "properties": { "Height": 50.097999572753899, "Radius": 23.171301226312455, "height_m": 15.27, "crown_diameter_m": 14.13, "site_id": 1440 }, "geometry": { "type": "Point", "coordinates": [ -73.931762405723603, 40.843219852559585 ] } },
{ "type": "Feature", "properties": { "Height": 53.294750213622997, "Radius": 29.237325447902549, "height_m": 16.24, "crown_diameter_m": 17.82, "site_id": 1441 }, "geometry": { "type": "Point", "coordinates": [ -73.932074146518246, 40.843249133288609 ] } },
{ "type": "Feature", "properties": { "Height": 69.583747863769503, "Radius": 33.373137277713099, "height_m": 21.21, "crown_diameter_m": 20.34, "site_id": 1442 }, "geometry": { "type": "Point", "coordinates": [ -73.932209621130909, 40.843213286018027 ] } },
{ "type": "Feature", "properties": { "Height": 69.104499816894503, "Radius": 34.976341576497866, "height_m": 21.06, "crown_diameter_m": 21.32, "site_id": 1443 }, "geometry": { "type": "Point", "coordinates": [ -73.932516393046399, 40.843247921465213 ] } },
{ "type": "Feature", "properties": { "Height": 56.201248168945298, "Radius": 31.341734297310001, "height_m": 17.13, "crown_diameter_m": 19.11, "site_id": 1444 }, "geometry": { "type": "Point", "coordinates": [ -73.931843151957139, 40.843302778073081 ] } },
{ "type": "Feature", "properties": { "Height": 65.029502868652301, "Radius": 20.302987529130018, "height_m": 19.82, "crown_diameter_m": 12.38, "site_id": 1445 }, "geometry": { "type": "Point", "coordinates": [ -73.932579489974302, 40.843309930290154 ] } },
{ "type": "Feature", "properties": { "Height": 54.855251312255902, "Radius": 31.131559966665606, "height_m": 16.72, "crown_diameter_m": 18.98, "site_id": 1446 }, "geometry": { "type": "Point", "coordinates": [ -73.932283564799803, 40.84336414221665 ] } },
{ "type": "Feature", "properties": { "Height": 50.954750061035199, "Radius": 28.411861455421985, "height_m": 15.53, "crown_diameter_m": 17.32, "site_id": 1447 }, "geometry": { "type": "Point", "coordinates": [ -73.931776455372514, 40.843392590734688 ] } },
{ "type": "Feature", "properties": { "Height": 16.8754997253418, "Radius": 8.2147243332301549, "height_m": 5.14, "crown_diameter_m": 5.01, "site_id": 1448 }, "geometry": { "type": "Point", "coordinates": [ -73.931989152670312, 40.843388881140754 ] } },
{ "type": "Feature", "properties": { "Height": 45.059749603271499, "Radius": 12.289753496071786, "height_m": 13.73, "crown_diameter_m": 7.49, "site_id": 1449 }, "geometry": { "type": "Point", "coordinates": [ -73.931653326921221, 40.843380591714514 ] } },
{ "type": "Feature", "properties": { "Height": 38.4010009765625, "Radius": 14.116018870455401, "height_m": 11.7, "crown_diameter_m": 8.61, "site_id": 1450 }, "geometry": { "type": "Point", "coordinates": [ -73.931910740355207, 40.843468699602781 ] } },
{ "type": "Feature", "properties": { "Height": 40.790000915527301, "Radius": 26.7574010602467, "height_m": 12.43, "crown_diameter_m": 16.31, "site_id": 1451 }, "geometry": { "type": "Point", "coordinates": [ -73.932090523334736, 40.843469617832227 ] } },
{ "type": "Feature", "properties": { "Height": 17.235500335693398, "Radius": 9.6408758298023365, "height_m": 5.25, "crown_diameter_m": 5.88, "site_id": 1452 }, "geometry": { "type": "Point", "coordinates": [ -73.932326274855853, 40.843453980650388 ] } },
{ "type": "Feature", "properties": { "Height": 69.401748657226605, "Radius": 35.745985237691819, "height_m": 21.15, "crown_diameter_m": 21.79, "site_id": 1453 }, "geometry": { "type": "Point", "coordinates": [ -73.932460897119483, 40.843463744355439 ] } },
{ "type": "Feature", "properties": { "Height": 42.120250701904297, "Radius": 17.453439806464733, "height_m": 12.84, "crown_diameter_m": 10.64, "site_id": 1454 }, "geometry": { "type": "Point", "coordinates": [ -73.931980340869856, 40.843512160636273 ] } },
{ "type": "Feature", "properties": { "Height": 64.681251525878906, "Radius": 21.215328870038288, "height_m": 19.71, "crown_diameter_m": 12.93, "site_id": 1455 }, "geometry": { "type": "Point", "coordinates": [ -73.931758340457776, 40.843494254680486 ] } },
{ "type": "Feature", "properties": { "Height": 61.980499267578097, "Radius": 18.946608512970599, "height_m": 18.89, "crown_diameter_m": 11.55, "site_id": 1456 }, "geometry": { "type": "Point", "coordinates": [ -73.932218017351829, 40.843519523400978 ] } },
{ "type": "Feature", "properties": { "Height": 48.022750854492202, "Radius": 15.316474337048122, "height_m": 14.64, "crown_diameter_m": 9.34, "site_id": 1457 }, "geometry": { "type": "Point", "coordinates": [ -73.93184922505101, 40.843538129102313 ] } },
{ "type": "Feature", "properties": { "Height": 40.839748382568402, "Radius": 11.998151775445223, "height_m": 12.45, "crown_diameter_m": 7.31, "site_id": 1458 }, "geometry": { "type": "Point", "coordinates": [ -73.931691348858607, 40.843556973083643 ] } },
{ "type": "Feature", "properties": { "Height": 53.4922485351563, "Radius": 24.745679290455282, "height_m": 16.3, "crown_diameter_m": 15.08, "site_id": 1459 }, "geometry": { "type": "Point", "coordinates": [ -73.93255996358711, 40.8435570960904 ] } },
{ "type": "Feature", "properties": { "Height": 58.2804985046387, "Radius": 28.175607467140328, "height_m": 17.76, "crown_diameter_m": 17.18, "site_id": 1460 }, "geometry": { "type": "Point", "coordinates": [ -73.932216790042702, 40.843610330189776 ] } },
{ "type": "Feature", "properties": { "Height": 23.5837497711182, "Radius": 14.959005648344574, "height_m": 7.19, "crown_diameter_m": 9.12, "site_id": 1461 }, "geometry": { "type": "Point", "coordinates": [ -73.931889092619343, 40.843592948546878 ] } },
{ "type": "Feature", "properties": { "Height": 59.790500640869098, "Radius": 22.475715547534318, "height_m": 18.22, "crown_diameter_m": 13.7, "site_id": 1462 }, "geometry": { "type": "Point", "coordinates": [ -73.932426435681876, 40.843613776014294 ] } },
{ "type": "Feature", "properties": { "Height": 53.3377494812012, "Radius": 23.989670156554752, "height_m": 16.26, "crown_diameter_m": 14.62, "site_id": 1463 }, "geometry": { "type": "Point", "coordinates": [ -73.932017860543255, 40.843604268064936 ] } },
{ "type": "Feature", "properties": { "Height": 74.739501953125, "Radius": 25.350890718179379, "height_m": 22.78, "crown_diameter_m": 15.45, "site_id": 1464 }, "geometry": { "type": "Point", "coordinates": [ -73.931771972637762, 40.843635898579784 ] } },
{ "type": "Feature", "properties": { "Height": 57.366001129150398, "Radius": 12.488868813069399, "height_m": 17.49, "crown_diameter_m": 7.61, "site_id": 1465 }, "geometry": { "type": "Point", "coordinates": [ -73.932384868719453, 40.8436811850694 ] } },
{ "type": "Feature", "properties": { "Height": 52.5512504577637, "Radius": 12.354334883963913, "height_m": 16.02, "crown_diameter_m": 7.53, "site_id": 1466 }, "geometry": { "type": "Point", "coordinates": [ -73.932317075286562, 40.843676949913679 ] } },
{ "type": "Feature", "properties": { "Height": 60.6310005187988, "Radius": 33.715933637285836, "height_m": 18.48, "crown_diameter_m": 20.55, "site_id": 1467 }, "geometry": { "type": "Point", "coordinates": [ -73.932500561132002, 40.843735987489666 ] } },
{ "type": "Feature", "properties": { "Height": 12.785249710083001, "Radius": 9.7394222663754348, "height_m": 3.9, "crown_diameter_m": 5.94, "site_id": 1468 }, "geometry": { "type": "Point", "coordinates": [ -73.932016129674238, 40.843703703076883 ] } },
{ "type": "Feature", "properties": { "Height": 60.538501739502003, "Radius": 32.455615705971582, "height_m": 18.45, "crown_diameter_m": 19.78, "site_id": 1469 }, "geometry": { "type": "Point", "coordinates": [ -73.931857462570733, 40.843747676875203 ] } },
{ "type": "Feature", "properties": { "Height": 48.311000823974602, "Radius": 26.558891313141824, "height_m": 14.73, "crown_diameter_m": 16.19, "site_id": 1470 }, "geometry": { "type": "Point", "coordinates": [ -73.932186229055148, 40.843750011098336 ] } },
{ "type": "Feature", "properties": { "Height": 44.813751220703097, "Radius": 23.908261712524023, "height_m": 13.66, "crown_diameter_m": 14.57, "site_id": 1471 }, "geometry": { "type": "Point", "coordinates": [ -73.932608704065245, 40.843791804740754 ] } },
{ "type": "Feature", "properties": { "Height": 56.366500854492202, "Radius": 17.108066528570536, "height_m": 17.18, "crown_diameter_m": 10.43, "site_id": 1472 }, "geometry": { "type": "Point", "coordinates": [ -73.931918969325537, 40.843774837841899 ] } },
{ "type": "Feature", "properties": { "Height": 54.548751831054702, "Radius": 28.596120324375441, "height_m": 16.63, "crown_diameter_m": 17.43, "site_id": 1473 }, "geometry": { "type": "Point", "coordinates": [ -73.932327168317883, 40.843817085140778 ] } },
{ "type": "Feature", "properties": { "Height": 37.195499420166001, "Radius": 14.205930727710992, "height_m": 11.34, "crown_diameter_m": 8.66, "site_id": 1474 }, "geometry": { "type": "Point", "coordinates": [ -73.932088067331691, 40.843816018910282 ] } },
{ "type": "Feature", "properties": { "Height": 43.013248443603501, "Radius": 27.284560584923121, "height_m": 13.11, "crown_diameter_m": 16.63, "site_id": 1475 }, "geometry": { "type": "Point", "coordinates": [ -73.93281240466618, 40.843827103127424 ] } },
{ "type": "Feature", "properties": { "Height": 40.677749633789098, "Radius": 28.313661867619256, "height_m": 12.4, "crown_diameter_m": 17.26, "site_id": 1476 }, "geometry": { "type": "Point", "coordinates": [ -73.931998653053967, 40.843833142234388 ] } },
{ "type": "Feature", "properties": { "Height": 22.773500442504901, "Radius": 15.217438752914624, "height_m": 6.94, "crown_diameter_m": 9.28, "site_id": 1477 }, "geometry": { "type": "Point", "coordinates": [ -73.933034136242014, 40.843912023378785 ] } },
{ "type": "Feature", "properties": { "Height": 44.962249755859403, "Radius": 16.128817516597518, "height_m": 13.7, "crown_diameter_m": 9.83, "site_id": 1478 }, "geometry": { "type": "Point", "coordinates": [ -73.931748614405976, 40.843874853971272 ] } },
{ "type": "Feature", "properties": { "Height": 54.886501312255902, "Radius": 32.47890027099259, "height_m": 16.73, "crown_diameter_m": 19.8, "site_id": 1479 }, "geometry": { "type": "Point", "coordinates": [ -73.932193750235029, 40.843917710712084 ] } },
{ "type": "Feature", "properties": { "Height": 46.127998352050803, "Radius": 17.812225550270057, "height_m": 14.06, "crown_diameter_m": 10.86, "site_id": 1480 }, "geometry": { "type": "Point", "coordinates": [ -73.932920022952089, 40.843926189363863 ] } },
{ "type": "Feature", "properties": { "Height": 44.9817504882813, "Radius": 23.452920571340155, "height_m": 13.71, "crown_diameter_m": 14.3, "site_id": 1481 }, "geometry": { "type": "Point", "coordinates": [ -73.931900866549356, 40.843964371006891 ] } },
{ "type": "Feature", "properties": { "Height": 49.855499267578097, "Radius": 31.406412717978817, "height_m": 15.2, "crown_diameter_m": 19.15, "site_id": 1482 }, "geometry": { "type": "Point", "coordinates": [ -73.933227716641269, 40.843956955831992 ] } },
{ "type": "Feature", "properties": { "Height": 63.674751281738303, "Radius": 17.019459345914886, "height_m": 19.41, "crown_diameter_m": 10.38, "site_id": 1483 }, "geometry": { "type": "Point", "coordinates": [ -73.931807449197734, 40.843960321231279 ] } },
{ "type": "Feature", "properties": { "Height": 43.946498870849602, "Radius": 12.80349918517013, "height_m": 13.39, "crown_diameter_m": 7.81, "site_id": 1484 }, "geometry": { "type": "Point", "coordinates": [ -73.933102447430272, 40.844001865569844 ] } },
{ "type": "Feature", "properties": { "Height": 48.9382514953613, "Radius": 14.889688906320714, "height_m": 14.92, "crown_diameter_m": 9.08, "site_id": 1485 }, "geometry": { "type": "Point", "coordinates": [ -73.932250429663625, 40.844022030097619 ] } },
{ "type": "Feature", "properties": { "Height": 77.232749938964801, "Radius": 16.634027430699401, "height_m": 23.54, "crown_diameter_m": 10.14, "site_id": 1486 }, "geometry": { "type": "Point", "coordinates": [ -73.931619824991657, 40.844012020916843 ] } },
{ "type": "Feature", "properties": { "Height": 38.494998931884801, "Radius": 19.130519899882838, "height_m": 11.73, "crown_diameter_m": 11.66, "site_id": 1487 }, "geometry": { "type": "Point", "coordinates": [ -73.932990881212348, 40.843991153384366 ] } },
{ "type": "Feature", "properties": { "Height": 58.760501861572301, "Radius": 23.989670156554752, "height_m": 17.91, "crown_diameter_m": 14.62, "site_id": 1488 }, "geometry": { "type": "Point", "coordinates": [ -73.932064562026937, 40.843985231998012 ] } },
{ "type": "Feature", "properties": { "Height": 25.191749572753899, "Radius": 11.451797811161432, "height_m": 7.68, "crown_diameter_m": 6.98, "site_id": 1489 }, "geometry": { "type": "Point", "coordinates": [ -73.932022074454053, 40.844035085267613 ] } },
{ "type": "Feature", "properties": { "Height": 56.392749786377003, "Radius": 26.032321212010473, "height_m": 17.19, "crown_diameter_m": 15.87, "site_id": 1490 }, "geometry": { "type": "Point", "coordinates": [ -73.932134676614638, 40.8440833315425 ] } },
{ "type": "Feature", "properties": { "Height": 73.924003601074205, "Radius": 27.174968922638982, "height_m": 22.53, "crown_diameter_m": 16.57, "site_id": 1491 }, "geometry": { "type": "Point", "coordinates": [ -73.931709721356526, 40.844044251485592 ] } },
{ "type": "Feature", "properties": { "Height": 62.142749786377003, "Radius": 20.977688567835365, "height_m": 18.94, "crown_diameter_m": 12.79, "site_id": 1492 }, "geometry": { "type": "Point", "coordinates": [ -73.931844791577205, 40.844071557774463 ] } },
{ "type": "Feature", "properties": { "Height": 46.269500732421903, "Radius": 23.588253030889469, "height_m": 14.1, "crown_diameter_m": 14.38, "site_id": 1493 }, "geometry": { "type": "Point", "coordinates": [ -73.933089110024937, 40.844095947632184 ] } },
{ "type": "Feature", "properties": { "Height": 33.091751098632798, "Radius": 9.6573700691156432, "height_m": 10.09, "crown_diameter_m": 5.89, "site_id": 1494 }, "geometry": { "type": "Point", "coordinates": [ -73.931917762757379, 40.844132310295414 ] } },
{ "type": "Feature", "properties": { "Height": 67.777496337890597, "Radius": 19.704275771331424, "height_m": 20.66, "crown_diameter_m": 12.01, "site_id": 1495 }, "geometry": { "type": "Point", "coordinates": [ -73.931584627452949, 40.84413199882615 ] } },
{ "type": "Feature", "properties": { "Height": 48.727001190185497, "Radius": 20.600646974173866, "height_m": 14.85, "crown_diameter_m": 12.56, "site_id": 1496 }, "geometry": { "type": "Point", "coordinates": [ -73.932913329294379, 40.84416247209856 ] } },
{ "type": "Feature", "properties": { "Height": 58.566501617431598, "Radius": 18.122257725518804, "height_m": 17.85, "crown_diameter_m": 11.05, "site_id": 1497 }, "geometry": { "type": "Point", "coordinates": [ -73.931815888422719, 40.844154632771996 ] } },
{ "type": "Feature", "properties": { "Height": 46.138999938964801, "Radius": 16.679413674486074, "height_m": 14.06, "crown_diameter_m": 10.17, "site_id": 1498 }, "geometry": { "type": "Point", "coordinates": [ -73.93299285482577, 40.844127233410916 ] } },
{ "type": "Feature", "properties": { "Height": 50.611000061035199, "Radius": 28.79993031108604, "height_m": 15.43, "crown_diameter_m": 17.56, "site_id": 1499 }, "geometry": { "type": "Point", "coordinates": [ -73.932035468977858, 40.84419760690897 ] } },
{ "type": "Feature", "properties": { "Height": 50.301998138427699, "Radius": 27.775953388461083, "height_m": 15.33, "crown_diameter_m": 16.93, "site_id": 1500 }, "geometry": { "type": "Point", "coordinates": [ -73.932828954939723, 40.844230667746771 ] } },
{ "type": "Feature", "properties": { "Height": 66.061752319335895, "Radius": 25.202923994643047, "height_m": 20.14, "crown_diameter_m": 15.36, "site_id": 1501 }, "geometry": { "type": "Point", "coordinates": [ -73.931602178832762, 40.844212106273758 ] } },
{ "type": "Feature", "properties": { "Height": 55.737751007080099, "Radius": 30.823293671946697, "height_m": 16.99, "crown_diameter_m": 18.79, "site_id": 1502 }, "geometry": { "type": "Point", "coordinates": [ -73.931765680683938, 40.84426386258211 ] } },
{ "type": "Feature", "properties": { "Height": 63.225250244140597, "Radius": 31.592097874773614, "height_m": 19.27, "crown_diameter_m": 19.26, "site_id": 1503 }, "geometry": { "type": "Point", "coordinates": [ -73.931518316275429, 40.844355404170734 ] } },
{ "type": "Feature", "properties": { "Height": 43.608001708984403, "Radius": 25.774264925804793, "height_m": 13.29, "crown_diameter_m": 15.71, "site_id": 1504 }, "geometry": { "type": "Point", "coordinates": [ -73.931909515981815, 40.844308075328563 ] } },
{ "type": "Feature", "properties": { "Height": 54.347999572753899, "Radius": 21.130764132996052, "height_m": 16.57, "crown_diameter_m": 12.88, "site_id": 1505 }, "geometry": { "type": "Point", "coordinates": [ -73.931660894256723, 40.844359624693041 ] } },
{ "type": "Feature", "properties": { "Height": 50.310749053955099, "Radius": 14.841510746523857, "height_m": 15.33, "crown_diameter_m": 9.05, "site_id": 1506 }, "geometry": { "type": "Point", "coordinates": [ -73.932804857223275, 40.844336560673625 ] } },
{ "type": "Feature", "properties": { "Height": 35.789249420166001, "Radius": 14.127289146798008, "height_m": 10.91, "crown_diameter_m": 8.61, "site_id": 1507 }, "geometry": { "type": "Point", "coordinates": [ -73.931979300224796, 40.844369856090438 ] } },
{ "type": "Feature", "properties": { "Height": 51.305248260497997, "Radius": 26.392074727873897, "height_m": 15.64, "crown_diameter_m": 16.09, "site_id": 1508 }, "geometry": { "type": "Point", "coordinates": [ -73.932688799853537, 40.844336467793958 ] } },
{ "type": "Feature", "properties": { "Height": 49.192249298095703, "Radius": 10.588893115346867, "height_m": 14.99, "crown_diameter_m": 6.45, "site_id": 1509 }, "geometry": { "type": "Point", "coordinates": [ -73.931413896884393, 40.844348863084917 ] } },
{ "type": "Feature", "properties": { "Height": 37.091751098632798, "Radius": 14.194722891072566, "height_m": 11.31, "crown_diameter_m": 8.65, "site_id": 1510 }, "geometry": { "type": "Point", "coordinates": [ -73.93189158220612, 40.844422713686811 ] } },
{ "type": "Feature", "properties": { "Height": 56.621250152587898, "Radius": 18.611843907563543, "height_m": 17.26, "crown_diameter_m": 11.35, "site_id": 1511 }, "geometry": { "type": "Point", "coordinates": [ -73.933291322225998, 40.844441295694665 ] } },
{ "type": "Feature", "properties": { "Height": 75.214752197265597, "Radius": 43.610796483762471, "height_m": 22.93, "crown_diameter_m": 26.59, "site_id": 1512 }, "geometry": { "type": "Point", "coordinates": [ -73.932820662713979, 40.844498428960392 ] } },
{ "type": "Feature", "properties": { "Height": 62.579250335693402, "Radius": 28.319282445712865, "height_m": 19.07, "crown_diameter_m": 17.26, "site_id": 1513 }, "geometry": { "type": "Point", "coordinates": [ -73.93146251045431, 40.844480109092814 ] } },
{ "type": "Feature", "properties": { "Height": 45.583499908447301, "Radius": 10.221801217976669, "height_m": 13.89, "crown_diameter_m": 6.23, "site_id": 1514 }, "geometry": { "type": "Point", "coordinates": [ -73.933028187848123, 40.844467309739436 ] } },
{ "type": "Feature", "properties": { "Height": 48.445751190185497, "Radius": 24.957020450969953, "height_m": 14.77, "crown_diameter_m": 15.21, "site_id": 1515 }, "geometry": { "type": "Point", "coordinates": [ -73.93260724678079, 40.844501072585125 ] } },
{ "type": "Feature", "properties": { "Height": 61.7109985351563, "Radius": 17.67543926722588, "height_m": 18.81, "crown_diameter_m": 10.77, "site_id": 1516 }, "geometry": { "type": "Point", "coordinates": [ -73.933370071698931, 40.844481326692275 ] } },
{ "type": "Feature", "properties": { "Height": 45.059749603271499, "Radius": 20.554240351748255, "height_m": 13.73, "crown_diameter_m": 12.53, "site_id": 1517 }, "geometry": { "type": "Point", "coordinates": [ -73.93199010360135, 40.844468746477524 ] } },
{ "type": "Feature", "properties": { "Height": 40.8237495422363, "Radius": 16.320104082520025, "height_m": 12.44, "crown_diameter_m": 9.95, "site_id": 1518 }, "geometry": { "type": "Point", "coordinates": [ -73.933109222585784, 40.844506963134364 ] } },
{ "type": "Feature", "properties": { "Height": 26.673999786376999, "Radius": 16.363929593838819, "height_m": 8.13, "crown_diameter_m": 9.98, "site_id": 1519 }, "geometry": { "type": "Point", "coordinates": [ -73.931644401865199, 40.844505508265065 ] } },
{ "type": "Feature", "properties": { "Height": 46.5625, "Radius": 31.796725869046096, "height_m": 14.19, "crown_diameter_m": 19.38, "site_id": 1520 }, "geometry": { "type": "Point", "coordinates": [ -73.931777008918289, 40.844499294127239 ] } },
{ "type": "Feature", "properties": { "Height": 65.745246887207003, "Radius": 23.77642441290137, "height_m": 20.04, "crown_diameter_m": 14.49, "site_id": 1521 }, "geometry": { "type": "Point", "coordinates": [ -73.931443824492675, 40.844566724496183 ] } },
{ "type": "Feature", "properties": { "Height": 69.849998474121094, "Radius": 15.128278427043359, "height_m": 21.29, "crown_diameter_m": 9.22, "site_id": 1522 }, "geometry": { "type": "Point", "coordinates": [ -73.931298516397916, 40.844561353951619 ] } },
{ "type": "Feature", "properties": { "Height": 56.3064994812012, "Radius": 20.937819627330487, "height_m": 17.16, "crown_diameter_m": 12.76, "site_id": 1523 }, "geometry": { "type": "Point", "coordinates": [ -73.933227996414644, 40.844548878750068 ] } },
{ "type": "Feature", "properties": { "Height": 39.576248168945298, "Radius": 19.5522421554852, "height_m": 12.06, "crown_diameter_m": 11.92, "site_id": 1524 }, "geometry": { "type": "Point", "coordinates": [ -73.931594308797926, 40.844596096960949 ] } },
{ "type": "Feature", "properties": { "Height": 48.548248291015597, "Radius": 23.274102535076743, "height_m": 14.8, "crown_diameter_m": 14.19, "site_id": 1525 }, "geometry": { "type": "Point", "coordinates": [ -73.931957532745088, 40.844570436130439 ] } },
{ "type": "Feature", "properties": { "Height": 49.2127494812012, "Radius": 21.713970592909533, "height_m": 15.0, "crown_diameter_m": 13.24, "site_id": 1526 }, "geometry": { "type": "Point", "coordinates": [ -73.932542551710057, 40.844614201499368 ] } },
{ "type": "Feature", "properties": { "Height": 45.454498291015597, "Radius": 14.01417852659937, "height_m": 13.85, "crown_diameter_m": 8.54, "site_id": 1527 }, "geometry": { "type": "Point", "coordinates": [ -73.931698657133808, 40.844622576552247 ] } },
{ "type": "Feature", "properties": { "Height": 48.216751098632798, "Radius": 18.437867513470433, "height_m": 14.7, "crown_diameter_m": 11.24, "site_id": 1528 }, "geometry": { "type": "Point", "coordinates": [ -73.931830835613724, 40.844585833592106 ] } },
{ "type": "Feature", "properties": { "Height": 35.181751251220703, "Radius": 12.87168581649906, "height_m": 10.72, "crown_diameter_m": 7.85, "site_id": 1529 }, "geometry": { "type": "Point", "coordinates": [ -73.933135945626717, 40.844646035425214 ] } },
{ "type": "Feature", "properties": { "Height": 68.421249389648395, "Radius": 23.179885415554555, "height_m": 20.85, "crown_diameter_m": 14.13, "site_id": 1530 }, "geometry": { "type": "Point", "coordinates": [ -73.931340176087687, 40.844633179549398 ] } },
{ "type": "Feature", "properties": { "Height": 38.729499816894503, "Radius": 12.976360421598395, "height_m": 11.8, "crown_diameter_m": 7.91, "site_id": 1531 }, "geometry": { "type": "Point", "coordinates": [ -73.93199801646476, 40.844651916780542 ] } },
{ "type": "Feature", "properties": { "Height": 48.978500366210902, "Radius": 22.411894172470603, "height_m": 14.93, "crown_diameter_m": 13.66, "site_id": 1532 }, "geometry": { "type": "Point", "coordinates": [ -73.931829573494127, 40.844670732206737 ] } },
{ "type": "Feature", "properties": { "Height": 71.865501403808594, "Radius": 18.014353415106928, "height_m": 21.9, "crown_diameter_m": 10.98, "site_id": 1533 }, "geometry": { "type": "Point", "coordinates": [ -73.931200699314516, 40.844663597936062 ] } },
{ "type": "Feature", "properties": { "Height": 71.757751464843807, "Radius": 17.64389607449974, "height_m": 21.87, "crown_diameter_m": 10.76, "site_id": 1534 }, "geometry": { "type": "Point", "coordinates": [ -73.931444158110807, 40.844682536171888 ] } },
{ "type": "Feature", "properties": { "Height": 37.3289985656738, "Radius": 19.433853965620603, "height_m": 11.38, "crown_diameter_m": 11.85, "site_id": 1535 }, "geometry": { "type": "Point", "coordinates": [ -73.9327579011305, 40.844691045618703 ] } },
{ "type": "Feature", "properties": { "Height": 57.708248138427699, "Radius": 16.916281733265969, "height_m": 17.59, "crown_diameter_m": 10.31, "site_id": 1536 }, "geometry": { "type": "Point", "coordinates": [ -73.93156160161746, 40.844690181757862 ] } },
{ "type": "Feature", "properties": { "Height": 54.632999420166001, "Radius": 19.015783725757565, "height_m": 16.65, "crown_diameter_m": 11.59, "site_id": 1537 }, "geometry": { "type": "Point", "coordinates": [ -73.931664334610957, 40.84471015346044 ] } },
{ "type": "Feature", "properties": { "Height": 77.935997009277301, "Radius": 18.489586738523691, "height_m": 23.75, "crown_diameter_m": 11.27, "site_id": 1538 }, "geometry": { "type": "Point", "coordinates": [ -73.931317869415437, 40.844717776571677 ] } },
{ "type": "Feature", "properties": { "Height": 55.833999633789098, "Radius": 33.066515677363419, "height_m": 17.02, "crown_diameter_m": 20.16, "site_id": 1539 }, "geometry": { "type": "Point", "coordinates": [ -73.932620466742435, 40.844714515107889 ] } },
{ "type": "Feature", "properties": { "Height": 57.5372505187988, "Radius": 22.204999745523345, "height_m": 17.54, "crown_diameter_m": 13.54, "site_id": 1540 }, "geometry": { "type": "Point", "coordinates": [ -73.931792310348726, 40.844760627984172 ] } },
{ "type": "Feature", "properties": { "Height": 76.251502990722699, "Radius": 16.96325844612841, "height_m": 23.24, "crown_diameter_m": 10.34, "site_id": 1541 }, "geometry": { "type": "Point", "coordinates": [ -73.931371277304976, 40.844793778432276 ] } },
{ "type": "Feature", "properties": { "Height": 61.554000854492202, "Radius": 13.074112164146964, "height_m": 18.76, "crown_diameter_m": 7.97, "site_id": 1542 }, "geometry": { "type": "Point", "coordinates": [ -73.931523184064773, 40.844757289793868 ] } },
{ "type": "Feature", "properties": { "Height": 55.8567504882813, "Radius": 30.912235091040241, "height_m": 17.03, "crown_diameter_m": 18.84, "site_id": 1543 }, "geometry": { "type": "Point", "coordinates": [ -73.93197026981764, 40.844742696205877 ] } },
{ "type": "Feature", "properties": { "Height": 89.142250061035199, "Radius": 25.009576692762089, "height_m": 27.17, "crown_diameter_m": 15.25, "site_id": 1544 }, "geometry": { "type": "Point", "coordinates": [ -73.931201899096806, 40.844791094921554 ] } },
{ "type": "Feature", "properties": { "Height": 57.436000823974602, "Radius": 14.868295664084792, "height_m": 17.51, "crown_diameter_m": 9.06, "site_id": 1545 }, "geometry": { "type": "Point", "coordinates": [ -73.932453799108259, 40.844764675934094 ] } },
{ "type": "Feature", "properties": { "Height": 41.729000091552699, "Radius": 22.893169889764312, "height_m": 12.72, "crown_diameter_m": 13.96, "site_id": 1546 }, "geometry": { "type": "Point", "coordinates": [ -73.932692909869289, 40.844812194229362 ] } },
{ "type": "Feature", "properties": { "Height": 65.805000305175795, "Radius": 13.552298857686367, "height_m": 20.06, "crown_diameter_m": 8.26, "site_id": 1547 }, "geometry": { "type": "Point", "coordinates": [ -73.93156274876074, 40.844791140285174 ] } },
{ "type": "Feature", "properties": { "Height": 50.688499450683601, "Radius": 13.267455184007076, "height_m": 15.45, "crown_diameter_m": 8.09, "site_id": 1548 }, "geometry": { "type": "Point", "coordinates": [ -73.931676683950258, 40.844787008828803 ] } },
{ "type": "Feature", "properties": { "Height": 91.916999816894503, "Radius": 32.879476135603184, "height_m": 28.02, "crown_diameter_m": 20.04, "site_id": 1549 }, "geometry": { "type": "Point", "coordinates": [ -73.931095169786005, 40.84485604048993 ] } },
{ "type": "Feature", "properties": { "Height": 47.861000061035199, "Radius": 15.987583888930306, "height_m": 14.59, "crown_diameter_m": 9.75, "site_id": 1550 }, "geometry": { "type": "Point", "coordinates": [ -73.932184751989553, 40.844773199723846 ] } },
{ "type": "Feature", "properties": { "Height": 59.657249450683601, "Radius": 26.833131806550924, "height_m": 18.18, "crown_diameter_m": 16.36, "site_id": 1551 }, "geometry": { "type": "Point", "coordinates": [ -73.932351010101996, 40.844770317617808 ] } },
{ "type": "Feature", "properties": { "Height": 86.259002685546903, "Radius": 15.481839176803071, "height_m": 26.29, "crown_diameter_m": 9.44, "site_id": 1552 }, "geometry": { "type": "Point", "coordinates": [ -73.9313399415677, 40.844860395348313 ] } },
{ "type": "Feature", "properties": { "Height": 75.627746582031307, "Radius": 18.420595502641081, "height_m": 23.05, "crown_diameter_m": 11.23, "site_id": 1553 }, "geometry": { "type": "Point", "coordinates": [ -73.931461959567727, 40.844793816139976 ] } },
{ "type": "Feature", "properties": { "Height": 90.762748718261705, "Radius": 25.909757813642617, "height_m": 27.66, "crown_diameter_m": 15.79, "site_id": 1554 }, "geometry": { "type": "Point", "coordinates": [ -73.931261017764044, 40.844912932617767 ] } },
{ "type": "Feature", "properties": { "Height": 66.262496948242202, "Radius": 31.583280479210103, "height_m": 20.2, "crown_diameter_m": 19.25, "site_id": 1555 }, "geometry": { "type": "Point", "coordinates": [ -73.932041718716391, 40.844828385989452 ] } },
{ "type": "Feature", "properties": { "Height": 57.365249633789098, "Radius": 18.763015059400033, "height_m": 17.48, "crown_diameter_m": 11.44, "site_id": 1556 }, "geometry": { "type": "Point", "coordinates": [ -73.932267914024763, 40.844856995312178 ] } },
{ "type": "Feature", "properties": { "Height": 76.064247131347699, "Radius": 34.503318308930474, "height_m": 23.18, "crown_diameter_m": 21.03, "site_id": 1557 }, "geometry": { "type": "Point", "coordinates": [ -73.931617518622787, 40.844889879380098 ] } },
{ "type": "Feature", "properties": { "Height": 78.520751953125, "Radius": 14.21712972884144, "height_m": 23.93, "crown_diameter_m": 8.67, "site_id": 1558 }, "geometry": { "type": "Point", "coordinates": [ -73.931448936245715, 40.844881037333664 ] } },
{ "type": "Feature", "properties": { "Height": 73.564002990722699, "Radius": 48.731416005223679, "height_m": 22.42, "crown_diameter_m": 29.71, "site_id": 1559 }, "geometry": { "type": "Point", "coordinates": [ -73.932455755064225, 40.844939275419335 ] } },
{ "type": "Feature", "properties": { "Height": 64.689002990722699, "Radius": 25.842100170334316, "height_m": 19.72, "crown_diameter_m": 15.75, "site_id": 1560 }, "geometry": { "type": "Point", "coordinates": [ -73.932167654393396, 40.844907758407189 ] } },
{ "type": "Feature", "properties": { "Height": 57.789249420166001, "Radius": 32.496046642856811, "height_m": 17.61, "crown_diameter_m": 19.81, "site_id": 1561 }, "geometry": { "type": "Point", "coordinates": [ -73.931829034917726, 40.844924359276682 ] } },
{ "type": "Feature", "properties": { "Height": 68.958251953125, "Radius": 13.098436114783443, "height_m": 21.02, "crown_diameter_m": 7.98, "site_id": 1562 }, "geometry": { "type": "Point", "coordinates": [ -73.931391700215855, 40.844929440809885 ] } },
{ "type": "Feature", "properties": { "Height": 67.479751586914105, "Radius": 27.131008307838766, "height_m": 20.57, "crown_diameter_m": 16.54, "site_id": 1563 }, "geometry": { "type": "Point", "coordinates": [ -73.93205537016793, 40.84499265381298 ] } },
{ "type": "Feature", "properties": { "Height": 74.769996643066406, "Radius": 16.506764146050092, "height_m": 22.79, "crown_diameter_m": 10.06, "site_id": 1564 }, "geometry": { "type": "Point", "coordinates": [ -73.931449467134925, 40.844981484012749 ] } },
{ "type": "Feature", "properties": { "Height": 59.967750549316399, "Radius": 18.571180944682467, "height_m": 18.28, "crown_diameter_m": 11.32, "site_id": 1565 }, "geometry": { "type": "Point", "coordinates": [ -73.931709825520215, 40.845003148514522 ] } },
{ "type": "Feature", "properties": { "Height": 57.855751037597699, "Radius": 15.432931423971965, "height_m": 17.63, "crown_diameter_m": 9.41, "site_id": 1566 }, "geometry": { "type": "Point", "coordinates": [ -73.930885424418761, 40.845041887470678 ] } },
{ "type": "Feature", "properties": { "Height": 54.0130004882813, "Radius": 33.079749261872081, "height_m": 16.46, "crown_diameter_m": 20.17, "site_id": 1567 }, "geometry": { "type": "Point", "coordinates": [ -73.932251707025486, 40.845085945076313 ] } },
{ "type": "Feature", "properties": { "Height": 76.847000122070298, "Radius": 18.264412411041661, "height_m": 23.42, "crown_diameter_m": 11.13, "site_id": 1568 }, "geometry": { "type": "Point", "coordinates": [ -73.931247051125482, 40.84503603155683 ] } },
{ "type": "Feature", "properties": { "Height": 62.9297485351563, "Radius": 28.874437992572144, "height_m": 19.18, "crown_diameter_m": 17.6, "site_id": 1569 }, "geometry": { "type": "Point", "coordinates": [ -73.931579319855999, 40.84505780042489 ] } },
{ "type": "Feature", "properties": { "Height": 79.819999694824205, "Radius": 27.535688640195463, "height_m": 24.33, "crown_diameter_m": 16.79, "site_id": 1570 }, "geometry": { "type": "Point", "coordinates": [ -73.931335547911587, 40.845098474908291 ] } },
{ "type": "Feature", "properties": { "Height": 75.397247314453097, "Radius": 24.278186335491256, "height_m": 22.98, "crown_diameter_m": 14.8, "site_id": 1571 }, "geometry": { "type": "Point", "coordinates": [ -73.931441742180922, 40.845111006295426 ] } },
{ "type": "Feature", "properties": { "Height": 59.058498382568402, "Radius": 29.642780584998334, "height_m": 18.0, "crown_diameter_m": 18.07, "site_id": 1572 }, "geometry": { "type": "Point", "coordinates": [ -73.932059474179525, 40.845123877830304 ] } },
{ "type": "Feature", "properties": { "Height": 56.2577514648438, "Radius": 18.716303848390091, "height_m": 17.15, "crown_diameter_m": 11.41, "site_id": 1573 }, "geometry": { "type": "Point", "coordinates": [ -73.931257618245326, 40.845176703822197 ] } },
{ "type": "Feature", "properties": { "Height": 72.078498840332003, "Radius": 21.204073057660512, "height_m": 21.97, "crown_diameter_m": 12.93, "site_id": 1574 }, "geometry": { "type": "Point", "coordinates": [ -73.931113647208903, 40.845151099771662 ] } },
{ "type": "Feature", "properties": { "Height": 79.253250122070298, "Radius": 19.186593844962527, "height_m": 24.16, "crown_diameter_m": 11.7, "site_id": 1575 }, "geometry": { "type": "Point", "coordinates": [ -73.93099066786165, 40.845146660675482 ] } },
{ "type": "Feature", "properties": { "Height": 64.718246459960895, "Radius": 29.234603544489499, "height_m": 19.73, "crown_diameter_m": 17.82, "site_id": 1576 }, "geometry": { "type": "Point", "coordinates": [ -73.932001807707167, 40.845213110592994 ] } },
{ "type": "Feature", "properties": { "Height": 23.296749114990199, "Radius": 19.372334805352949, "height_m": 7.1, "crown_diameter_m": 11.81, "site_id": 1577 }, "geometry": { "type": "Point", "coordinates": [ -73.932400106887769, 40.845204151568467 ] } },
{ "type": "Feature", "properties": { "Height": 42.220001220703097, "Radius": 12.077479262814823, "height_m": 12.87, "crown_diameter_m": 7.36, "site_id": 1578 }, "geometry": { "type": "Point", "coordinates": [ -73.931467833653272, 40.845240726067658 ] } },
{ "type": "Feature", "properties": { "Height": 35.2682495117188, "Radius": 20.492201378767628, "height_m": 10.75, "crown_diameter_m": 12.49, "site_id": 1579 }, "geometry": { "type": "Point", "coordinates": [ -73.931379893275405, 40.845255886710781 ] } },
{ "type": "Feature", "properties": { "Height": 77.802253723144503, "Radius": 29.886076032689814, "height_m": 23.71, "crown_diameter_m": 18.22, "site_id": 1580 }, "geometry": { "type": "Point", "coordinates": [ -73.930929682007928, 40.845184557429739 ] } },
{ "type": "Feature", "properties": { "Height": 70.245498657226605, "Radius": 17.607777518557306, "height_m": 21.41, "crown_diameter_m": 10.73, "site_id": 1581 }, "geometry": { "type": "Point", "coordinates": [ -73.931136896334621, 40.845233234085768 ] } },
{ "type": "Feature", "properties": { "Height": 34.276248931884801, "Radius": 18.575465448360347, "height_m": 10.45, "crown_diameter_m": 11.32, "site_id": 1582 }, "geometry": { "type": "Point", "coordinates": [ -73.932270668113588, 40.845233676635807 ] } },
{ "type": "Feature", "properties": { "Height": 14.6590003967285, "Radius": 11.311965976163641, "height_m": 4.47, "crown_diameter_m": 6.9, "site_id": 1583 }, "geometry": { "type": "Point", "coordinates": [ -73.931657172518015, 40.845256002698868 ] } },
{ "type": "Feature", "properties": { "Height": 29.8950004577637, "Radius": 16.472983274795176, "height_m": 9.11, "crown_diameter_m": 10.04, "site_id": 1584 }, "geometry": { "type": "Point", "coordinates": [ -73.932493303860426, 40.845255351430907 ] } },
{ "type": "Feature", "properties": { "Height": 35.268501281738303, "Radius": 22.898383349403716, "height_m": 10.75, "crown_diameter_m": 13.96, "site_id": 1585 }, "geometry": { "type": "Point", "coordinates": [ -73.930842305632879, 40.845294761403338 ] } },
{ "type": "Feature", "properties": { "Height": 43.416248321533203, "Radius": 13.446189622059965, "height_m": 13.23, "crown_diameter_m": 8.2, "site_id": 1586 }, "geometry": { "type": "Point", "coordinates": [ -73.93092166616637, 40.845323712069757 ] } },
{ "type": "Feature", "properties": { "Height": 72.791252136230497, "Radius": 30.008309982635542, "height_m": 22.19, "crown_diameter_m": 18.29, "site_id": 1587 }, "geometry": { "type": "Point", "coordinates": [ -73.931859193669453, 40.845263119943397 ] } },
{ "type": "Feature", "properties": { "Height": 65.891998291015597, "Radius": 33.084560162022861, "height_m": 20.08, "crown_diameter_m": 20.17, "site_id": 1588 }, "geometry": { "type": "Point", "coordinates": [ -73.932126014192562, 40.845327140193369 ] } },
{ "type": "Feature", "properties": { "Height": 74.881500244140597, "Radius": 27.75159039805974, "height_m": 22.82, "crown_diameter_m": 16.92, "site_id": 1589 }, "geometry": { "type": "Point", "coordinates": [ -73.931172868978194, 40.845361398366506 ] } },
{ "type": "Feature", "properties": { "Height": 82.402496337890597, "Radius": 21.41692195416611, "height_m": 25.12, "crown_diameter_m": 13.06, "site_id": 1590 }, "geometry": { "type": "Point", "coordinates": [ -73.931047346877619, 40.845312343804373 ] } },
{ "type": "Feature", "properties": { "Height": 73.157249450683594, "Radius": 32.645083840347709, "height_m": 22.3, "crown_diameter_m": 19.9, "site_id": 1591 }, "geometry": { "type": "Point", "coordinates": [ -73.931795864366592, 40.845375711637907 ] } },
{ "type": "Feature", "properties": { "Height": 53.714248657226598, "Radius": 19.796945404879821, "height_m": 16.37, "crown_diameter_m": 12.07, "site_id": 1592 }, "geometry": { "type": "Point", "coordinates": [ -73.931944040287078, 40.845405499204297 ] } },
{ "type": "Feature", "properties": { "Height": 63.269748687744098, "Radius": 11.627644824149261, "height_m": 19.28, "crown_diameter_m": 7.09, "site_id": 1593 }, "geometry": { "type": "Point", "coordinates": [ -73.9311281376349, 40.845416851021533 ] } },
{ "type": "Feature", "properties": { "Height": 56.087249755859403, "Radius": 24.224043328474668, "height_m": 17.1, "crown_diameter_m": 14.77, "site_id": 1594 }, "geometry": { "type": "Point", "coordinates": [ -73.930946930014343, 40.845404493285315 ] } },
{ "type": "Feature", "properties": { "Height": 59.409999847412102, "Radius": 31.405145793969428, "height_m": 18.11, "crown_diameter_m": 19.14, "site_id": 1595 }, "geometry": { "type": "Point", "coordinates": [ -73.931316608093496, 40.845419141687735 ] } },
{ "type": "Feature", "properties": { "Height": 52.216499328613303, "Radius": 30.762563151083651, "height_m": 15.92, "crown_diameter_m": 18.75, "site_id": 1596 }, "geometry": { "type": "Point", "coordinates": [ -73.93180715157915, 40.845547342306475 ] } },
{ "type": "Feature", "properties": { "Height": 58.895999908447301, "Radius": 44.025770571844028, "height_m": 17.95, "crown_diameter_m": 26.84, "site_id": 1597 }, "geometry": { "type": "Point", "coordinates": [ -73.931657637205248, 40.845578166832546 ] } },
{ "type": "Feature", "properties": { "Height": 24.119249343872099, "Radius": 8.4251471571115797, "height_m": 7.35, "crown_diameter_m": 5.14, "site_id": 1598 }, "geometry": { "type": "Point", "coordinates": [ -73.932478481189293, 40.845628175530798 ] } },
{ "type": "Feature", "properties": { "Height": 29.194250106811499, "Radius": 10.734438914006276, "height_m": 8.9, "crown_diameter_m": 6.54, "site_id": 1599 }, "geometry": { "type": "Point", "coordinates": [ -73.931807540607736, 40.845645582681215 ] } },
{ "type": "Feature", "properties": { "Height": 22.632749557495099, "Radius": 15.711439040887681, "height_m": 6.9, "crown_diameter_m": 9.58, "site_id": 1600 }, "geometry": { "type": "Point", "coordinates": [ -73.932402276917557, 40.845731580391885 ] } },
{ "type": "Feature", "properties": { "Height": 22.833999633789102, "Radius": 9.7230672216428609, "height_m": 6.96, "crown_diameter_m": 5.93, "site_id": 1601 }, "geometry": { "type": "Point", "coordinates": [ -73.931751050907735, 40.8457116472321 ] } },
{ "type": "Feature", "properties": { "Height": 26.378250122070298, "Radius": 30.553613840354664, "height_m": 8.04, "crown_diameter_m": 18.63, "site_id": 1602 }, "geometry": { "type": "Point", "coordinates": [ -73.931835703091565, 40.845780258992882 ] } },
{ "type": "Feature", "properties": { "Height": 21.517749786376999, "Radius": 15.030650076392085, "height_m": 6.56, "crown_diameter_m": 9.16, "site_id": 1603 }, "geometry": { "type": "Point", "coordinates": [ -73.932310904641241, 40.845786097562936 ] } },
{ "type": "Feature", "properties": { "Height": 17.418750762939499, "Radius": 13.156025258885609, "height_m": 5.31, "crown_diameter_m": 8.02, "site_id": 1604 }, "geometry": { "type": "Point", "coordinates": [ -73.932254577976977, 40.845853131384253 ] } },
{ "type": "Feature", "properties": { "Height": 39.618751525878899, "Radius": 24.835558821025963, "height_m": 12.08, "crown_diameter_m": 15.14, "site_id": 1605 }, "geometry": { "type": "Point", "coordinates": [ -73.931944486484127, 40.8458966146395 ] } },
{ "type": "Feature", "properties": { "Height": 22.779499053955099, "Radius": 14.655360647302839, "height_m": 6.94, "crown_diameter_m": 8.93, "site_id": 1606 }, "geometry": { "type": "Point", "coordinates": [ -73.932074457856771, 40.845942651487853 ] } },
{ "type": "Feature", "properties": { "Height": 29.972749710083001, "Radius": 21.076087069697731, "height_m": 9.14, "crown_diameter_m": 12.85, "site_id": 1607 }, "geometry": { "type": "Point", "coordinates": [ -73.932206748290483, 40.845956668936729 ] } },
{ "type": "Feature", "properties": { "Height": 34.285251617431598, "Radius": 21.522557047641001, "height_m": 10.45, "crown_diameter_m": 13.12, "site_id": 1608 }, "geometry": { "type": "Point", "coordinates": [ -73.931716836822005, 40.845955336301621 ] } },
{ "type": "Feature", "properties": { "Height": 40.675251007080099, "Radius": 22.249751694959215, "height_m": 12.4, "crown_diameter_m": 13.56, "site_id": 1609 }, "geometry": { "type": "Point", "coordinates": [ -73.932065429471294, 40.84601889898191 ] } },
{ "type": "Feature", "properties": { "Height": 51.665000915527301, "Radius": 26.703814756008871, "height_m": 15.75, "crown_diameter_m": 16.28, "site_id": 1610 }, "geometry": { "type": "Point", "coordinates": [ -73.93190472084774, 40.846060542054325 ] } },
{ "type": "Feature", "properties": { "Height": 27.2097492218018, "Radius": 14.130105311312537, "height_m": 8.29, "crown_diameter_m": 8.61, "site_id": 1611 }, "geometry": { "type": "Point", "coordinates": [ -73.932047636588706, 40.846124276748291 ] } },
{ "type": "Feature", "properties": { "Height": 45.146499633789098, "Radius": 15.902742045729777, "height_m": 13.76, "crown_diameter_m": 9.69, "site_id": 1612 }, "geometry": { "type": "Point", "coordinates": [ -73.932135285052894, 40.846130050076944 ] } },
{ "type": "Feature", "properties": { "Height": 47.442501068115199, "Radius": 17.446599343804795, "height_m": 14.46, "crown_diameter_m": 10.64, "site_id": 1613 }, "geometry": { "type": "Point", "coordinates": [ -73.930958531059872, 40.845538991510281 ] } },
{ "type": "Feature", "properties": { "Height": 36.191749572753899, "Radius": 11.847981254502882, "height_m": 11.03, "crown_diameter_m": 7.22, "site_id": 1614 }, "geometry": { "type": "Point", "coordinates": [ -73.930964583836271, 40.845566006310456 ] } },
{ "type": "Feature", "properties": { "Height": 34.964500427246101, "Radius": 16.327416503504917, "height_m": 10.66, "crown_diameter_m": 9.95, "site_id": 1615 }, "geometry": { "type": "Point", "coordinates": [ -73.931103154608238, 40.8455753453227 ] } },
{ "type": "Feature", "properties": { "Height": 37.529499053955099, "Radius": 22.699430130732601, "height_m": 11.44, "crown_diameter_m": 13.84, "site_id": 1616 }, "geometry": { "type": "Point", "coordinates": [ -73.930993339846907, 40.845649252449689 ] } },
{ "type": "Feature", "properties": { "Height": 23.58424949646, "Radius": 15.33205305713261, "height_m": 7.19, "crown_diameter_m": 9.35, "site_id": 1617 }, "geometry": { "type": "Point", "coordinates": [ -73.93126099194771, 40.845602340804469 ] } },
{ "type": "Feature", "properties": { "Height": 42.531749725341797, "Radius": 18.826525390141722, "height_m": 12.96, "crown_diameter_m": 11.48, "site_id": 1618 }, "geometry": { "type": "Point", "coordinates": [ -73.93110215379717, 40.845647464280034 ] } },
{ "type": "Feature", "properties": { "Height": 26.201000213623001, "Radius": 10.009397418243923, "height_m": 7.99, "crown_diameter_m": 6.1, "site_id": 1619 }, "geometry": { "type": "Point", "coordinates": [ -73.931419347839835, 40.845699277640918 ] } },
{ "type": "Feature", "properties": { "Height": 45.284248352050803, "Radius": 21.901894860467497, "height_m": 13.8, "crown_diameter_m": 13.35, "site_id": 1620 }, "geometry": { "type": "Point", "coordinates": [ -73.931132430301759, 40.845736360982166 ] } },
{ "type": "Feature", "properties": { "Height": 33.547500610351598, "Radius": 28.298199521645746, "height_m": 10.23, "crown_diameter_m": 17.25, "site_id": 1621 }, "geometry": { "type": "Point", "coordinates": [ -73.931276738812898, 40.845707421468461 ] } },
{ "type": "Feature", "properties": { "Height": 28.903999328613299, "Radius": 14.03403869441083, "height_m": 8.81, "crown_diameter_m": 8.56, "site_id": 1622 }, "geometry": { "type": "Point", "coordinates": [ -73.93136012521262, 40.845749631281471 ] } },
{ "type": "Feature", "properties": { "Height": 26.59375, "Radius": 14.23391170957523, "height_m": 8.11, "crown_diameter_m": 8.68, "site_id": 1623 }, "geometry": { "type": "Point", "coordinates": [ -73.931393301093252, 40.845783653618994 ] } },
{ "type": "Feature", "properties": { "Height": 9.9102497100830096, "Radius": 3.1158388162107515, "height_m": 3.02, "crown_diameter_m": 1.9, "site_id": 1624 }, "geometry": { "type": "Point", "coordinates": [ -73.93232119087503, 40.845855521672419 ] } },
{ "type": "Feature", "properties": { "Height": 19.8242492675781, "Radius": 16.73656774376801, "height_m": 6.04, "crown_diameter_m": 10.2, "site_id": 1625 }, "geometry": { "type": "Point", "coordinates": [ -73.932204085976792, 40.84571249340128 ] } },
{ "type": "Feature", "properties": { "Height": 60.031749725341797, "Radius": 12.412170838050638, "height_m": 18.3, "crown_diameter_m": 7.57, "site_id": 1626 }, "geometry": { "type": "Point", "coordinates": [ -73.931403027681128, 40.843188891163628 ] } },
{ "type": "Feature", "properties": { "Height": 64.933746337890597, "Radius": 24.44803445640596, "height_m": 19.79, "crown_diameter_m": 14.9, "site_id": 1627 }, "geometry": { "type": "Point", "coordinates": [ -73.931293088650193, 40.843278187955306 ] } },
{ "type": "Feature", "properties": { "Height": 61.256748199462898, "Radius": 12.166104433032896, "height_m": 18.67, "crown_diameter_m": 7.42, "site_id": 1628 }, "geometry": { "type": "Point", "coordinates": [ -73.931340849770933, 40.84325093505835 ] } },
{ "type": "Feature", "properties": { "Height": 58.733749389648402, "Radius": 23.246733303166074, "height_m": 17.9, "crown_diameter_m": 14.17, "site_id": 1629 }, "geometry": { "type": "Point", "coordinates": [ -73.931416465233355, 40.84335290054149 ] } },
{ "type": "Feature", "properties": { "Height": 63.8914985656738, "Radius": 21.850968611841584, "height_m": 19.47, "crown_diameter_m": 13.32, "site_id": 1630 }, "geometry": { "type": "Point", "coordinates": [ -73.931225792663724, 40.843369022902337 ] } },
{ "type": "Feature", "properties": { "Height": 71.297752380371094, "Radius": 31.877959653054205, "height_m": 21.73, "crown_diameter_m": 19.43, "site_id": 1631 }, "geometry": { "type": "Point", "coordinates": [ -73.931262326077388, 40.84348844014248 ] } },
{ "type": "Feature", "properties": { "Height": 45.303001403808601, "Radius": 14.658075357087599, "height_m": 13.81, "crown_diameter_m": 8.94, "site_id": 1632 }, "geometry": { "type": "Point", "coordinates": [ -73.931108285486246, 40.843563692490775 ] } },
{ "type": "Feature", "properties": { "Height": 66.213249206542997, "Radius": 22.669612066458704, "height_m": 20.18, "crown_diameter_m": 13.82, "site_id": 1633 }, "geometry": { "type": "Point", "coordinates": [ -73.931226256964607, 40.843608093256549 ] } },
{ "type": "Feature", "properties": { "Height": 53.484748840332003, "Radius": 22.713448616015551, "height_m": 16.3, "crown_diameter_m": 13.85, "site_id": 1634 }, "geometry": { "type": "Point", "coordinates": [ -73.931423448376947, 40.843572442178328 ] } },
{ "type": "Feature", "properties": { "Height": 64.051246643066406, "Radius": 22.075607256593951, "height_m": 19.52, "crown_diameter_m": 13.46, "site_id": 1635 }, "geometry": { "type": "Point", "coordinates": [ -73.931270384842421, 40.843660326537403 ] } },
{ "type": "Feature", "properties": { "Height": 61.936248779296903, "Radius": 25.433939258341571, "height_m": 18.88, "crown_diameter_m": 15.5, "site_id": 1636 }, "geometry": { "type": "Point", "coordinates": [ -73.931206605466173, 40.843768339564903 ] } },
{ "type": "Feature", "properties": { "Height": 62.046749114990199, "Radius": 25.98183386761362, "height_m": 18.91, "crown_diameter_m": 15.84, "site_id": 1637 }, "geometry": { "type": "Point", "coordinates": [ -73.931370498854562, 40.843750703786618 ] } },
{ "type": "Feature", "properties": { "Height": 52.855751037597699, "Radius": 12.565098628628435, "height_m": 16.11, "crown_diameter_m": 7.66, "site_id": 1638 }, "geometry": { "type": "Point", "coordinates": [ -73.931044467687386, 40.84379440297262 ] } },
{ "type": "Feature", "properties": { "Height": 50.6102485656738, "Radius": 17.859073490978144, "height_m": 15.43, "crown_diameter_m": 10.89, "site_id": 1639 }, "geometry": { "type": "Point", "coordinates": [ -73.930967974134489, 40.843827933898822 ] } },
{ "type": "Feature", "properties": { "Height": 56.142501831054702, "Radius": 19.865162506165273, "height_m": 17.11, "crown_diameter_m": 12.11, "site_id": 1640 }, "geometry": { "type": "Point", "coordinates": [ -73.931321245554642, 40.843867667412113 ] } },
{ "type": "Feature", "properties": { "Height": 55.852748870849602, "Radius": 29.204645863791381, "height_m": 17.02, "crown_diameter_m": 17.8, "site_id": 1641 }, "geometry": { "type": "Point", "coordinates": [ -73.931104122741729, 40.843889517163539 ] } },
{ "type": "Feature", "properties": { "Height": 67.296501159667997, "Radius": 41.403597573674737, "height_m": 20.51, "crown_diameter_m": 25.24, "site_id": 1642 }, "geometry": { "type": "Point", "coordinates": [ -73.930932812516772, 40.843986511263232 ] } },
{ "type": "Feature", "properties": { "Height": 55.034999847412102, "Radius": 20.424130479505308, "height_m": 16.77, "crown_diameter_m": 12.45, "site_id": 1643 }, "geometry": { "type": "Point", "coordinates": [ -73.931358277097416, 40.843920765407148 ] } },
{ "type": "Feature", "properties": { "Height": 48.311000823974602, "Radius": 22.322950674602232, "height_m": 14.73, "crown_diameter_m": 13.61, "site_id": 1644 }, "geometry": { "type": "Point", "coordinates": [ -73.931224160171254, 40.844001826232322 ] } },
{ "type": "Feature", "properties": { "Height": 59.313751220703097, "Radius": 28.338945690369357, "height_m": 18.08, "crown_diameter_m": 17.28, "site_id": 1645 }, "geometry": { "type": "Point", "coordinates": [ -73.931272405143417, 40.844087528781245 ] } },
{ "type": "Feature", "properties": { "Height": 58.061248779296903, "Radius": 15.940227935829867, "height_m": 17.7, "crown_diameter_m": 9.72, "site_id": 1646 }, "geometry": { "type": "Point", "coordinates": [ -73.930870235041041, 40.844096440167171 ] } },
{ "type": "Feature", "properties": { "Height": 36.314250946044901, "Radius": 16.210021932271381, "height_m": 11.07, "crown_diameter_m": 9.88, "site_id": 1647 }, "geometry": { "type": "Point", "coordinates": [ -73.931146921404519, 40.84412853713328 ] } },
{ "type": "Feature", "properties": { "Height": 47.814250946044901, "Radius": 19.322978458135964, "height_m": 14.57, "crown_diameter_m": 11.78, "site_id": 1648 }, "geometry": { "type": "Point", "coordinates": [ -73.931046687440656, 40.844178794099044 ] } },
{ "type": "Feature", "properties": { "Height": 24.5060005187988, "Radius": 13.888692920047486, "height_m": 7.47, "crown_diameter_m": 8.47, "site_id": 1649 }, "geometry": { "type": "Point", "coordinates": [ -73.930828790731169, 40.844258476122356 ] } },
{ "type": "Feature", "properties": { "Height": 49.743499755859403, "Radius": 22.260478775547845, "height_m": 15.16, "crown_diameter_m": 13.57, "site_id": 1650 }, "geometry": { "type": "Point", "coordinates": [ -73.93097773247996, 40.844250202464494 ] } },
{ "type": "Feature", "properties": { "Height": 49.904998779296903, "Radius": 23.588253030889469, "height_m": 15.21, "crown_diameter_m": 14.38, "site_id": 1651 }, "geometry": { "type": "Point", "coordinates": [ -73.931135673781498, 40.844253867318791 ] } },
{ "type": "Feature", "properties": { "Height": 50.211250305175803, "Radius": 20.204762533390774, "height_m": 15.3, "crown_diameter_m": 12.32, "site_id": 1652 }, "geometry": { "type": "Point", "coordinates": [ -73.931050153001109, 40.844347428765282 ] } },
{ "type": "Feature", "properties": { "Height": 53.597999572753899, "Radius": 17.903576608797394, "height_m": 16.34, "crown_diameter_m": 10.91, "site_id": 1653 }, "geometry": { "type": "Point", "coordinates": [ -73.931208194533482, 40.84428191681944 ] } },
{ "type": "Feature", "properties": { "Height": 60.745750427246101, "Radius": 33.783133319927288, "height_m": 18.52, "crown_diameter_m": 20.59, "site_id": 1654 }, "geometry": { "type": "Point", "coordinates": [ -73.930750404869343, 40.844353845312284 ] } },
{ "type": "Feature", "properties": { "Height": 59.900001525878899, "Radius": 37.813331098140345, "height_m": 18.26, "crown_diameter_m": 23.05, "site_id": 1655 }, "geometry": { "type": "Point", "coordinates": [ -73.930771626104232, 40.84453687871455 ] } },
{ "type": "Feature", "properties": { "Height": 61.220500946044901, "Radius": 23.246733303166074, "height_m": 18.66, "crown_diameter_m": 14.17, "site_id": 1656 }, "geometry": { "type": "Point", "coordinates": [ -73.930750732384496, 40.84466458576852 ] } },
{ "type": "Feature", "properties": { "Height": 57.472251892089801, "Radius": 14.036873567421146, "height_m": 17.52, "crown_diameter_m": 8.56, "site_id": 1657 }, "geometry": { "type": "Point", "coordinates": [ -73.930732937908743, 40.844727705932172 ] } },
{ "type": "Feature", "properties": { "Height": 55.473499298095703, "Radius": 13.727325035155394, "height_m": 16.91, "crown_diameter_m": 8.37, "site_id": 1658 }, "geometry": { "type": "Point", "coordinates": [ -73.930758117460385, 40.844768278343771 ] } },
{ "type": "Feature", "properties": { "Height": 80.835746765136705, "Radius": 34.281191633176277, "height_m": 24.64, "crown_diameter_m": 20.9, "site_id": 1659 }, "geometry": { "type": "Point", "coordinates": [ -73.930591770814061, 40.844813899089637 ] } },
{ "type": "Feature", "properties": { "Height": 64.481498718261705, "Radius": 19.651703982415469, "height_m": 19.65, "crown_diameter_m": 11.98, "site_id": 1660 }, "geometry": { "type": "Point", "coordinates": [ -73.930741870386072, 40.844817767777059 ] } },
{ "type": "Feature", "properties": { "Height": 72.160499572753906, "Radius": 24.676442455702393, "height_m": 21.99, "crown_diameter_m": 15.04, "site_id": 1661 }, "geometry": { "type": "Point", "coordinates": [ -73.930540567056738, 40.844934307373777 ] } },
{ "type": "Feature", "properties": { "Height": 51.533500671386697, "Radius": 25.603890536313362, "height_m": 15.71, "crown_diameter_m": 15.61, "site_id": 1662 }, "geometry": { "type": "Point", "coordinates": [ -73.930442786218421, 40.845026331940225 ] } },
{ "type": "Feature", "properties": { "Height": 72.157997131347699, "Radius": 26.967730947530899, "height_m": 21.99, "crown_diameter_m": 16.44, "site_id": 1663 }, "geometry": { "type": "Point", "coordinates": [ -73.930447187696728, 40.845218187270227 ] } },
{ "type": "Feature", "properties": { "Height": 79.762748718261705, "Radius": 24.6570858499345, "height_m": 24.31, "crown_diameter_m": 15.03, "site_id": 1664 }, "geometry": { "type": "Point", "coordinates": [ -73.93026691644107, 40.845298488828192 ] } },
{ "type": "Feature", "properties": { "Height": 74.071502685546903, "Radius": 26.278761349723734, "height_m": 22.58, "crown_diameter_m": 16.02, "site_id": 1665 }, "geometry": { "type": "Point", "coordinates": [ -73.930393622351261, 40.845354539981628 ] } },
{ "type": "Feature", "properties": { "Height": 74.348747253417997, "Radius": 12.778613837669742, "height_m": 22.66, "crown_diameter_m": 7.79, "site_id": 1666 }, "geometry": { "type": "Point", "coordinates": [ -73.930285841890694, 40.845405926343794 ] } },
{ "type": "Feature", "properties": { "Height": 83.090751647949205, "Radius": 30.511913076961299, "height_m": 25.33, "crown_diameter_m": 18.6, "site_id": 1667 }, "geometry": { "type": "Point", "coordinates": [ -73.930248616118689, 40.845475891031072 ] } },
{ "type": "Feature", "properties": { "Height": 78.914253234863295, "Radius": 21.111925969196957, "height_m": 24.05, "crown_diameter_m": 12.87, "site_id": 1668 }, "geometry": { "type": "Point", "coordinates": [ -73.930200044045677, 40.845577909080369 ] } },
{ "type": "Feature", "properties": { "Height": 80.070251464843807, "Radius": 10.648844864724785, "height_m": 24.41, "crown_diameter_m": 6.49, "site_id": 1669 }, "geometry": { "type": "Point", "coordinates": [ -73.930236573740984, 40.845700273009975 ] } },
{ "type": "Feature", "properties": { "Height": 40.919750213622997, "Radius": 23.692603999668648, "height_m": 12.47, "crown_diameter_m": 14.44, "site_id": 1670 }, "geometry": { "type": "Point", "coordinates": [ -73.93206445786376, 40.845586221619136 ] } },
{ "type": "Feature", "properties": { "Height": 19.579250335693398, "Radius": 15.389040103942165, "height_m": 5.97, "crown_diameter_m": 9.38, "site_id": 1671 }, "geometry": { "type": "Point", "coordinates": [ -73.931965861827052, 40.845688023633926 ] } },
{ "type": "Feature", "properties": { "Height": 20.0394992828369, "Radius": 8.0927287784970847, "height_m": 6.11, "crown_diameter_m": 4.93, "site_id": 1672 }, "geometry": { "type": "Point", "coordinates": [ -73.930399473147247, 40.845526762735773 ] } },
{ "type": "Feature", "properties": { "Height": 79.281501770019503, "Radius": 10.303220226817157, "height_m": 24.17, "crown_diameter_m": 6.28, "site_id": 1673 }, "geometry": { "type": "Point", "coordinates": [ -73.930370960308323, 40.845573346023237 ] } },
{ "type": "Feature", "properties": { "Height": 10.252499580383301, "Radius": 6.4451097854873414, "height_m": 3.12, "crown_diameter_m": 3.93, "site_id": 1674 }, "geometry": { "type": "Point", "coordinates": [ -73.932373338402016, 40.845590469743257 ] } },
{ "type": "Feature", "properties": { "Height": 32.511749267578097, "Radius": 17.265491838089062, "height_m": 9.91, "crown_diameter_m": 10.53, "site_id": 1675 }, "geometry": { "type": "Point", "coordinates": [ -73.932536417429191, 40.845519377690486 ] } },
{ "type": "Feature", "properties": { "Height": 11.519249916076699, "Radius": 4.9987324458734106, "height_m": 3.51, "crown_diameter_m": 3.05, "site_id": 1676 }, "geometry": { "type": "Point", "coordinates": [ -73.931513188464521, 40.845560613404338 ] } },
{ "type": "Feature", "properties": { "Height": 27.611000061035199, "Radius": 15.548516281516669, "height_m": 8.42, "crown_diameter_m": 9.48, "site_id": 1677 }, "geometry": { "type": "Point", "coordinates": [ -73.932201054728182, 40.845496406705941 ] } },
{ "type": "Feature", "properties": { "Height": 26.380500793456999, "Radius": 10.570088459918891, "height_m": 8.04, "crown_diameter_m": 6.44, "site_id": 1678 }, "geometry": { "type": "Point", "coordinates": [ -73.931516215803455, 40.845483465493793 ] } },
{ "type": "Feature", "properties": { "Height": 10.1052503585815, "Radius": 4.2408146115321026, "height_m": 3.08, "crown_diameter_m": 2.59, "site_id": 1679 }, "geometry": { "type": "Point", "coordinates": [ -73.932063982260857, 40.845472526038058 ] } },
{ "type": "Feature", "properties": { "Height": 18.612249374389599, "Radius": 13.300402973092268, "height_m": 5.67, "crown_diameter_m": 8.11, "site_id": 1680 }, "geometry": { "type": "Point", "coordinates": [ -73.932470823106144, 40.845411046062445 ] } },
{ "type": "Feature", "properties": { "Height": 24.540000915527301, "Radius": 10.12008922290879, "height_m": 7.48, "crown_diameter_m": 6.17, "site_id": 1681 }, "geometry": { "type": "Point", "coordinates": [ -73.93263014299572, 40.845406298173124 ] } },
{ "type": "Feature", "properties": { "Height": 20.537500381469702, "Radius": 16.814837388531359, "height_m": 6.26, "crown_diameter_m": 10.25, "site_id": 1682 }, "geometry": { "type": "Point", "coordinates": [ -73.932311873914855, 40.845370772917931 ] } },
{ "type": "Feature", "properties": { "Height": 14.449749946594199, "Radius": 6.6457126561416242, "height_m": 4.4, "crown_diameter_m": 4.05, "site_id": 1683 }, "geometry": { "type": "Point", "coordinates": [ -73.93154139138187, 40.845358109346087 ] } },
{ "type": "Feature", "properties": { "Height": 26.385499954223601, "Radius": 5.7949713538886387, "height_m": 8.04, "crown_diameter_m": 3.53, "site_id": 1684 }, "geometry": { "type": "Point", "coordinates": [ -73.932689690436234, 40.845324317864794 ] } },
{ "type": "Feature", "properties": { "Height": 11.1872501373291, "Radius": 6.109159856727393, "height_m": 3.41, "crown_diameter_m": 3.72, "site_id": 1685 }, "geometry": { "type": "Point", "coordinates": [ -73.932368891692974, 40.845308150982191 ] } },
{ "type": "Feature", "properties": { "Height": 50.903251647949197, "Radius": 31.03427360388196, "height_m": 15.52, "crown_diameter_m": 18.92, "site_id": 1686 }, "geometry": { "type": "Point", "coordinates": [ -73.932790056010035, 40.845131368386369 ] } },
{ "type": "Feature", "properties": { "Height": 33.099998474121101, "Radius": 20.052555042230242, "height_m": 10.09, "crown_diameter_m": 12.22, "site_id": 1687 }, "geometry": { "type": "Point", "coordinates": [ -73.932625688953777, 40.845169962168633 ] } },
{ "type": "Feature", "properties": { "Height": 32.963748931884801, "Radius": 4.2874696415384577, "height_m": 10.05, "crown_diameter_m": 2.61, "site_id": 1688 }, "geometry": { "type": "Point", "coordinates": [ -73.93157425386093, 40.845161813333405 ] } },
{ "type": "Feature", "properties": { "Height": 60.354251861572301, "Radius": 7.9137519614062217, "height_m": 18.4, "crown_diameter_m": 4.82, "site_id": 1689 }, "geometry": { "type": "Point", "coordinates": [ -73.930599309122755, 40.845060327068239 ] } },
{ "type": "Feature", "properties": { "Height": 8.7489995956420898, "Radius": 3.6563663957157266, "height_m": 2.67, "crown_diameter_m": 2.23, "site_id": 1690 }, "geometry": { "type": "Point", "coordinates": [ -73.930558295996335, 40.845056875110103 ] } },
{ "type": "Feature", "properties": { "Height": 10.2089996337891, "Radius": 2.998708769569344, "height_m": 3.11, "crown_diameter_m": 1.83, "site_id": 1691 }, "geometry": { "type": "Point", "coordinates": [ -73.931166376259526, 40.845035233333206 ] } },
{ "type": "Feature", "properties": { "Height": 14.9834995269775, "Radius": 4.442433223290478, "height_m": 4.57, "crown_diameter_m": 2.71, "site_id": 1692 }, "geometry": { "type": "Point", "coordinates": [ -73.93225030948291, 40.844722181207608 ] } },
{ "type": "Feature", "properties": { "Height": 10.7847499847412, "Radius": 4.442433223290478, "height_m": 3.29, "crown_diameter_m": 2.71, "site_id": 1693 }, "geometry": { "type": "Point", "coordinates": [ -73.932189180916509, 40.844699922027068 ] } },
{ "type": "Feature", "properties": { "Height": 13.8435001373291, "Radius": 4.8204379149011682, "height_m": 4.22, "crown_diameter_m": 2.94, "site_id": 1694 }, "geometry": { "type": "Point", "coordinates": [ -73.932217547949733, 40.844684260220028 ] } },
{ "type": "Feature", "properties": { "Height": 9.2862501144409197, "Radius": 2.9854106607209232, "height_m": 2.83, "crown_diameter_m": 1.82, "site_id": 1695 }, "geometry": { "type": "Point", "coordinates": [ -73.932153800446045, 40.844679021496582 ] } },
{ "type": "Feature", "properties": { "Height": 16.836000442504901, "Radius": 4.9507435033691536, "height_m": 5.13, "crown_diameter_m": 3.02, "site_id": 1696 }, "geometry": { "type": "Point", "coordinates": [ -73.932202395094379, 40.844643182540665 ] } },
{ "type": "Feature", "properties": { "Height": 14.8275003433228, "Radius": 7.2909362219603215, "height_m": 4.52, "crown_diameter_m": 4.44, "site_id": 1697 }, "geometry": { "type": "Point", "coordinates": [ -73.932407561109471, 40.844629706405094 ] } },
{ "type": "Feature", "properties": { "Height": 10.1840000152588, "Radius": 3.6996385101659595, "height_m": 3.1, "crown_diameter_m": 2.26, "site_id": 1698 }, "geometry": { "type": "Point", "coordinates": [ -73.93213612203769, 40.844641294857588 ] } },
{ "type": "Feature", "properties": { "Height": 14.9162502288818, "Radius": 4.6865106579076032, "height_m": 4.55, "crown_diameter_m": 2.86, "site_id": 1699 }, "geometry": { "type": "Point", "coordinates": [ -73.932368141701701, 40.844618242538665 ] } },
{ "type": "Feature", "properties": { "Height": 13.0957498550415, "Radius": 3.5233628199729643, "height_m": 3.99, "crown_diameter_m": 2.15, "site_id": 1700 }, "geometry": { "type": "Point", "coordinates": [ -73.933108208893884, 40.844605862769008 ] } },
{ "type": "Feature", "properties": { "Height": 10.707750320434601, "Radius": 4.0291195310356978, "height_m": 3.26, "crown_diameter_m": 2.46, "site_id": 1701 }, "geometry": { "type": "Point", "coordinates": [ -73.932080881409632, 40.844600080108037 ] } },
{ "type": "Feature", "properties": { "Height": 13.487750053405801, "Radius": 6.8404351666408783, "height_m": 4.11, "crown_diameter_m": 4.17, "site_id": 1702 }, "geometry": { "type": "Point", "coordinates": [ -73.932143307103146, 40.844589789096126 ] } },
{ "type": "Feature", "properties": { "Height": 14.267499923706101, "Radius": 4.5486418414672301, "height_m": 4.35, "crown_diameter_m": 2.77, "site_id": 1703 }, "geometry": { "type": "Point", "coordinates": [ -73.932457373734451, 40.844592360630337 ] } },
{ "type": "Feature", "properties": { "Height": 14.2615003585815, "Radius": 4.6865106579076032, "height_m": 4.35, "crown_diameter_m": 2.86, "site_id": 1704 }, "geometry": { "type": "Point", "coordinates": [ -73.932327100757377, 40.844593357663427 ] } },
{ "type": "Feature", "properties": { "Height": 14.5902500152588, "Radius": 9.2189337567352165, "height_m": 4.45, "crown_diameter_m": 5.62, "site_id": 1705 }, "geometry": { "type": "Point", "coordinates": [ -73.932251804796195, 40.844576611124339 ] } },
{ "type": "Feature", "properties": { "Height": 10.2454996109009, "Radius": 4.3336224206596095, "height_m": 3.12, "crown_diameter_m": 2.64, "site_id": 1706 }, "geometry": { "type": "Point", "coordinates": [ -73.932062640414543, 40.844566409846038 ] } },
{ "type": "Feature", "properties": { "Height": 10.847999572753899, "Radius": 4.6180907715541899, "height_m": 3.31, "crown_diameter_m": 2.82, "site_id": 1707 }, "geometry": { "type": "Point", "coordinates": [ -73.932106658154751, 40.844560517723984 ] } },
{ "type": "Feature", "properties": { "Height": 15.6940002441406, "Radius": 4.7203487194131482, "height_m": 4.78, "crown_diameter_m": 2.88, "site_id": 1708 }, "geometry": { "type": "Point", "coordinates": [ -73.932174170602892, 40.844551620950604 ] } },
{ "type": "Feature", "properties": { "Height": 13.6940002441406, "Radius": 3.6125759969217834, "height_m": 4.17, "crown_diameter_m": 2.2, "site_id": 1709 }, "geometry": { "type": "Point", "coordinates": [ -73.932210334703868, 40.84454703438783 ] } },
{ "type": "Feature", "properties": { "Height": 15.9997501373291, "Radius": 4.7539459314393913, "height_m": 4.88, "crown_diameter_m": 2.9, "site_id": 1710 }, "geometry": { "type": "Point", "coordinates": [ -73.932125003050729, 40.844531891948598 ] } },
{ "type": "Feature", "properties": { "Height": 11.961250305175801, "Radius": 5.634839052433807, "height_m": 3.65, "crown_diameter_m": 3.43, "site_id": 1711 }, "geometry": { "type": "Point", "coordinates": [ -73.932165138673838, 40.84451535729692 ] } },
{ "type": "Feature", "properties": { "Height": 57.686500549316399, "Radius": 12.093940329828481, "height_m": 17.58, "crown_diameter_m": 7.37, "site_id": 1712 }, "geometry": { "type": "Point", "coordinates": [ -73.931016821794742, 40.844482345886036 ] } },
{ "type": "Feature", "properties": { "Height": 12.4475002288818, "Radius": 3.3851375012865375, "height_m": 3.79, "crown_diameter_m": 2.06, "site_id": 1713 }, "geometry": { "type": "Point", "coordinates": [ -73.932118428616263, 40.844497448732611 ] } },
{ "type": "Feature", "properties": { "Height": 10.675250053405801, "Radius": 3.2410224072142872, "height_m": 3.25, "crown_diameter_m": 1.98, "site_id": 1714 }, "geometry": { "type": "Point", "coordinates": [ -73.931039110656329, 40.844430092809084 ] } },
{ "type": "Feature", "properties": { "Height": 57.294498443603501, "Radius": 14.63634358033765, "height_m": 17.46, "crown_diameter_m": 8.92, "site_id": 1715 }, "geometry": { "type": "Point", "coordinates": [ -73.933396076295836, 40.844374449612388 ] } },
{ "type": "Feature", "properties": { "Height": 21.607000350952099, "Radius": 8.9739846893394599, "height_m": 6.59, "crown_diameter_m": 5.47, "site_id": 1716 }, "geometry": { "type": "Point", "coordinates": [ -73.932964897377559, 40.844366399770983 ] } },
{ "type": "Feature", "properties": { "Height": 8.6969995498657209, "Radius": 1.9544100476116797, "height_m": 2.65, "crown_diameter_m": 1.19, "site_id": 1717 }, "geometry": { "type": "Point", "coordinates": [ -73.933002470010464, 40.844339468049007 ] } },
{ "type": "Feature", "properties": { "Height": 10.148750305175801, "Radius": 3.8678889139475241, "height_m": 3.09, "crown_diameter_m": 2.36, "site_id": 1718 }, "geometry": { "type": "Point", "coordinates": [ -73.933022447105174, 40.844316908797722 ] } },
{ "type": "Feature", "properties": { "Height": 15.142499923706101, "Radius": 9.9895019554839859, "height_m": 4.62, "crown_diameter_m": 6.09, "site_id": 1719 }, "geometry": { "type": "Point", "coordinates": [ -73.933079057619267, 40.844265048053906 ] } },
{ "type": "Feature", "properties": { "Height": 52.260250091552699, "Radius": 16.12388289279636, "height_m": 15.93, "crown_diameter_m": 9.83, "site_id": 1720 }, "geometry": { "type": "Point", "coordinates": [ -73.933466161715117, 40.844213619717088 ] } },
{ "type": "Feature", "properties": { "Height": 68.0780029296875, "Radius": 30.88905767154305, "height_m": 20.75, "crown_diameter_m": 18.83, "site_id": 1721 }, "geometry": { "type": "Point", "coordinates": [ -73.933273504879594, 40.844196313520321 ] } },
{ "type": "Feature", "properties": { "Height": 51.8072509765625, "Radius": 14.431016701388193, "height_m": 15.79, "crown_diameter_m": 8.8, "site_id": 1722 }, "geometry": { "type": "Point", "coordinates": [ -73.933399065007237, 40.844221132528908 ] } },
{ "type": "Feature", "properties": { "Height": 9.4007501602172905, "Radius": 2.9043436408025913, "height_m": 2.87, "crown_diameter_m": 1.77, "site_id": 1723 }, "geometry": { "type": "Point", "coordinates": [ -73.932968039701947, 40.844280501785455 ] } },
{ "type": "Feature", "properties": { "Height": 9.0024995803833008, "Radius": 2.6612769430462029, "height_m": 2.74, "crown_diameter_m": 1.62, "site_id": 1724 }, "geometry": { "type": "Point", "coordinates": [ -73.930912698835414, 40.844179960207825 ] } },
{ "type": "Feature", "properties": { "Height": 52.174251556396499, "Radius": 17.394066425585851, "height_m": 15.9, "crown_diameter_m": 10.6, "site_id": 1725 }, "geometry": { "type": "Point", "coordinates": [ -73.933700491987835, 40.843927339380151 ] } },
{ "type": "Feature", "properties": { "Height": 46.752498626708999, "Radius": 26.1010102085122, "height_m": 14.25, "crown_diameter_m": 15.91, "site_id": 1726 }, "geometry": { "type": "Point", "coordinates": [ -73.93360441067928, 40.84401066345194 ] } },
{ "type": "Feature", "properties": { "Height": 73.219253540039105, "Radius": 12.476118560829471, "height_m": 22.32, "crown_diameter_m": 7.61, "site_id": 1727 }, "geometry": { "type": "Point", "coordinates": [ -73.926437938659504, 40.842206582212327 ] } },
{ "type": "Feature", "properties": { "Height": 72.812248229980497, "Radius": 14.532673858686334, "height_m": 22.19, "crown_diameter_m": 8.86, "site_id": 1728 }, "geometry": { "type": "Point", "coordinates": [ -73.926570014296615, 40.84221081043799 ] } },
{ "type": "Feature", "properties": { "Height": 79.816001892089801, "Radius": 30.15908652081793, "height_m": 24.33, "crown_diameter_m": 18.38, "site_id": 1729 }, "geometry": { "type": "Point", "coordinates": [ -73.926276384085241, 40.842267721610163 ] } },
{ "type": "Feature", "properties": { "Height": 74.349502563476605, "Radius": 32.019933532067014, "height_m": 22.66, "crown_diameter_m": 19.52, "site_id": 1730 }, "geometry": { "type": "Point", "coordinates": [ -73.92610728347735, 40.842447022264743 ] } },
{ "type": "Feature", "properties": { "Height": 8.4907503128051793, "Radius": 3.7424103185095547, "height_m": 2.59, "crown_diameter_m": 2.28, "site_id": 1731 }, "geometry": { "type": "Point", "coordinates": [ -73.93345878796201, 40.844005541281049 ] } },
{ "type": "Feature", "properties": { "Height": 28.7817497253418, "Radius": 10.210116930044995, "height_m": 8.77, "crown_diameter_m": 6.22, "site_id": 1732 }, "geometry": { "type": "Point", "coordinates": [ -73.933428322799784, 40.843947622010688 ] } },
{ "type": "Feature", "properties": { "Height": 8.4552497863769496, "Radius": 2.5854414729132054, "height_m": 2.58, "crown_diameter_m": 1.58, "site_id": 1733 }, "geometry": { "type": "Point", "coordinates": [ -73.932844249389291, 40.843964985332704 ] } },
{ "type": "Feature", "properties": { "Height": 50.595001220703097, "Radius": 38.404281761707175, "height_m": 15.42, "crown_diameter_m": 23.41, "site_id": 1734 }, "geometry": { "type": "Point", "coordinates": [ -73.933816469102624, 40.843757093060013 ] } },
{ "type": "Feature", "properties": { "Height": 54.833751678466797, "Radius": 14.974956254242635, "height_m": 16.71, "crown_diameter_m": 9.13, "site_id": 1735 }, "geometry": { "type": "Point", "coordinates": [ -73.934237727947689, 40.842974273419117 ] } },
{ "type": "Feature", "properties": { "Height": 60.327999114990199, "Radius": 30.863284569290315, "height_m": 18.39, "crown_diameter_m": 18.81, "site_id": 1736 }, "geometry": { "type": "Point", "coordinates": [ -73.934317140039809, 40.843068588579051 ] } },
{ "type": "Feature", "properties": { "Height": 59.364124298095703, "Radius": 20.342144725641095, "height_m": 18.09, "crown_diameter_m": 12.4, "site_id": 1737 }, "geometry": { "type": "Point", "coordinates": [ -73.934169401012909, 40.843062821345178 ] } },
{ "type": "Feature", "properties": { "Height": 58.652748107910199, "Radius": 17.688940559532284, "height_m": 17.88, "crown_diameter_m": 10.78, "site_id": 1738 }, "geometry": { "type": "Point", "coordinates": [ -73.934063851859676, 40.843136752767663 ] } },
{ "type": "Feature", "properties": { "Height": 70.583999633789105, "Radius": 35.491291848857877, "height_m": 21.51, "crown_diameter_m": 21.64, "site_id": 1739 }, "geometry": { "type": "Point", "coordinates": [ -73.934143170410678, 40.843205726317628 ] } },
{ "type": "Feature", "properties": { "Height": 13.824749946594199, "Radius": 8.2726432009071313, "height_m": 4.21, "crown_diameter_m": 5.04, "site_id": 1740 }, "geometry": { "type": "Point", "coordinates": [ -73.933809640316426, 40.843262440262258 ] } },
{ "type": "Feature", "properties": { "Height": 65.152252197265597, "Radius": 24.026131161597874, "height_m": 19.86, "crown_diameter_m": 14.65, "site_id": 1741 }, "geometry": { "type": "Point", "coordinates": [ -73.934112453741108, 40.843303338424306 ] } },
{ "type": "Feature", "properties": { "Height": 37.863498687744098, "Radius": 32.257635033195037, "height_m": 11.54, "crown_diameter_m": 19.66, "site_id": 1742 }, "geometry": { "type": "Point", "coordinates": [ -73.933863661094563, 40.843345053658489 ] } },
{ "type": "Feature", "properties": { "Height": 37.131999969482401, "Radius": 16.717538098337574, "height_m": 11.32, "crown_diameter_m": 10.19, "site_id": 1743 }, "geometry": { "type": "Point", "coordinates": [ -73.934012176936079, 40.843362046372569 ] } },
{ "type": "Feature", "properties": { "Height": 49.536750793457003, "Radius": 35.898155582356551, "height_m": 15.1, "crown_diameter_m": 21.88, "site_id": 1744 }, "geometry": { "type": "Point", "coordinates": [ -73.933983695344708, 40.843533570381098 ] } },
{ "type": "Feature", "properties": { "Height": 13.8120002746582, "Radius": 5.1322649075928144, "height_m": 4.21, "crown_diameter_m": 3.13, "site_id": 1745 }, "geometry": { "type": "Point", "coordinates": [ -73.932710477712973, 40.843705264652819 ] } },
{ "type": "Feature", "properties": { "Height": 10.9652500152588, "Radius": 5.691048314607837, "height_m": 3.34, "crown_diameter_m": 3.47, "site_id": 1746 }, "geometry": { "type": "Point", "coordinates": [ -73.932678878724928, 40.843601481513858 ] } },
{ "type": "Feature", "properties": { "Height": 11.9064998626709, "Radius": 4.1746216916701018, "height_m": 3.63, "crown_diameter_m": 2.54, "site_id": 1747 }, "geometry": { "type": "Point", "coordinates": [ -73.932653147596284, 40.843471364172444 ] } },
{ "type": "Feature", "properties": { "Height": 23.668249130248999, "Radius": 16.774562271083887, "height_m": 7.21, "crown_diameter_m": 10.23, "site_id": 1748 }, "geometry": { "type": "Point", "coordinates": [ -73.932736577560988, 40.843400562067025 ] } },
{ "type": "Feature", "properties": { "Height": 8.7884998321533203, "Radius": 2.9586351363515986, "height_m": 2.68, "crown_diameter_m": 1.8, "site_id": 1749 }, "geometry": { "type": "Point", "coordinates": [ -73.932650160820387, 40.843397404040765 ] } },
{ "type": "Feature", "properties": { "Height": 13.6907501220703, "Radius": 8.9027614625892273, "height_m": 4.17, "crown_diameter_m": 5.43, "site_id": 1750 }, "geometry": { "type": "Point", "coordinates": [ -73.933650127081165, 40.843287943329948 ] } },
{ "type": "Feature", "properties": { "Height": 12.216250419616699, "Radius": 7.318171790168825, "height_m": 3.72, "crown_diameter_m": 4.46, "site_id": 1751 }, "geometry": { "type": "Point", "coordinates": [ -73.933725805540291, 40.843279089965954 ] } },
{ "type": "Feature", "properties": { "Height": 12.030249595642101, "Radius": 7.4100239788211129, "height_m": 3.67, "crown_diameter_m": 4.52, "site_id": 1752 }, "geometry": { "type": "Point", "coordinates": [ -73.933581731493803, 40.843274313727314 ] } },
{ "type": "Feature", "properties": { "Height": 23.111000061035199, "Radius": 10.771441570838682, "height_m": 7.04, "crown_diameter_m": 6.57, "site_id": 1753 }, "geometry": { "type": "Point", "coordinates": [ -73.933384303534652, 40.843259299420033 ] } },
{ "type": "Feature", "properties": { "Height": 10.685250282287599, "Radius": 6.4820448144285745, "height_m": 3.26, "crown_diameter_m": 3.95, "site_id": 1754 }, "geometry": { "type": "Point", "coordinates": [ -73.93350903182197, 40.843245046343384 ] } },
{ "type": "Feature", "properties": { "Height": 11.2417497634888, "Radius": 4.1073621666150775, "height_m": 3.43, "crown_diameter_m": 2.5, "site_id": 1755 }, "geometry": { "type": "Point", "coordinates": [ -73.932672044900272, 40.843226795007638 ] } },
{ "type": "Feature", "properties": { "Height": 12.2357501983643, "Radius": 7.463526651802308, "height_m": 3.73, "crown_diameter_m": 4.55, "site_id": 1756 }, "geometry": { "type": "Point", "coordinates": [ -73.933292538422876, 40.843209563487378 ] } },
{ "type": "Feature", "properties": { "Height": 13.6704998016357, "Radius": 6.5248714375903232, "height_m": 4.17, "crown_diameter_m": 3.98, "site_id": 1757 }, "geometry": { "type": "Point", "coordinates": [ -73.933227298034808, 40.843203293427273 ] } },
{ "type": "Feature", "properties": { "Height": 23.350500106811499, "Radius": 16.672255639534658, "height_m": 7.12, "crown_diameter_m": 10.16, "site_id": 1758 }, "geometry": { "type": "Point", "coordinates": [ -73.932713946970367, 40.843119416756764 ] } },
{ "type": "Feature", "properties": { "Height": 19.7222499847412, "Radius": 10.372499290437251, "height_m": 6.01, "crown_diameter_m": 6.32, "site_id": 1759 }, "geometry": { "type": "Point", "coordinates": [ -73.932781128536192, 40.843147771028782 ] } },
{ "type": "Feature", "properties": { "Height": 13.3587503433228, "Radius": 7.7819313699406374, "height_m": 4.07, "crown_diameter_m": 4.74, "site_id": 1760 }, "geometry": { "type": "Point", "coordinates": [ -73.933118828847071, 40.843143363109 ] } },
{ "type": "Feature", "properties": { "Height": 63.829250335693402, "Radius": 23.17473528357122, "height_m": 19.46, "crown_diameter_m": 14.13, "site_id": 1761 }, "geometry": { "type": "Point", "coordinates": [ -73.931334929362038, 40.842933760779744 ] } },
{ "type": "Feature", "properties": { "Height": 60.790500640869098, "Radius": 17.400927539425329, "height_m": 18.53, "crown_diameter_m": 10.61, "site_id": 1762 }, "geometry": { "type": "Point", "coordinates": [ -73.931356782296604, 40.843057311526806 ] } },
{ "type": "Feature", "properties": { "Height": 19.4575004577637, "Radius": 5.578063407175069, "height_m": 5.93, "crown_diameter_m": 3.4, "site_id": 1763 }, "geometry": { "type": "Point", "coordinates": [ -73.933868476150678, 40.843055551523904 ] } },
{ "type": "Feature", "properties": { "Height": 8.9672498703002894, "Radius": 3.1285825864361585, "height_m": 2.73, "crown_diameter_m": 1.91, "site_id": 1764 }, "geometry": { "type": "Point", "coordinates": [ -73.933651963139909, 40.843068692350933 ] } },
{ "type": "Feature", "properties": { "Height": 13.334500312805201, "Radius": 5.7536273917515919, "height_m": 4.06, "crown_diameter_m": 3.51, "site_id": 1765 }, "geometry": { "type": "Point", "coordinates": [ -73.932929479697407, 40.843003966705133 ] } },
{ "type": "Feature", "properties": { "Height": 18.051500320434599, "Radius": 12.709927900593055, "height_m": 5.5, "crown_diameter_m": 7.75, "site_id": 1766 }, "geometry": { "type": "Point", "coordinates": [ -73.934572613377867, 40.842364735499665 ] } },
{ "type": "Feature", "properties": { "Height": 58.365001678466797, "Radius": 19.988959068250733, "height_m": 17.79, "crown_diameter_m": 12.19, "site_id": 1767 }, "geometry": { "type": "Point", "coordinates": [ -73.934548243544583, 40.842532574488942 ] } },
{ "type": "Feature", "properties": { "Height": 58.629249572753899, "Radius": 38.631540240750205, "height_m": 17.87, "crown_diameter_m": 23.55, "site_id": 1768 }, "geometry": { "type": "Point", "coordinates": [ -73.934678935374976, 40.842519897592076 ] } },
{ "type": "Feature", "properties": { "Height": 53.331748962402301, "Radius": 27.217396690742245, "height_m": 16.26, "crown_diameter_m": 16.59, "site_id": 1769 }, "geometry": { "type": "Point", "coordinates": [ -73.934558674169068, 40.842694538589768 ] } },
{ "type": "Feature", "properties": { "Height": 48.111751556396499, "Radius": 19.523731423708156, "height_m": 14.66, "crown_diameter_m": 11.9, "site_id": 1770 }, "geometry": { "type": "Point", "coordinates": [ -73.934450447984716, 40.842689666703443 ] } },
{ "type": "Feature", "properties": { "Height": 20.819999694824201, "Radius": 9.8086269731828803, "height_m": 6.35, "crown_diameter_m": 5.98, "site_id": 1771 }, "geometry": { "type": "Point", "coordinates": [ -73.932703930471007, 40.842703663179158 ] } },
{ "type": "Feature", "properties": { "Height": 8.5482501983642596, "Radius": 2.1850968611841584, "height_m": 2.61, "crown_diameter_m": 1.33, "site_id": 1772 }, "geometry": { "type": "Point", "coordinates": [ -73.932155638687831, 40.842690592808026 ] } },
{ "type": "Feature", "properties": { "Height": 14.7027502059937, "Radius": 3.3377905890622728, "height_m": 4.48, "crown_diameter_m": 2.03, "site_id": 1773 }, "geometry": { "type": "Point", "coordinates": [ -73.93226102096078, 40.842671311251493 ] } },
{ "type": "Feature", "properties": { "Height": 8.7545003890991193, "Radius": 3.1915382432114616, "height_m": 2.67, "crown_diameter_m": 1.95, "site_id": 1774 }, "geometry": { "type": "Point", "coordinates": [ -73.932188259201013, 40.842658802071782 ] } },
{ "type": "Feature", "properties": { "Height": 9.5372495651245099, "Radius": 2.9043436408025913, "height_m": 2.91, "crown_diameter_m": 1.77, "site_id": 1775 }, "geometry": { "type": "Point", "coordinates": [ -73.933075731817183, 40.842657043952407 ] } },
{ "type": "Feature", "properties": { "Height": 7.9597501754760698, "Radius": 2.0342144725641096, "height_m": 2.43, "crown_diameter_m": 1.24, "site_id": 1776 }, "geometry": { "type": "Point", "coordinates": [ -73.932172235409737, 40.842628079532453 ] } },
{ "type": "Feature", "properties": { "Height": 10.505499839782701, "Radius": 3.0382538898732494, "height_m": 3.2, "crown_diameter_m": 1.85, "site_id": 1777 }, "geometry": { "type": "Point", "coordinates": [ -73.932800287555224, 40.842566091594279 ] } },
{ "type": "Feature", "properties": { "Height": 19.284999847412099, "Radius": 6.7467261486058607, "height_m": 5.88, "crown_diameter_m": 4.11, "site_id": 1778 }, "geometry": { "type": "Point", "coordinates": [ -73.932188573635571, 40.842551578742459 ] } },
{ "type": "Feature", "properties": { "Height": 43.346748352050803, "Radius": 25.831320115564576, "height_m": 13.21, "crown_diameter_m": 15.75, "site_id": 1779 }, "geometry": { "type": "Point", "coordinates": [ -73.93207693394649, 40.842372632799119 ] } },
{ "type": "Feature", "properties": { "Height": 12.367750167846699, "Radius": 5.1708829458264107, "height_m": 3.77, "crown_diameter_m": 3.15, "site_id": 1780 }, "geometry": { "type": "Point", "coordinates": [ -73.932435689716542, 40.842416828986686 ] } },
{ "type": "Feature", "properties": { "Height": 67.677001953125, "Radius": 23.741255884218663, "height_m": 20.63, "crown_diameter_m": 14.47, "site_id": 1781 }, "geometry": { "type": "Point", "coordinates": [ -73.931905700834946, 40.842230368284476 ] } },
{ "type": "Feature", "properties": { "Height": 59.350250244140597, "Radius": 19.065935330370994, "height_m": 18.09, "crown_diameter_m": 11.62, "site_id": 1782 }, "geometry": { "type": "Point", "coordinates": [ -73.931667078378425, 40.842223814755286 ] } },
{ "type": "Feature", "properties": { "Height": 56.597751617431598, "Radius": 20.560046907827669, "height_m": 17.25, "crown_diameter_m": 12.53, "site_id": 1783 }, "geometry": { "type": "Point", "coordinates": [ -73.931740246939853, 40.842287678729903 ] } },
{ "type": "Feature", "properties": { "Height": 19.356250762939499, "Radius": 11.448322830710872, "height_m": 5.9, "crown_diameter_m": 6.98, "site_id": 1784 }, "geometry": { "type": "Point", "coordinates": [ -73.931866682809684, 40.842320514324392 ] } },
{ "type": "Feature", "properties": { "Height": 38.102500915527301, "Radius": 17.53985475985003, "height_m": 11.61, "crown_diameter_m": 10.69, "site_id": 1785 }, "geometry": { "type": "Point", "coordinates": [ -73.931790390990415, 40.842375610031574 ] } },
{ "type": "Feature", "properties": { "Height": 57.6882514953613, "Radius": 22.219330176021494, "height_m": 17.58, "crown_diameter_m": 13.54, "site_id": 1786 }, "geometry": { "type": "Point", "coordinates": [ -73.931632187435739, 40.842364909461153 ] } },
{ "type": "Feature", "properties": { "Height": 8.9797496795654297, "Radius": 3.0251296216499521, "height_m": 2.74, "crown_diameter_m": 1.84, "site_id": 1787 }, "geometry": { "type": "Point", "coordinates": [ -73.934786159966933, 40.842410429487266 ] } },
{ "type": "Feature", "properties": { "Height": 8.4849996566772496, "Radius": 3.3018348840901828, "height_m": 2.59, "crown_diameter_m": 2.01, "site_id": 1788 }, "geometry": { "type": "Point", "coordinates": [ -73.934787684027668, 40.84238343896844 ] } },
{ "type": "Feature", "properties": { "Height": 13.9362497329712, "Radius": 5.6840525549694521, "height_m": 4.25, "crown_diameter_m": 3.46, "site_id": 1789 }, "geometry": { "type": "Point", "coordinates": [ -73.934646841957758, 40.842377323250311 ] } },
{ "type": "Feature", "properties": { "Height": 21.941999435424801, "Radius": 13.799597436499832, "height_m": 6.69, "crown_diameter_m": 8.41, "site_id": 1790 }, "geometry": { "type": "Point", "coordinates": [ -73.934703917349907, 40.842339336754776 ] } },
{ "type": "Feature", "properties": { "Height": 8.7150001525878906, "Radius": 3.7951972741632982, "height_m": 2.66, "crown_diameter_m": 2.31, "site_id": 1791 }, "geometry": { "type": "Point", "coordinates": [ -73.932187724332792, 40.842341333810346 ] } },
{ "type": "Feature", "properties": { "Height": 12.767749786376999, "Radius": 5.7949713538886387, "height_m": 3.89, "crown_diameter_m": 3.53, "site_id": 1792 }, "geometry": { "type": "Point", "coordinates": [ -73.934554395388929, 40.842307021565276 ] } },
{ "type": "Feature", "properties": { "Height": 21.629249572753899, "Radius": 12.822131500414738, "height_m": 6.59, "crown_diameter_m": 7.82, "site_id": 1793 }, "geometry": { "type": "Point", "coordinates": [ -73.934222339045675, 40.842251263252223 ] } },
{ "type": "Feature", "properties": { "Height": 27.061750411987301, "Radius": 10.448937312523231, "height_m": 8.25, "crown_diameter_m": 6.37, "site_id": 1794 }, "geometry": { "type": "Point", "coordinates": [ -73.934015120732568, 40.842238803638331 ] } },
{ "type": "Feature", "properties": { "Height": 14.4707498550415, "Radius": 3.8781622093698078, "height_m": 4.41, "crown_diameter_m": 2.36, "site_id": 1795 }, "geometry": { "type": "Point", "coordinates": [ -73.934710844564904, 40.842213614725765 ] } },
{ "type": "Feature", "properties": { "Height": 22.930749893188501, "Radius": 5.6980354852130084, "height_m": 6.99, "crown_diameter_m": 3.47, "site_id": 1796 }, "geometry": { "type": "Point", "coordinates": [ -73.933865253792533, 40.842201014159954 ] } },
{ "type": "Feature", "properties": { "Height": 21.861499786376999, "Radius": 2.763953195770684, "height_m": 6.66, "crown_diameter_m": 1.68, "site_id": 1797 }, "geometry": { "type": "Point", "coordinates": [ -73.933945357826232, 40.84220245582501 ] } },
{ "type": "Feature", "properties": { "Height": 18.032499313354499, "Radius": 2.8768136958757959, "height_m": 5.5, "crown_diameter_m": 1.75, "site_id": 1798 }, "geometry": { "type": "Point", "coordinates": [ -73.932065777545716, 40.842198153880474 ] } },
{ "type": "Feature", "properties": { "Height": 40.4010009765625, "Radius": 2.4592453796829674, "height_m": 12.31, "crown_diameter_m": 1.5, "site_id": 1799 }, "geometry": { "type": "Point", "coordinates": [ -73.932939858352285, 40.84219617640553 ] } },
{ "type": "Feature", "properties": { "Height": 23.919500350952099, "Radius": 0.84628437532163436, "height_m": 7.29, "crown_diameter_m": 0.52, "site_id": 1800 }, "geometry": { "type": "Point", "coordinates": [ -73.932882450659662, 40.84219479047465 ] } },
{ "type": "Feature", "properties": { "Height": 6.0862498283386204, "Radius": 0.3989422804014327, "height_m": 1.86, "crown_diameter_m": 0.24, "site_id": 1801 }, "geometry": { "type": "Point", "coordinates": [ -73.932789587705372, 40.842193668417131 ] } },
{ "type": "Feature", "properties": { "Height": 36.910999298095703, "Radius": 12.99780643385825, "height_m": 11.25, "crown_diameter_m": 7.92, "site_id": 1802 }, "geometry": { "type": "Point", "coordinates": [ -73.934924776539134, 40.842163132407165 ] } },
{ "type": "Feature", "properties": { "Height": 66.000503540039105, "Radius": 26.522911764475964, "height_m": 20.12, "crown_diameter_m": 16.17, "site_id": 1803 }, "geometry": { "type": "Point", "coordinates": [ -73.934874541703763, 40.842043958905215 ] } },
{ "type": "Feature", "properties": { "Height": 53.094749450683601, "Radius": 14.116018870455401, "height_m": 16.18, "crown_diameter_m": 8.61, "site_id": 1804 }, "geometry": { "type": "Point", "coordinates": [ -73.935339863651691, 40.841548033632158 ] } },
{ "type": "Feature", "properties": { "Height": 42.000251770019503, "Radius": 12.930284904751172, "height_m": 12.8, "crown_diameter_m": 7.88, "site_id": 1805 }, "geometry": { "type": "Point", "coordinates": [ -73.935308250394471, 40.841648414597664 ] } },
{ "type": "Feature", "properties": { "Height": 69.568122863769503, "Radius": 21.702973392612918, "height_m": 21.2, "crown_diameter_m": 13.23, "site_id": 1806 }, "geometry": { "type": "Point", "coordinates": [ -73.935317618224445, 40.84173203424826 ] } },
{ "type": "Feature", "properties": { "Height": 46.472625732421903, "Radius": 26.585844020288452, "height_m": 14.16, "crown_diameter_m": 16.21, "site_id": 1807 }, "geometry": { "type": "Point", "coordinates": [ -73.935142065562559, 40.841720486798685 ] } },
{ "type": "Feature", "properties": { "Height": 56.055751800537102, "Radius": 26.724666641978537, "height_m": 17.09, "crown_diameter_m": 16.29, "site_id": 1808 }, "geometry": { "type": "Point", "coordinates": [ -73.935053396782692, 40.841824231355297 ] } },
{ "type": "Feature", "properties": { "Height": 60.045749664306598, "Radius": 30.168320173171782, "height_m": 18.3, "crown_diameter_m": 18.39, "site_id": 1809 }, "geometry": { "type": "Point", "coordinates": [ -73.935214347009293, 40.841867751754322 ] } },
{ "type": "Feature", "properties": { "Height": 75.119499206542997, "Radius": 18.19456736586892, "height_m": 22.9, "crown_diameter_m": 11.09, "site_id": 1810 }, "geometry": { "type": "Point", "coordinates": [ -73.934845505861901, 40.84003721655931 ] } },
{ "type": "Feature", "properties": { "Height": 74.088249206542997, "Radius": 13.469841688927183, "height_m": 22.58, "crown_diameter_m": 8.21, "site_id": 1811 }, "geometry": { "type": "Point", "coordinates": [ -73.934899865019901, 40.840042880740121 ] } },
{ "type": "Feature", "properties": { "Height": 70.0989990234375, "Radius": 24.108792009795966, "height_m": 21.37, "crown_diameter_m": 14.7, "site_id": 1812 }, "geometry": { "type": "Point", "coordinates": [ -73.934919319503933, 40.840148952739433 ] } },
{ "type": "Feature", "properties": { "Height": 69.416000366210895, "Radius": 23.456313398926998, "height_m": 21.16, "crown_diameter_m": 14.3, "site_id": 1813 }, "geometry": { "type": "Point", "coordinates": [ -73.934924131021504, 40.840255715255836 ] } },
{ "type": "Feature", "properties": { "Height": 65.672996520996094, "Radius": 16.939786373938936, "height_m": 20.02, "crown_diameter_m": 10.33, "site_id": 1814 }, "geometry": { "type": "Point", "coordinates": [ -73.934849439302354, 40.840304333955082 ] } },
{ "type": "Feature", "properties": { "Height": 68.585746765136705, "Radius": 27.460446470685799, "height_m": 20.9, "crown_diameter_m": 16.74, "site_id": 1815 }, "geometry": { "type": "Point", "coordinates": [ -73.934962522089435, 40.840407223316895 ] } },
{ "type": "Feature", "properties": { "Height": 66.826248168945298, "Radius": 16.840846433292999, "height_m": 20.37, "crown_diameter_m": 10.27, "site_id": 1816 }, "geometry": { "type": "Point", "coordinates": [ -73.934856223992895, 40.840436274481398 ] } },
{ "type": "Feature", "properties": { "Height": 67.516998291015597, "Radius": 29.125518822500005, "height_m": 20.58, "crown_diameter_m": 17.75, "site_id": 1817 }, "geometry": { "type": "Point", "coordinates": [ -73.934908587085999, 40.840563975097389 ] } },
{ "type": "Feature", "properties": { "Height": 78.248748779296903, "Radius": 44.594181390997996, "height_m": 23.85, "crown_diameter_m": 27.18, "site_id": 1818 }, "geometry": { "type": "Point", "coordinates": [ -73.935116056588541, 40.840460812603133 ] } },
{ "type": "Feature", "properties": { "Height": 51.905250549316399, "Radius": 26.504903674747169, "height_m": 15.82, "crown_diameter_m": 16.16, "site_id": 1819 }, "geometry": { "type": "Point", "coordinates": [ -73.935082094912516, 40.840653224428962 ] } },
{ "type": "Feature", "properties": { "Height": 70.998001098632798, "Radius": 18.944508351293365, "height_m": 21.64, "crown_diameter_m": 11.55, "site_id": 1820 }, "geometry": { "type": "Point", "coordinates": [ -73.934859186315776, 40.840671989305193 ] } },
{ "type": "Feature", "properties": { "Height": 61.476001739502003, "Radius": 12.902560616952067, "height_m": 18.74, "crown_diameter_m": 7.87, "site_id": 1821 }, "geometry": { "type": "Point", "coordinates": [ -73.934843503461209, 40.840768174750671 ] } },
{ "type": "Feature", "properties": { "Height": 65.232002258300795, "Radius": 35.302447250595627, "height_m": 19.88, "crown_diameter_m": 21.52, "site_id": 1822 }, "geometry": { "type": "Point", "coordinates": [ -73.934960470515222, 40.840806533344683 ] } },
{ "type": "Feature", "properties": { "Height": 49.926750183105497, "Radius": 19.863159464818494, "height_m": 15.22, "crown_diameter_m": 12.11, "site_id": 1823 }, "geometry": { "type": "Point", "coordinates": [ -73.93524986598446, 40.840817510189915 ] } },
{ "type": "Feature", "properties": { "Height": 62.661998748779297, "Radius": 25.365012466959026, "height_m": 19.1, "crown_diameter_m": 15.46, "site_id": 1824 }, "geometry": { "type": "Point", "coordinates": [ -73.934992954487356, 40.840921862531388 ] } },
{ "type": "Feature", "properties": { "Height": 63.197250366210902, "Radius": 23.11112262561905, "height_m": 19.26, "crown_diameter_m": 14.09, "site_id": 1825 }, "geometry": { "type": "Point", "coordinates": [ -73.934879121836843, 40.84099416736673 ] } },
{ "type": "Feature", "properties": { "Height": 56.181751251220703, "Radius": 11.493415626621754, "height_m": 17.12, "crown_diameter_m": 7.01, "site_id": 1826 }, "geometry": { "type": "Point", "coordinates": [ -73.935332808693872, 40.841037991185871 ] } },
{ "type": "Feature", "properties": { "Height": 62.849998474121101, "Radius": 31.502549859487782, "height_m": 19.16, "crown_diameter_m": 19.2, "site_id": 1827 }, "geometry": { "type": "Point", "coordinates": [ -73.935053941840081, 40.841021801219171 ] } },
{ "type": "Feature", "properties": { "Height": 58.561000823974602, "Radius": 10.778826859036359, "height_m": 17.85, "crown_diameter_m": 6.57, "site_id": 1828 }, "geometry": { "type": "Point", "coordinates": [ -73.935160501602198, 40.841071870066372 ] } },
{ "type": "Feature", "properties": { "Height": 58.185501098632798, "Radius": 20.876920550147126, "height_m": 17.73, "crown_diameter_m": 12.73, "site_id": 1829 }, "geometry": { "type": "Point", "coordinates": [ -73.935245184458054, 40.841068753305493 ] } },
{ "type": "Feature", "properties": { "Height": 61.464748382568402, "Radius": 29.370389707289771, "height_m": 18.73, "crown_diameter_m": 17.9, "site_id": 1830 }, "geometry": { "type": "Point", "coordinates": [ -73.935073223456698, 40.841140312491639 ] } },
{ "type": "Feature", "properties": { "Height": 57.8689994812012, "Radius": 18.807494809828803, "height_m": 17.64, "crown_diameter_m": 11.47, "site_id": 1831 }, "geometry": { "type": "Point", "coordinates": [ -73.935528950413826, 40.841402411753265 ] } },
{ "type": "Feature", "properties": { "Height": 12.877249717712401, "Radius": 3.6780660900548137, "height_m": 3.92, "crown_diameter_m": 2.24, "site_id": 1832 }, "geometry": { "type": "Point", "coordinates": [ -73.93524774816575, 40.841419420337139 ] } },
{ "type": "Feature", "properties": { "Height": 9.9937496185302699, "Radius": 4.4513807312946136, "height_m": 3.05, "crown_diameter_m": 2.71, "site_id": 1833 }, "geometry": { "type": "Point", "coordinates": [ -73.935249634683444, 40.841324380635534 ] } },
{ "type": "Feature", "properties": { "Height": 25.191499710083001, "Radius": 12.921050085167158, "height_m": 7.68, "crown_diameter_m": 7.88, "site_id": 1834 }, "geometry": { "type": "Point", "coordinates": [ -73.93688702635535, 40.835353133705041 ] } },
{ "type": "Feature", "properties": { "Height": 45.666248321533203, "Radius": 17.733870630789692, "height_m": 13.92, "crown_diameter_m": 10.81, "site_id": 1835 }, "geometry": { "type": "Point", "coordinates": [ -73.936607623341104, 40.835391693616629 ] } },
{ "type": "Feature", "properties": { "Height": 75.584251403808594, "Radius": 26.522911764475964, "height_m": 23.04, "crown_diameter_m": 16.17, "site_id": 1836 }, "geometry": { "type": "Point", "coordinates": [ -73.936053916166159, 40.835381998493709 ] } },
{ "type": "Feature", "properties": { "Height": 75.945999145507798, "Radius": 33.47313548753602, "height_m": 23.15, "crown_diameter_m": 20.41, "site_id": 1837 }, "geometry": { "type": "Point", "coordinates": [ -73.936418586977112, 40.835385827297074 ] } },
{ "type": "Feature", "properties": { "Height": 49.7335014343262, "Radius": 30.950825553935037, "height_m": 15.16, "crown_diameter_m": 18.87, "site_id": 1838 }, "geometry": { "type": "Point", "coordinates": [ -73.936718235041553, 40.835427835360854 ] } },
{ "type": "Feature", "properties": { "Height": 77.941253662109403, "Radius": 14.733884157863645, "height_m": 23.76, "crown_diameter_m": 8.98, "site_id": 1839 }, "geometry": { "type": "Point", "coordinates": [ -73.936304043137767, 40.835429821672157 ] } },
{ "type": "Feature", "properties": { "Height": 68.511123657226605, "Radius": 34.844131261613107, "height_m": 20.88, "crown_diameter_m": 21.24, "site_id": 1840 }, "geometry": { "type": "Point", "coordinates": [ -73.935922462536354, 40.835459400451846 ] } },
{ "type": "Feature", "properties": { "Height": 68.933250427246094, "Radius": 27.651046031090132, "height_m": 21.01, "crown_diameter_m": 16.86, "site_id": 1841 }, "geometry": { "type": "Point", "coordinates": [ -73.936137763034651, 40.835464057458168 ] } },
{ "type": "Feature", "properties": { "Height": 75.137001037597699, "Radius": 25.174490727558467, "height_m": 22.9, "crown_diameter_m": 15.35, "site_id": 1842 }, "geometry": { "type": "Point", "coordinates": [ -73.936429260470845, 40.835498221156023 ] } },
{ "type": "Feature", "properties": { "Height": 71.636253356933594, "Radius": 31.906654376278762, "height_m": 21.83, "crown_diameter_m": 19.45, "site_id": 1843 }, "geometry": { "type": "Point", "coordinates": [ -73.93577939396306, 40.835548095193069 ] } },
{ "type": "Feature", "properties": { "Height": 80.998001098632798, "Radius": 33.215388986327085, "height_m": 24.69, "crown_diameter_m": 20.25, "site_id": 1844 }, "geometry": { "type": "Point", "coordinates": [ -73.936252937883353, 40.835556085941548 ] } },
{ "type": "Feature", "properties": { "Height": 55.500251770019503, "Radius": 11.423968370726268, "height_m": 16.92, "crown_diameter_m": 6.96, "site_id": 1845 }, "geometry": { "type": "Point", "coordinates": [ -73.936086711320442, 40.835566321712989 ] } },
{ "type": "Feature", "properties": { "Height": 63.506500244140597, "Radius": 25.889786457819948, "height_m": 19.36, "crown_diameter_m": 15.78, "site_id": 1846 }, "geometry": { "type": "Point", "coordinates": [ -73.936569662635961, 40.835548962961035 ] } },
{ "type": "Feature", "properties": { "Height": 64.565750122070298, "Radius": 18.368682025524262, "height_m": 19.68, "crown_diameter_m": 11.2, "site_id": 1847 }, "geometry": { "type": "Point", "coordinates": [ -73.936562545996921, 40.835630312389178 ] } },
{ "type": "Feature", "properties": { "Height": 63.833122253417997, "Radius": 19.851136972363392, "height_m": 19.46, "crown_diameter_m": 12.1, "site_id": 1848 }, "geometry": { "type": "Point", "coordinates": [ -73.935899314454815, 40.835636516589773 ] } },
{ "type": "Feature", "properties": { "Height": 56.992500305175803, "Radius": 32.656051448196315, "height_m": 17.37, "crown_diameter_m": 19.91, "site_id": 1849 }, "geometry": { "type": "Point", "coordinates": [ -73.936720647568393, 40.835687350092392 ] } },
{ "type": "Feature", "properties": { "Height": 64.634002685546903, "Radius": 25.355598841670279, "height_m": 19.7, "crown_diameter_m": 15.46, "site_id": 1850 }, "geometry": { "type": "Point", "coordinates": [ -73.935682707251317, 40.835651068651551 ] } },
{ "type": "Feature", "properties": { "Height": 76.148246765136705, "Radius": 31.407679590882982, "height_m": 23.21, "crown_diameter_m": 19.15, "site_id": 1851 }, "geometry": { "type": "Point", "coordinates": [ -73.936380831175427, 40.835664361736228 ] } },
{ "type": "Feature", "properties": { "Height": 65.420997619628906, "Radius": 16.086824965400158, "height_m": 19.94, "crown_diameter_m": 9.81, "site_id": 1852 }, "geometry": { "type": "Point", "coordinates": [ -73.935819091623827, 40.835704922136692 ] } },
{ "type": "Feature", "properties": { "Height": 72.416496276855497, "Radius": 19.199032480852509, "height_m": 22.07, "crown_diameter_m": 11.7, "site_id": 1853 }, "geometry": { "type": "Point", "coordinates": [ -73.936137291936831, 40.835664574731993 ] } },
{ "type": "Feature", "properties": { "Height": 73.483497619628906, "Radius": 18.00993542523911, "height_m": 22.4, "crown_diameter_m": 10.98, "site_id": 1854 }, "geometry": { "type": "Point", "coordinates": [ -73.936229343820756, 40.835719433340728 ] } },
{ "type": "Feature", "properties": { "Height": 66.816619873046903, "Radius": 28.834448541840736, "height_m": 20.37, "crown_diameter_m": 17.58, "site_id": 1855 }, "geometry": { "type": "Point", "coordinates": [ -73.936007944449031, 40.835669523292182 ] } },
{ "type": "Feature", "properties": { "Height": 75.250503540039105, "Radius": 30.42964769609808, "height_m": 22.94, "crown_diameter_m": 18.55, "site_id": 1856 }, "geometry": { "type": "Point", "coordinates": [ -73.936555137835924, 40.835755008740854 ] } },
{ "type": "Feature", "properties": { "Height": 62.855751037597699, "Radius": 26.402625830445377, "height_m": 19.16, "crown_diameter_m": 16.1, "site_id": 1857 }, "geometry": { "type": "Point", "coordinates": [ -73.935744668206226, 40.835794748210319 ] } },
{ "type": "Feature", "properties": { "Height": 36.3619995117188, "Radius": 19.937137968424871, "height_m": 11.08, "crown_diameter_m": 12.15, "site_id": 1858 }, "geometry": { "type": "Point", "coordinates": [ -73.93671069867878, 40.835817250815076 ] } },
{ "type": "Feature", "properties": { "Height": 66.417625427246094, "Radius": 26.609779063642044, "height_m": 20.24, "crown_diameter_m": 16.22, "site_id": 1859 }, "geometry": { "type": "Point", "coordinates": [ -73.93592210028531, 40.835793664576293 ] } },
{ "type": "Feature", "properties": { "Height": 68.851501464843807, "Radius": 18.403307281560924, "height_m": 20.99, "crown_diameter_m": 11.22, "site_id": 1860 }, "geometry": { "type": "Point", "coordinates": [ -73.936405444880194, 40.835787127067462 ] } },
{ "type": "Feature", "properties": { "Height": 59.711498260497997, "Radius": 16.007481325241379, "height_m": 18.2, "crown_diameter_m": 9.76, "site_id": 1861 }, "geometry": { "type": "Point", "coordinates": [ -73.936155842274019, 40.835773328672722 ] } },
{ "type": "Feature", "properties": { "Height": 68.023880004882798, "Radius": 17.796582164923457, "height_m": 20.73, "crown_diameter_m": 10.85, "site_id": 1862 }, "geometry": { "type": "Point", "coordinates": [ -73.936033342478964, 40.835840253957123 ] } },
{ "type": "Feature", "properties": { "Height": 64.906753540039105, "Radius": 14.505269206998042, "height_m": 19.78, "crown_diameter_m": 8.84, "site_id": 1863 }, "geometry": { "type": "Point", "coordinates": [ -73.936201603992316, 40.835857519577843 ] } },
{ "type": "Feature", "properties": { "Height": 69.318496704101605, "Radius": 23.943184938871582, "height_m": 21.13, "crown_diameter_m": 14.6, "site_id": 1864 }, "geometry": { "type": "Point", "coordinates": [ -73.936290954160924, 40.835840539724096 ] } },
{ "type": "Feature", "properties": { "Height": 63.901748657226598, "Radius": 27.126608328085876, "height_m": 19.48, "crown_diameter_m": 16.54, "site_id": 1865 }, "geometry": { "type": "Point", "coordinates": [ -73.935576879909917, 40.835815570386714 ] } },
{ "type": "Feature", "properties": { "Height": 70.198623657226605, "Radius": 12.951807210534664, "height_m": 21.4, "crown_diameter_m": 7.9, "site_id": 1866 }, "geometry": { "type": "Point", "coordinates": [ -73.935951462014827, 40.835864331852299 ] } },
{ "type": "Feature", "properties": { "Height": 64.878501892089801, "Radius": 26.143658946447118, "height_m": 19.77, "crown_diameter_m": 15.94, "site_id": 1867 }, "geometry": { "type": "Point", "coordinates": [ -73.936627286797417, 40.83591710222646 ] } },
{ "type": "Feature", "properties": { "Height": 63.948001861572301, "Radius": 17.279313448178307, "height_m": 19.49, "crown_diameter_m": 10.53, "site_id": 1868 }, "geometry": { "type": "Point", "coordinates": [ -73.936104607752625, 40.835845974677426 ] } },
{ "type": "Feature", "properties": { "Height": 70.403503417968807, "Radius": 18.420595502641081, "height_m": 21.46, "crown_diameter_m": 11.23, "site_id": 1869 }, "geometry": { "type": "Point", "coordinates": [ -73.935613237872516, 40.835895867938419 ] } },
{ "type": "Feature", "properties": { "Height": 68.504249572753906, "Radius": 20.117927832723971, "height_m": 20.88, "crown_diameter_m": 12.26, "site_id": 1870 }, "geometry": { "type": "Point", "coordinates": [ -73.936523695163771, 40.835958522017428 ] } },
{ "type": "Feature", "properties": { "Height": 63.5945014953613, "Radius": 15.033297016639143, "height_m": 19.38, "crown_diameter_m": 9.16, "site_id": 1871 }, "geometry": { "type": "Point", "coordinates": [ -73.936133564653247, 40.835924828073885 ] } },
{ "type": "Feature", "properties": { "Height": 63.9070014953613, "Radius": 14.809304898631529, "height_m": 19.48, "crown_diameter_m": 9.03, "site_id": 1872 }, "geometry": { "type": "Point", "coordinates": [ -73.935698174589518, 40.835942201621094 ] } },
{ "type": "Feature", "properties": { "Height": 66.418746948242202, "Radius": 22.868824696515738, "height_m": 20.24, "crown_diameter_m": 13.94, "site_id": 1873 }, "geometry": { "type": "Point", "coordinates": [ -73.936046487157299, 40.835966513220669 ] } },
{ "type": "Feature", "properties": { "Height": 74.756500244140597, "Radius": 31.160942023688143, "height_m": 22.79, "crown_diameter_m": 19.0, "site_id": 1874 }, "geometry": { "type": "Point", "coordinates": [ -73.935854833462543, 40.83593998539174 ] } },
{ "type": "Feature", "properties": { "Height": 77.352996826171903, "Radius": 25.625637459332797, "height_m": 23.58, "crown_diameter_m": 15.62, "site_id": 1875 }, "geometry": { "type": "Point", "coordinates": [ -73.936439191841302, 40.835891041078199 ] } },
{ "type": "Feature", "properties": { "Height": 92.347503662109403, "Radius": 47.629765471098807, "height_m": 28.15, "crown_diameter_m": 29.04, "site_id": 1876 }, "geometry": { "type": "Point", "coordinates": [ -73.936319959627454, 40.836041061557722 ] } },
{ "type": "Feature", "properties": { "Height": 55.008750915527301, "Radius": 23.333860810362566, "height_m": 16.77, "crown_diameter_m": 14.22, "site_id": 1877 }, "geometry": { "type": "Point", "coordinates": [ -73.936582802775689, 40.836072800216577 ] } },
{ "type": "Feature", "properties": { "Height": 90.436996459960895, "Radius": 33.032806266468405, "height_m": 27.57, "crown_diameter_m": 20.14, "site_id": 1878 }, "geometry": { "type": "Point", "coordinates": [ -73.935710925769158, 40.836108176092225 ] } },
{ "type": "Feature", "properties": { "Height": 86.989250183105497, "Radius": 41.637420610551942, "height_m": 26.51, "crown_diameter_m": 25.38, "site_id": 1879 }, "geometry": { "type": "Point", "coordinates": [ -73.935474683070694, 40.836017340098927 ] } },
{ "type": "Feature", "properties": { "Height": 68.927497863769503, "Radius": 15.696236870863476, "height_m": 21.01, "crown_diameter_m": 9.57, "site_id": 1880 }, "geometry": { "type": "Point", "coordinates": [ -73.935930311342972, 40.836038091151153 ] } },
{ "type": "Feature", "properties": { "Height": 72.141502380371094, "Radius": 16.146076823319174, "height_m": 21.99, "crown_diameter_m": 9.84, "site_id": 1881 }, "geometry": { "type": "Point", "coordinates": [ -73.936094501865384, 40.836052875605546 ] } },
{ "type": "Feature", "properties": { "Height": 73.521881103515597, "Radius": 18.754530765473412, "height_m": 22.41, "crown_diameter_m": 11.43, "site_id": 1882 }, "geometry": { "type": "Point", "coordinates": [ -73.935811375030696, 40.836053226260091 ] } },
{ "type": "Feature", "properties": { "Height": 50.635250091552699, "Radius": 16.187915671908033, "height_m": 15.43, "crown_diameter_m": 9.87, "site_id": 1883 }, "geometry": { "type": "Point", "coordinates": [ -73.936726235313301, 40.836113844270045 ] } },
{ "type": "Feature", "properties": { "Height": 75.912750244140597, "Radius": 24.824341676101277, "height_m": 23.14, "crown_diameter_m": 15.13, "site_id": 1884 }, "geometry": { "type": "Point", "coordinates": [ -73.93597652575157, 40.836126103189663 ] } },
{ "type": "Feature", "properties": { "Height": 92.098251342773395, "Radius": 25.117527633433056, "height_m": 28.07, "crown_diameter_m": 15.31, "site_id": 1885 }, "geometry": { "type": "Point", "coordinates": [ -73.935614967741174, 40.836154343123667 ] } },
{ "type": "Feature", "properties": { "Height": 72.010002136230497, "Radius": 22.347890536298223, "height_m": 21.95, "crown_diameter_m": 13.62, "site_id": 1886 }, "geometry": { "type": "Point", "coordinates": [ -73.936093429800678, 40.836186440793632 ] } },
{ "type": "Feature", "properties": { "Height": 89.724998474121094, "Radius": 17.177696716742147, "height_m": 27.35, "crown_diameter_m": 10.47, "site_id": 1887 }, "geometry": { "type": "Point", "coordinates": [ -73.936260061275902, 40.836142533962722 ] } },
{ "type": "Feature", "properties": { "Height": 52.393501281738303, "Radius": 26.978056912224748, "height_m": 15.97, "crown_diameter_m": 16.45, "site_id": 1888 }, "geometry": { "type": "Point", "coordinates": [ -73.936644224605899, 40.836212349318416 ] } },
{ "type": "Feature", "properties": { "Height": 77.712501525878906, "Radius": 20.42802635564556, "height_m": 23.69, "crown_diameter_m": 12.45, "site_id": 1889 }, "geometry": { "type": "Point", "coordinates": [ -73.935853939918388, 40.836148595153901 ] } },
{ "type": "Feature", "properties": { "Height": 74.642501831054702, "Radius": 11.098915530497878, "height_m": 22.75, "crown_diameter_m": 6.77, "site_id": 1890 }, "geometry": { "type": "Point", "coordinates": [ -73.936035327255667, 40.836164555394994 ] } },
{ "type": "Feature", "properties": { "Height": 74.455749511718807, "Radius": 34.164928693558842, "height_m": 22.69, "crown_diameter_m": 20.83, "site_id": 1891 }, "geometry": { "type": "Point", "coordinates": [ -73.93540062364211, 40.836233320865524 ] } },
{ "type": "Feature", "properties": { "Height": 80.129753112792997, "Radius": 37.87536243468567, "height_m": 24.42, "crown_diameter_m": 23.09, "site_id": 1892 }, "geometry": { "type": "Point", "coordinates": [ -73.93642170922277, 40.836224013438581 ] } },
{ "type": "Feature", "properties": { "Height": 71.063629150390597, "Radius": 16.410062879571392, "height_m": 21.66, "crown_diameter_m": 10.0, "site_id": 1893 }, "geometry": { "type": "Point", "coordinates": [ -73.935924097971551, 40.836234489056579 ] } },
{ "type": "Feature", "properties": { "Height": 70.319000244140597, "Radius": 14.614579488624488, "height_m": 21.43, "crown_diameter_m": 8.91, "site_id": 1894 }, "geometry": { "type": "Point", "coordinates": [ -73.935554674974483, 40.836222359785864 ] } },
{ "type": "Feature", "properties": { "Height": 72.751495361328097, "Radius": 18.906665549070173, "height_m": 22.17, "crown_diameter_m": 11.53, "site_id": 1895 }, "geometry": { "type": "Point", "coordinates": [ -73.935606198480755, 40.836278352468 ] } },
{ "type": "Feature", "properties": { "Height": 24.002250671386701, "Radius": 11.077385121221132, "height_m": 7.32, "crown_diameter_m": 6.75, "site_id": 1896 }, "geometry": { "type": "Point", "coordinates": [ -73.936731903434364, 40.836277605824115 ] } },
{ "type": "Feature", "properties": { "Height": 70.659500122070298, "Radius": 10.896310731002211, "height_m": 21.54, "crown_diameter_m": 6.64, "site_id": 1897 }, "geometry": { "type": "Point", "coordinates": [ -73.935476185824513, 40.836273496381992 ] } },
{ "type": "Feature", "properties": { "Height": 89.883003234863295, "Radius": 35.485685983831225, "height_m": 27.4, "crown_diameter_m": 21.63, "site_id": 1898 }, "geometry": { "type": "Point", "coordinates": [ -73.936249913028277, 40.836297587125451 ] } },
{ "type": "Feature", "properties": { "Height": 71.215621948242202, "Radius": 19.891183688419648, "height_m": 21.71, "crown_diameter_m": 12.13, "site_id": 1899 }, "geometry": { "type": "Point", "coordinates": [ -73.935768460706029, 40.836278172799531 ] } },
{ "type": "Feature", "properties": { "Height": 71.9061279296875, "Radius": 27.437253521893641, "height_m": 21.92, "crown_diameter_m": 16.73, "site_id": 1900 }, "geometry": { "type": "Point", "coordinates": [ -73.935431278381898, 40.836386008691314 ] } },
{ "type": "Feature", "properties": { "Height": 45.129623413085902, "Radius": 18.967597340180685, "height_m": 13.76, "crown_diameter_m": 11.56, "site_id": 1901 }, "geometry": { "type": "Point", "coordinates": [ -73.9364153050429, 40.836388332059371 ] } },
{ "type": "Feature", "properties": { "Height": 71.798995971679702, "Radius": 21.967197988242077, "height_m": 21.88, "crown_diameter_m": 13.39, "site_id": 1902 }, "geometry": { "type": "Point", "coordinates": [ -73.935788626164822, 40.836360395531706 ] } },
{ "type": "Feature", "properties": { "Height": 78.741874694824205, "Radius": 29.575590733458842, "height_m": 24.0, "crown_diameter_m": 18.03, "site_id": 1903 }, "geometry": { "type": "Point", "coordinates": [ -73.935975864552972, 40.836324060230474 ] } },
{ "type": "Feature", "properties": { "Height": 70.279998779296903, "Radius": 26.387551535279702, "height_m": 21.42, "crown_diameter_m": 16.09, "site_id": 1904 }, "geometry": { "type": "Point", "coordinates": [ -73.935569838555864, 40.836393310842332 ] } },
{ "type": "Feature", "properties": { "Height": 83.0938720703125, "Radius": 43.47464234111424, "height_m": 25.33, "crown_diameter_m": 26.5, "site_id": 1905 }, "geometry": { "type": "Point", "coordinates": [ -73.935183313349455, 40.836368685478021 ] } },
{ "type": "Feature", "properties": { "Height": 88.9427490234375, "Radius": 41.533129555831785, "height_m": 27.11, "crown_diameter_m": 25.32, "site_id": 1906 }, "geometry": { "type": "Point", "coordinates": [ -73.936286578141448, 40.836460647231704 ] } },
{ "type": "Feature", "properties": { "Height": 69.639251708984403, "Radius": 19.657777133417753, "height_m": 21.23, "crown_diameter_m": 11.98, "site_id": 1907 }, "geometry": { "type": "Point", "coordinates": [ -73.935666455488217, 40.836399353060422 ] } },
{ "type": "Feature", "properties": { "Height": 81.888748168945298, "Radius": 29.859437221769568, "height_m": 24.96, "crown_diameter_m": 18.2, "site_id": 1908 }, "geometry": { "type": "Point", "coordinates": [ -73.935939791122721, 40.836446260652089 ] } },
{ "type": "Feature", "properties": { "Height": 84.423370361328097, "Radius": 24.611861234123552, "height_m": 25.73, "crown_diameter_m": 15.0, "site_id": 1909 }, "geometry": { "type": "Point", "coordinates": [ -73.93609136785129, 40.836485263192543 ] } },
{ "type": "Feature", "properties": { "Height": 74.248992919921903, "Radius": 25.196608263684432, "height_m": 22.63, "crown_diameter_m": 15.36, "site_id": 1910 }, "geometry": { "type": "Point", "coordinates": [ -73.935729305586705, 40.836486127286541 ] } },
{ "type": "Feature", "properties": { "Height": 28.3832492828369, "Radius": 15.792270128926999, "height_m": 8.65, "crown_diameter_m": 9.63, "site_id": 1911 }, "geometry": { "type": "Point", "coordinates": [ -73.936514674510136, 40.836498127302868 ] } },
{ "type": "Feature", "properties": { "Height": 76.898498535156307, "Radius": 37.232238105308795, "height_m": 23.44, "crown_diameter_m": 22.7, "site_id": 1912 }, "geometry": { "type": "Point", "coordinates": [ -73.935322438286931, 40.836524305011707 ] } },
{ "type": "Feature", "properties": { "Height": 70.609375, "Radius": 12.877866698399815, "height_m": 21.52, "crown_diameter_m": 7.85, "site_id": 1913 }, "geometry": { "type": "Point", "coordinates": [ -73.935773364971837, 40.836555265645593 ] } },
{ "type": "Feature", "properties": { "Height": 82.976501464843807, "Radius": 32.173649930800316, "height_m": 25.29, "crown_diameter_m": 19.61, "site_id": 1914 }, "geometry": { "type": "Point", "coordinates": [ -73.935531068481211, 40.83660819567519 ] } },
{ "type": "Feature", "properties": { "Height": 64.471252441406307, "Radius": 19.124279312569545, "height_m": 19.65, "crown_diameter_m": 11.66, "site_id": 1915 }, "geometry": { "type": "Point", "coordinates": [ -73.935845088757873, 40.83658054551011 ] } },
{ "type": "Feature", "properties": { "Height": 37.040500640869098, "Radius": 16.446392485425978, "height_m": 11.29, "crown_diameter_m": 10.03, "site_id": 1916 }, "geometry": { "type": "Point", "coordinates": [ -73.936303656535074, 40.836595237294205 ] } },
{ "type": "Feature", "properties": { "Height": 57.580001831054702, "Radius": 29.677659191225793, "height_m": 17.55, "crown_diameter_m": 18.09, "site_id": 1917 }, "geometry": { "type": "Point", "coordinates": [ -73.935144093209445, 40.836620731515794 ] } },
{ "type": "Feature", "properties": { "Height": 82.382247924804702, "Radius": 20.760336844397603, "height_m": 25.11, "crown_diameter_m": 12.66, "site_id": 1918 }, "geometry": { "type": "Point", "coordinates": [ -73.935409682256832, 40.836628669829473 ] } },
{ "type": "Feature", "properties": { "Height": 79.263252258300795, "Radius": 28.618374117879121, "height_m": 24.16, "crown_diameter_m": 17.45, "site_id": 1919 }, "geometry": { "type": "Point", "coordinates": [ -73.935689259978659, 40.836611718474543 ] } },
{ "type": "Feature", "properties": { "Height": 87.636627197265597, "Radius": 33.392207643428108, "height_m": 26.71, "crown_diameter_m": 20.36, "site_id": 1920 }, "geometry": { "type": "Point", "coordinates": [ -73.9360018510218, 40.836607986007145 ] } },
{ "type": "Feature", "properties": { "Height": 57.700248718261697, "Radius": 14.63634358033765, "height_m": 17.59, "crown_diameter_m": 8.92, "site_id": 1921 }, "geometry": { "type": "Point", "coordinates": [ -73.935239593299684, 40.836642869793202 ] } },
{ "type": "Feature", "properties": { "Height": 77.585998535156307, "Radius": 23.41216828934235, "height_m": 23.65, "crown_diameter_m": 14.27, "site_id": 1922 }, "geometry": { "type": "Point", "coordinates": [ -73.936192055024918, 40.836594179659947 ] } },
{ "type": "Feature", "properties": { "Height": 67.700881958007798, "Radius": 35.261848971734771, "height_m": 20.64, "crown_diameter_m": 21.5, "site_id": 1923 }, "geometry": { "type": "Point", "coordinates": [ -73.935878991104204, 40.836804459583966 ] } },
{ "type": "Feature", "properties": { "Height": 65.973503112792997, "Radius": 32.496046642856811, "height_m": 20.11, "crown_diameter_m": 19.81, "site_id": 1924 }, "geometry": { "type": "Point", "coordinates": [ -73.93499852965887, 40.836701334732432 ] } },
{ "type": "Feature", "properties": { "Height": 30.749750137329102, "Radius": 14.093451279891857, "height_m": 9.37, "crown_diameter_m": 8.59, "site_id": 1925 }, "geometry": { "type": "Point", "coordinates": [ -73.936557874405111, 40.836669976132939 ] } },
{ "type": "Feature", "properties": { "Height": 80.217247009277301, "Radius": 29.94326922545687, "height_m": 24.45, "crown_diameter_m": 18.25, "site_id": 1926 }, "geometry": { "type": "Point", "coordinates": [ -73.936117420849627, 40.836720238119796 ] } },
{ "type": "Feature", "properties": { "Height": 65.865997314453097, "Radius": 37.67840352748118, "height_m": 20.08, "crown_diameter_m": 22.97, "site_id": 1927 }, "geometry": { "type": "Point", "coordinates": [ -73.936428220028048, 40.836738472855529 ] } },
{ "type": "Feature", "properties": { "Height": 34.408248901367202, "Radius": 17.890237297414519, "height_m": 10.49, "crown_diameter_m": 10.91, "site_id": 1928 }, "geometry": { "type": "Point", "coordinates": [ -73.935485987478501, 40.836746716870017 ] } },
{ "type": "Feature", "properties": { "Height": 70.770751953125, "Radius": 31.153279810870281, "height_m": 21.57, "crown_diameter_m": 18.99, "site_id": 1929 }, "geometry": { "type": "Point", "coordinates": [ -73.935710807877555, 40.836746730744323 ] } },
{ "type": "Feature", "properties": { "Height": 49.2752494812012, "Radius": 27.63377312194109, "height_m": 15.02, "crown_diameter_m": 16.85, "site_id": 1930 }, "geometry": { "type": "Point", "coordinates": [ -73.93508973564542, 40.836797347239056 ] } },
{ "type": "Feature", "properties": { "Height": 28.912500381469702, "Radius": 17.792110099979144, "height_m": 8.81, "crown_diameter_m": 10.85, "site_id": 1931 }, "geometry": { "type": "Point", "coordinates": [ -73.936612557359638, 40.836772338333674 ] } },
{ "type": "Feature", "properties": { "Height": 60.020500183105497, "Radius": 46.388084764020718, "height_m": 18.29, "crown_diameter_m": 28.28, "site_id": 1932 }, "geometry": { "type": "Point", "coordinates": [ -73.935314874455997, 40.836829787050895 ] } },
{ "type": "Feature", "properties": { "Height": 22.841999053955099, "Radius": 11.613949124668203, "height_m": 6.96, "crown_diameter_m": 7.08, "site_id": 1933 }, "geometry": { "type": "Point", "coordinates": [ -73.936583195536699, 40.836841166756933 ] } },
{ "type": "Feature", "properties": { "Height": 63.853500366210902, "Radius": 27.564573247571026, "height_m": 19.46, "crown_diameter_m": 16.8, "site_id": 1934 }, "geometry": { "type": "Point", "coordinates": [ -73.935698040131555, 40.836861515895691 ] } },
{ "type": "Feature", "properties": { "Height": 60.911376953125, "Radius": 32.705968454100677, "height_m": 18.57, "crown_diameter_m": 19.94, "site_id": 1935 }, "geometry": { "type": "Point", "coordinates": [ -73.936023714170346, 40.836873256645433 ] } },
{ "type": "Feature", "properties": { "Height": 53.973625183105497, "Radius": 11.269678104867614, "height_m": 16.45, "crown_diameter_m": 6.87, "site_id": 1936 }, "geometry": { "type": "Point", "coordinates": [ -73.935931006778333, 40.836883237587152 ] } },
{ "type": "Feature", "properties": { "Height": 53.650749206542997, "Radius": 11.981559108433659, "height_m": 16.35, "crown_diameter_m": 7.3, "site_id": 1937 }, "geometry": { "type": "Point", "coordinates": [ -73.935021926654002, 40.83684761245069 ] } },
{ "type": "Feature", "properties": { "Height": 39.335750579833999, "Radius": 22.097225287486548, "height_m": 11.99, "crown_diameter_m": 13.47, "site_id": 1938 }, "geometry": { "type": "Point", "coordinates": [ -73.936163839530224, 40.836892673294834 ] } },
{ "type": "Feature", "properties": { "Height": 64.192001342773395, "Radius": 33.77017537302666, "height_m": 19.57, "crown_diameter_m": 20.59, "site_id": 1939 }, "geometry": { "type": "Point", "coordinates": [ -73.935660662595595, 40.836986448491309 ] } },
{ "type": "Feature", "properties": { "Height": 63.434749603271499, "Radius": 29.988414528626798, "height_m": 19.33, "crown_diameter_m": 18.28, "site_id": 1940 }, "geometry": { "type": "Point", "coordinates": [ -73.935496553950443, 40.836895943634353 ] } },
{ "type": "Feature", "properties": { "Height": 34.846000671386697, "Radius": 20.318659463172676, "height_m": 10.62, "crown_diameter_m": 12.39, "site_id": 1941 }, "geometry": { "type": "Point", "coordinates": [ -73.936271903540387, 40.83689127155354 ] } },
{ "type": "Feature", "properties": { "Height": 66.323501586914105, "Radius": 34.96041168914077, "height_m": 20.22, "crown_diameter_m": 21.31, "site_id": 1942 }, "geometry": { "type": "Point", "coordinates": [ -73.934946853400334, 40.836895116212602 ] } },
{ "type": "Feature", "properties": { "Height": 33.002498626708999, "Radius": 22.445600289531015, "height_m": 10.06, "crown_diameter_m": 13.68, "site_id": 1943 }, "geometry": { "type": "Point", "coordinates": [ -73.936379022502408, 40.836930867778385 ] } },
{ "type": "Feature", "properties": { "Height": 35.557750701904297, "Radius": 16.460901877295537, "height_m": 10.84, "crown_diameter_m": 10.03, "site_id": 1944 }, "geometry": { "type": "Point", "coordinates": [ -73.936460401152303, 40.836935610515951 ] } },
{ "type": "Feature", "properties": { "Height": 53.139251708984403, "Radius": 23.06286668680011, "height_m": 16.2, "crown_diameter_m": 14.06, "site_id": 1945 }, "geometry": { "type": "Point", "coordinates": [ -73.935280243164669, 40.836986625564798 ] } },
{ "type": "Feature", "properties": { "Height": 48.638248443603501, "Radius": 15.890227097662638, "height_m": 14.82, "crown_diameter_m": 9.69, "site_id": 1946 }, "geometry": { "type": "Point", "coordinates": [ -73.93514900058797, 40.836963753139351 ] } },
{ "type": "Feature", "properties": { "Height": 31.816749572753899, "Radius": 25.62253188609721, "height_m": 9.7, "crown_diameter_m": 15.62, "site_id": 1947 }, "geometry": { "type": "Point", "coordinates": [ -73.936026910339976, 40.837012949341585 ] } },
{ "type": "Feature", "properties": { "Height": 73.348747253417997, "Radius": 43.021074291742771, "height_m": 22.36, "crown_diameter_m": 26.23, "site_id": 1948 }, "geometry": { "type": "Point", "coordinates": [ -73.934933357813307, 40.837085958385074 ] } },
{ "type": "Feature", "properties": { "Height": 56.791999816894503, "Radius": 26.126912387826067, "height_m": 17.31, "crown_diameter_m": 15.93, "site_id": 1949 }, "geometry": { "type": "Point", "coordinates": [ -73.936233747917981, 40.83701019941028 ] } },
{ "type": "Feature", "properties": { "Height": 54.673500061035199, "Radius": 24.462677409178383, "height_m": 16.66, "crown_diameter_m": 14.91, "site_id": 1950 }, "geometry": { "type": "Point", "coordinates": [ -73.936344682167515, 40.837069954431279 ] } },
{ "type": "Feature", "properties": { "Height": 24.875373840331999, "Radius": 17.789873645932225, "height_m": 7.58, "crown_diameter_m": 10.84, "site_id": 1951 }, "geometry": { "type": "Point", "coordinates": [ -73.935816792528456, 40.837060665942289 ] } },
{ "type": "Feature", "properties": { "Height": 23.184749603271499, "Radius": 12.939513133525306, "height_m": 7.07, "crown_diameter_m": 7.89, "site_id": 1952 }, "geometry": { "type": "Point", "coordinates": [ -73.935923436464549, 40.837065357379501 ] } },
{ "type": "Feature", "properties": { "Height": 52.0182495117188, "Radius": 14.554560428103375, "height_m": 15.86, "crown_diameter_m": 8.87, "site_id": 1953 }, "geometry": { "type": "Point", "coordinates": [ -73.936125878200556, 40.837084421465491 ] } },
{ "type": "Feature", "properties": { "Height": 24.937250137329102, "Radius": 23.621965000401321, "height_m": 7.6, "crown_diameter_m": 14.4, "site_id": 1954 }, "geometry": { "type": "Point", "coordinates": [ -73.935648215408165, 40.837132520572013 ] } },
{ "type": "Feature", "properties": { "Height": 28.832624435424801, "Radius": 17.469390469581626, "height_m": 8.79, "crown_diameter_m": 10.65, "site_id": 1955 }, "geometry": { "type": "Point", "coordinates": [ -73.936008742924841, 40.837105027373738 ] } },
{ "type": "Feature", "properties": { "Height": 33.063499450683601, "Radius": 18.910874044514411, "height_m": 10.08, "crown_diameter_m": 11.53, "site_id": 1956 }, "geometry": { "type": "Point", "coordinates": [ -73.935287500632512, 40.837118185496443 ] } },
{ "type": "Feature", "properties": { "Height": 36.120498657226598, "Radius": 31.593357301825669, "height_m": 11.01, "crown_diameter_m": 19.26, "site_id": 1957 }, "geometry": { "type": "Point", "coordinates": [ -73.93513568272671, 40.837126115511829 ] } },
{ "type": "Feature", "properties": { "Height": 32.008998870849602, "Radius": 21.468877828012552, "height_m": 9.76, "crown_diameter_m": 13.09, "site_id": 1958 }, "geometry": { "type": "Point", "coordinates": [ -73.935860101804039, 40.837136016351259 ] } },
{ "type": "Feature", "properties": { "Height": 22.938999176025401, "Radius": 10.689866656791414, "height_m": 6.99, "crown_diameter_m": 6.52, "site_id": 1959 }, "geometry": { "type": "Point", "coordinates": [ -73.934835509723399, 40.837214997050481 ] } },
{ "type": "Feature", "properties": { "Height": 31.530000686645501, "Radius": 16.165779181867237, "height_m": 9.61, "crown_diameter_m": 9.85, "site_id": 1960 }, "geometry": { "type": "Point", "coordinates": [ -73.935736797940379, 40.837190415889957 ] } },
{ "type": "Feature", "properties": { "Height": 45.098751068115199, "Radius": 29.381225490616288, "height_m": 13.75, "crown_diameter_m": 17.91, "site_id": 1961 }, "geometry": { "type": "Point", "coordinates": [ -73.936451942107908, 40.837163392095981 ] } },
{ "type": "Feature", "properties": { "Height": 31.6089992523193, "Radius": 10.021315736518133, "height_m": 9.63, "crown_diameter_m": 6.11, "site_id": 1962 }, "geometry": { "type": "Point", "coordinates": [ -73.935555315360503, 40.837214884605253 ] } },
{ "type": "Feature", "properties": { "Height": 27.8497505187988, "Radius": 16.017420774398584, "height_m": 8.49, "crown_diameter_m": 9.76, "site_id": 1963 }, "geometry": { "type": "Point", "coordinates": [ -73.935632313528444, 40.837231640769119 ] } },
{ "type": "Feature", "properties": { "Height": 34.991500854492202, "Radius": 20.03468907863958, "height_m": 10.67, "crown_diameter_m": 12.21, "site_id": 1964 }, "geometry": { "type": "Point", "coordinates": [ -73.935837207421798, 40.837241084051762 ] } },
{ "type": "Feature", "properties": { "Height": 33.458877563476598, "Radius": 23.628701622526126, "height_m": 10.2, "crown_diameter_m": 14.4, "site_id": 1965 }, "geometry": { "type": "Point", "coordinates": [ -73.935961882252641, 40.837215898090015 ] } },
{ "type": "Feature", "properties": { "Height": 18.066749572753899, "Radius": 13.865755343832138, "height_m": 5.51, "crown_diameter_m": 8.45, "site_id": 1966 }, "geometry": { "type": "Point", "coordinates": [ -73.935559856418692, 40.837305477728741 ] } },
{ "type": "Feature", "properties": { "Height": 61.722999572753899, "Radius": 36.391321513070409, "height_m": 18.81, "crown_diameter_m": 22.18, "site_id": 1967 }, "geometry": { "type": "Point", "coordinates": [ -73.936170801853791, 40.837337380663499 ] } },
{ "type": "Feature", "properties": { "Height": 28.728000640869102, "Radius": 20.521305499922637, "height_m": 8.76, "crown_diameter_m": 12.51, "site_id": 1968 }, "geometry": { "type": "Point", "coordinates": [ -73.935692812863152, 40.837306503758356 ] } },
{ "type": "Feature", "properties": { "Height": 56.648250579833999, "Radius": 16.363929593838819, "height_m": 17.27, "crown_diameter_m": 9.98, "site_id": 1969 }, "geometry": { "type": "Point", "coordinates": [ -73.936042483284112, 40.837310826053844 ] } },
{ "type": "Feature", "properties": { "Height": 28.784000396728501, "Radius": 19.115955360352558, "height_m": 8.77, "crown_diameter_m": 11.65, "site_id": 1970 }, "geometry": { "type": "Point", "coordinates": [ -73.935879120511729, 40.837359096373049 ] } },
{ "type": "Feature", "properties": { "Height": 79.136253356933594, "Radius": 29.886076032689814, "height_m": 24.12, "crown_diameter_m": 18.22, "site_id": 1971 }, "geometry": { "type": "Point", "coordinates": [ -73.93493298064574, 40.837299455372779 ] } },
{ "type": "Feature", "properties": { "Height": 30.625249862670898, "Radius": 18.532575838029373, "height_m": 9.33, "crown_diameter_m": 11.3, "site_id": 1972 }, "geometry": { "type": "Point", "coordinates": [ -73.935619629846173, 40.837373266970474 ] } },
{ "type": "Feature", "properties": { "Height": 35.512748718261697, "Radius": 15.574085310927526, "height_m": 10.82, "crown_diameter_m": 9.49, "site_id": 1973 }, "geometry": { "type": "Point", "coordinates": [ -73.936426483158115, 40.837373641587341 ] } },
{ "type": "Feature", "properties": { "Height": 18.4939994812012, "Radius": 11.40305171899516, "height_m": 5.64, "crown_diameter_m": 6.95, "site_id": 1974 }, "geometry": { "type": "Point", "coordinates": [ -73.935334416897248, 40.837368386124794 ] } },
{ "type": "Feature", "properties": { "Height": 76.187248229980497, "Radius": 34.921694567154788, "height_m": 23.22, "crown_diameter_m": 21.29, "site_id": 1975 }, "geometry": { "type": "Point", "coordinates": [ -73.935021661686662, 40.837388403024605 ] } },
{ "type": "Feature", "properties": { "Height": 29.472000122070298, "Radius": 16.760324416824254, "height_m": 8.98, "crown_diameter_m": 10.22, "site_id": 1976 }, "geometry": { "type": "Point", "coordinates": [ -73.93594258852184, 40.83737918383774 ] } },
{ "type": "Feature", "properties": { "Height": 27.1107501983643, "Radius": 21.192811267156809, "height_m": 8.26, "crown_diameter_m": 12.92, "site_id": 1977 }, "geometry": { "type": "Point", "coordinates": [ -73.935778812801544, 40.837334206743904 ] } },
{ "type": "Feature", "properties": { "Height": 42.501750946044901, "Radius": 20.437762796956992, "height_m": 12.95, "crown_diameter_m": 12.46, "site_id": 1978 }, "geometry": { "type": "Point", "coordinates": [ -73.935175907004918, 40.837430616724063 ] } },
{ "type": "Feature", "properties": { "Height": 35.568122863769503, "Radius": 20.161391932520448, "height_m": 10.84, "crown_diameter_m": 12.29, "site_id": 1979 }, "geometry": { "type": "Point", "coordinates": [ -73.935752494377084, 40.837445056389633 ] } },
{ "type": "Feature", "properties": { "Height": 71.010749816894503, "Radius": 17.066152051888221, "height_m": 21.64, "crown_diameter_m": 10.4, "site_id": 1980 }, "geometry": { "type": "Point", "coordinates": [ -73.934864453208263, 40.83746042589938 ] } },
{ "type": "Feature", "properties": { "Height": 38.018001556396499, "Radius": 25.265994473631793, "height_m": 11.59, "crown_diameter_m": 15.4, "site_id": 1981 }, "geometry": { "type": "Point", "coordinates": [ -73.935441619774565, 40.837442686496701 ] } },
{ "type": "Feature", "properties": { "Height": 50.3689994812012, "Radius": 17.823390990813817, "height_m": 15.35, "crown_diameter_m": 10.87, "site_id": 1982 }, "geometry": { "type": "Point", "coordinates": [ -73.935108294534288, 40.83748910270036 ] } },
{ "type": "Feature", "properties": { "Height": 31.767250061035199, "Radius": 25.128613903617818, "height_m": 9.68, "crown_diameter_m": 15.32, "site_id": 1983 }, "geometry": { "type": "Point", "coordinates": [ -73.935670510228576, 40.837506774665478 ] } },
{ "type": "Feature", "properties": { "Height": 47.525749206542997, "Radius": 22.557002306707098, "height_m": 14.49, "crown_diameter_m": 13.75, "site_id": 1984 }, "geometry": { "type": "Point", "coordinates": [ -73.935941488432078, 40.837491029067195 ] } },
{ "type": "Feature", "properties": { "Height": 25.769250869751001, "Radius": 12.734947467918403, "height_m": 7.85, "crown_diameter_m": 7.76, "site_id": 1985 }, "geometry": { "type": "Point", "coordinates": [ -73.935006089997685, 40.837522324703905 ] } },
{ "type": "Feature", "properties": { "Height": 36.759250640869098, "Radius": 13.098436114783443, "height_m": 11.2, "crown_diameter_m": 7.98, "site_id": 1986 }, "geometry": { "type": "Point", "coordinates": [ -73.935085239718504, 40.837545816337453 ] } },
{ "type": "Feature", "properties": { "Height": 46.942501068115199, "Radius": 20.744998580874501, "height_m": 14.31, "crown_diameter_m": 12.65, "site_id": 1987 }, "geometry": { "type": "Point", "coordinates": [ -73.935839917206849, 40.837542948214455 ] } },
{ "type": "Feature", "properties": { "Height": 42.960498809814503, "Radius": 29.589040909575225, "height_m": 13.09, "crown_diameter_m": 18.04, "site_id": 1988 }, "geometry": { "type": "Point", "coordinates": [ -73.935383904686674, 40.83756908621627 ] } },
{ "type": "Feature", "properties": { "Height": 75.762748718261705, "Radius": 22.797378504261935, "height_m": 23.09, "crown_diameter_m": 13.9, "site_id": 1989 }, "geometry": { "type": "Point", "coordinates": [ -73.934884356706576, 40.837558760261636 ] } },
{ "type": "Feature", "properties": { "Height": 34.140998840332003, "Radius": 20.314742613119286, "height_m": 10.41, "crown_diameter_m": 12.38, "site_id": 1990 }, "geometry": { "type": "Point", "coordinates": [ -73.93591375029618, 40.837621047670972 ] } },
{ "type": "Feature", "properties": { "Height": 44.896499633789098, "Radius": 25.494877673511212, "height_m": 13.68, "crown_diameter_m": 15.54, "site_id": 1991 }, "geometry": { "type": "Point", "coordinates": [ -73.935159013210296, 40.83760751825114 ] } },
{ "type": "Feature", "properties": { "Height": 77.630996704101605, "Radius": 26.215091918030804, "height_m": 23.66, "crown_diameter_m": 15.98, "site_id": 1992 }, "geometry": { "type": "Point", "coordinates": [ -73.934905584508925, 40.837666935062408 ] } },
{ "type": "Feature", "properties": { "Height": 27.977626800537099, "Radius": 20.775663783985824, "height_m": 8.53, "crown_diameter_m": 12.66, "site_id": 1993 }, "geometry": { "type": "Point", "coordinates": [ -73.935954033897914, 40.83769304471798 ] } },
{ "type": "Feature", "properties": { "Height": 25.9127502441406, "Radius": 15.74938026744922, "height_m": 7.9, "crown_diameter_m": 9.6, "site_id": 1994 }, "geometry": { "type": "Point", "coordinates": [ -73.935677509279031, 40.837667337521722 ] } },
{ "type": "Feature", "properties": { "Height": 68.438247680664105, "Radius": 25.047730150020609, "height_m": 20.86, "crown_diameter_m": 15.27, "site_id": 1995 }, "geometry": { "type": "Point", "coordinates": [ -73.93501916312907, 40.837694687492458 ] } },
{ "type": "Feature", "properties": { "Height": 61.138248443603501, "Radius": 27.745854820774539, "height_m": 18.63, "crown_diameter_m": 16.91, "site_id": 1996 }, "geometry": { "type": "Point", "coordinates": [ -73.9355677291543, 40.837708295541361 ] } },
{ "type": "Feature", "properties": { "Height": 69.130500793457003, "Radius": 32.989414982117829, "height_m": 21.07, "crown_diameter_m": 20.11, "site_id": 1997 }, "geometry": { "type": "Point", "coordinates": [ -73.935349547363955, 40.837707312577969 ] } },
{ "type": "Feature", "properties": { "Height": 56.219749450683601, "Radius": 17.535317221354788, "height_m": 17.14, "crown_diameter_m": 10.69, "site_id": 1998 }, "geometry": { "type": "Point", "coordinates": [ -73.935220297900472, 40.837730435877724 ] } },
{ "type": "Feature", "properties": { "Height": 69.870750427246094, "Radius": 15.23311875578942, "height_m": 21.3, "crown_diameter_m": 9.29, "site_id": 1999 }, "geometry": { "type": "Point", "coordinates": [ -73.934928478422719, 40.837767652907395 ] } },
{ "type": "Feature", "properties": { "Height": 51.333248138427699, "Radius": 28.474810931447127, "height_m": 15.65, "crown_diameter_m": 17.36, "site_id": 2000 }, "geometry": { "type": "Point", "coordinates": [ -73.935741748038737, 40.837772298869226 ] } },
{ "type": "Feature", "properties": { "Height": 81.418998718261705, "Radius": 22.868824696515738, "height_m": 24.82, "crown_diameter_m": 13.94, "site_id": 2001 }, "geometry": { "type": "Point", "coordinates": [ -73.934881618672662, 40.837858306187606 ] } },
{ "type": "Feature", "properties": { "Height": 68.302749633789105, "Radius": 21.605588353213829, "height_m": 20.82, "crown_diameter_m": 13.17, "site_id": 2002 }, "geometry": { "type": "Point", "coordinates": [ -73.935814957191326, 40.837872949104458 ] } },
{ "type": "Feature", "properties": { "Height": 75.455253601074205, "Radius": 34.228922179510526, "height_m": 23.0, "crown_diameter_m": 20.87, "site_id": 2003 }, "geometry": { "type": "Point", "coordinates": [ -73.935493631058264, 40.83784513368586 ] } },
{ "type": "Feature", "properties": { "Height": 74.888748168945298, "Radius": 26.20902009584907, "height_m": 22.83, "crown_diameter_m": 15.98, "site_id": 2004 }, "geometry": { "type": "Point", "coordinates": [ -73.935035017034437, 40.837804806106575 ] } },
{ "type": "Feature", "properties": { "Height": 69.867752075195298, "Radius": 41.103640938389084, "height_m": 21.3, "crown_diameter_m": 25.06, "site_id": 2005 }, "geometry": { "type": "Point", "coordinates": [ -73.935965578206179, 40.837874668122588 ] } },
{ "type": "Feature", "properties": { "Height": 82.517753601074205, "Radius": 38.293264005268313, "height_m": 25.15, "crown_diameter_m": 23.34, "site_id": 2006 }, "geometry": { "type": "Point", "coordinates": [ -73.935199816934102, 40.837867744276473 ] } },
{ "type": "Feature", "properties": { "Height": 63.451499938964801, "Radius": 26.932297583780574, "height_m": 19.34, "crown_diameter_m": 16.42, "site_id": 2007 }, "geometry": { "type": "Point", "coordinates": [ -73.936113701524988, 40.837980814924599 ] } },
{ "type": "Feature", "properties": { "Height": 71.723747253417997, "Radius": 29.636068454716199, "height_m": 21.86, "crown_diameter_m": 18.07, "site_id": 2008 }, "geometry": { "type": "Point", "coordinates": [ -73.935631997085309, 40.837953308064549 ] } },
{ "type": "Feature", "properties": { "Height": 87.241996765136705, "Radius": 39.674203044029063, "height_m": 26.59, "crown_diameter_m": 24.19, "site_id": 2009 }, "geometry": { "type": "Point", "coordinates": [ -73.935150887647936, 40.838022510758684 ] } },
{ "type": "Feature", "properties": { "Height": 68.888999938964801, "Radius": 28.202425925826791, "height_m": 21.0, "crown_diameter_m": 17.19, "site_id": 2010 }, "geometry": { "type": "Point", "coordinates": [ -73.935421472267606, 40.838021210981701 ] } },
{ "type": "Feature", "properties": { "Height": 60.070999145507798, "Radius": 15.655625581928012, "height_m": 18.31, "crown_diameter_m": 9.54, "site_id": 2011 }, "geometry": { "type": "Point", "coordinates": [ -73.935551802053737, 40.83804370257333 ] } },
{ "type": "Feature", "properties": { "Height": 69.112251281738295, "Radius": 21.409489393833255, "height_m": 21.07, "crown_diameter_m": 13.05, "site_id": 2012 }, "geometry": { "type": "Point", "coordinates": [ -73.935697149673288, 40.838045323542644 ] } },
{ "type": "Feature", "properties": { "Height": 69.719749450683594, "Radius": 36.020975466478923, "height_m": 21.25, "crown_diameter_m": 21.96, "site_id": 2013 }, "geometry": { "type": "Point", "coordinates": [ -73.935840358685383, 40.838079788649402 ] } },
{ "type": "Feature", "properties": { "Height": 98.222503662109403, "Radius": 41.007695969280768, "height_m": 29.94, "crown_diameter_m": 25.0, "site_id": 2014 }, "geometry": { "type": "Point", "coordinates": [ -73.934934091038272, 40.838044403032349 ] } },
{ "type": "Feature", "properties": { "Height": 56.3047485351563, "Radius": 19.124279312569545, "height_m": 17.16, "crown_diameter_m": 11.66, "site_id": 2015 }, "geometry": { "type": "Point", "coordinates": [ -73.935524026157807, 40.838127243866253 ] } },
{ "type": "Feature", "properties": { "Height": 92.747497558593807, "Radius": 37.270690137238702, "height_m": 28.27, "crown_diameter_m": 22.72, "site_id": 2016 }, "geometry": { "type": "Point", "coordinates": [ -73.935325274155858, 40.838145424319521 ] } },
{ "type": "Feature", "properties": { "Height": 58.025001525878899, "Radius": 25.081066814844945, "height_m": 17.69, "crown_diameter_m": 15.29, "site_id": 2017 }, "geometry": { "type": "Point", "coordinates": [ -73.935622520915729, 40.838175384350343 ] } },
{ "type": "Feature", "properties": { "Height": 97.057998657226605, "Radius": 22.834000822655874, "height_m": 29.58, "crown_diameter_m": 13.92, "site_id": 2018 }, "geometry": { "type": "Point", "coordinates": [ -73.934909411145938, 40.838188741860037 ] } },
{ "type": "Feature", "properties": { "Height": 48.154998779296903, "Radius": 10.509687459947386, "height_m": 14.68, "crown_diameter_m": 6.41, "site_id": 2019 }, "geometry": { "type": "Point", "coordinates": [ -73.935144673798035, 40.838202253925068 ] } },
{ "type": "Feature", "properties": { "Height": 61.1242485046387, "Radius": 28.404858457742108, "height_m": 18.63, "crown_diameter_m": 17.32, "site_id": 2020 }, "geometry": { "type": "Point", "coordinates": [ -73.93581663210945, 40.83822734656416 ] } },
{ "type": "Feature", "properties": { "Height": 97.302253723144503, "Radius": 19.090961727488754, "height_m": 29.66, "crown_diameter_m": 11.64, "site_id": 2021 }, "geometry": { "type": "Point", "coordinates": [ -73.934880757651101, 40.838272811091024 ] } },
{ "type": "Feature", "properties": { "Height": 87.325248718261705, "Radius": 37.233306753523173, "height_m": 26.62, "crown_diameter_m": 22.7, "site_id": 2022 }, "geometry": { "type": "Point", "coordinates": [ -73.935279328919307, 40.838315213658106 ] } },
{ "type": "Feature", "properties": { "Height": 15.842749595642101, "Radius": 10.782517606228591, "height_m": 4.83, "crown_diameter_m": 6.57, "site_id": 2023 }, "geometry": { "type": "Point", "coordinates": [ -73.93545795728555, 40.838284465540433 ] } },
{ "type": "Feature", "properties": { "Height": 99.801002502441406, "Radius": 32.781308328931559, "height_m": 30.42, "crown_diameter_m": 19.98, "site_id": 2024 }, "geometry": { "type": "Point", "coordinates": [ -73.935016980096407, 40.838282425950169 ] } },
{ "type": "Feature", "properties": { "Height": 88.6302490234375, "Radius": 13.552298857686367, "height_m": 27.01, "crown_diameter_m": 8.26, "site_id": 2025 }, "geometry": { "type": "Point", "coordinates": [ -73.935162280208218, 40.838262753590918 ] } },
{ "type": "Feature", "properties": { "Height": 89.735748291015597, "Radius": 19.762748552453708, "height_m": 27.35, "crown_diameter_m": 12.05, "site_id": 2026 }, "geometry": { "type": "Point", "coordinates": [ -73.934849221348813, 40.838425041557976 ] } },
{ "type": "Feature", "properties": { "Height": 67.601501464843807, "Radius": 22.576397083055454, "height_m": 20.6, "crown_diameter_m": 13.76, "site_id": 2027 }, "geometry": { "type": "Point", "coordinates": [ -73.935616404690748, 40.83834376516144 ] } },
{ "type": "Feature", "properties": { "Height": 68.138999938964801, "Radius": 24.205968747249358, "height_m": 20.77, "crown_diameter_m": 14.76, "site_id": 2028 }, "geometry": { "type": "Point", "coordinates": [ -73.935499274806105, 40.83839304857576 ] } },
{ "type": "Feature", "properties": { "Height": 90.721252441406307, "Radius": 19.04923279949934, "height_m": 27.65, "crown_diameter_m": 11.61, "site_id": 2029 }, "geometry": { "type": "Point", "coordinates": [ -73.934934346803701, 40.838422995962858 ] } },
{ "type": "Feature", "properties": { "Height": 20.918249130248999, "Radius": 9.6491264738710303, "height_m": 6.38, "crown_diameter_m": 5.88, "site_id": 2030 }, "geometry": { "type": "Point", "coordinates": [ -73.935404064630248, 40.838412789044845 ] } },
{ "type": "Feature", "properties": { "Height": 87.750503540039105, "Radius": 64.96576297083277, "height_m": 26.75, "crown_diameter_m": 39.6, "site_id": 2031 }, "geometry": { "type": "Point", "coordinates": [ -73.935151892153641, 40.838568423045608 ] } },
{ "type": "Feature", "properties": { "Height": 45.157501220703097, "Radius": 28.116233786505692, "height_m": 13.76, "crown_diameter_m": 17.14, "site_id": 2032 }, "geometry": { "type": "Point", "coordinates": [ -73.935424253324626, 40.838539681714373 ] } },
{ "type": "Feature", "properties": { "Height": 25.416000366210898, "Radius": 13.654670110704082, "height_m": 7.75, "crown_diameter_m": 8.32, "site_id": 2033 }, "geometry": { "type": "Point", "coordinates": [ -73.935498669016923, 40.838528698609579 ] } },
{ "type": "Feature", "properties": { "Height": 73.305000305175795, "Radius": 33.275230113258658, "height_m": 22.34, "crown_diameter_m": 20.28, "site_id": 2034 }, "geometry": { "type": "Point", "coordinates": [ -73.934908019990388, 40.838708986011497 ] } },
{ "type": "Feature", "properties": { "Height": 60.704250335693402, "Radius": 25.098511206000282, "height_m": 18.5, "crown_diameter_m": 15.3, "site_id": 2035 }, "geometry": { "type": "Point", "coordinates": [ -73.935083656818335, 40.838688063874095 ] } },
{ "type": "Feature", "properties": { "Height": 40.295249938964801, "Radius": 25.633399746324908, "height_m": 12.28, "crown_diameter_m": 15.63, "site_id": 2036 }, "geometry": { "type": "Point", "coordinates": [ -73.935156331571434, 40.83879323919156 ] } },
{ "type": "Feature", "properties": { "Height": 76.623748779296903, "Radius": 47.697382884463352, "height_m": 23.35, "crown_diameter_m": 29.08, "site_id": 2037 }, "geometry": { "type": "Point", "coordinates": [ -73.934980922408513, 40.838918221713726 ] } },
{ "type": "Feature", "properties": { "Height": 73.081253051757798, "Radius": 20.698915594865888, "height_m": 22.28, "crown_diameter_m": 12.62, "site_id": 2038 }, "geometry": { "type": "Point", "coordinates": [ -73.934874903252236, 40.839036609231165 ] } },
{ "type": "Feature", "properties": { "Height": 43.429248809814503, "Radius": 15.915247152675681, "height_m": 13.24, "crown_diameter_m": 9.7, "site_id": 2039 }, "geometry": { "type": "Point", "coordinates": [ -73.934953574348611, 40.839088171765425 ] } },
{ "type": "Feature", "properties": { "Height": 61.997501373291001, "Radius": 10.793582275744573, "height_m": 18.9, "crown_diameter_m": 6.58, "site_id": 2040 }, "geometry": { "type": "Point", "coordinates": [ -73.93484275079723, 40.839125087983348 ] } },
{ "type": "Feature", "properties": { "Height": 51.174251556396499, "Radius": 24.566553364370574, "height_m": 15.6, "crown_diameter_m": 14.98, "site_id": 2041 }, "geometry": { "type": "Point", "coordinates": [ -73.934913227196859, 40.839184388358696 ] } },
{ "type": "Feature", "properties": { "Height": 49.854751586914098, "Radius": 17.387202604302257, "height_m": 15.2, "crown_diameter_m": 10.6, "site_id": 2042 }, "geometry": { "type": "Point", "coordinates": [ -73.934867295711953, 40.839276559467329 ] } },
{ "type": "Feature", "properties": { "Height": 35.340000152587898, "Radius": 13.56403753364871, "height_m": 10.77, "crown_diameter_m": 8.27, "site_id": 2043 }, "geometry": { "type": "Point", "coordinates": [ -73.934859666918058, 40.839354097562151 ] } },
{ "type": "Feature", "properties": { "Height": 12.893500328064, "Radius": 2.326213245840639, "height_m": 3.93, "crown_diameter_m": 1.42, "site_id": 2044 }, "geometry": { "type": "Point", "coordinates": [ -73.935643667130122, 40.838284771922623 ] } },
{ "type": "Feature", "properties": { "Height": 9.8990001678466797, "Radius": 3.8056668037759791, "height_m": 3.02, "crown_diameter_m": 2.32, "site_id": 2045 }, "geometry": { "type": "Point", "coordinates": [ -73.93556815713238, 40.837535725141194 ] } },
{ "type": "Feature", "properties": { "Height": 10.862500190734901, "Radius": 6.6755811781245455, "height_m": 3.31, "crown_diameter_m": 4.07, "site_id": 2046 }, "geometry": { "type": "Point", "coordinates": [ -73.935524661392691, 40.837524390631842 ] } },
{ "type": "Feature", "properties": { "Height": 11.880499839782701, "Radius": 6.1286676015009416, "height_m": 3.62, "crown_diameter_m": 3.74, "site_id": 2047 }, "geometry": { "type": "Point", "coordinates": [ -73.935469357918407, 40.837367318975808 ] } },
{ "type": "Feature", "properties": { "Height": 9.6472501754760707, "Radius": 5.9307033666597144, "height_m": 2.94, "crown_diameter_m": 3.62, "site_id": 2048 }, "geometry": { "type": "Point", "coordinates": [ -73.935229614374293, 40.837270595815937 ] } },
{ "type": "Feature", "properties": { "Height": 10.767250061035201, "Radius": 3.4778981691510245, "height_m": 3.28, "crown_diameter_m": 2.12, "site_id": 2049 }, "geometry": { "type": "Point", "coordinates": [ -73.936270553039563, 40.837225508035999 ] } },
{ "type": "Feature", "properties": { "Height": 12.1087503433228, "Radius": 4.877874946350957, "height_m": 3.69, "crown_diameter_m": 2.97, "site_id": 2050 }, "geometry": { "type": "Point", "coordinates": [ -73.935030267576806, 40.837219266304018 ] } },
{ "type": "Feature", "properties": { "Height": 14.5900001525879, "Radius": 2.6910128038865291, "height_m": 4.45, "crown_diameter_m": 1.64, "site_id": 2051 }, "geometry": { "type": "Point", "coordinates": [ -73.936232799180232, 40.837224426387131 ] } },
{ "type": "Feature", "properties": { "Height": 11.801750183105501, "Radius": 4.2031177336829835, "height_m": 3.6, "crown_diameter_m": 2.56, "site_id": 2052 }, "geometry": { "type": "Point", "coordinates": [ -73.93529383686608, 40.837213180353004 ] } },
{ "type": "Feature", "properties": { "Height": 10.5279998779297, "Radius": 4.9987324458734106, "height_m": 3.21, "crown_diameter_m": 3.05, "site_id": 2053 }, "geometry": { "type": "Point", "coordinates": [ -73.935466061826787, 40.837207150785758 ] } },
{ "type": "Feature", "properties": { "Height": 8.9770002365112305, "Radius": 3.0251296216499521, "height_m": 2.74, "crown_diameter_m": 1.84, "site_id": 2054 }, "geometry": { "type": "Point", "coordinates": [ -73.936199479271792, 40.837212644808773 ] } },
{ "type": "Feature", "properties": { "Height": 9.7437496185302699, "Radius": 3.7636139460867515, "height_m": 2.97, "crown_diameter_m": 2.29, "site_id": 2055 }, "geometry": { "type": "Point", "coordinates": [ -73.936042936692346, 40.837184519429918 ] } },
{ "type": "Feature", "properties": { "Height": 10.2519998550415, "Radius": 3.7636139460867515, "height_m": 3.12, "crown_diameter_m": 2.29, "site_id": 2056 }, "geometry": { "type": "Point", "coordinates": [ -73.936084354054955, 40.837173416787216 ] } },
{ "type": "Feature", "properties": { "Height": 11.6597499847412, "Radius": 3.8161076102369575, "height_m": 3.55, "crown_diameter_m": 2.33, "site_id": 2057 }, "geometry": { "type": "Point", "coordinates": [ -73.93612479116905, 40.837165703045855 ] } },
{ "type": "Feature", "properties": { "Height": 10.132749557495099, "Radius": 5.1400117269569172, "height_m": 3.09, "crown_diameter_m": 3.13, "site_id": 2058 }, "geometry": { "type": "Point", "coordinates": [ -73.93617755153943, 40.837141152371508 ] } },
{ "type": "Feature", "properties": { "Height": 15.043499946594199, "Radius": 4.1073621666150775, "height_m": 4.59, "crown_diameter_m": 2.5, "site_id": 2059 }, "geometry": { "type": "Point", "coordinates": [ -73.93609820035671, 40.837134939150978 ] } },
{ "type": "Feature", "properties": { "Height": 9.6339998245239293, "Radius": 4.1073621666150775, "height_m": 2.94, "crown_diameter_m": 2.5, "site_id": 2060 }, "geometry": { "type": "Point", "coordinates": [ -73.93625544402515, 40.837129173853896 ] } },
{ "type": "Feature", "properties": { "Height": 9.1099996566772496, "Radius": 2.8768136958757959, "height_m": 2.78, "crown_diameter_m": 1.75, "site_id": 2061 }, "geometry": { "type": "Point", "coordinates": [ -73.936205244486942, 40.837124282531008 ] } },
{ "type": "Feature", "properties": { "Height": 20.878250122070298, "Radius": 12.580921703312914, "height_m": 6.36, "crown_diameter_m": 7.67, "site_id": 2062 }, "geometry": { "type": "Point", "coordinates": [ -73.935493870946473, 40.837058451573355 ] } },
{ "type": "Feature", "properties": { "Height": 11.097999572753899, "Radius": 4.7623081998748349, "height_m": 3.38, "crown_diameter_m": 2.9, "site_id": 2063 }, "geometry": { "type": "Point", "coordinates": [ -73.935348696915511, 40.837064657536885 ] } },
{ "type": "Feature", "properties": { "Height": 16.152999877929702, "Radius": 7.1698707532759745, "height_m": 4.92, "crown_diameter_m": 4.37, "site_id": 2064 }, "geometry": { "type": "Point", "coordinates": [ -73.936237960456623, 40.836796272293448 ] } },
{ "type": "Feature", "properties": { "Height": 36.463001251220703, "Radius": 17.81445919822545, "height_m": 11.11, "crown_diameter_m": 10.86, "site_id": 2065 }, "geometry": { "type": "Point", "coordinates": [ -73.936718788696737, 40.836624520249728 ] } },
{ "type": "Feature", "properties": { "Height": 49.061248779296903, "Radius": 18.515392175699183, "height_m": 14.95, "crown_diameter_m": 11.29, "site_id": 2066 }, "geometry": { "type": "Point", "coordinates": [ -73.936736189330944, 40.836699247382853 ] } },
{ "type": "Feature", "properties": { "Height": 9.0214996337890607, "Radius": 3.3377905890622728, "height_m": 2.75, "crown_diameter_m": 2.03, "site_id": 2067 }, "geometry": { "type": "Point", "coordinates": [ -73.936744556487398, 40.836555801479697 ] } },
{ "type": "Feature", "properties": { "Height": 14.0071249008179, "Radius": 3.7103776866309643, "height_m": 4.27, "crown_diameter_m": 2.26, "site_id": 2068 }, "geometry": { "type": "Point", "coordinates": [ -73.93675272908348, 40.836482280626669 ] } },
{ "type": "Feature", "properties": { "Height": 10.687375068664601, "Radius": 5.367219457003138, "height_m": 3.26, "crown_diameter_m": 3.27, "site_id": 2069 }, "geometry": { "type": "Point", "coordinates": [ -73.936793764896066, 40.83644539367404 ] } },
{ "type": "Feature", "properties": { "Height": 9.9440002441406303, "Radius": 3.8472600259855412, "height_m": 3.03, "crown_diameter_m": 2.35, "site_id": 2070 }, "geometry": { "type": "Point", "coordinates": [ -73.936716143068224, 40.836431792371307 ] } },
{ "type": "Feature", "properties": { "Height": 9.7939996719360405, "Radius": 2.7783114908082074, "height_m": 2.99, "crown_diameter_m": 1.69, "site_id": 2071 }, "geometry": { "type": "Point", "coordinates": [ -73.936690951349121, 40.836422194588245 ] } },
{ "type": "Feature", "properties": { "Height": 14.352749824523899, "Radius": 2.0342144725641096, "height_m": 4.37, "crown_diameter_m": 1.24, "site_id": 2072 }, "geometry": { "type": "Point", "coordinates": [ -73.936562165438502, 40.83641613283757 ] } },
{ "type": "Feature", "properties": { "Height": 9.2017498016357404, "Radius": 2.6612769430462029, "height_m": 2.8, "crown_diameter_m": 1.62, "site_id": 2073 }, "geometry": { "type": "Point", "coordinates": [ -73.936800822538956, 40.836409718167779 ] } },
{ "type": "Feature", "properties": { "Height": 8.9497499465942401, "Radius": 4.7371771104696139, "height_m": 2.73, "crown_diameter_m": 2.89, "site_id": 2074 }, "geometry": { "type": "Point", "coordinates": [ -73.936607342893339, 40.836381600319157 ] } },
{ "type": "Feature", "properties": { "Height": 9.9429998397827095, "Radius": 4.5398860261465206, "height_m": 3.03, "crown_diameter_m": 2.77, "site_id": 2075 }, "geometry": { "type": "Point", "coordinates": [ -73.936821147377316, 40.836381677113586 ] } },
{ "type": "Feature", "properties": { "Height": 22.357000350952099, "Radius": 9.2533971806812492, "height_m": 6.81, "crown_diameter_m": 5.64, "site_id": 2076 }, "geometry": { "type": "Point", "coordinates": [ -73.936858389777058, 40.836232824233228 ] } },
{ "type": "Feature", "properties": { "Height": 23.1748752593994, "Radius": 13.988602593950738, "height_m": 7.06, "crown_diameter_m": 8.53, "site_id": 2077 }, "geometry": { "type": "Point", "coordinates": [ -73.936813325314276, 40.836305925072125 ] } },
{ "type": "Feature", "properties": { "Height": 10.378874778747599, "Radius": 5.937408516756685, "height_m": 3.16, "crown_diameter_m": 3.62, "site_id": 2078 }, "geometry": { "type": "Point", "coordinates": [ -73.936537804672469, 40.836358280704964 ] } },
{ "type": "Feature", "properties": { "Height": 9.6969995498657209, "Radius": 4.3792888284027791, "height_m": 2.96, "crown_diameter_m": 2.67, "site_id": 2079 }, "geometry": { "type": "Point", "coordinates": [ -73.936835542734372, 40.836354956534642 ] } },
{ "type": "Feature", "properties": { "Height": 9.9235000610351598, "Radius": 3.0513217088461646, "height_m": 3.02, "crown_diameter_m": 1.86, "site_id": 2080 }, "geometry": { "type": "Point", "coordinates": [ -73.93665829126995, 40.836356558557434 ] } },
{ "type": "Feature", "properties": { "Height": 54.717750549316399, "Radius": 24.942667711097361, "height_m": 16.68, "crown_diameter_m": 15.21, "site_id": 2081 }, "geometry": { "type": "Point", "coordinates": [ -73.937017711030663, 40.836072828716702 ] } },
{ "type": "Feature", "properties": { "Height": 36.162750244140597, "Radius": 17.686691059865332, "height_m": 11.02, "crown_diameter_m": 10.78, "site_id": 2082 }, "geometry": { "type": "Point", "coordinates": [ -73.936834988314544, 40.836046016534446 ] } },
{ "type": "Feature", "properties": { "Height": 48.816001892089801, "Radius": 25.766545075113221, "height_m": 14.88, "crown_diameter_m": 15.71, "site_id": 2083 }, "geometry": { "type": "Point", "coordinates": [ -73.937150206617233, 40.83571570920671 ] } },
{ "type": "Feature", "properties": { "Height": 22.917749404907202, "Radius": 14.609133399563152, "height_m": 6.99, "crown_diameter_m": 8.91, "site_id": 2084 }, "geometry": { "type": "Point", "coordinates": [ -73.937015509584867, 40.835790744139928 ] } },
{ "type": "Feature", "properties": { "Height": 20.907249450683601, "Radius": 9.8652545684687727, "height_m": 6.37, "crown_diameter_m": 6.01, "site_id": 2085 }, "geometry": { "type": "Point", "coordinates": [ -73.936840299781579, 40.835630324350902 ] } },
{ "type": "Feature", "properties": { "Height": 20.375749588012699, "Radius": 15.378694529593741, "height_m": 6.21, "crown_diameter_m": 9.37, "site_id": 2086 }, "geometry": { "type": "Point", "coordinates": [ -73.936914956178811, 40.835671905905023 ] } },
{ "type": "Feature", "properties": { "Height": 14.628999710083001, "Radius": 8.097643889049511, "height_m": 4.46, "crown_diameter_m": 4.94, "site_id": 2087 }, "geometry": { "type": "Point", "coordinates": [ -73.936873199774539, 40.835741568695873 ] } },
{ "type": "Feature", "properties": { "Height": 8.1470003128051793, "Radius": 2.0342144725641096, "height_m": 2.48, "crown_diameter_m": 1.24, "site_id": 2088 }, "geometry": { "type": "Point", "coordinates": [ -73.936841371306429, 40.835683078585312 ] } },
{ "type": "Feature", "properties": { "Height": 20.139999389648398, "Radius": 12.948734785580859, "height_m": 6.14, "crown_diameter_m": 7.89, "site_id": 2089 }, "geometry": { "type": "Point", "coordinates": [ -73.937139238336783, 40.835587725904197 ] } },
{ "type": "Feature", "properties": { "Height": 18.923500061035199, "Radius": 9.9415903989284846, "height_m": 5.77, "crown_diameter_m": 6.06, "site_id": 2090 }, "geometry": { "type": "Point", "coordinates": [ -73.937240437821075, 40.83557120742207 ] } },
{ "type": "Feature", "properties": { "Height": 37.870750427246101, "Radius": 11.116825685008141, "height_m": 11.54, "crown_diameter_m": 6.78, "site_id": 2091 }, "geometry": { "type": "Point", "coordinates": [ -73.937094378859427, 40.835350770627109 ] } },
{ "type": "Feature", "properties": { "Height": 34.204250335693402, "Radius": 12.087358593107094, "height_m": 10.43, "crown_diameter_m": 7.37, "site_id": 2092 }, "geometry": { "type": "Point", "coordinates": [ -73.937270426594324, 40.835360487392876 ] } },
{ "type": "Feature", "properties": { "Height": 27.2842502593994, "Radius": 13.954428432326917, "height_m": 8.32, "crown_diameter_m": 8.51, "site_id": 2093 }, "geometry": { "type": "Point", "coordinates": [ -73.936942793993907, 40.835400019621943 ] } },
{ "type": "Feature", "properties": { "Height": 50.691001892089801, "Radius": 35.988927837348037, "height_m": 15.45, "crown_diameter_m": 21.94, "site_id": 2094 }, "geometry": { "type": "Point", "coordinates": [ -73.937153470000553, 40.835430235432177 ] } },
{ "type": "Feature", "properties": { "Height": 33.119998931884801, "Radius": 21.394616526881034, "height_m": 10.09, "crown_diameter_m": 13.04, "site_id": 2095 }, "geometry": { "type": "Point", "coordinates": [ -73.936988287933104, 40.835509845341008 ] } },
{ "type": "Feature", "properties": { "Height": 18.005750656127901, "Radius": 6.9213898799779008, "height_m": 5.49, "crown_diameter_m": 4.22, "site_id": 2096 }, "geometry": { "type": "Point", "coordinates": [ -73.936854096055953, 40.835448884135488 ] } },
{ "type": "Feature", "properties": { "Height": 74.485748291015597, "Radius": 25.251817350394379, "height_m": 22.7, "crown_diameter_m": 15.39, "site_id": 2097 }, "geometry": { "type": "Point", "coordinates": [ -73.934780953767572, 40.837018157864286 ] } },
{ "type": "Feature", "properties": { "Height": 26.540000915527301, "Radius": 17.08479340321492, "height_m": 8.09, "crown_diameter_m": 10.41, "site_id": 2098 }, "geometry": { "type": "Point", "coordinates": [ -73.934773565716881, 40.837205850838643 ] } },
{ "type": "Feature", "properties": { "Height": 48.419998168945298, "Radius": 9.2016536407804619, "height_m": 14.76, "crown_diameter_m": 5.61, "site_id": 2099 }, "geometry": { "type": "Point", "coordinates": [ -73.934794324241267, 40.837309849810957 ] } },
{ "type": "Feature", "properties": { "Height": 81.048751831054702, "Radius": 37.206581340043932, "height_m": 24.7, "crown_diameter_m": 22.68, "site_id": 2100 }, "geometry": { "type": "Point", "coordinates": [ -73.934613953890093, 40.837294947180183 ] } },
{ "type": "Feature", "properties": { "Height": 35.102249145507798, "Radius": 12.988619621707652, "height_m": 10.7, "crown_diameter_m": 7.92, "site_id": 2101 }, "geometry": { "type": "Point", "coordinates": [ -73.934762320020155, 40.837347050926425 ] } },
{ "type": "Feature", "properties": { "Height": 85.626502990722699, "Radius": 32.173649930800316, "height_m": 26.1, "crown_diameter_m": 19.61, "site_id": 2102 }, "geometry": { "type": "Point", "coordinates": [ -73.934620361547218, 40.837459875366854 ] } },
{ "type": "Feature", "properties": { "Height": 78.955497741699205, "Radius": 16.146076823319174, "height_m": 24.07, "crown_diameter_m": 9.84, "site_id": 2103 }, "geometry": { "type": "Point", "coordinates": [ -73.934446005954683, 40.837480802032076 ] } },
{ "type": "Feature", "properties": { "Height": 88.187248229980497, "Radius": 28.757070162057335, "height_m": 26.88, "crown_diameter_m": 17.53, "site_id": 2104 }, "geometry": { "type": "Point", "coordinates": [ -73.934741729386417, 40.83749741004879 ] } },
{ "type": "Feature", "properties": { "Height": 85.037750244140597, "Radius": 33.108604176942123, "height_m": 25.92, "crown_diameter_m": 20.18, "site_id": 2105 }, "geometry": { "type": "Point", "coordinates": [ -73.934493060132368, 40.837577147390881 ] } },
{ "type": "Feature", "properties": { "Height": 87.781753540039105, "Radius": 18.071688997561054, "height_m": 26.76, "crown_diameter_m": 11.02, "site_id": 2106 }, "geometry": { "type": "Point", "coordinates": [ -73.934774794194652, 40.837616893669946 ] } },
{ "type": "Feature", "properties": { "Height": 40.120998382568402, "Radius": 11.041407809169618, "height_m": 12.23, "crown_diameter_m": 6.73, "site_id": 2107 }, "geometry": { "type": "Point", "coordinates": [ -73.934341847853787, 40.837613002820689 ] } },
{ "type": "Feature", "properties": { "Height": 72.708999633789105, "Radius": 21.70480664627101, "height_m": 22.16, "crown_diameter_m": 13.23, "site_id": 2108 }, "geometry": { "type": "Point", "coordinates": [ -73.934629938546166, 40.837670628774944 ] } },
{ "type": "Feature", "properties": { "Height": 74.316253662109403, "Radius": 28.886837255587661, "height_m": 22.65, "crown_diameter_m": 17.61, "site_id": 2109 }, "geometry": { "type": "Point", "coordinates": [ -73.934302824076184, 40.837693447828414 ] } },
{ "type": "Feature", "properties": { "Height": 69.557746887207003, "Radius": 9.9974648917468212, "height_m": 21.2, "crown_diameter_m": 6.09, "site_id": 2110 }, "geometry": { "type": "Point", "coordinates": [ -73.934787725472859, 40.837707185394805 ] } },
{ "type": "Feature", "properties": { "Height": 61.800750732421903, "Radius": 13.808244704671576, "height_m": 18.84, "crown_diameter_m": 8.42, "site_id": 2111 }, "geometry": { "type": "Point", "coordinates": [ -73.934569723058303, 40.837733598582503 ] } },
{ "type": "Feature", "properties": { "Height": 62.636001586914098, "Radius": 10.570088459918891, "height_m": 19.09, "crown_diameter_m": 6.44, "site_id": 2112 }, "geometry": { "type": "Point", "coordinates": [ -73.934558348623071, 40.837782153059834 ] } },
{ "type": "Feature", "properties": { "Height": 78.842498779296903, "Radius": 31.162218875991478, "height_m": 24.03, "crown_diameter_m": 19.0, "site_id": 2113 }, "geometry": { "type": "Point", "coordinates": [ -73.934390414364074, 40.83776758491662 ] } },
{ "type": "Feature", "properties": { "Height": 55.746498107910199, "Radius": 16.708015147921802, "height_m": 16.99, "crown_diameter_m": 10.19, "site_id": 2114 }, "geometry": { "type": "Point", "coordinates": [ -73.934772523709398, 40.837824832620093 ] } },
{ "type": "Feature", "properties": { "Height": 107.137001037598, "Radius": 31.8904387921711, "height_m": 32.66, "crown_diameter_m": 19.44, "site_id": 2115 }, "geometry": { "type": "Point", "coordinates": [ -73.93467910954358, 40.837798368269858 ] } },
{ "type": "Feature", "properties": { "Height": 75.026496887207003, "Radius": 31.158388162107514, "height_m": 22.87, "crown_diameter_m": 18.99, "site_id": 2116 }, "geometry": { "type": "Point", "coordinates": [ -73.934229092160436, 40.837907019150045 ] } },
{ "type": "Feature", "properties": { "Height": 81.244003295898395, "Radius": 34.12764090215569, "height_m": 24.76, "crown_diameter_m": 20.8, "site_id": 2117 }, "geometry": { "type": "Point", "coordinates": [ -73.934456388418084, 40.837885559201403 ] } },
{ "type": "Feature", "properties": { "Height": 80.659500122070298, "Radius": 16.351767622932517, "height_m": 24.59, "crown_diameter_m": 9.97, "site_id": 2118 }, "geometry": { "type": "Point", "coordinates": [ -73.934658051071622, 40.837934603756288 ] } },
{ "type": "Feature", "properties": { "Height": 75.553749084472699, "Radius": 42.416589374704927, "height_m": 23.03, "crown_diameter_m": 25.86, "site_id": 2119 }, "geometry": { "type": "Point", "coordinates": [ -73.934086379752387, 40.838018767304185 ] } },
{ "type": "Feature", "properties": { "Height": 84.458999633789105, "Radius": 27.817464537818594, "height_m": 25.74, "crown_diameter_m": 16.96, "site_id": 2120 }, "geometry": { "type": "Point", "coordinates": [ -73.934564029542415, 40.837999949714707 ] } },
{ "type": "Feature", "properties": { "Height": 81.360748291015597, "Radius": 19.099296572560576, "height_m": 24.8, "crown_diameter_m": 11.64, "site_id": 2121 }, "geometry": { "type": "Point", "coordinates": [ -73.934742706036218, 40.83798730265589 ] } },
{ "type": "Feature", "properties": { "Height": 85.398246765136705, "Radius": 37.193746320514073, "height_m": 26.03, "crown_diameter_m": 22.67, "site_id": 2122 }, "geometry": { "type": "Point", "coordinates": [ -73.934375930664672, 40.83806165904236 ] } },
{ "type": "Feature", "properties": { "Height": 89.426002502441406, "Radius": 21.147704132794793, "height_m": 27.26, "crown_diameter_m": 12.89, "site_id": 2123 }, "geometry": { "type": "Point", "coordinates": [ -73.934658464761654, 40.838102516365211 ] } },
{ "type": "Feature", "properties": { "Height": 87.132247924804702, "Radius": 17.630360287256515, "height_m": 26.56, "crown_diameter_m": 10.75, "site_id": 2124 }, "geometry": { "type": "Point", "coordinates": [ -73.934570849398554, 40.838159215813413 ] } },
{ "type": "Feature", "properties": { "Height": 85.294502258300795, "Radius": 27.908856864653835, "height_m": 26.0, "crown_diameter_m": 17.01, "site_id": 2125 }, "geometry": { "type": "Point", "coordinates": [ -73.934435746044315, 40.838219890004133 ] } },
{ "type": "Feature", "properties": { "Height": 79.781501770019503, "Radius": 31.346811937569697, "height_m": 24.32, "crown_diameter_m": 19.11, "site_id": 2126 }, "geometry": { "type": "Point", "coordinates": [ -73.934256886143231, 40.838188274513044 ] } },
{ "type": "Feature", "properties": { "Height": 95.887748718261705, "Radius": 29.191018572739249, "height_m": 29.23, "crown_diameter_m": 17.79, "site_id": 2127 }, "geometry": { "type": "Point", "coordinates": [ -73.934763423634521, 40.838147747247568 ] } },
{ "type": "Feature", "properties": { "Height": 50.119998931884801, "Radius": 12.463355264843006, "height_m": 15.28, "crown_diameter_m": 7.6, "site_id": 2128 }, "geometry": { "type": "Point", "coordinates": [ -73.934080330291266, 40.838241503682923 ] } },
{ "type": "Feature", "properties": { "Height": 68.622749328613295, "Radius": 25.079480359432697, "height_m": 20.92, "crown_diameter_m": 15.29, "site_id": 2129 }, "geometry": { "type": "Point", "coordinates": [ -73.934285783256797, 40.838340875144247 ] } },
{ "type": "Feature", "properties": { "Height": 94.014999389648395, "Radius": 50.543011302929038, "height_m": 28.66, "crown_diameter_m": 30.81, "site_id": 2130 }, "geometry": { "type": "Point", "coordinates": [ -73.934564477661326, 40.838338753543127 ] } },
{ "type": "Feature", "properties": { "Height": 67.803497314453097, "Radius": 16.727055627203253, "height_m": 20.67, "crown_diameter_m": 10.2, "site_id": 2131 }, "geometry": { "type": "Point", "coordinates": [ -73.934166815837074, 40.838290645297441 ] } },
{ "type": "Feature", "properties": { "Height": 78.565498352050795, "Radius": 45.362035439727734, "height_m": 23.95, "crown_diameter_m": 27.65, "site_id": 2132 }, "geometry": { "type": "Point", "coordinates": [ -73.933882023912361, 40.838346224756009 ] } },
{ "type": "Feature", "properties": { "Height": 57.121498107910199, "Radius": 20.010842981224172, "height_m": 17.41, "crown_diameter_m": 12.2, "site_id": 2133 }, "geometry": { "type": "Point", "coordinates": [ -73.93406480636321, 40.838323925106749 ] } },
{ "type": "Feature", "properties": { "Height": 85.871246337890597, "Radius": 15.471555655790096, "height_m": 26.17, "crown_diameter_m": 9.43, "site_id": 2134 }, "geometry": { "type": "Point", "coordinates": [ -73.93475546750048, 40.838369260607102 ] } },
{ "type": "Feature", "properties": { "Height": 87.126495361328097, "Radius": 20.729648968280131, "height_m": 26.56, "crown_diameter_m": 12.64, "site_id": 2135 }, "geometry": { "type": "Point", "coordinates": [ -73.934772822201452, 40.838467285562686 ] } },
{ "type": "Feature", "properties": { "Height": 49.772998809814503, "Radius": 14.025530637433388, "height_m": 15.17, "crown_diameter_m": 8.55, "site_id": 2136 }, "geometry": { "type": "Point", "coordinates": [ -73.93403534929827, 40.838416102613103 ] } },
{ "type": "Feature", "properties": { "Height": 79.259002685546903, "Radius": 20.567786432629493, "height_m": 24.16, "crown_diameter_m": 12.54, "site_id": 2137 }, "geometry": { "type": "Point", "coordinates": [ -73.934659052837375, 40.838475565141955 ] } },
{ "type": "Feature", "properties": { "Height": 80.284500122070298, "Radius": 42.893252874342721, "height_m": 24.47, "crown_diameter_m": 26.15, "site_id": 2138 }, "geometry": { "type": "Point", "coordinates": [ -73.934229974139484, 40.838479266329003 ] } },
{ "type": "Feature", "properties": { "Height": 81.007247924804702, "Radius": 16.448811606198852, "height_m": 24.69, "crown_diameter_m": 10.03, "site_id": 2139 }, "geometry": { "type": "Point", "coordinates": [ -73.934082278558762, 40.838517726746808 ] } },
{ "type": "Feature", "properties": { "Height": 85.502502441406307, "Radius": 19.665871750657423, "height_m": 26.06, "crown_diameter_m": 11.99, "site_id": 2140 }, "geometry": { "type": "Point", "coordinates": [ -73.934098220523936, 40.838623761786479 ] } },
{ "type": "Feature", "properties": { "Height": 80.193748474121094, "Radius": 35.499138572670006, "height_m": 24.44, "crown_diameter_m": 21.64, "site_id": 2141 }, "geometry": { "type": "Point", "coordinates": [ -73.934480462465601, 40.838559539325971 ] } },
{ "type": "Feature", "properties": { "Height": 77.512496948242202, "Radius": 25.394799259067984, "height_m": 23.63, "crown_diameter_m": 15.48, "site_id": 2142 }, "geometry": { "type": "Point", "coordinates": [ -73.934692218378729, 40.83858578094263 ] } },
{ "type": "Feature", "properties": { "Height": 70.295501708984403, "Radius": 18.098090310392436, "height_m": 21.43, "crown_diameter_m": 11.03, "site_id": 2143 }, "geometry": { "type": "Point", "coordinates": [ -73.934217011619012, 40.838639421647557 ] } },
{ "type": "Feature", "properties": { "Height": 89.943252563476605, "Radius": 42.084156243491584, "height_m": 27.41, "crown_diameter_m": 25.65, "site_id": 2144 }, "geometry": { "type": "Point", "coordinates": [ -73.933931587282004, 40.838576981261113 ] } },
{ "type": "Feature", "properties": { "Height": 76.398498535156307, "Radius": 20.271607313266351, "height_m": 23.29, "crown_diameter_m": 12.36, "site_id": 2145 }, "geometry": { "type": "Point", "coordinates": [ -73.93477769703884, 40.838666320839948 ] } },
{ "type": "Feature", "properties": { "Height": 81.612503051757798, "Radius": 24.194459710685649, "height_m": 24.88, "crown_diameter_m": 14.75, "site_id": 2146 }, "geometry": { "type": "Point", "coordinates": [ -73.934506460784675, 40.838695756464134 ] } },
{ "type": "Feature", "properties": { "Height": 70.175003051757798, "Radius": 16.65076307158569, "height_m": 21.39, "crown_diameter_m": 10.15, "site_id": 2147 }, "geometry": { "type": "Point", "coordinates": [ -73.933779114758934, 40.838636318301226 ] } },
{ "type": "Feature", "properties": { "Height": 65.790748596191406, "Radius": 20.404639941160397, "height_m": 20.05, "crown_diameter_m": 12.44, "site_id": 2148 }, "geometry": { "type": "Point", "coordinates": [ -73.934323140202238, 40.838654546487319 ] } },
{ "type": "Feature", "properties": { "Height": 90.884002685546903, "Radius": 21.682797372420811, "height_m": 27.7, "crown_diameter_m": 13.22, "site_id": 2149 }, "geometry": { "type": "Point", "coordinates": [ -73.933972245833885, 40.838724777359879 ] } },
{ "type": "Feature", "properties": { "Height": 85.291748046875, "Radius": 24.708669767927827, "height_m": 26.0, "crown_diameter_m": 15.06, "site_id": 2150 }, "geometry": { "type": "Point", "coordinates": [ -73.934593289806017, 40.838716047933161 ] } },
{ "type": "Feature", "properties": { "Height": 66.876502990722699, "Radius": 27.045815174447061, "height_m": 20.38, "crown_diameter_m": 16.49, "site_id": 2151 }, "geometry": { "type": "Point", "coordinates": [ -73.93423697392403, 40.838772412535256 ] } },
{ "type": "Feature", "properties": { "Height": 66.527000427246094, "Radius": 26.269675164464029, "height_m": 20.28, "crown_diameter_m": 16.01, "site_id": 2152 }, "geometry": { "type": "Point", "coordinates": [ -73.934357654593455, 40.838783981485037 ] } },
{ "type": "Feature", "properties": { "Height": 85.962501525878906, "Radius": 27.396618616562492, "height_m": 26.2, "crown_diameter_m": 16.7, "site_id": 2153 }, "geometry": { "type": "Point", "coordinates": [ -73.934557538336819, 40.838813206229212 ] } },
{ "type": "Feature", "properties": { "Height": 95.381248474121094, "Radius": 49.094220211585629, "height_m": 29.07, "crown_diameter_m": 29.93, "site_id": 2154 }, "geometry": { "type": "Point", "coordinates": [ -73.933713366889094, 40.838810632320254 ] } },
{ "type": "Feature", "properties": { "Height": 75.888496398925795, "Radius": 31.685160265077972, "height_m": 23.13, "crown_diameter_m": 19.32, "site_id": 2155 }, "geometry": { "type": "Point", "coordinates": [ -73.934046283083106, 40.838798177536546 ] } },
{ "type": "Feature", "properties": { "Height": 76.507003784179702, "Radius": 19.673963037463739, "height_m": 23.32, "crown_diameter_m": 11.99, "site_id": 2156 }, "geometry": { "type": "Point", "coordinates": [ -73.933844234557057, 40.838884601066169 ] } },
{ "type": "Feature", "properties": { "Height": 89.673751831054702, "Radius": 47.398641084794768, "height_m": 27.33, "crown_diameter_m": 28.89, "site_id": 2157 }, "geometry": { "type": "Point", "coordinates": [ -73.934691177351652, 40.83890947270924 ] } },
{ "type": "Feature", "properties": { "Height": 65.330253601074205, "Radius": 17.288521716057144, "height_m": 19.91, "crown_diameter_m": 10.54, "site_id": 2158 }, "geometry": { "type": "Point", "coordinates": [ -73.933978887852589, 40.838922102737179 ] } },
{ "type": "Feature", "properties": { "Height": 61.958499908447301, "Radius": 20.200823599240199, "height_m": 18.88, "crown_diameter_m": 12.31, "site_id": 2159 }, "geometry": { "type": "Point", "coordinates": [ -73.9341203612165, 40.8388855344392 ] } },
{ "type": "Feature", "properties": { "Height": 52.331249237060497, "Radius": 14.036873567421146, "height_m": 15.95, "crown_diameter_m": 8.56, "site_id": 2160 }, "geometry": { "type": "Point", "coordinates": [ -73.934382223496868, 40.838879831403609 ] } },
{ "type": "Feature", "properties": { "Height": 57.074501037597699, "Radius": 21.938198374294355, "height_m": 17.4, "crown_diameter_m": 13.37, "site_id": 2161 }, "geometry": { "type": "Point", "coordinates": [ -73.934358850784335, 40.838984832772979 ] } },
{ "type": "Feature", "properties": { "Height": 79.107246398925795, "Radius": 39.846326208130506, "height_m": 24.11, "crown_diameter_m": 24.29, "site_id": 2162 }, "geometry": { "type": "Point", "coordinates": [ -73.933830773483294, 40.839025236044328 ] } },
{ "type": "Feature", "properties": { "Height": 89.055252075195298, "Radius": 27.846056861676377, "height_m": 27.14, "crown_diameter_m": 16.97, "site_id": 2163 }, "geometry": { "type": "Point", "coordinates": [ -73.934093810098432, 40.83902200078915 ] } },
{ "type": "Feature", "properties": { "Height": 84.250503540039105, "Radius": 29.098183744847088, "height_m": 25.68, "crown_diameter_m": 17.74, "site_id": 2164 }, "geometry": { "type": "Point", "coordinates": [ -73.934244313394473, 40.838982263258991 ] } },
{ "type": "Feature", "properties": { "Height": 86.973251342773395, "Radius": 11.767106717028996, "height_m": 26.51, "crown_diameter_m": 7.17, "site_id": 2165 }, "geometry": { "type": "Point", "coordinates": [ -73.9340296106338, 40.839027083393567 ] } },
{ "type": "Feature", "properties": { "Height": 92.934997558593807, "Radius": 35.310335939805334, "height_m": 28.33, "crown_diameter_m": 21.53, "site_id": 2166 }, "geometry": { "type": "Point", "coordinates": [ -73.934549015771807, 40.839025171294466 ] } },
{ "type": "Feature", "properties": { "Height": 73.627250671386705, "Radius": 27.028155482603687, "height_m": 22.44, "crown_diameter_m": 16.48, "site_id": 2167 }, "geometry": { "type": "Point", "coordinates": [ -73.933903676939579, 40.839133699078872 ] } },
{ "type": "Feature", "properties": { "Height": 83.135498046875, "Radius": 31.830494305351362, "height_m": 25.34, "crown_diameter_m": 19.4, "site_id": 2168 }, "geometry": { "type": "Point", "coordinates": [ -73.934217521280161, 40.83912644672796 ] } },
{ "type": "Feature", "properties": { "Height": 67.516250610351605, "Radius": 39.2436339656348, "height_m": 20.58, "crown_diameter_m": 23.92, "site_id": 2169 }, "geometry": { "type": "Point", "coordinates": [ -73.933509239571961, 40.839049903860094 ] } },
{ "type": "Feature", "properties": { "Height": 97.845497131347699, "Radius": 29.114587871158925, "height_m": 29.82, "crown_diameter_m": 17.75, "site_id": 2170 }, "geometry": { "type": "Point", "coordinates": [ -73.934501038036714, 40.839149200562915 ] } },
{ "type": "Feature", "properties": { "Height": 68.069747924804702, "Radius": 26.708284387767684, "height_m": 20.75, "crown_diameter_m": 16.28, "site_id": 2171 }, "geometry": { "type": "Point", "coordinates": [ -73.933651423676565, 40.839129864025324 ] } },
{ "type": "Feature", "properties": { "Height": 90.366500854492202, "Radius": 33.606003573470161, "height_m": 27.54, "crown_diameter_m": 20.49, "site_id": 2172 }, "geometry": { "type": "Point", "coordinates": [ -73.934704212761744, 40.839177701121372 ] } },
{ "type": "Feature", "properties": { "Height": 36.582000732421903, "Radius": 13.315352289908494, "height_m": 11.15, "crown_diameter_m": 8.12, "site_id": 2173 }, "geometry": { "type": "Point", "coordinates": [ -73.934421033920074, 40.839193252274882 ] } },
{ "type": "Feature", "properties": { "Height": 88.768753051757798, "Radius": 46.713739143136216, "height_m": 27.06, "crown_diameter_m": 28.48, "site_id": 2174 }, "geometry": { "type": "Point", "coordinates": [ -73.934120301637719, 40.839257008737832 ] } },
{ "type": "Feature", "properties": { "Height": 39.5929985046387, "Radius": 15.471555655790096, "height_m": 12.07, "crown_diameter_m": 9.43, "site_id": 2175 }, "geometry": { "type": "Point", "coordinates": [ -73.934347666332826, 40.839253811955501 ] } },
{ "type": "Feature", "properties": { "Height": 49.094249725341797, "Radius": 12.024652419050911, "height_m": 14.96, "crown_diameter_m": 7.33, "site_id": 2176 }, "geometry": { "type": "Point", "coordinates": [ -73.934789965554657, 40.83928298221764 ] } },
{ "type": "Feature", "properties": { "Height": 92.4219970703125, "Radius": 28.296793434863343, "height_m": 28.17, "crown_diameter_m": 17.25, "site_id": 2177 }, "geometry": { "type": "Point", "coordinates": [ -73.934399088245115, 40.839331216125423 ] } },
{ "type": "Feature", "properties": { "Height": 83.954750061035199, "Radius": 26.287844394415636, "height_m": 25.59, "crown_diameter_m": 16.03, "site_id": 2178 }, "geometry": { "type": "Point", "coordinates": [ -73.933614532573401, 40.839242238809007 ] } },
{ "type": "Feature", "properties": { "Height": 82.868499755859403, "Radius": 23.789808272341748, "height_m": 25.26, "crown_diameter_m": 14.5, "site_id": 2179 }, "geometry": { "type": "Point", "coordinates": [ -73.934581901095257, 40.839287811708566 ] } },
{ "type": "Feature", "properties": { "Height": 42.058498382568402, "Radius": 15.141423167056498, "height_m": 12.82, "crown_diameter_m": 9.23, "site_id": 2180 }, "geometry": { "type": "Point", "coordinates": [ -73.934740861037298, 40.839337551371102 ] } },
{ "type": "Feature", "properties": { "Height": 35.498001098632798, "Radius": 8.7903199527158957, "height_m": 10.82, "crown_diameter_m": 5.36, "site_id": 2181 }, "geometry": { "type": "Point", "coordinates": [ -73.934792194186699, 40.839369352518645 ] } },
{ "type": "Feature", "properties": { "Height": 91.325996398925795, "Radius": 49.450339969867002, "height_m": 27.84, "crown_diameter_m": 30.14, "site_id": 2182 }, "geometry": { "type": "Point", "coordinates": [ -73.933344679013558, 40.83934437834872 ] } },
{ "type": "Feature", "properties": { "Height": 71.394248962402301, "Radius": 14.940375085197267, "height_m": 21.76, "crown_diameter_m": 9.11, "site_id": 2183 }, "geometry": { "type": "Point", "coordinates": [ -73.93420388691132, 40.839398692384272 ] } },
{ "type": "Feature", "properties": { "Height": 84.418251037597699, "Radius": 35.473349962416442, "height_m": 25.73, "crown_diameter_m": 21.62, "site_id": 2184 }, "geometry": { "type": "Point", "coordinates": [ -73.934589783163318, 40.839405223432458 ] } },
{ "type": "Feature", "properties": { "Height": 90.731246948242202, "Radius": 53.803989256359834, "height_m": 27.65, "crown_diameter_m": 32.8, "site_id": 2185 }, "geometry": { "type": "Point", "coordinates": [ -73.933651706433977, 40.839368266267599 ] } },
{ "type": "Feature", "properties": { "Height": 82.101997375488295, "Radius": 29.580971537784905, "height_m": 25.02, "crown_diameter_m": 18.03, "site_id": 2186 }, "geometry": { "type": "Point", "coordinates": [ -73.934110872142057, 40.839441042628451 ] } },
{ "type": "Feature", "properties": { "Height": 67.018501281738295, "Radius": 19.244572028882338, "height_m": 20.43, "crown_diameter_m": 11.73, "site_id": 2187 }, "geometry": { "type": "Point", "coordinates": [ -73.934770333893326, 40.839471752391006 ] } },
{ "type": "Feature", "properties": { "Height": 68.177253723144503, "Radius": 22.274773513752812, "height_m": 20.78, "crown_diameter_m": 13.58, "site_id": 2188 }, "geometry": { "type": "Point", "coordinates": [ -73.934325994348441, 40.839465076123268 ] } },
{ "type": "Feature", "properties": { "Height": 78.226249694824205, "Radius": 28.198193128055376, "height_m": 23.84, "crown_diameter_m": 17.19, "site_id": 2189 }, "geometry": { "type": "Point", "coordinates": [ -73.933809804212061, 40.839456991785283 ] } },
{ "type": "Feature", "properties": { "Height": 84.604499816894503, "Radius": 27.286018833532427, "height_m": 25.79, "crown_diameter_m": 16.63, "site_id": 2190 }, "geometry": { "type": "Point", "coordinates": [ -73.933938841214712, 40.839466621800732 ] } },
{ "type": "Feature", "properties": { "Height": 86.504249572753906, "Radius": 19.698216956314621, "height_m": 26.37, "crown_diameter_m": 12.01, "site_id": 2191 }, "geometry": { "type": "Point", "coordinates": [ -73.93359691050874, 40.839516932337403 ] } },
{ "type": "Feature", "properties": { "Height": 72.638999938964801, "Radius": 12.69113085619237, "height_m": 22.14, "crown_diameter_m": 7.74, "site_id": 2192 }, "geometry": { "type": "Point", "coordinates": [ -73.933378139496597, 40.839547869607031 ] } },
{ "type": "Feature", "properties": { "Height": 77.968246459960895, "Radius": 38.270398009468977, "height_m": 23.76, "crown_diameter_m": 23.33, "site_id": 2193 }, "geometry": { "type": "Point", "coordinates": [ -73.93320177970098, 40.839565686526903 ] } },
{ "type": "Feature", "properties": { "Height": 89.758499145507798, "Radius": 11.534883286137944, "height_m": 27.36, "crown_diameter_m": 7.03, "site_id": 2194 }, "geometry": { "type": "Point", "coordinates": [ -73.933511351174758, 40.83956964926935 ] } },
{ "type": "Feature", "properties": { "Height": 80.427253723144503, "Radius": 45.667130376285421, "height_m": 24.51, "crown_diameter_m": 27.84, "site_id": 2195 }, "geometry": { "type": "Point", "coordinates": [ -73.934264268857049, 40.839611924967016 ] } },
{ "type": "Feature", "properties": { "Height": 50.777999877929702, "Radius": 11.534883286137944, "height_m": 15.48, "crown_diameter_m": 7.03, "site_id": 2196 }, "geometry": { "type": "Point", "coordinates": [ -73.934785537331734, 40.839585019664106 ] } },
{ "type": "Feature", "properties": { "Height": 66.148002624511705, "Radius": 41.177143978541146, "height_m": 20.16, "crown_diameter_m": 25.1, "site_id": 2197 }, "geometry": { "type": "Point", "coordinates": [ -73.934543408038024, 40.83957410180016 ] } },
{ "type": "Feature", "properties": { "Height": 87.746749877929702, "Radius": 49.779141078058636, "height_m": 26.75, "crown_diameter_m": 30.35, "site_id": 2198 }, "geometry": { "type": "Point", "coordinates": [ -73.934048700495907, 40.839719334343691 ] } },
{ "type": "Feature", "properties": { "Height": 60.6727485656738, "Radius": 12.603040633343667, "height_m": 18.49, "crown_diameter_m": 7.68, "site_id": 2199 }, "geometry": { "type": "Point", "coordinates": [ -73.933748312094266, 40.839646966924569 ] } },
{ "type": "Feature", "properties": { "Height": 63.034248352050803, "Radius": 12.70366530947592, "height_m": 19.21, "crown_diameter_m": 7.74, "site_id": 2200 }, "geometry": { "type": "Point", "coordinates": [ -73.93466911510977, 40.839631654275166 ] } },
{ "type": "Feature", "properties": { "Height": 75.580001831054702, "Radius": 25.9465876230135, "height_m": 23.04, "crown_diameter_m": 15.82, "site_id": 2201 }, "geometry": { "type": "Point", "coordinates": [ -73.933385437268171, 40.839622676020639 ] } },
{ "type": "Feature", "properties": { "Height": 87.227249145507798, "Radius": 21.379733313582829, "height_m": 26.59, "crown_diameter_m": 13.03, "site_id": 2202 }, "geometry": { "type": "Point", "coordinates": [ -73.933869823744857, 40.839635194265874 ] } },
{ "type": "Feature", "properties": { "Height": 96.842750549316406, "Radius": 33.056887924742, "height_m": 29.52, "crown_diameter_m": 20.15, "site_id": 2203 }, "geometry": { "type": "Point", "coordinates": [ -73.933602326771705, 40.839659500694161 ] } },
{ "type": "Feature", "properties": { "Height": 59.484500885009801, "Radius": 24.849973424463737, "height_m": 18.13, "crown_diameter_m": 15.15, "site_id": 2204 }, "geometry": { "type": "Point", "coordinates": [ -73.93472485232563, 40.83968381540268 ] } },
{ "type": "Feature", "properties": { "Height": 75.747497558593807, "Radius": 30.14061072985314, "height_m": 23.09, "crown_diameter_m": 18.37, "site_id": 2205 }, "geometry": { "type": "Point", "coordinates": [ -73.933409957287566, 40.839734290144747 ] } },
{ "type": "Feature", "properties": { "Height": 58.289249420166001, "Radius": 22.064790298530095, "height_m": 17.77, "crown_diameter_m": 13.45, "site_id": 2206 }, "geometry": { "type": "Point", "coordinates": [ -73.934573587033057, 40.839798975759201 ] } },
{ "type": "Feature", "properties": { "Height": 55.413249969482401, "Radius": 24.340383638299137, "height_m": 16.89, "crown_diameter_m": 14.84, "site_id": 2207 }, "geometry": { "type": "Point", "coordinates": [ -73.934483837922443, 40.83976732109452 ] } },
{ "type": "Feature", "properties": { "Height": 53.249000549316399, "Radius": 32.895204180576179, "height_m": 16.23, "crown_diameter_m": 20.05, "site_id": 2208 }, "geometry": { "type": "Point", "coordinates": [ -73.933147276396568, 40.839746474053044 ] } },
{ "type": "Feature", "properties": { "Height": 94.3594970703125, "Radius": 28.911619828688853, "height_m": 28.76, "crown_diameter_m": 17.62, "site_id": 2209 }, "geometry": { "type": "Point", "coordinates": [ -73.933794257936057, 40.839748305132538 ] } },
{ "type": "Feature", "properties": { "Height": 61.466251373291001, "Radius": 26.516910426744548, "height_m": 18.73, "crown_diameter_m": 16.16, "site_id": 2210 }, "geometry": { "type": "Point", "coordinates": [ -73.934724628514189, 40.839794699346605 ] } },
{ "type": "Feature", "properties": { "Height": 68.735496520996094, "Radius": 13.363077719938117, "height_m": 20.95, "crown_diameter_m": 8.15, "site_id": 2211 }, "geometry": { "type": "Point", "coordinates": [ -73.933530336931454, 40.839794788099184 ] } },
{ "type": "Feature", "properties": { "Height": 52.638999938964801, "Radius": 23.903268514994018, "height_m": 16.04, "crown_diameter_m": 14.57, "site_id": 2212 }, "geometry": { "type": "Point", "coordinates": [ -73.934319209083824, 40.839786447598371 ] } },
{ "type": "Feature", "properties": { "Height": 76.794250488281307, "Radius": 14.60368527951557, "height_m": 23.41, "crown_diameter_m": 8.9, "site_id": 2213 }, "geometry": { "type": "Point", "coordinates": [ -73.933891060831485, 40.839799851776611 ] } },
{ "type": "Feature", "properties": { "Height": 89.010002136230497, "Radius": 23.316802645343859, "height_m": 27.13, "crown_diameter_m": 14.21, "site_id": 2214 }, "geometry": { "type": "Point", "coordinates": [ -73.933638300811509, 40.839807023138079 ] } },
{ "type": "Feature", "properties": { "Height": 53.902248382568402, "Radius": 29.043436408025912, "height_m": 16.43, "crown_diameter_m": 17.7, "site_id": 2215 }, "geometry": { "type": "Point", "coordinates": [ -73.933240136904459, 40.83984470504511 ] } },
{ "type": "Feature", "properties": { "Height": 59.982749938964801, "Radius": 23.826575121254642, "height_m": 18.28, "crown_diameter_m": 14.52, "site_id": 2216 }, "geometry": { "type": "Point", "coordinates": [ -73.934708331227554, 40.839888722355518 ] } },
{ "type": "Feature", "properties": { "Height": 21.143499374389599, "Radius": 8.7540336473392433, "height_m": 6.44, "crown_diameter_m": 5.34, "site_id": 2217 }, "geometry": { "type": "Point", "coordinates": [ -73.934136100777167, 40.839848872551748 ] } },
{ "type": "Feature", "properties": { "Height": 19.196750640869102, "Radius": 12.47930734517824, "height_m": 5.85, "crown_diameter_m": 7.61, "site_id": 2218 }, "geometry": { "type": "Point", "coordinates": [ -73.934242291033797, 40.839883907408236 ] } },
{ "type": "Feature", "properties": { "Height": 82.797752380371094, "Radius": 31.12772547976255, "height_m": 25.24, "crown_diameter_m": 18.98, "site_id": 2219 }, "geometry": { "type": "Point", "coordinates": [ -73.933464468999517, 40.839879880977591 ] } },
{ "type": "Feature", "properties": { "Height": 68.976997375488295, "Radius": 37.199094783508968, "height_m": 21.02, "crown_diameter_m": 22.68, "site_id": 2220 }, "geometry": { "type": "Point", "coordinates": [ -73.934010784315532, 40.839971351785643 ] } },
{ "type": "Feature", "properties": { "Height": 21.784000396728501, "Radius": 10.86705883733894, "height_m": 6.64, "crown_diameter_m": 6.62, "site_id": 2221 }, "geometry": { "type": "Point", "coordinates": [ -73.934377063521367, 40.83990622815535 ] } },
{ "type": "Feature", "properties": { "Height": 71.346748352050795, "Radius": 22.082815618339236, "height_m": 21.75, "crown_diameter_m": 13.46, "site_id": 2222 }, "geometry": { "type": "Point", "coordinates": [ -73.933091803744588, 40.839891042236403 ] } },
{ "type": "Feature", "properties": { "Height": 89.544502258300795, "Radius": 36.424107478619696, "height_m": 27.29, "crown_diameter_m": 22.2, "site_id": 2223 }, "geometry": { "type": "Point", "coordinates": [ -73.933778600710099, 40.83992938538961 ] } },
{ "type": "Feature", "properties": { "Height": 87.865501403808594, "Radius": 27.651046031090132, "height_m": 26.78, "crown_diameter_m": 16.86, "site_id": 2224 }, "geometry": { "type": "Point", "coordinates": [ -73.933428086569066, 40.839983225832391 ] } },
{ "type": "Feature", "properties": { "Height": 25.33424949646, "Radius": 16.674641992604855, "height_m": 7.72, "crown_diameter_m": 10.16, "site_id": 2225 }, "geometry": { "type": "Point", "coordinates": [ -73.934451507786548, 40.839990719665863 ] } },
{ "type": "Feature", "properties": { "Height": 30.399000167846701, "Radius": 23.009322419297572, "height_m": 9.27, "crown_diameter_m": 14.03, "site_id": 2226 }, "geometry": { "type": "Point", "coordinates": [ -73.934191946670339, 40.839975523719282 ] } },
{ "type": "Feature", "properties": { "Height": 45.637001037597699, "Radius": 22.091822762988503, "height_m": 13.91, "crown_diameter_m": 13.47, "site_id": 2227 }, "geometry": { "type": "Point", "coordinates": [ -73.934336419047227, 40.839981582632447 ] } },
{ "type": "Feature", "properties": { "Height": 48.937248229980497, "Radius": 13.398760233979035, "height_m": 14.92, "crown_diameter_m": 8.17, "site_id": 2228 }, "geometry": { "type": "Point", "coordinates": [ -73.933256805453482, 40.839986609955609 ] } },
{ "type": "Feature", "properties": { "Height": 54.502750396728501, "Radius": 31.032991487271392, "height_m": 16.61, "crown_diameter_m": 18.92, "site_id": 2229 }, "geometry": { "type": "Point", "coordinates": [ -73.934615864413416, 40.839960701350591 ] } },
{ "type": "Feature", "properties": { "Height": 75.016250610351605, "Radius": 13.363077719938117, "height_m": 22.86, "crown_diameter_m": 8.15, "site_id": 2230 }, "geometry": { "type": "Point", "coordinates": [ -73.933710183660907, 40.840012129356126 ] } },
{ "type": "Feature", "properties": { "Height": 77.023498535156307, "Radius": 23.923235052108978, "height_m": 23.48, "crown_diameter_m": 14.58, "site_id": 2231 }, "geometry": { "type": "Point", "coordinates": [ -73.933149845454864, 40.840004063512026 ] } },
{ "type": "Feature", "properties": { "Height": 18.9327507019043, "Radius": 14.14136436115577, "height_m": 5.77, "crown_diameter_m": 8.62, "site_id": 2232 }, "geometry": { "type": "Point", "coordinates": [ -73.93450338915045, 40.840058598620331 ] } },
{ "type": "Feature", "properties": { "Height": 70.800247192382798, "Radius": 21.305161292468206, "height_m": 21.58, "crown_diameter_m": 12.99, "site_id": 2233 }, "geometry": { "type": "Point", "coordinates": [ -73.934774359047708, 40.840052536065059 ] } },
{ "type": "Feature", "properties": { "Height": 81.207748413085895, "Radius": 33.048461340403307, "height_m": 24.75, "crown_diameter_m": 20.15, "site_id": 2234 }, "geometry": { "type": "Point", "coordinates": [ -73.932949220274111, 40.840032265777999 ] } },
{ "type": "Feature", "properties": { "Height": 59.613998413085902, "Radius": 18.618256257075959, "height_m": 18.17, "crown_diameter_m": 11.35, "site_id": 2235 }, "geometry": { "type": "Point", "coordinates": [ -73.933236776541392, 40.840062177683002 ] } },
{ "type": "Feature", "properties": { "Height": 85.932502746582003, "Radius": 38.942366071556627, "height_m": 26.19, "crown_diameter_m": 23.74, "site_id": 2236 }, "geometry": { "type": "Point", "coordinates": [ -73.933601991568992, 40.840091580699081 ] } },
{ "type": "Feature", "properties": { "Height": 67.482498168945298, "Radius": 38.06294059798222, "height_m": 20.57, "crown_diameter_m": 23.2, "site_id": 2237 }, "geometry": { "type": "Point", "coordinates": [ -73.933804729967278, 40.840116615684984 ] } },
{ "type": "Feature", "properties": { "Height": 68.117500305175795, "Radius": 25.749553256723427, "height_m": 20.76, "crown_diameter_m": 15.7, "site_id": 2238 }, "geometry": { "type": "Point", "coordinates": [ -73.933314510950538, 40.840105381503086 ] } },
{ "type": "Feature", "properties": { "Height": 35.308750152587898, "Radius": 14.84955129469645, "height_m": 10.76, "crown_diameter_m": 9.05, "site_id": 2239 }, "geometry": { "type": "Point", "coordinates": [ -73.934226682694785, 40.840123478401878 ] } },
{ "type": "Feature", "properties": { "Height": 49.1257514953613, "Radius": 27.492304827777009, "height_m": 14.97, "crown_diameter_m": 16.76, "site_id": 2240 }, "geometry": { "type": "Point", "coordinates": [ -73.934364235323315, 40.840112988567306 ] } },
{ "type": "Feature", "properties": { "Height": 78.958251953125, "Radius": 33.702949853786642, "height_m": 24.07, "crown_diameter_m": 20.55, "site_id": 2241 }, "geometry": { "type": "Point", "coordinates": [ -73.933456510971098, 40.840188847407639 ] } },
{ "type": "Feature", "properties": { "Height": 82.605499267578097, "Radius": 23.090453857770949, "height_m": 25.18, "crown_diameter_m": 14.08, "site_id": 2242 }, "geometry": { "type": "Point", "coordinates": [ -73.933082197784699, 40.840112031274202 ] } },
{ "type": "Feature", "properties": { "Height": 25.261499404907202, "Radius": 13.502295631179392, "height_m": 7.7, "crown_diameter_m": 8.23, "site_id": 2243 }, "geometry": { "type": "Point", "coordinates": [ -73.933975183691814, 40.840171845194888 ] } },
{ "type": "Feature", "properties": { "Height": 86.097747802734403, "Radius": 40.415432460288258, "height_m": 26.24, "crown_diameter_m": 24.64, "site_id": 2244 }, "geometry": { "type": "Point", "coordinates": [ -73.933034779381046, 40.840224641078692 ] } },
{ "type": "Feature", "properties": { "Height": 31.067499160766602, "Radius": 27.367556744993873, "height_m": 9.47, "crown_diameter_m": 16.68, "site_id": 2245 }, "geometry": { "type": "Point", "coordinates": [ -73.934090967726149, 40.840171217134035 ] } },
{ "type": "Feature", "properties": { "Height": 53.489749908447301, "Radius": 11.994835078277376, "height_m": 16.3, "crown_diameter_m": 7.31, "site_id": 2246 }, "geometry": { "type": "Point", "coordinates": [ -73.933292756929902, 40.840215171495188 ] } },
{ "type": "Feature", "properties": { "Height": 51.143749237060497, "Radius": 25.375990616127847, "height_m": 15.59, "crown_diameter_m": 15.47, "site_id": 2247 }, "geometry": { "type": "Point", "coordinates": [ -73.934563454300971, 40.840183220485557 ] } },
{ "type": "Feature", "properties": { "Height": 45.416000366210902, "Radius": 29.735253258498144, "height_m": 13.84, "crown_diameter_m": 18.13, "site_id": 2248 }, "geometry": { "type": "Point", "coordinates": [ -73.934283680242388, 40.840218996515084 ] } },
{ "type": "Feature", "properties": { "Height": 38.746749877929702, "Radius": 18.115669809738975, "height_m": 11.81, "crown_diameter_m": 11.04, "site_id": 2249 }, "geometry": { "type": "Point", "coordinates": [ -73.933839713366766, 40.840236797604042 ] } },
{ "type": "Feature", "properties": { "Height": 46.271751403808601, "Radius": 23.537594543684531, "height_m": 14.1, "crown_diameter_m": 14.35, "site_id": 2250 }, "geometry": { "type": "Point", "coordinates": [ -73.934515853918754, 40.840285649814078 ] } },
{ "type": "Feature", "properties": { "Height": 23.8880004882813, "Radius": 14.852230510107461, "height_m": 7.28, "crown_diameter_m": 9.05, "site_id": 2251 }, "geometry": { "type": "Point", "coordinates": [ -73.934007229347699, 40.840264419853177 ] } },
{ "type": "Feature", "properties": { "Height": 72.712753295898395, "Radius": 31.191572052731747, "height_m": 22.16, "crown_diameter_m": 19.01, "site_id": 2252 }, "geometry": { "type": "Point", "coordinates": [ -73.932898906459926, 40.840309194090501 ] } },
{ "type": "Feature", "properties": { "Height": 47.837249755859403, "Radius": 28.261618529494676, "height_m": 14.58, "crown_diameter_m": 17.23, "site_id": 2253 }, "geometry": { "type": "Point", "coordinates": [ -73.934286121675825, 40.840322172842662 ] } },
{ "type": "Feature", "properties": { "Height": 65.395500183105497, "Radius": 23.916581391835077, "height_m": 19.93, "crown_diameter_m": 14.58, "site_id": 2254 }, "geometry": { "type": "Point", "coordinates": [ -73.933499671811106, 40.840318347049291 ] } },
{ "type": "Feature", "properties": { "Height": 62.407501220703097, "Radius": 27.721465378280726, "height_m": 19.02, "crown_diameter_m": 16.9, "site_id": 2255 }, "geometry": { "type": "Point", "coordinates": [ -73.934746135920278, 40.840249288727676 ] } },
{ "type": "Feature", "properties": { "Height": 31.861000061035199, "Radius": 21.190933720197009, "height_m": 9.71, "crown_diameter_m": 12.92, "site_id": 2256 }, "geometry": { "type": "Point", "coordinates": [ -73.933929078938064, 40.840346942257092 ] } },
{ "type": "Feature", "properties": { "Height": 79.839996337890597, "Radius": 10.86705883733894, "height_m": 24.34, "crown_diameter_m": 6.62, "site_id": 2257 }, "geometry": { "type": "Point", "coordinates": [ -73.933184320598301, 40.840341003118155 ] } },
{ "type": "Feature", "properties": { "Height": 53.930751800537102, "Radius": 15.58685409663471, "height_m": 16.44, "crown_diameter_m": 9.5, "site_id": 2258 }, "geometry": { "type": "Point", "coordinates": [ -73.93307547590598, 40.84034785490428 ] } },
{ "type": "Feature", "properties": { "Height": 44.050750732421903, "Radius": 25.41985580118611, "height_m": 13.43, "crown_diameter_m": 15.5, "site_id": 2259 }, "geometry": { "type": "Point", "coordinates": [ -73.934096327086593, 40.840332849765041 ] } },
{ "type": "Feature", "properties": { "Height": 84.469497680664105, "Radius": 44.050165336538612, "height_m": 25.75, "crown_diameter_m": 26.85, "site_id": 2260 }, "geometry": { "type": "Point", "coordinates": [ -73.933252676690202, 40.840348366408364 ] } },
{ "type": "Feature", "properties": { "Height": 29.884750366210898, "Radius": 12.42818861583153, "height_m": 9.11, "crown_diameter_m": 7.58, "site_id": 2261 }, "geometry": { "type": "Point", "coordinates": [ -73.934328670898751, 40.840396727315358 ] } },
{ "type": "Feature", "properties": { "Height": 20.739500045776399, "Radius": 14.666216471493136, "height_m": 6.32, "crown_diameter_m": 8.94, "site_id": 2262 }, "geometry": { "type": "Point", "coordinates": [ -73.934419248832583, 40.840375033735988 ] } },
{ "type": "Feature", "properties": { "Height": 74.085998535156307, "Radius": 35.120518347003205, "height_m": 22.58, "crown_diameter_m": 21.41, "site_id": 2263 }, "geometry": { "type": "Point", "coordinates": [ -73.933754360473245, 40.840381528148399 ] } },
{ "type": "Feature", "properties": { "Height": 77.565002441406307, "Radius": 13.974373516324642, "height_m": 23.64, "crown_diameter_m": 8.52, "site_id": 2264 }, "geometry": { "type": "Point", "coordinates": [ -73.933621991383461, 40.840415535724084 ] } },
{ "type": "Feature", "properties": { "Height": 34.868251800537102, "Radius": 10.387831891992912, "height_m": 10.63, "crown_diameter_m": 6.33, "site_id": 2265 }, "geometry": { "type": "Point", "coordinates": [ -73.934161519333216, 40.840405369512723 ] } },
{ "type": "Feature", "properties": { "Height": 78.853996276855497, "Radius": 17.5715847207438, "height_m": 24.03, "crown_diameter_m": 10.71, "site_id": 2266 }, "geometry": { "type": "Point", "coordinates": [ -73.932897761319666, 40.840466459199696 ] } },
{ "type": "Feature", "properties": { "Height": 78.147499084472699, "Radius": 29.33514576916021, "height_m": 23.82, "crown_diameter_m": 17.88, "site_id": 2267 }, "geometry": { "type": "Point", "coordinates": [ -73.932789199902274, 40.840400423141446 ] } },
{ "type": "Feature", "properties": { "Height": 41.159500122070298, "Radius": 29.428585131374369, "height_m": 12.55, "crown_diameter_m": 17.94, "site_id": 2268 }, "geometry": { "type": "Point", "coordinates": [ -73.934072148133907, 40.840464353011804 ] } },
{ "type": "Feature", "properties": { "Height": 62.594749450683601, "Radius": 24.46755644604022, "height_m": 19.08, "crown_diameter_m": 14.92, "site_id": 2269 }, "geometry": { "type": "Point", "coordinates": [ -73.93349855773053, 40.840472057033296 ] } },
{ "type": "Feature", "properties": { "Height": 58.941501617431598, "Radius": 10.096471712947993, "height_m": 17.97, "crown_diameter_m": 6.15, "site_id": 2270 }, "geometry": { "type": "Point", "coordinates": [ -73.934797012115595, 40.840432286057158 ] } },
{ "type": "Feature", "properties": { "Height": 54.787498474121101, "Radius": 19.578679231164443, "height_m": 16.7, "crown_diameter_m": 11.94, "site_id": 2271 }, "geometry": { "type": "Point", "coordinates": [ -73.933881527107431, 40.840455492003159 ] } },
{ "type": "Feature", "properties": { "Height": 49.324748992919901, "Radius": 16.935088055619769, "height_m": 15.03, "crown_diameter_m": 10.32, "site_id": 2272 }, "geometry": { "type": "Point", "coordinates": [ -73.933735403112379, 40.840522161723896 ] } },
{ "type": "Feature", "properties": { "Height": 99.389503479003906, "Radius": 37.23971799881452, "height_m": 30.29, "crown_diameter_m": 22.7, "site_id": 2273 }, "geometry": { "type": "Point", "coordinates": [ -73.933176273858351, 40.840533901257494 ] } },
{ "type": "Feature", "properties": { "Height": 49.958000183105497, "Radius": 20.507728716762699, "height_m": 15.23, "crown_diameter_m": 12.5, "site_id": 2274 }, "geometry": { "type": "Point", "coordinates": [ -73.933954933079278, 40.84052523945261 ] } },
{ "type": "Feature", "properties": { "Height": 41.376499176025398, "Radius": 29.424528720438509, "height_m": 12.61, "crown_diameter_m": 17.94, "site_id": 2275 }, "geometry": { "type": "Point", "coordinates": [ -73.934242527083583, 40.840497991850071 ] } },
{ "type": "Feature", "properties": { "Height": 77.675247192382798, "Radius": 42.007504466837702, "height_m": 23.68, "crown_diameter_m": 25.61, "site_id": 2276 }, "geometry": { "type": "Point", "coordinates": [ -73.932691456551368, 40.840515451905674 ] } },
{ "type": "Feature", "properties": { "Height": 47.053249359130902, "Radius": 12.769269329043333, "height_m": 14.34, "crown_diameter_m": 7.78, "site_id": 2277 }, "geometry": { "type": "Point", "coordinates": [ -73.932976374314308, 40.840533481806453 ] } },
{ "type": "Feature", "properties": { "Height": 59.616001129150398, "Radius": 16.698486766680407, "height_m": 18.17, "crown_diameter_m": 10.18, "site_id": 2278 }, "geometry": { "type": "Point", "coordinates": [ -73.934774108066122, 40.840537087838172 ] } },
{ "type": "Feature", "properties": { "Height": 26.501499176025401, "Radius": 11.259081320103103, "height_m": 8.08, "crown_diameter_m": 6.86, "site_id": 2279 }, "geometry": { "type": "Point", "coordinates": [ -73.933564668932789, 40.840560658657928 ] } },
{ "type": "Feature", "properties": { "Height": 36.224250793457003, "Radius": 12.437789380968077, "height_m": 11.04, "crown_diameter_m": 7.58, "site_id": 2280 }, "geometry": { "type": "Point", "coordinates": [ -73.932925855068831, 40.840571712603548 ] } },
{ "type": "Feature", "properties": { "Height": 43.858249664306598, "Radius": 22.48810422589013, "height_m": 13.37, "crown_diameter_m": 13.71, "site_id": 2281 }, "geometry": { "type": "Point", "coordinates": [ -73.933855870613229, 40.840578313598826 ] } },
{ "type": "Feature", "properties": { "Height": 60.033748626708999, "Radius": 31.297269805193388, "height_m": 18.3, "crown_diameter_m": 19.08, "site_id": 2282 }, "geometry": { "type": "Point", "coordinates": [ -73.933687306473999, 40.840628454437486 ] } },
{ "type": "Feature", "properties": { "Height": 27.915000915527301, "Radius": 16.598108521517471, "height_m": 8.51, "crown_diameter_m": 10.12, "site_id": 2283 }, "geometry": { "type": "Point", "coordinates": [ -73.934192063544998, 40.840611324382515 ] } },
{ "type": "Feature", "properties": { "Height": 85.054748535156307, "Radius": 16.717538098337574, "height_m": 25.92, "crown_diameter_m": 10.19, "site_id": 2284 }, "geometry": { "type": "Point", "coordinates": [ -73.932817777848257, 40.840618949020396 ] } },
{ "type": "Feature", "properties": { "Height": 100.607498168945, "Radius": 37.373035474449672, "height_m": 30.67, "crown_diameter_m": 22.78, "site_id": 2285 }, "geometry": { "type": "Point", "coordinates": [ -73.933078629889593, 40.840656689956027 ] } },
{ "type": "Feature", "properties": { "Height": 72.434997558593807, "Radius": 18.142007119225799, "height_m": 22.08, "crown_diameter_m": 11.06, "site_id": 2286 }, "geometry": { "type": "Point", "coordinates": [ -73.932671946655319, 40.840624528091432 ] } },
{ "type": "Feature", "properties": { "Height": 32.118499755859403, "Radius": 27.411137997843831, "height_m": 9.79, "crown_diameter_m": 16.71, "site_id": 2287 }, "geometry": { "type": "Point", "coordinates": [ -73.934058170086843, 40.84066376648839 ] } },
{ "type": "Feature", "properties": { "Height": 19.609249114990199, "Radius": 15.432931423971965, "height_m": 5.98, "crown_diameter_m": 9.41, "site_id": 2288 }, "geometry": { "type": "Point", "coordinates": [ -73.934260486932416, 40.840651772140809 ] } },
{ "type": "Feature", "properties": { "Height": 29.606000900268601, "Radius": 12.100518486599809, "height_m": 9.02, "crown_diameter_m": 7.38, "site_id": 2289 }, "geometry": { "type": "Point", "coordinates": [ -73.933928287525646, 40.840655504875308 ] } },
{ "type": "Feature", "properties": { "Height": 95.59375, "Radius": 44.622723953415289, "height_m": 29.14, "crown_diameter_m": 27.2, "site_id": 2290 }, "geometry": { "type": "Point", "coordinates": [ -73.933418003490829, 40.840679666140566 ] } },
{ "type": "Feature", "properties": { "Height": 67.491996765136705, "Radius": 18.652418223889448, "height_m": 20.57, "crown_diameter_m": 11.37, "site_id": 2291 }, "geometry": { "type": "Point", "coordinates": [ -73.932550473653095, 40.840653493530873 ] } },
{ "type": "Feature", "properties": { "Height": 67.699501037597699, "Radius": 30.973956753342723, "height_m": 20.63, "crown_diameter_m": 18.88, "site_id": 2292 }, "geometry": { "type": "Point", "coordinates": [ -73.934757069903327, 40.840734771618472 ] } },
{ "type": "Feature", "properties": { "Height": 73.659248352050795, "Radius": 9.8369815187318697, "height_m": 22.45, "crown_diameter_m": 6.0, "site_id": 2293 }, "geometry": { "type": "Point", "coordinates": [ -73.933246596035815, 40.840729180651415 ] } },
{ "type": "Feature", "properties": { "Height": 44.872249603271499, "Radius": 14.372999552399639, "height_m": 13.68, "crown_diameter_m": 8.76, "site_id": 2294 }, "geometry": { "type": "Point", "coordinates": [ -73.934181391223504, 40.8407248479961 ] } },
{ "type": "Feature", "properties": { "Height": 34.945751190185497, "Radius": 23.62533355157715, "height_m": 10.65, "crown_diameter_m": 14.4, "site_id": 2295 }, "geometry": { "type": "Point", "coordinates": [ -73.934366102233895, 40.840724106786595 ] } },
{ "type": "Feature", "properties": { "Height": 76.818252563476605, "Radius": 31.976412117276098, "height_m": 23.41, "crown_diameter_m": 19.49, "site_id": 2296 }, "geometry": { "type": "Point", "coordinates": [ -73.932574356946489, 40.840755905299375 ] } },
{ "type": "Feature", "properties": { "Height": 97.370750427246094, "Radius": 29.375808098574183, "height_m": 29.68, "crown_diameter_m": 17.91, "site_id": 2297 }, "geometry": { "type": "Point", "coordinates": [ -73.932818278514759, 40.840710241332133 ] } },
{ "type": "Feature", "properties": { "Height": 90.768249511718807, "Radius": 16.516403133234203, "height_m": 27.67, "crown_diameter_m": 10.07, "site_id": 2298 }, "geometry": { "type": "Point", "coordinates": [ -73.933014770332363, 40.84075708131266 ] } },
{ "type": "Feature", "properties": { "Height": 94.852500915527301, "Radius": 16.727055627203253, "height_m": 28.91, "crown_diameter_m": 10.2, "site_id": 2299 }, "geometry": { "type": "Point", "coordinates": [ -73.932896877375853, 40.840787955539767 ] } },
{ "type": "Feature", "properties": { "Height": 87.781501770019503, "Radius": 29.971161118826501, "height_m": 26.76, "crown_diameter_m": 18.27, "site_id": 2300 }, "geometry": { "type": "Point", "coordinates": [ -73.933081956453378, 40.840836422259827 ] } },
{ "type": "Feature", "properties": { "Height": 69.045753479003906, "Radius": 24.199392825164619, "height_m": 21.05, "crown_diameter_m": 14.75, "site_id": 2301 }, "geometry": { "type": "Point", "coordinates": [ -73.933603286298677, 40.840777133389956 ] } },
{ "type": "Feature", "properties": { "Height": 94.791748046875, "Radius": 32.178596298718048, "height_m": 28.89, "crown_diameter_m": 19.62, "site_id": 2302 }, "geometry": { "type": "Point", "coordinates": [ -73.932759974897124, 40.84084221518485 ] } },
{ "type": "Feature", "properties": { "Height": 11.962750434875501, "Radius": 8.5330760259441103, "height_m": 3.65, "crown_diameter_m": 5.2, "site_id": 2303 }, "geometry": { "type": "Point", "coordinates": [ -73.933958483988334, 40.840801462428338 ] } },
{ "type": "Feature", "properties": { "Height": 38.454750061035199, "Radius": 23.405369343855778, "height_m": 11.72, "crown_diameter_m": 14.27, "site_id": 2304 }, "geometry": { "type": "Point", "coordinates": [ -73.934250691539432, 40.840783913960038 ] } },
{ "type": "Feature", "properties": { "Height": 81.449501037597699, "Radius": 19.413369239820483, "height_m": 24.83, "crown_diameter_m": 11.83, "site_id": 2305 }, "geometry": { "type": "Point", "coordinates": [ -73.93324711973851, 40.840795739121262 ] } },
{ "type": "Feature", "properties": { "Height": 39.724998474121101, "Radius": 26.983955689361434, "height_m": 12.11, "crown_diameter_m": 16.45, "site_id": 2306 }, "geometry": { "type": "Point", "coordinates": [ -73.934121222530351, 40.840821158331828 ] } },
{ "type": "Feature", "properties": { "Height": 63.0052490234375, "Radius": 45.282145590999036, "height_m": 19.2, "crown_diameter_m": 27.6, "site_id": 2307 }, "geometry": { "type": "Point", "coordinates": [ -73.933800200804228, 40.840814619750731 ] } },
{ "type": "Feature", "properties": { "Height": 80.230003356933594, "Radius": 30.372060354223997, "height_m": 24.45, "crown_diameter_m": 18.51, "site_id": 2308 }, "geometry": { "type": "Point", "coordinates": [ -73.933317955611514, 40.840864651627896 ] } },
{ "type": "Feature", "properties": { "Height": 31.542749404907202, "Radius": 13.549362599639188, "height_m": 9.61, "crown_diameter_m": 8.26, "site_id": 2309 }, "geometry": { "type": "Point", "coordinates": [ -73.934332407233853, 40.840847030165897 ] } },
{ "type": "Feature", "properties": { "Height": 59.715999603271499, "Radius": 14.172280627406865, "height_m": 18.2, "crown_diameter_m": 8.64, "site_id": 2310 }, "geometry": { "type": "Point", "coordinates": [ -73.932514570747742, 40.840864406801138 ] } },
{ "type": "Feature", "properties": { "Height": 84.222503662109403, "Radius": 11.170383851240114, "height_m": 25.67, "crown_diameter_m": 6.81, "site_id": 2311 }, "geometry": { "type": "Point", "coordinates": [ -73.932941088965194, 40.840856572732505 ] } },
{ "type": "Feature", "properties": { "Height": 27.256250381469702, "Radius": 19.312680009150899, "height_m": 8.31, "crown_diameter_m": 11.77, "site_id": 2312 }, "geometry": { "type": "Point", "coordinates": [ -73.934025071496308, 40.840880608876098 ] } },
{ "type": "Feature", "properties": { "Height": 76.086746215820298, "Radius": 21.799923396021359, "height_m": 23.19, "crown_diameter_m": 13.29, "site_id": 2313 }, "geometry": { "type": "Point", "coordinates": [ -73.932616454525842, 40.840913010162602 ] } },
{ "type": "Feature", "properties": { "Height": 80.503250122070298, "Radius": 25.250241623123781, "height_m": 24.54, "crown_diameter_m": 15.39, "site_id": 2314 }, "geometry": { "type": "Point", "coordinates": [ -73.933492568554996, 40.840890856844396 ] } },
{ "type": "Feature", "properties": { "Height": 69.898750305175795, "Radius": 28.635053113438516, "height_m": 21.31, "crown_diameter_m": 17.46, "site_id": 2315 }, "geometry": { "type": "Point", "coordinates": [ -73.932438773887498, 40.840927008851381 ] } },
{ "type": "Feature", "properties": { "Height": 80.524749755859403, "Radius": 27.454650070310787, "height_m": 24.54, "crown_diameter_m": 16.74, "site_id": 2316 }, "geometry": { "type": "Point", "coordinates": [ -73.932972881727665, 40.840948378499604 ] } },
{ "type": "Feature", "properties": { "Height": 71.647750854492202, "Radius": 10.778826859036359, "height_m": 21.84, "crown_diameter_m": 6.57, "site_id": 2317 }, "geometry": { "type": "Point", "coordinates": [ -73.933139862425307, 40.840934293542894 ] } },
{ "type": "Feature", "properties": { "Height": 76.717002868652301, "Radius": 35.57974729186445, "height_m": 23.38, "crown_diameter_m": 21.69, "site_id": 2318 }, "geometry": { "type": "Point", "coordinates": [ -73.933290951484636, 40.841015304758947 ] } },
{ "type": "Feature", "properties": { "Height": 57.703498840332003, "Radius": 22.017855405509259, "height_m": 17.59, "crown_diameter_m": 13.42, "site_id": 2319 }, "geometry": { "type": "Point", "coordinates": [ -73.933800977724772, 40.840938268739791 ] } },
{ "type": "Feature", "properties": { "Height": 44.632499694824197, "Radius": 21.894626934314015, "height_m": 13.6, "crown_diameter_m": 13.35, "site_id": 2320 }, "geometry": { "type": "Point", "coordinates": [ -73.934283437520449, 40.840937633329254 ] } },
{ "type": "Feature", "properties": { "Height": 37.601249694824197, "Radius": 18.333991376950163, "height_m": 11.46, "crown_diameter_m": 11.18, "site_id": 2321 }, "geometry": { "type": "Point", "coordinates": [ -73.934158878079501, 40.840936778865498 ] } },
{ "type": "Feature", "properties": { "Height": 66.004997253417997, "Radius": 15.326861909850873, "height_m": 20.12, "crown_diameter_m": 9.34, "site_id": 2322 }, "geometry": { "type": "Point", "coordinates": [ -73.933457637902279, 40.840986129605227 ] } },
{ "type": "Feature", "properties": { "Height": 56.955501556396499, "Radius": 25.13811252951125, "height_m": 17.36, "crown_diameter_m": 15.32, "site_id": 2323 }, "geometry": { "type": "Point", "coordinates": [ -73.934758014836433, 40.84096578741817 ] } },
{ "type": "Feature", "properties": { "Height": 82.596748352050795, "Radius": 42.17104852987223, "height_m": 25.18, "crown_diameter_m": 25.71, "site_id": 2324 }, "geometry": { "type": "Point", "coordinates": [ -73.932694659342488, 40.841011031300447 ] } },
{ "type": "Feature", "properties": { "Height": 70.596000671386705, "Radius": 22.147585299739145, "height_m": 21.52, "crown_diameter_m": 13.5, "site_id": 2325 }, "geometry": { "type": "Point", "coordinates": [ -73.933142640077719, 40.841036255312417 ] } },
{ "type": "Feature", "properties": { "Height": 60.061000823974602, "Radius": 29.489364337911997, "height_m": 18.31, "crown_diameter_m": 17.98, "site_id": 2326 }, "geometry": { "type": "Point", "coordinates": [ -73.934434552696743, 40.840987549026707 ] } },
{ "type": "Feature", "properties": { "Height": 71.716499328613295, "Radius": 14.161046158239447, "height_m": 21.86, "crown_diameter_m": 8.63, "site_id": 2327 }, "geometry": { "type": "Point", "coordinates": [ -73.93305088001425, 40.841025967081279 ] } },
{ "type": "Feature", "properties": { "Height": 26.562749862670898, "Radius": 20.773748534958109, "height_m": 8.1, "crown_diameter_m": 12.66, "site_id": 2328 }, "geometry": { "type": "Point", "coordinates": [ -73.934052392354118, 40.840991223092175 ] } },
{ "type": "Feature", "properties": { "Height": 79.252998352050795, "Radius": 28.727999537089651, "height_m": 24.16, "crown_diameter_m": 17.51, "site_id": 2329 }, "geometry": { "type": "Point", "coordinates": [ -73.933620348462952, 40.840989016689399 ] } },
{ "type": "Feature", "properties": { "Height": 66.946250915527301, "Radius": 15.952703658124557, "height_m": 20.41, "crown_diameter_m": 9.72, "site_id": 2330 }, "geometry": { "type": "Point", "coordinates": [ -73.933457780210404, 40.841061975539219 ] } },
{ "type": "Feature", "properties": { "Height": 88.555252075195298, "Radius": 49.254429217581645, "height_m": 26.99, "crown_diameter_m": 30.03, "site_id": 2331 }, "geometry": { "type": "Point", "coordinates": [ -73.932389914157113, 40.841144804157643 ] } },
{ "type": "Feature", "properties": { "Height": 41.0685005187988, "Radius": 21.572414181094846, "height_m": 12.52, "crown_diameter_m": 13.15, "site_id": 2332 }, "geometry": { "type": "Point", "coordinates": [ -73.934216409017367, 40.841033091537916 ] } },
{ "type": "Feature", "properties": { "Height": 79.199752807617202, "Radius": 43.300401927627334, "height_m": 24.14, "crown_diameter_m": 26.4, "site_id": 2333 }, "geometry": { "type": "Point", "coordinates": [ -73.933034714950082, 40.841128516683447 ] } },
{ "type": "Feature", "properties": { "Height": 58.308750152587898, "Radius": 13.587484461319491, "height_m": 17.77, "crown_diameter_m": 8.28, "site_id": 2334 }, "geometry": { "type": "Point", "coordinates": [ -73.934362210494783, 40.841068018288794 ] } },
{ "type": "Feature", "properties": { "Height": 58.436000823974602, "Radius": 30.744450019845313, "height_m": 17.81, "crown_diameter_m": 18.74, "site_id": 2335 }, "geometry": { "type": "Point", "coordinates": [ -73.934600953062457, 40.841078703180287 ] } },
{ "type": "Feature", "properties": { "Height": 58.633251190185497, "Radius": 16.067025788709444, "height_m": 17.87, "crown_diameter_m": 9.79, "site_id": 2336 }, "geometry": { "type": "Point", "coordinates": [ -73.934476033810853, 40.841103401253463 ] } },
{ "type": "Feature", "properties": { "Height": 58.805000305175803, "Radius": 19.188667510879952, "height_m": 17.92, "crown_diameter_m": 11.7, "site_id": 2337 }, "geometry": { "type": "Point", "coordinates": [ -73.934411850308805, 40.841152824369537 ] } },
{ "type": "Feature", "properties": { "Height": 82.310501098632798, "Radius": 36.849830046555859, "height_m": 25.09, "crown_diameter_m": 22.46, "site_id": 2338 }, "geometry": { "type": "Point", "coordinates": [ -73.93271629187845, 40.841165618103688 ] } },
{ "type": "Feature", "properties": { "Height": 100.916999816895, "Radius": 56.402030127654129, "height_m": 30.76, "crown_diameter_m": 34.38, "site_id": 2339 }, "geometry": { "type": "Point", "coordinates": [ -73.933691683822445, 40.841156963705458 ] } },
{ "type": "Feature", "properties": { "Height": 57.084751129150398, "Radius": 39.164470685152139, "height_m": 17.4, "crown_diameter_m": 23.87, "site_id": 2340 }, "geometry": { "type": "Point", "coordinates": [ -73.934220663923853, 40.841166869450383 ] } },
{ "type": "Feature", "properties": { "Height": 37.964248657226598, "Radius": 24.729594999324348, "height_m": 11.57, "crown_diameter_m": 15.08, "site_id": 2341 }, "geometry": { "type": "Point", "coordinates": [ -73.934043070507258, 40.841137999974443 ] } },
{ "type": "Feature", "properties": { "Height": 87.541999816894503, "Radius": 21.945451870400738, "height_m": 26.68, "crown_diameter_m": 13.38, "site_id": 2342 }, "geometry": { "type": "Point", "coordinates": [ -73.933464473841383, 40.841188621178688 ] } },
{ "type": "Feature", "properties": { "Height": 57.0997505187988, "Radius": 28.974856769443189, "height_m": 17.4, "crown_diameter_m": 17.66, "site_id": 2343 }, "geometry": { "type": "Point", "coordinates": [ -73.933923044068294, 40.841192911796782 ] } },
{ "type": "Feature", "properties": { "Height": 78.524749755859403, "Radius": 15.27745803608259, "height_m": 23.93, "crown_diameter_m": 9.31, "site_id": 2344 }, "geometry": { "type": "Point", "coordinates": [ -73.933359856888671, 40.841188766096003 ] } },
{ "type": "Feature", "properties": { "Height": 47.371498107910199, "Radius": 20.216574731145414, "height_m": 14.44, "crown_diameter_m": 12.32, "site_id": 2345 }, "geometry": { "type": "Point", "coordinates": [ -73.933248908783483, 40.841240271392813 ] } },
{ "type": "Feature", "properties": { "Height": 96.708251953125, "Radius": 19.527806933913016, "height_m": 29.48, "crown_diameter_m": 11.9, "site_id": 2346 }, "geometry": { "type": "Point", "coordinates": [ -73.933768193717, 40.841246661677353 ] } },
{ "type": "Feature", "properties": { "Height": 45.597751617431598, "Radius": 21.454046131715138, "height_m": 13.9, "crown_diameter_m": 13.08, "site_id": 2347 }, "geometry": { "type": "Point", "coordinates": [ -73.934046998599342, 40.841300882547706 ] } },
{ "type": "Feature", "properties": { "Height": 81.228500366210895, "Radius": 16.583719174624104, "height_m": 24.76, "crown_diameter_m": 10.11, "site_id": 2348 }, "geometry": { "type": "Point", "coordinates": [ -73.932719517432673, 40.84128014472401 ] } },
{ "type": "Feature", "properties": { "Height": 67.012496948242202, "Radius": 14.787795366729421, "height_m": 20.43, "crown_diameter_m": 9.01, "site_id": 2349 }, "geometry": { "type": "Point", "coordinates": [ -73.933937921606883, 40.841304945286403 ] } },
{ "type": "Feature", "properties": { "Height": 60.106998443603501, "Radius": 14.228319915326999, "height_m": 18.32, "crown_diameter_m": 8.67, "site_id": 2350 }, "geometry": { "type": "Point", "coordinates": [ -73.933865267334696, 40.841320279574433 ] } },
{ "type": "Feature", "properties": { "Height": 44.163749694824197, "Radius": 14.814677401945806, "height_m": 13.46, "crown_diameter_m": 9.03, "site_id": 2351 }, "geometry": { "type": "Point", "coordinates": [ -73.934335441328329, 40.841321701730976 ] } },
{ "type": "Feature", "properties": { "Height": 80.738502502441406, "Radius": 24.547110105792814, "height_m": 24.61, "crown_diameter_m": 14.96, "site_id": 2352 }, "geometry": { "type": "Point", "coordinates": [ -73.932585273454734, 40.841293388238945 ] } },
{ "type": "Feature", "properties": { "Height": 29.552749633789102, "Radius": 15.212208493693998, "height_m": 9.01, "crown_diameter_m": 9.27, "site_id": 2353 }, "geometry": { "type": "Point", "coordinates": [ -73.933315966346356, 40.84132442435844 ] } },
{ "type": "Feature", "properties": { "Height": 41.833499908447301, "Radius": 21.068534269931927, "height_m": 12.75, "crown_diameter_m": 12.84, "site_id": 2354 }, "geometry": { "type": "Point", "coordinates": [ -73.934271353776879, 40.841321696745915 ] } },
{ "type": "Feature", "properties": { "Height": 67.614753723144503, "Radius": 26.882020368803211, "height_m": 20.61, "crown_diameter_m": 16.39, "site_id": 2355 }, "geometry": { "type": "Point", "coordinates": [ -73.933422647916871, 40.841325417095042 ] } },
{ "type": "Feature", "properties": { "Height": 79.153999328613295, "Radius": 16.214930341750197, "height_m": 24.13, "crown_diameter_m": 9.88, "site_id": 2356 }, "geometry": { "type": "Point", "coordinates": [ -73.933573262102925, 40.84134293207908 ] } },
{ "type": "Feature", "properties": { "Height": 78.077003479003906, "Radius": 28.248944841582372, "height_m": 23.8, "crown_diameter_m": 17.22, "site_id": 2357 }, "geometry": { "type": "Point", "coordinates": [ -73.932429106069335, 40.841336194558359 ] } },
{ "type": "Feature", "properties": { "Height": 80.543746948242202, "Radius": 42.293526755400897, "height_m": 24.55, "crown_diameter_m": 25.78, "site_id": 2358 }, "geometry": { "type": "Point", "coordinates": [ -73.932920310068852, 40.841327237705649 ] } },
{ "type": "Feature", "properties": { "Height": 45.616249084472699, "Radius": 19.099296572560576, "height_m": 13.9, "crown_diameter_m": 11.64, "site_id": 2359 }, "geometry": { "type": "Point", "coordinates": [ -73.934156518573204, 40.841315262961686 ] } },
{ "type": "Feature", "properties": { "Height": 33.768001556396499, "Radius": 12.2410938612944, "height_m": 10.29, "crown_diameter_m": 7.46, "site_id": 2360 }, "geometry": { "type": "Point", "coordinates": [ -73.933212218797451, 40.841351258464584 ] } },
{ "type": "Feature", "properties": { "Height": 59.21875, "Radius": 18.994848143360525, "height_m": 18.05, "crown_diameter_m": 11.58, "site_id": 2361 }, "geometry": { "type": "Point", "coordinates": [ -73.932137824765832, 40.841357675913585 ] } },
{ "type": "Feature", "properties": { "Height": 77.220748901367202, "Radius": 24.022818811521944, "height_m": 23.54, "crown_diameter_m": 14.64, "site_id": 2362 }, "geometry": { "type": "Point", "coordinates": [ -73.933644175484616, 40.841399253726088 ] } },
{ "type": "Feature", "properties": { "Height": 84.737503051757798, "Radius": 39.497300568352237, "height_m": 25.83, "crown_diameter_m": 24.08, "site_id": 2363 }, "geometry": { "type": "Point", "coordinates": [ -73.93271692243691, 40.841427302723801 ] } },
{ "type": "Feature", "properties": { "Height": 52.116001129150398, "Radius": 22.097225287486548, "height_m": 15.88, "crown_diameter_m": 13.47, "site_id": 2364 }, "geometry": { "type": "Point", "coordinates": [ -73.934129738966774, 40.841404957513149 ] } },
{ "type": "Feature", "properties": { "Height": 79.231498718261705, "Radius": 32.667015373785809, "height_m": 24.15, "crown_diameter_m": 19.91, "site_id": 2365 }, "geometry": { "type": "Point", "coordinates": [ -73.932246754949446, 40.841397830812248 ] } },
{ "type": "Feature", "properties": { "Height": 57.228748321533203, "Radius": 23.74963406702674, "height_m": 17.44, "crown_diameter_m": 14.48, "site_id": 2366 }, "geometry": { "type": "Point", "coordinates": [ -73.933897881290164, 40.841386668226235 ] } },
{ "type": "Feature", "properties": { "Height": 49.9070014953613, "Radius": 16.748450292473795, "height_m": 15.21, "crown_diameter_m": 10.21, "site_id": 2367 }, "geometry": { "type": "Point", "coordinates": [ -73.933309309747216, 40.841411857506884 ] } },
{ "type": "Feature", "properties": { "Height": 58.267749786377003, "Radius": 17.921346912535476, "height_m": 17.76, "crown_diameter_m": 10.92, "site_id": 2368 }, "geometry": { "type": "Point", "coordinates": [ -73.93351513198607, 40.841437499908331 ] } },
{ "type": "Feature", "properties": { "Height": 60.289501190185497, "Radius": 26.299950240967707, "height_m": 18.38, "crown_diameter_m": 16.03, "site_id": 2369 }, "geometry": { "type": "Point", "coordinates": [ -73.933358302436758, 40.841488192722395 ] } },
{ "type": "Feature", "properties": { "Height": 74.253501892089801, "Radius": 33.39935622330308, "height_m": 22.63, "crown_diameter_m": 20.36, "site_id": 2370 }, "geometry": { "type": "Point", "coordinates": [ -73.932459725094489, 40.841484621888561 ] } },
{ "type": "Feature", "properties": { "Height": 30.292249679565401, "Radius": 14.565491380022042, "height_m": 9.23, "crown_diameter_m": 8.88, "site_id": 2371 }, "geometry": { "type": "Point", "coordinates": [ -73.93316526005249, 40.84144708877384 ] } },
{ "type": "Feature", "properties": { "Height": 82.766746520996094, "Radius": 20.018794836487846, "height_m": 25.23, "crown_diameter_m": 12.2, "site_id": 2372 }, "geometry": { "type": "Point", "coordinates": [ -73.934027053118669, 40.841451848744008 ] } },
{ "type": "Feature", "properties": { "Height": 59.090000152587898, "Radius": 24.92192138291351, "height_m": 18.01, "crown_diameter_m": 15.19, "site_id": 2373 }, "geometry": { "type": "Point", "coordinates": [ -73.934317937426755, 40.841443144894136 ] } },
{ "type": "Feature", "properties": { "Height": 31.745000839233398, "Radius": 11.894904136170874, "height_m": 9.68, "crown_diameter_m": 7.25, "site_id": 2374 }, "geometry": { "type": "Point", "coordinates": [ -73.933087375980691, 40.841479307391921 ] } },
{ "type": "Feature", "properties": { "Height": 60.609249114990199, "Radius": 25.085825579106505, "height_m": 18.47, "crown_diameter_m": 15.29, "site_id": 2375 }, "geometry": { "type": "Point", "coordinates": [ -73.933503520637942, 40.841548473606196 ] } },
{ "type": "Feature", "properties": { "Height": 72.297996520996094, "Radius": 34.947890255167117, "height_m": 22.04, "crown_diameter_m": 21.3, "site_id": 2376 }, "geometry": { "type": "Point", "coordinates": [ -73.93372342290931, 40.841489497196584 ] } },
{ "type": "Feature", "properties": { "Height": 81.595001220703097, "Radius": 16.526036498377113, "height_m": 24.87, "crown_diameter_m": 10.07, "site_id": 2377 }, "geometry": { "type": "Point", "coordinates": [ -73.933993951931086, 40.841513064248574 ] } },
{ "type": "Feature", "properties": { "Height": 98.490753173828097, "Radius": 25.905150405797237, "height_m": 30.02, "crown_diameter_m": 15.79, "site_id": 2378 }, "geometry": { "type": "Point", "coordinates": [ -73.932061772616024, 40.84154744702203 ] } },
{ "type": "Feature", "properties": { "Height": 15.5150003433228, "Radius": 17.83231830967603, "height_m": 4.73, "crown_diameter_m": 10.87, "site_id": 2379 }, "geometry": { "type": "Point", "coordinates": [ -73.93286728170682, 40.84152004658862 ] } },
{ "type": "Feature", "properties": { "Height": 42.110500335693402, "Radius": 21.342479872990499, "height_m": 12.84, "crown_diameter_m": 13.01, "site_id": 2380 }, "geometry": { "type": "Point", "coordinates": [ -73.934444979841089, 40.841499061256819 ] } },
{ "type": "Feature", "properties": { "Height": 66.837997436523395, "Radius": 16.456066834783453, "height_m": 20.37, "crown_diameter_m": 10.03, "site_id": 2381 }, "geometry": { "type": "Point", "coordinates": [ -73.934308458470085, 40.84153821717571 ] } },
{ "type": "Feature", "properties": { "Height": 78.574501037597699, "Radius": 21.245315215562588, "height_m": 23.95, "crown_diameter_m": 12.95, "site_id": 2382 }, "geometry": { "type": "Point", "coordinates": [ -73.93227764560207, 40.841528322324208 ] } },
{ "type": "Feature", "properties": { "Height": 88.545501708984403, "Radius": 11.928307471060361, "height_m": 26.99, "crown_diameter_m": 7.27, "site_id": 2383 }, "geometry": { "type": "Point", "coordinates": [ -73.934065318824679, 40.841535864132666 ] } },
{ "type": "Feature", "properties": { "Height": 84.879249572753906, "Radius": 22.823543299404093, "height_m": 25.87, "crown_diameter_m": 13.91, "site_id": 2384 }, "geometry": { "type": "Point", "coordinates": [ -73.932699959009341, 40.841578834137358 ] } },
{ "type": "Feature", "properties": { "Height": 36.184249877929702, "Radius": 10.983598994121039, "height_m": 11.03, "crown_diameter_m": 6.7, "site_id": 2385 }, "geometry": { "type": "Point", "coordinates": [ -73.933215606058965, 40.841552420716553 ] } },
{ "type": "Feature", "properties": { "Height": 82.986000061035199, "Radius": 23.47496518539884, "height_m": 25.29, "crown_diameter_m": 14.31, "site_id": 2386 }, "geometry": { "type": "Point", "coordinates": [ -73.93417469582667, 40.84152257048833 ] } },
{ "type": "Feature", "properties": { "Height": 51.784999847412102, "Radius": 17.760774116241009, "height_m": 15.78, "crown_diameter_m": 10.83, "site_id": 2387 }, "geometry": { "type": "Point", "coordinates": [ -73.933597892947404, 40.841621253608949 ] } },
{ "type": "Feature", "properties": { "Height": 73.121246337890597, "Radius": 31.609725287178932, "height_m": 22.29, "crown_diameter_m": 19.27, "site_id": 2388 }, "geometry": { "type": "Point", "coordinates": [ -73.93382018757174, 40.841579584071852 ] } },
{ "type": "Feature", "properties": { "Height": 46.691749572753899, "Radius": 9.9014870067383072, "height_m": 14.23, "crown_diameter_m": 6.04, "site_id": 2389 }, "geometry": { "type": "Point", "coordinates": [ -73.934442130045852, 40.841584973896616 ] } },
{ "type": "Feature", "properties": { "Height": 38.388748168945298, "Radius": 19.372334805352949, "height_m": 11.7, "crown_diameter_m": 11.81, "site_id": 2390 }, "geometry": { "type": "Point", "coordinates": [ -73.933127842583431, 40.841566704820295 ] } },
{ "type": "Feature", "properties": { "Height": 84.154251098632798, "Radius": 35.143169441487601, "height_m": 25.65, "crown_diameter_m": 21.42, "site_id": 2391 }, "geometry": { "type": "Point", "coordinates": [ -73.933938058011194, 40.841665500163295 ] } },
{ "type": "Feature", "properties": { "Height": 51.876750946044901, "Radius": 20.410489056929432, "height_m": 15.81, "crown_diameter_m": 12.44, "site_id": 2392 }, "geometry": { "type": "Point", "coordinates": [ -73.933335246403345, 40.841587029245161 ] } },
{ "type": "Feature", "properties": { "Height": 77.700752258300795, "Radius": 15.967661658277217, "height_m": 23.68, "crown_diameter_m": 9.73, "site_id": 2393 }, "geometry": { "type": "Point", "coordinates": [ -73.934176872384413, 40.841617697135106 ] } },
{ "type": "Feature", "properties": { "Height": 71.699501037597699, "Radius": 16.953873516809161, "height_m": 21.85, "crown_diameter_m": 10.34, "site_id": 2394 }, "geometry": { "type": "Point", "coordinates": [ -73.934301388742085, 40.841601034259149 ] } },
{ "type": "Feature", "properties": { "Height": 49.290000915527301, "Radius": 14.614579488624488, "height_m": 15.02, "crown_diameter_m": 8.91, "site_id": 2395 }, "geometry": { "type": "Point", "coordinates": [ -73.933236276004919, 40.84161718625149 ] } },
{ "type": "Feature", "properties": { "Height": 52.437751770019503, "Radius": 30.953396540819394, "height_m": 15.98, "crown_diameter_m": 18.87, "site_id": 2396 }, "geometry": { "type": "Point", "coordinates": [ -73.933451873004572, 40.841686556970451 ] } },
{ "type": "Feature", "properties": { "Height": 56.319751739502003, "Radius": 27.432902661038753, "height_m": 17.17, "crown_diameter_m": 16.72, "site_id": 2397 }, "geometry": { "type": "Point", "coordinates": [ -73.933135644886249, 40.841675072899314 ] } },
{ "type": "Feature", "properties": { "Height": 73.625503540039105, "Radius": 12.678584010953838, "height_m": 22.44, "crown_diameter_m": 7.73, "site_id": 2398 }, "geometry": { "type": "Point", "coordinates": [ -73.934211104547259, 40.841681277979731 ] } },
{ "type": "Feature", "properties": { "Height": 69.280250549316406, "Radius": 15.212208493693998, "height_m": 21.12, "crown_diameter_m": 9.27, "site_id": 2399 }, "geometry": { "type": "Point", "coordinates": [ -73.934066981485671, 40.841698307759387 ] } },
{ "type": "Feature", "properties": { "Height": 81.512252807617202, "Radius": 38.839033852877755, "height_m": 24.84, "crown_diameter_m": 23.68, "site_id": 2400 }, "geometry": { "type": "Point", "coordinates": [ -73.932129528830515, 40.841709215498284 ] } },
{ "type": "Feature", "properties": { "Height": 87.867500305175795, "Radius": 48.561289025237102, "height_m": 26.78, "crown_diameter_m": 29.6, "site_id": 2401 }, "geometry": { "type": "Point", "coordinates": [ -73.93238153319308, 40.841654826933649 ] } },
{ "type": "Feature", "properties": { "Height": 77.029251098632798, "Radius": 25.058847299288789, "height_m": 23.48, "crown_diameter_m": 15.28, "site_id": 2402 }, "geometry": { "type": "Point", "coordinates": [ -73.933739319050787, 40.841728582782068 ] } },
{ "type": "Feature", "properties": { "Height": 74.191001892089801, "Radius": 14.884343478431232, "height_m": 22.61, "crown_diameter_m": 9.07, "site_id": 2403 }, "geometry": { "type": "Point", "coordinates": [ -73.933979449379052, 40.84171960028128 ] } },
{ "type": "Feature", "properties": { "Height": 70.908996582031307, "Radius": 24.045995680213696, "height_m": 21.61, "crown_diameter_m": 14.66, "site_id": 2404 }, "geometry": { "type": "Point", "coordinates": [ -73.934308126652851, 40.84169532694181 ] } },
{ "type": "Feature", "properties": { "Height": 75.154502868652301, "Radius": 14.093451279891857, "height_m": 22.91, "crown_diameter_m": 8.59, "site_id": 2405 }, "geometry": { "type": "Point", "coordinates": [ -73.934150478247588, 40.841705992540312 ] } },
{ "type": "Feature", "properties": { "Height": 70.665748596191406, "Radius": 16.602902199168756, "height_m": 21.54, "crown_diameter_m": 10.12, "site_id": 2406 }, "geometry": { "type": "Point", "coordinates": [ -73.93363825895365, 40.841697331597857 ] } },
{ "type": "Feature", "properties": { "Height": 54.378749847412102, "Radius": 15.794789435017677, "height_m": 16.57, "crown_diameter_m": 9.63, "site_id": 2407 }, "geometry": { "type": "Point", "coordinates": [ -73.933614559710392, 40.8417614060631 ] } },
{ "type": "Feature", "properties": { "Height": 29.4092502593994, "Radius": 17.677690198692151, "height_m": 8.96, "crown_diameter_m": 10.78, "site_id": 2408 }, "geometry": { "type": "Point", "coordinates": [ -73.933078425112299, 40.841777287119292 ] } },
{ "type": "Feature", "properties": { "Height": 57.459751129150398, "Radius": 12.843835039222105, "height_m": 17.51, "crown_diameter_m": 7.83, "site_id": 2409 }, "geometry": { "type": "Point", "coordinates": [ -73.933958428208967, 40.84178570696173 ] } },
{ "type": "Feature", "properties": { "Height": 69.604248046875, "Radius": 16.079403131111054, "height_m": 21.22, "crown_diameter_m": 9.8, "site_id": 2410 }, "geometry": { "type": "Point", "coordinates": [ -73.93415205163312, 40.841767175649181 ] } },
{ "type": "Feature", "properties": { "Height": 27.844875335693398, "Radius": 17.994463918674018, "height_m": 8.49, "crown_diameter_m": 10.97, "site_id": 2411 }, "geometry": { "type": "Point", "coordinates": [ -73.932939420464564, 40.8417754198084 ] } },
{ "type": "Feature", "properties": { "Height": 55.7700004577637, "Radius": 12.681721886020062, "height_m": 17.0, "crown_diameter_m": 7.73, "site_id": 2412 }, "geometry": { "type": "Point", "coordinates": [ -73.93405154775003, 40.841773841312218 ] } },
{ "type": "Feature", "properties": { "Height": 47.2752494812012, "Radius": 15.67594437773643, "height_m": 14.41, "crown_diameter_m": 9.56, "site_id": 2413 }, "geometry": { "type": "Point", "coordinates": [ -73.933174148782115, 40.841792470002645 ] } },
{ "type": "Feature", "properties": { "Height": 75.941497802734403, "Radius": 36.433937515151349, "height_m": 23.15, "crown_diameter_m": 22.21, "site_id": 2414 }, "geometry": { "type": "Point", "coordinates": [ -73.932316192885636, 40.841828762101905 ] } },
{ "type": "Feature", "properties": { "Height": 34.605998992919901, "Radius": 16.634027430699401, "height_m": 10.55, "crown_diameter_m": 10.14, "site_id": 2415 }, "geometry": { "type": "Point", "coordinates": [ -73.93331702043325, 40.841747937751251 ] } },
{ "type": "Feature", "properties": { "Height": 119.40625, "Radius": 35.409358108810039, "height_m": 36.4, "crown_diameter_m": 21.59, "site_id": 2416 }, "geometry": { "type": "Point", "coordinates": [ -73.931899542778453, 40.841820792430823 ] } },
{ "type": "Feature", "properties": { "Height": 52.647750854492202, "Radius": 19.503341098120341, "height_m": 16.05, "crown_diameter_m": 11.89, "site_id": 2417 }, "geometry": { "type": "Point", "coordinates": [ -73.932076762776617, 40.841838838353333 ] } },
{ "type": "Feature", "properties": { "Height": 23.4262504577637, "Radius": 10.464157913908982, "height_m": 7.14, "crown_diameter_m": 6.38, "site_id": 2418 }, "geometry": { "type": "Point", "coordinates": [ -73.932894387977399, 40.84184997066523 ] } },
{ "type": "Feature", "properties": { "Height": 33.604251861572301, "Radius": 12.02134303343187, "height_m": 10.24, "crown_diameter_m": 7.33, "site_id": 2419 }, "geometry": { "type": "Point", "coordinates": [ -73.932944087938765, 40.841863242222125 ] } },
{ "type": "Feature", "properties": { "Height": 43.317501068115199, "Radius": 20.671986411608803, "height_m": 13.2, "crown_diameter_m": 12.6, "site_id": 2420 }, "geometry": { "type": "Point", "coordinates": [ -73.933255285994349, 40.841849736121056 ] } },
{ "type": "Feature", "properties": { "Height": 56.502250671386697, "Radius": 22.790396152335756, "height_m": 17.22, "crown_diameter_m": 13.89, "site_id": 2421 }, "geometry": { "type": "Point", "coordinates": [ -73.933828088215449, 40.841879892287743 ] } },
{ "type": "Feature", "properties": { "Height": 35.069248199462898, "Radius": 14.595509286369625, "height_m": 10.69, "crown_diameter_m": 8.9, "site_id": 2422 }, "geometry": { "type": "Point", "coordinates": [ -73.933152943083613, 40.841867932553477 ] } },
{ "type": "Feature", "properties": { "Height": 47.670249938964801, "Radius": 32.808000245831629, "height_m": 14.53, "crown_diameter_m": 20.0, "site_id": 2423 }, "geometry": { "type": "Point", "coordinates": [ -73.933380553882145, 40.841887249245943 ] } },
{ "type": "Feature", "properties": { "Height": 54.048999786377003, "Radius": 18.686517737224836, "height_m": 16.47, "crown_diameter_m": 11.39, "site_id": 2424 }, "geometry": { "type": "Point", "coordinates": [ -73.933049927896192, 40.84191784657682 ] } },
{ "type": "Feature", "properties": { "Height": 47.237751007080099, "Radius": 30.263131365116724, "height_m": 14.4, "crown_diameter_m": 18.45, "site_id": 2425 }, "geometry": { "type": "Point", "coordinates": [ -73.933529317758641, 40.841975408708031 ] } },
{ "type": "Feature", "properties": { "Height": 31.4783744812012, "Radius": 12.890219570974683, "height_m": 9.59, "crown_diameter_m": 7.86, "site_id": 2426 }, "geometry": { "type": "Point", "coordinates": [ -73.932109543431707, 40.84191582640895 ] } },
{ "type": "Feature", "properties": { "Height": 61.382999420166001, "Radius": 27.724335838073895, "height_m": 18.71, "crown_diameter_m": 16.9, "site_id": 2427 }, "geometry": { "type": "Point", "coordinates": [ -73.932283908780235, 40.841939395758786 ] } },
{ "type": "Feature", "properties": { "Height": 52.940250396728501, "Radius": 28.260210622625074, "height_m": 16.14, "crown_diameter_m": 17.23, "site_id": 2428 }, "geometry": { "type": "Point", "coordinates": [ -73.933112802189896, 40.842013011154513 ] } },
{ "type": "Feature", "properties": { "Height": 77.680496215820298, "Radius": 23.863285322494921, "height_m": 23.68, "crown_diameter_m": 14.55, "site_id": 2429 }, "geometry": { "type": "Point", "coordinates": [ -73.932093408013827, 40.842023709503167 ] } },
{ "type": "Feature", "properties": { "Height": 104.421249389648, "Radius": 43.15589350322108, "height_m": 31.83, "crown_diameter_m": 26.31, "site_id": 2430 }, "geometry": { "type": "Point", "coordinates": [ -73.931878505140503, 40.842010935357678 ] } },
{ "type": "Feature", "properties": { "Height": 44.884250640869098, "Radius": 20.072387462310832, "height_m": 13.68, "crown_diameter_m": 12.24, "site_id": 2431 }, "geometry": { "type": "Point", "coordinates": [ -73.933675557238246, 40.842013960157217 ] } },
{ "type": "Feature", "properties": { "Height": 73.548248291015597, "Radius": 20.97199764529962, "height_m": 22.42, "crown_diameter_m": 12.78, "site_id": 2432 }, "geometry": { "type": "Point", "coordinates": [ -73.932208632416419, 40.842058805565337 ] } },
{ "type": "Feature", "properties": { "Height": 36.710750579833999, "Radius": 12.001467556018525, "height_m": 11.19, "crown_diameter_m": 7.32, "site_id": 2433 }, "geometry": { "type": "Point", "coordinates": [ -73.933772888039954, 40.842044653561331 ] } },
{ "type": "Feature", "properties": { "Height": 57.426750183105497, "Radius": 23.692603999668648, "height_m": 17.5, "crown_diameter_m": 14.44, "site_id": 2434 }, "geometry": { "type": "Point", "coordinates": [ -73.932991223251008, 40.842108328930131 ] } },
{ "type": "Feature", "properties": { "Height": 81.552253723144503, "Radius": 29.291710400869519, "height_m": 24.86, "crown_diameter_m": 17.86, "site_id": 2435 }, "geometry": { "type": "Point", "coordinates": [ -73.931925320331203, 40.842134067618623 ] } },
{ "type": "Feature", "properties": { "Height": 29.906499862670898, "Radius": 15.070305364926574, "height_m": 9.12, "crown_diameter_m": 9.19, "site_id": 2436 }, "geometry": { "type": "Point", "coordinates": [ -73.933724763143445, 40.842108044051564 ] } },
{ "type": "Feature", "properties": { "Height": 41.228748321533203, "Radius": 18.952907601695518, "height_m": 12.57, "crown_diameter_m": 11.55, "site_id": 2437 }, "geometry": { "type": "Point", "coordinates": [ -73.933104366246837, 40.842120879041126 ] } },
{ "type": "Feature", "properties": { "Height": 60.293750762939503, "Radius": 18.603290670021966, "height_m": 18.38, "crown_diameter_m": 11.34, "site_id": 2438 }, "geometry": { "type": "Point", "coordinates": [ -73.932088687209685, 40.842139053596696 ] } },
{ "type": "Feature", "properties": { "Height": 42.871250152587898, "Radius": 28.267249455736945, "height_m": 13.07, "crown_diameter_m": 17.23, "site_id": 2439 }, "geometry": { "type": "Point", "coordinates": [ -73.933881996990252, 40.842123005031823 ] } },
{ "type": "Feature", "properties": { "Height": 52.300998687744098, "Radius": 15.138795132120961, "height_m": 15.94, "crown_diameter_m": 9.23, "site_id": 2440 }, "geometry": { "type": "Point", "coordinates": [ -73.932922434780309, 40.842152880468795 ] } },
{ "type": "Feature", "properties": { "Height": 61.655750274658203, "Radius": 19.163768710369798, "height_m": 18.79, "crown_diameter_m": 11.68, "site_id": 2441 }, "geometry": { "type": "Point", "coordinates": [ -73.932232039042788, 40.84215420946213 ] } },
{ "type": "Feature", "properties": { "Height": 46.861251831054702, "Radius": 14.272992929222172, "height_m": 14.28, "crown_diameter_m": 8.7, "site_id": 2442 }, "geometry": { "type": "Point", "coordinates": [ -73.932910738810065, 40.841966889407843 ] } },
{ "type": "Feature", "properties": { "Height": 48.562999725341797, "Radius": 16.660318747018781, "height_m": 14.8, "crown_diameter_m": 10.16, "site_id": 2443 }, "geometry": { "type": "Point", "coordinates": [ -73.932844893386346, 40.841969213984981 ] } },
{ "type": "Feature", "properties": { "Height": 37.659500122070298, "Radius": 15.892730875681433, "height_m": 11.48, "crown_diameter_m": 9.69, "site_id": 2444 }, "geometry": { "type": "Point", "coordinates": [ -73.932820672845452, 40.842053145656678 ] } },
{ "type": "Feature", "properties": { "Height": 37.940250396728501, "Radius": 23.197044264166465, "height_m": 11.56, "crown_diameter_m": 14.14, "site_id": 2445 }, "geometry": { "type": "Point", "coordinates": [ -73.932511199748305, 40.842116178719216 ] } },
{ "type": "Feature", "properties": { "Height": 38.915000915527301, "Radius": 22.16554328963495, "height_m": 11.86, "crown_diameter_m": 13.51, "site_id": 2446 }, "geometry": { "type": "Point", "coordinates": [ -73.932390114649849, 40.842103731430498 ] } },
{ "type": "Feature", "properties": { "Height": 60.3585014343262, "Radius": 30.876173809597155, "height_m": 18.4, "crown_diameter_m": 18.82, "site_id": 2447 }, "geometry": { "type": "Point", "coordinates": [ -73.932682388590507, 40.842121554744381 ] } },
{ "type": "Feature", "properties": { "Height": 43.866748809814503, "Radius": 14.272992929222172, "height_m": 13.37, "crown_diameter_m": 8.7, "site_id": 2448 }, "geometry": { "type": "Point", "coordinates": [ -73.927136101691559, 40.842123014741318 ] } },
{ "type": "Feature", "properties": { "Height": 71.412498474121094, "Radius": 23.441041807581179, "height_m": 21.77, "crown_diameter_m": 14.29, "site_id": 2449 }, "geometry": { "type": "Point", "coordinates": [ -73.927300164905859, 40.842134971455643 ] } },
{ "type": "Feature", "properties": { "Height": 60.814498901367202, "Radius": 29.14600330667983, "height_m": 18.54, "crown_diameter_m": 17.77, "site_id": 2450 }, "geometry": { "type": "Point", "coordinates": [ -73.926994096135076, 40.842119360796772 ] } },
{ "type": "Feature", "properties": { "Height": 60.641250610351598, "Radius": 12.32854292496725, "height_m": 18.48, "crown_diameter_m": 7.52, "site_id": 2451 }, "geometry": { "type": "Point", "coordinates": [ -73.927170355942323, 40.842173509919569 ] } },
{ "type": "Feature", "properties": { "Height": 27.580499649047901, "Radius": 2.1110041228223762, "height_m": 8.41, "crown_diameter_m": 1.29, "site_id": 2452 }, "geometry": { "type": "Point", "coordinates": [ -73.926665268880342, 40.842187143942965 ] } },
{ "type": "Feature", "properties": { "Height": 43.490501403808601, "Radius": 24.540625596339879, "height_m": 13.26, "crown_diameter_m": 14.96, "site_id": 2453 }, "geometry": { "type": "Point", "coordinates": [ -73.926602838924865, 40.841848990636272 ] } },
{ "type": "Feature", "properties": { "Height": 43.183998107910199, "Radius": 20.230346911528947, "height_m": 13.16, "crown_diameter_m": 12.33, "site_id": 2454 }, "geometry": { "type": "Point", "coordinates": [ -73.926526868350692, 40.84191681154546 ] } },
{ "type": "Feature", "properties": { "Height": 65.457252502441406, "Radius": 12.877866698399815, "height_m": 19.95, "crown_diameter_m": 7.85, "site_id": 2455 }, "geometry": { "type": "Point", "coordinates": [ -73.926612152169653, 40.842074308076199 ] } },
{ "type": "Feature", "properties": { "Height": 75.198997497558594, "Radius": 41.763369372502517, "height_m": 22.92, "crown_diameter_m": 25.46, "site_id": 2456 }, "geometry": { "type": "Point", "coordinates": [ -73.926449661841616, 40.842059919153733 ] } },
{ "type": "Feature", "properties": { "Height": 76.605003356933594, "Radius": 17.733870630789692, "height_m": 23.35, "crown_diameter_m": 10.81, "site_id": 2457 }, "geometry": { "type": "Point", "coordinates": [ -73.926580028128825, 40.842151536443922 ] } },
{ "type": "Feature", "properties": { "Height": 66.051002502441406, "Radius": 29.035215404018786, "height_m": 20.13, "crown_diameter_m": 17.7, "site_id": 2458 }, "geometry": { "type": "Point", "coordinates": [ -73.934745408399223, 40.84205836855422 ] } },
{ "type": "Feature", "properties": { "Height": 13.3579998016357, "Radius": 11.290841838260253, "height_m": 4.07, "crown_diameter_m": 6.88, "site_id": 2459 }, "geometry": { "type": "Point", "coordinates": [ -73.926733632308711, 40.842117859314932 ] } },
{ "type": "Feature", "properties": { "Height": 9.3645000457763707, "Radius": 2.8768136958757959, "height_m": 2.85, "crown_diameter_m": 1.75, "site_id": 2460 }, "geometry": { "type": "Point", "coordinates": [ -73.932810815069573, 40.84211370168282 ] } },
{ "type": "Feature", "properties": { "Height": 49.279251098632798, "Radius": 15.238341837978147, "height_m": 15.02, "crown_diameter_m": 9.29, "site_id": 2461 }, "geometry": { "type": "Point", "coordinates": [ -73.9340886019057, 40.84197866976394 ] } },
{ "type": "Feature", "properties": { "Height": 50.004501342773402, "Radius": 22.558766157224454, "height_m": 15.24, "crown_diameter_m": 13.75, "site_id": 2462 }, "geometry": { "type": "Point", "coordinates": [ -73.934041488095005, 40.842051139736753 ] } },
{ "type": "Feature", "properties": { "Height": 24.588249206543001, "Radius": 10.903611442528838, "height_m": 7.49, "crown_diameter_m": 6.65, "site_id": 2463 }, "geometry": { "type": "Point", "coordinates": [ -73.926814154479061, 40.842078509352795 ] } },
{ "type": "Feature", "properties": { "Height": 12.987999916076699, "Radius": 4.7539459314393913, "height_m": 3.96, "crown_diameter_m": 2.9, "site_id": 2464 }, "geometry": { "type": "Point", "coordinates": [ -73.934588126209036, 40.84202861902363 ] } },
{ "type": "Feature", "properties": { "Height": 28.256626129150401, "Radius": 15.041235042546514, "height_m": 8.61, "crown_diameter_m": 9.17, "site_id": 2465 }, "geometry": { "type": "Point", "coordinates": [ -73.93251970817802, 40.841957670782634 ] } },
{ "type": "Feature", "properties": { "Height": 12.299750328064, "Radius": 4.4781159910813848, "height_m": 3.75, "crown_diameter_m": 2.73, "site_id": 2466 }, "geometry": { "type": "Point", "coordinates": [ -73.934664792764394, 40.841974336622798 ] } },
{ "type": "Feature", "properties": { "Height": 12.22962474823, "Radius": 4.8697111331877174, "height_m": 3.73, "crown_diameter_m": 2.97, "site_id": 2467 }, "geometry": { "type": "Point", "coordinates": [ -73.932689971216277, 40.841975277654321 ] } },
{ "type": "Feature", "properties": { "Height": 15.75, "Radius": 5.0146267067967747, "height_m": 4.8, "crown_diameter_m": 3.06, "site_id": 2468 }, "geometry": { "type": "Point", "coordinates": [ -73.932616438742357, 40.841951716540123 ] } },
{ "type": "Feature", "properties": { "Height": 9.3970003128051793, "Radius": 2.2567583341910251, "height_m": 2.86, "crown_diameter_m": 1.38, "site_id": 2469 }, "geometry": { "type": "Point", "coordinates": [ -73.926758540418135, 40.841936604945431 ] } },
{ "type": "Feature", "properties": { "Height": 8.6327495574951207, "Radius": 3.9088200952233594, "height_m": 2.63, "crown_diameter_m": 2.38, "site_id": 2470 }, "geometry": { "type": "Point", "coordinates": [ -73.932762992170595, 40.841930132593724 ] } },
{ "type": "Feature", "properties": { "Height": 9.3660001754760707, "Radius": 3.325848545091421, "height_m": 2.85, "crown_diameter_m": 2.03, "site_id": 2471 }, "geometry": { "type": "Point", "coordinates": [ -73.932679294059469, 40.841913901010841 ] } },
{ "type": "Feature", "properties": { "Height": 21.893749237060501, "Radius": 14.63634358033765, "height_m": 6.67, "crown_diameter_m": 8.92, "site_id": 2472 }, "geometry": { "type": "Point", "coordinates": [ -73.932643918281826, 40.84186859725672 ] } },
{ "type": "Feature", "properties": { "Height": 17.769750595092798, "Radius": 6.3015203166718337, "height_m": 5.42, "crown_diameter_m": 3.84, "site_id": 2473 }, "geometry": { "type": "Point", "coordinates": [ -73.932748360628892, 40.841899133590331 ] } },
{ "type": "Feature", "properties": { "Height": 9.7147502899169904, "Radius": 2.1850968611841584, "height_m": 2.96, "crown_diameter_m": 1.33, "site_id": 2474 }, "geometry": { "type": "Point", "coordinates": [ -73.932845600665644, 40.841841783802899 ] } },
{ "type": "Feature", "properties": { "Height": 53.015998840332003, "Radius": 25.696962055625832, "height_m": 16.16, "crown_diameter_m": 15.66, "site_id": 2475 }, "geometry": { "type": "Point", "coordinates": [ -73.934444931134095, 40.841718150332589 ] } },
{ "type": "Feature", "properties": { "Height": 9.3778753280639595, "Radius": 3.9694255713009206, "height_m": 2.86, "crown_diameter_m": 2.42, "site_id": 2476 }, "geometry": { "type": "Point", "coordinates": [ -73.932822164848588, 40.841782743726277 ] } },
{ "type": "Feature", "properties": { "Height": 8.0741252899169904, "Radius": 2.2567583341910251, "height_m": 2.46, "crown_diameter_m": 1.38, "site_id": 2477 }, "geometry": { "type": "Point", "coordinates": [ -73.932793626797178, 40.841773044998888 ] } },
{ "type": "Feature", "properties": { "Height": 11.4112501144409, "Radius": 3.5233628199729643, "height_m": 3.48, "crown_diameter_m": 2.15, "site_id": 2478 }, "geometry": { "type": "Point", "coordinates": [ -73.93283507091293, 40.841752905294804 ] } },
{ "type": "Feature", "properties": { "Height": 9.4860000610351598, "Radius": 3.5233628199729643, "height_m": 2.89, "crown_diameter_m": 2.15, "site_id": 2479 }, "geometry": { "type": "Point", "coordinates": [ -73.932974866231973, 40.841716100608835 ] } },
{ "type": "Feature", "properties": { "Height": 10.8424997329712, "Radius": 3.601545204768291, "height_m": 3.3, "crown_diameter_m": 2.2, "site_id": 2480 }, "geometry": { "type": "Point", "coordinates": [ -73.933037191357656, 40.8415166442363 ] } },
{ "type": "Feature", "properties": { "Height": 8.6724996566772496, "Radius": 3.1030427095126596, "height_m": 2.64, "crown_diameter_m": 1.89, "site_id": 2481 }, "geometry": { "type": "Point", "coordinates": [ -73.933070201097252, 40.841272596398632 ] } },
{ "type": "Feature", "properties": { "Height": 11.242500305175801, "Radius": 3.2410224072142872, "height_m": 3.43, "crown_diameter_m": 1.98, "site_id": 2482 }, "geometry": { "type": "Point", "coordinates": [ -73.933974060334592, 40.840745791139433 ] } },
{ "type": "Feature", "properties": { "Height": 19.964500427246101, "Radius": 16.688952945311364, "height_m": 6.09, "crown_diameter_m": 10.17, "site_id": 2483 }, "geometry": { "type": "Point", "coordinates": [ -73.934626372449031, 40.840467168234724 ] } },
{ "type": "Feature", "properties": { "Height": 28.108749389648398, "Radius": 12.23784300640736, "height_m": 8.57, "crown_diameter_m": 7.46, "site_id": 2484 }, "geometry": { "type": "Point", "coordinates": [ -73.934554339292006, 40.840493439802856 ] } },
{ "type": "Feature", "properties": { "Height": 25.4917507171631, "Radius": 20.275532496246939, "height_m": 7.77, "crown_diameter_m": 12.36, "site_id": 2485 }, "geometry": { "type": "Point", "coordinates": [ -73.934564846026177, 40.840586154260727 ] } },
{ "type": "Feature", "properties": { "Height": 31.765750885009801, "Radius": 13.505242122350568, "height_m": 9.68, "crown_diameter_m": 8.23, "site_id": 2486 }, "geometry": { "type": "Point", "coordinates": [ -73.934445491512278, 40.84061281493284 ] } },
{ "type": "Feature", "properties": { "Height": 12.9212503433228, "Radius": 4.2688688178511667, "height_m": 3.94, "crown_diameter_m": 2.6, "site_id": 2487 }, "geometry": { "type": "Point", "coordinates": [ -73.933614006221703, 40.84028064081383 ] } },
{ "type": "Feature", "properties": { "Height": 9.6412496566772496, "Radius": 2.4592453796829674, "height_m": 2.94, "crown_diameter_m": 1.5, "site_id": 2488 }, "geometry": { "type": "Point", "coordinates": [ -73.933616327453308, 40.840239445475042 ] } },
{ "type": "Feature", "properties": { "Height": 9.8159999847412092, "Radius": 2.5231325220201604, "height_m": 2.99, "crown_diameter_m": 1.54, "site_id": 2489 }, "geometry": { "type": "Point", "coordinates": [ -73.933803412872066, 40.839598035125093 ] } },
{ "type": "Feature", "properties": { "Height": 7.78049993515015, "Radius": 2.326213245840639, "height_m": 2.37, "crown_diameter_m": 1.42, "site_id": 2490 }, "geometry": { "type": "Point", "coordinates": [ -73.933812869162651, 40.839581014920306 ] } },
{ "type": "Feature", "properties": { "Height": 34.756248474121101, "Radius": 11.994835078277376, "height_m": 10.59, "crown_diameter_m": 7.31, "site_id": 2491 }, "geometry": { "type": "Point", "coordinates": [ -73.93462247892252, 40.837146394831443 ] } },
{ "type": "Feature", "properties": { "Height": 68.009246826171903, "Radius": 28.224990126596722, "height_m": 20.73, "crown_diameter_m": 17.21, "site_id": 2492 }, "geometry": { "type": "Point", "coordinates": [ -73.94058553204232, 40.830716288222831 ] } },
{ "type": "Feature", "properties": { "Height": 68.710624694824205, "Radius": 23.771403522883844, "height_m": 20.94, "crown_diameter_m": 14.49, "site_id": 2493 }, "geometry": { "type": "Point", "coordinates": [ -73.940743304443458, 40.830855471537177 ] } },
{ "type": "Feature", "properties": { "Height": 55.972000122070298, "Radius": 13.104510047924535, "height_m": 17.06, "crown_diameter_m": 7.99, "site_id": 2494 }, "geometry": { "type": "Point", "coordinates": [ -73.940645049022748, 40.830862002726512 ] } },
{ "type": "Feature", "properties": { "Height": 61.814250946044901, "Radius": 14.841510746523857, "height_m": 18.84, "crown_diameter_m": 9.05, "site_id": 2495 }, "geometry": { "type": "Point", "coordinates": [ -73.940849642669988, 40.830906523850373 ] } },
{ "type": "Feature", "properties": { "Height": 68.748374938964801, "Radius": 19.766774782209744, "height_m": 20.95, "crown_diameter_m": 12.05, "site_id": 2496 }, "geometry": { "type": "Point", "coordinates": [ -73.940083274077821, 40.831022710797612 ] } },
{ "type": "Feature", "properties": { "Height": 68.460502624511705, "Radius": 31.690182879085121, "height_m": 20.87, "crown_diameter_m": 19.32, "site_id": 2497 }, "geometry": { "type": "Point", "coordinates": [ -73.940753301032643, 40.831049763832873 ] } },
{ "type": "Feature", "properties": { "Height": 87.776748657226605, "Radius": 52.089091658720946, "height_m": 26.75, "crown_diameter_m": 31.75, "site_id": 2498 }, "geometry": { "type": "Point", "coordinates": [ -73.940206372712652, 40.83117340585467 ] } },
{ "type": "Feature", "properties": { "Height": 72.409751892089801, "Radius": 19.372334805352949, "height_m": 22.07, "crown_diameter_m": 11.81, "site_id": 2499 }, "geometry": { "type": "Point", "coordinates": [ -73.94060481552259, 40.831189684679543 ] } },
{ "type": "Feature", "properties": { "Height": 68.802749633789105, "Radius": 12.126795430653198, "height_m": 20.97, "crown_diameter_m": 7.39, "site_id": 2500 }, "geometry": { "type": "Point", "coordinates": [ -73.94004445239986, 40.831276359104002 ] } },
{ "type": "Feature", "properties": { "Height": 69.235252380371094, "Radius": 22.917489221187704, "height_m": 21.1, "crown_diameter_m": 13.97, "site_id": 2501 }, "geometry": { "type": "Point", "coordinates": [ -73.939952349526962, 40.831295777180593 ] } },
{ "type": "Feature", "properties": { "Height": 66.060997009277301, "Radius": 16.669868944849245, "height_m": 20.14, "crown_diameter_m": 10.16, "site_id": 2502 }, "geometry": { "type": "Point", "coordinates": [ -73.939835430327463, 40.831336496050561 ] } },
{ "type": "Feature", "properties": { "Height": 77.488502502441406, "Radius": 21.690136278494027, "height_m": 23.62, "crown_diameter_m": 13.22, "site_id": 2503 }, "geometry": { "type": "Point", "coordinates": [ -73.94012079157929, 40.831352400523947 ] } },
{ "type": "Feature", "properties": { "Height": 57.6622505187988, "Radius": 12.322086499845234, "height_m": 17.58, "crown_diameter_m": 7.51, "site_id": 2504 }, "geometry": { "type": "Point", "coordinates": [ -73.939877105437972, 40.831392288126438 ] } },
{ "type": "Feature", "properties": { "Height": 59.897251129150398, "Radius": 15.797308339337176, "height_m": 18.26, "crown_diameter_m": 9.63, "site_id": 2505 }, "geometry": { "type": "Point", "coordinates": [ -73.939998070865457, 40.831393789215582 ] } },
{ "type": "Feature", "properties": { "Height": 58.1015014648438, "Radius": 22.821799912982925, "height_m": 17.71, "crown_diameter_m": 13.91, "site_id": 2506 }, "geometry": { "type": "Point", "coordinates": [ -73.939923736035681, 40.831467998110035 ] } },
{ "type": "Feature", "properties": { "Height": 54.875, "Radius": 18.403307281560924, "height_m": 16.73, "crown_diameter_m": 11.22, "site_id": 2507 }, "geometry": { "type": "Point", "coordinates": [ -73.939799839740274, 40.831449510281232 ] } },
{ "type": "Feature", "properties": { "Height": 52.378623962402301, "Radius": 23.936536824085962, "height_m": 15.97, "crown_diameter_m": 14.59, "site_id": 2508 }, "geometry": { "type": "Point", "coordinates": [ -73.939670443368186, 40.831537325548197 ] } },
{ "type": "Feature", "properties": { "Height": 43.212501525878899, "Radius": 10.929125527253653, "height_m": 13.17, "crown_diameter_m": 6.66, "site_id": 2509 }, "geometry": { "type": "Point", "coordinates": [ -73.940030252362376, 40.831487575372975 ] } },
{ "type": "Feature", "properties": { "Height": 72.519996643066406, "Radius": 21.770700965464211, "height_m": 22.1, "crown_diameter_m": 13.27, "site_id": 2510 }, "geometry": { "type": "Point", "coordinates": [ -73.940125018573752, 40.831532334175904 ] } },
{ "type": "Feature", "properties": { "Height": 47.442249298095703, "Radius": 16.803001786735081, "height_m": 14.46, "crown_diameter_m": 10.24, "site_id": 2511 }, "geometry": { "type": "Point", "coordinates": [ -73.939821376364549, 40.831550619165249 ] } },
{ "type": "Feature", "properties": { "Height": 42.479251861572301, "Radius": 11.521077316754745, "height_m": 12.95, "crown_diameter_m": 7.02, "site_id": 2512 }, "geometry": { "type": "Point", "coordinates": [ -73.939744115204661, 40.831556756217751 ] } },
{ "type": "Feature", "properties": { "Height": 42.048751831054702, "Radius": 14.194722891072566, "height_m": 12.82, "crown_diameter_m": 8.65, "site_id": 2513 }, "geometry": { "type": "Point", "coordinates": [ -73.939721574688036, 40.831611198255324 ] } },
{ "type": "Feature", "properties": { "Height": 72.005500793457003, "Radius": 15.85764200898717, "height_m": 21.95, "crown_diameter_m": 9.67, "site_id": 2514 }, "geometry": { "type": "Point", "coordinates": [ -73.940155028535074, 40.831632532492165 ] } },
{ "type": "Feature", "properties": { "Height": 65.585746765136705, "Radius": 21.187178127128938, "height_m": 19.99, "crown_diameter_m": 12.92, "site_id": 2515 }, "geometry": { "type": "Point", "coordinates": [ -73.94004376576909, 40.831659428310481 ] } },
{ "type": "Feature", "properties": { "Height": 62.337001800537102, "Radius": 22.039530083839459, "height_m": 19.0, "crown_diameter_m": 13.44, "site_id": 2516 }, "geometry": { "type": "Point", "coordinates": [ -73.939954477110007, 40.831619478234146 ] } },
{ "type": "Feature", "properties": { "Height": 39.060249328613303, "Radius": 22.825286552666089, "height_m": 11.91, "crown_diameter_m": 13.91, "site_id": 2517 }, "geometry": { "type": "Point", "coordinates": [ -73.939632055435197, 40.831685869080097 ] } },
{ "type": "Feature", "properties": { "Height": 71.213996887207003, "Radius": 39.719307312671155, "height_m": 21.71, "crown_diameter_m": 24.21, "site_id": 2518 }, "geometry": { "type": "Point", "coordinates": [ -73.939829934695197, 40.831736999022624 ] } },
{ "type": "Feature", "properties": { "Height": 47.997001647949197, "Radius": 20.33040548561814, "height_m": 14.63, "crown_diameter_m": 12.39, "site_id": 2519 }, "geometry": { "type": "Point", "coordinates": [ -73.939878875177726, 40.831857070394392 ] } },
{ "type": "Feature", "properties": { "Height": 44.928001403808601, "Radius": 30.90966068045147, "height_m": 13.69, "crown_diameter_m": 18.84, "site_id": 2520 }, "geometry": { "type": "Point", "coordinates": [ -73.93958322422975, 40.831886074808899 ] } },
{ "type": "Feature", "properties": { "Height": 50.062751770019503, "Radius": 34.112481094408729, "height_m": 15.26, "crown_diameter_m": 20.79, "site_id": 2521 }, "geometry": { "type": "Point", "coordinates": [ -73.939762515795991, 40.831963177999313 ] } },
{ "type": "Feature", "properties": { "Height": 49.304500579833999, "Radius": 17.930225459977589, "height_m": 15.03, "crown_diameter_m": 10.93, "site_id": 2522 }, "geometry": { "type": "Point", "coordinates": [ -73.939442972249054, 40.832013665280279 ] } },
{ "type": "Feature", "properties": { "Height": 29.747249603271499, "Radius": 13.715726110367628, "height_m": 9.07, "crown_diameter_m": 8.36, "site_id": 2523 }, "geometry": { "type": "Point", "coordinates": [ -73.939688898966494, 40.83206959150121 ] } },
{ "type": "Feature", "properties": { "Height": 43.682998657226598, "Radius": 28.509722804164713, "height_m": 13.31, "crown_diameter_m": 17.38, "site_id": 2524 }, "geometry": { "type": "Point", "coordinates": [ -73.93958277391296, 40.832052974956767 ] } },
{ "type": "Feature", "properties": { "Height": 39.137248992919901, "Radius": 10.793582275744573, "height_m": 11.93, "crown_diameter_m": 6.58, "site_id": 2525 }, "geometry": { "type": "Point", "coordinates": [ -73.939431097766743, 40.832081239367788 ] } },
{ "type": "Feature", "properties": { "Height": 53.104000091552699, "Radius": 17.159156293944243, "height_m": 16.19, "crown_diameter_m": 10.46, "site_id": 2526 }, "geometry": { "type": "Point", "coordinates": [ -73.939457344255487, 40.832186301252655 ] } },
{ "type": "Feature", "properties": { "Height": 60.268501281738303, "Radius": 27.174968922638982, "height_m": 18.37, "crown_diameter_m": 16.57, "site_id": 2527 }, "geometry": { "type": "Point", "coordinates": [ -73.939330957238411, 40.83218191966504 ] } },
{ "type": "Feature", "properties": { "Height": 61.511501312255902, "Radius": 37.639310912030609, "height_m": 18.75, "crown_diameter_m": 22.94, "site_id": 2528 }, "geometry": { "type": "Point", "coordinates": [ -73.939614483212466, 40.832208239542553 ] } },
{ "type": "Feature", "properties": { "Height": 64.340751647949205, "Radius": 18.342670189922369, "height_m": 19.61, "crown_diameter_m": 11.18, "site_id": 2529 }, "geometry": { "type": "Point", "coordinates": [ -73.939296908377159, 40.832292966955357 ] } },
{ "type": "Feature", "properties": { "Height": 88.261497497558594, "Radius": 29.685702280724708, "height_m": 26.9, "crown_diameter_m": 18.1, "site_id": 2530 }, "geometry": { "type": "Point", "coordinates": [ -73.939401900016662, 40.832416675388764 ] } },
{ "type": "Feature", "properties": { "Height": 70.2447509765625, "Radius": 19.643603527008487, "height_m": 21.41, "crown_diameter_m": 11.97, "site_id": 2531 }, "geometry": { "type": "Point", "coordinates": [ -73.939264200344226, 40.832405246816407 ] } },
{ "type": "Feature", "properties": { "Height": 88.531753540039105, "Radius": 41.224464609443487, "height_m": 26.98, "crown_diameter_m": 25.13, "site_id": 2532 }, "geometry": { "type": "Point", "coordinates": [ -73.939553311184582, 40.83236251805647 ] } },
{ "type": "Feature", "properties": { "Height": 91.075248718261705, "Radius": 22.868824696515738, "height_m": 27.76, "crown_diameter_m": 13.94, "site_id": 2533 }, "geometry": { "type": "Point", "coordinates": [ -73.939237158025051, 40.832535736751396 ] } },
{ "type": "Feature", "properties": { "Height": 86.095497131347699, "Radius": 27.142738100132483, "height_m": 26.24, "crown_diameter_m": 16.55, "site_id": 2534 }, "geometry": { "type": "Point", "coordinates": [ -73.939544800783821, 40.83253776875484 ] } },
{ "type": "Feature", "properties": { "Height": 92.401748657226605, "Radius": 21.829106706806275, "height_m": 28.16, "crown_diameter_m": 13.31, "site_id": 2535 }, "geometry": { "type": "Point", "coordinates": [ -73.939156850888708, 40.832500631854465 ] } },
{ "type": "Feature", "properties": { "Height": 84.287002563476605, "Radius": 20.208700699792736, "height_m": 25.69, "crown_diameter_m": 12.32, "site_id": 2536 }, "geometry": { "type": "Point", "coordinates": [ -73.939394703164965, 40.832572032138138 ] } },
{ "type": "Feature", "properties": { "Height": 92.413253784179702, "Radius": 40.910553425178342, "height_m": 28.17, "crown_diameter_m": 24.94, "site_id": 2537 }, "geometry": { "type": "Point", "coordinates": [ -73.939368797906639, 40.832707831113154 ] } },
{ "type": "Feature", "properties": { "Height": 98.862503051757798, "Radius": 22.528761917159457, "height_m": 30.13, "crown_diameter_m": 13.73, "site_id": 2538 }, "geometry": { "type": "Point", "coordinates": [ -73.939187800246756, 40.832665405367941 ] } },
{ "type": "Feature", "properties": { "Height": 102.015502929688, "Radius": 22.461548691069996, "height_m": 31.09, "crown_diameter_m": 13.69, "site_id": 2539 }, "geometry": { "type": "Point", "coordinates": [ -73.939124110973268, 40.832756231668753 ] } },
{ "type": "Feature", "properties": { "Height": 57.898998260497997, "Radius": 11.070199012698888, "height_m": 17.65, "crown_diameter_m": 6.75, "site_id": 2540 }, "geometry": { "type": "Point", "coordinates": [ -73.939358493308873, 40.832789298840638 ] } },
{ "type": "Feature", "properties": { "Height": 40.587249755859403, "Radius": 11.127557940783529, "height_m": 12.37, "crown_diameter_m": 6.78, "site_id": 2541 }, "geometry": { "type": "Point", "coordinates": [ -73.939427556935456, 40.832796981233606 ] } },
{ "type": "Feature", "properties": { "Height": 53.819000244140597, "Radius": 13.351162356249091, "height_m": 16.4, "crown_diameter_m": 8.14, "site_id": 2542 }, "geometry": { "type": "Point", "coordinates": [ -73.939035785750221, 40.832808915272373 ] } },
{ "type": "Feature", "properties": { "Height": 77.419746398925795, "Radius": 28.046805633292585, "height_m": 23.6, "crown_diameter_m": 17.1, "site_id": 2543 }, "geometry": { "type": "Point", "coordinates": [ -73.939180103633021, 40.832861084178717 ] } },
{ "type": "Feature", "properties": { "Height": 24.7035007476807, "Radius": 12.905644034517165, "height_m": 7.53, "crown_diameter_m": 7.87, "site_id": 2544 }, "geometry": { "type": "Point", "coordinates": [ -73.939396872247457, 40.832858953356833 ] } },
{ "type": "Feature", "properties": { "Height": 50.362998962402301, "Radius": 11.821084554078958, "height_m": 15.35, "crown_diameter_m": 7.21, "site_id": 2545 }, "geometry": { "type": "Point", "coordinates": [ -73.939029398651257, 40.832898604754135 ] } },
{ "type": "Feature", "properties": { "Height": 81.129997253417997, "Radius": 40.66668186203399, "height_m": 24.73, "crown_diameter_m": 24.79, "site_id": 2546 }, "geometry": { "type": "Point", "coordinates": [ -73.938881245730414, 40.832892598380276 ] } },
{ "type": "Feature", "properties": { "Height": 45.898998260497997, "Radius": 12.48568247067462, "height_m": 13.99, "crown_diameter_m": 7.61, "site_id": 2547 }, "geometry": { "type": "Point", "coordinates": [ -73.939132511762296, 40.832953451610884 ] } },
{ "type": "Feature", "properties": { "Height": 58.5625, "Radius": 19.931149940667517, "height_m": 17.85, "crown_diameter_m": 12.15, "site_id": 2548 }, "geometry": { "type": "Point", "coordinates": [ -73.939021674366742, 40.832973881112387 ] } },
{ "type": "Feature", "properties": { "Height": 84.370246887207003, "Radius": 31.206875793313685, "height_m": 25.72, "crown_diameter_m": 19.02, "site_id": 2549 }, "geometry": { "type": "Point", "coordinates": [ -73.938728430087792, 40.833048653139677 ] } },
{ "type": "Feature", "properties": { "Height": 56.317001342773402, "Radius": 12.19876517484135, "height_m": 17.17, "crown_diameter_m": 7.44, "site_id": 2550 }, "geometry": { "type": "Point", "coordinates": [ -73.939056476599603, 40.833083174517391 ] } },
{ "type": "Feature", "properties": { "Height": 43.829498291015597, "Radius": 16.195287778099022, "height_m": 13.36, "crown_diameter_m": 9.87, "site_id": 2551 }, "geometry": { "type": "Point", "coordinates": [ -73.938902065748081, 40.83306168266153 ] } },
{ "type": "Feature", "properties": { "Height": 61.407749176025398, "Radius": 17.135952556089403, "height_m": 18.72, "crown_diameter_m": 10.45, "site_id": 2552 }, "geometry": { "type": "Point", "coordinates": [ -73.938969149786729, 40.833098976141223 ] } },
{ "type": "Feature", "properties": { "Height": 51.908500671386697, "Radius": 17.334489682638438, "height_m": 15.82, "crown_diameter_m": 10.57, "site_id": 2553 }, "geometry": { "type": "Point", "coordinates": [ -73.938812690490224, 40.833141668528945 ] } },
{ "type": "Feature", "properties": { "Height": 66.650497436523395, "Radius": 17.939099613186062, "height_m": 20.32, "crown_diameter_m": 10.94, "site_id": 2554 }, "geometry": { "type": "Point", "coordinates": [ -73.938640412616991, 40.833165395079128 ] } },
{ "type": "Feature", "properties": { "Height": 57.517250061035199, "Radius": 34.618444816051053, "height_m": 17.53, "crown_diameter_m": 21.1, "site_id": 2555 }, "geometry": { "type": "Point", "coordinates": [ -73.938979188476978, 40.833212351008541 ] } },
{ "type": "Feature", "properties": { "Height": 56.819751739502003, "Radius": 22.595775212167435, "height_m": 17.32, "crown_diameter_m": 13.77, "site_id": 2556 }, "geometry": { "type": "Point", "coordinates": [ -73.938712530996526, 40.833217715235783 ] } },
{ "type": "Feature", "properties": { "Height": 47.573249816894503, "Radius": 16.047202183642064, "height_m": 14.5, "crown_diameter_m": 9.78, "site_id": 2557 }, "geometry": { "type": "Point", "coordinates": [ -73.938841286036549, 40.833252125743684 ] } },
{ "type": "Feature", "properties": { "Height": 47.063499450683601, "Radius": 22.771183644979789, "height_m": 14.34, "crown_diameter_m": 13.88, "site_id": 2558 }, "geometry": { "type": "Point", "coordinates": [ -73.938547653401429, 40.833254192078989 ] } },
{ "type": "Feature", "properties": { "Height": 67.536247253417997, "Radius": 26.828682974255305, "height_m": 20.59, "crown_diameter_m": 16.35, "site_id": 2559 }, "geometry": { "type": "Point", "coordinates": [ -73.938768522752, 40.833342591332141 ] } },
{ "type": "Feature", "properties": { "Height": 96.429748535156307, "Radius": 38.96994312265371, "height_m": 29.39, "crown_diameter_m": 23.76, "site_id": 2560 }, "geometry": { "type": "Point", "coordinates": [ -73.938343484449049, 40.833392608875599 ] } },
{ "type": "Feature", "properties": { "Height": 66.947502136230497, "Radius": 21.483699284957805, "height_m": 20.41, "crown_diameter_m": 13.1, "site_id": 2561 }, "geometry": { "type": "Point", "coordinates": [ -73.938667302489975, 40.833387025576123 ] } },
{ "type": "Feature", "properties": { "Height": 55.627750396728501, "Radius": 19.609139259794631, "height_m": 16.96, "crown_diameter_m": 11.95, "site_id": 2562 }, "geometry": { "type": "Point", "coordinates": [ -73.938525867342065, 40.833393748106836 ] } },
{ "type": "Feature", "properties": { "Height": 57.7752494812012, "Radius": 10.778826859036359, "height_m": 17.61, "crown_diameter_m": 6.57, "site_id": 2563 }, "geometry": { "type": "Point", "coordinates": [ -73.938760500391069, 40.833427043547658 ] } },
{ "type": "Feature", "properties": { "Height": 45.083999633789098, "Radius": 13.366054901153612, "height_m": 13.74, "crown_diameter_m": 8.15, "site_id": 2564 }, "geometry": { "type": "Point", "coordinates": [ -73.938460833099583, 40.833457757489853 ] } },
{ "type": "Feature", "properties": { "Height": 62.862751007080099, "Radius": 27.185216170691305, "height_m": 19.16, "crown_diameter_m": 16.57, "site_id": 2565 }, "geometry": { "type": "Point", "coordinates": [ -73.938574378952339, 40.83350711648999 ] } },
{ "type": "Feature", "properties": { "Height": 40.460750579833999, "Radius": 15.736743355948498, "height_m": 12.33, "crown_diameter_m": 9.59, "site_id": 2566 }, "geometry": { "type": "Point", "coordinates": [ -73.93841377158418, 40.833496924588673 ] } },
{ "type": "Feature", "properties": { "Height": 47.148750305175803, "Radius": 21.03451311049222, "height_m": 14.37, "crown_diameter_m": 12.82, "site_id": 2567 }, "geometry": { "type": "Point", "coordinates": [ -73.938282690912004, 40.833548616739044 ] } },
{ "type": "Feature", "properties": { "Height": 46.043750762939503, "Radius": 11.354096349090721, "height_m": 14.03, "crown_diameter_m": 6.92, "site_id": 2568 }, "geometry": { "type": "Point", "coordinates": [ -73.938368264887075, 40.833563641325327 ] } },
{ "type": "Feature", "properties": { "Height": 26.958499908447301, "Radius": 16.104129276935264, "height_m": 8.22, "crown_diameter_m": 9.82, "site_id": 2569 }, "geometry": { "type": "Point", "coordinates": [ -73.938082184210089, 40.833598895532617 ] } },
{ "type": "Feature", "properties": { "Height": 32.244499206542997, "Radius": 13.374982468597496, "height_m": 9.83, "crown_diameter_m": 8.15, "site_id": 2570 }, "geometry": { "type": "Point", "coordinates": [ -73.938187205094749, 40.833588824006654 ] } },
{ "type": "Feature", "properties": { "Height": 58.509498596191399, "Radius": 25.79124046362595, "height_m": 17.83, "crown_diameter_m": 15.72, "site_id": 2571 }, "geometry": { "type": "Point", "coordinates": [ -73.938464558631267, 40.833623961935572 ] } },
{ "type": "Feature", "properties": { "Height": 40.089500427246101, "Radius": 15.655625581928012, "height_m": 12.22, "crown_diameter_m": 9.54, "site_id": 2572 }, "geometry": { "type": "Point", "coordinates": [ -73.938238663221441, 40.833640081603441 ] } },
{ "type": "Feature", "properties": { "Height": 33.016998291015597, "Radius": 14.937711679331519, "height_m": 10.06, "crown_diameter_m": 9.11, "site_id": 2573 }, "geometry": { "type": "Point", "coordinates": [ -73.938103625015188, 40.833673503099561 ] } },
{ "type": "Feature", "properties": { "Height": 42.626251220703097, "Radius": 17.366594863678419, "height_m": 12.99, "crown_diameter_m": 10.59, "site_id": 2574 }, "geometry": { "type": "Point", "coordinates": [ -73.938194347022048, 40.833703778649237 ] } },
{ "type": "Feature", "properties": { "Height": 31.381999969482401, "Radius": 22.521696286778013, "height_m": 9.57, "crown_diameter_m": 13.73, "site_id": 2575 }, "geometry": { "type": "Point", "coordinates": [ -73.938026166760864, 40.833719131878269 ] } },
{ "type": "Feature", "properties": { "Height": 53.180500030517599, "Radius": 21.988922600099762, "height_m": 16.21, "crown_diameter_m": 13.4, "site_id": 2576 }, "geometry": { "type": "Point", "coordinates": [ -73.938371797059659, 40.833684920001438 ] } },
{ "type": "Feature", "properties": { "Height": 44.267250061035199, "Radius": 18.30358312485399, "height_m": 13.49, "crown_diameter_m": 11.16, "site_id": 2577 }, "geometry": { "type": "Point", "coordinates": [ -73.93812261802502, 40.8337922858029 ] } },
{ "type": "Feature", "properties": { "Height": 69.110252380371094, "Radius": 35.035446316498422, "height_m": 21.06, "crown_diameter_m": 21.36, "site_id": 2578 }, "geometry": { "type": "Point", "coordinates": [ -73.938287774464968, 40.833808378781349 ] } },
{ "type": "Feature", "properties": { "Height": 55.926998138427699, "Radius": 23.983034927508857, "height_m": 17.05, "crown_diameter_m": 14.62, "site_id": 2579 }, "geometry": { "type": "Point", "coordinates": [ -73.93788980904182, 40.833805548311616 ] } },
{ "type": "Feature", "properties": { "Height": 51.2864990234375, "Radius": 21.177786230693734, "height_m": 15.63, "crown_diameter_m": 12.91, "site_id": 2580 }, "geometry": { "type": "Point", "coordinates": [ -73.938008888305333, 40.833842122023867 ] } },
{ "type": "Feature", "properties": { "Height": 59.261501312255902, "Radius": 24.715110187630042, "height_m": 18.06, "crown_diameter_m": 15.07, "site_id": 2581 }, "geometry": { "type": "Point", "coordinates": [ -73.937804323870623, 40.833940085632626 ] } },
{ "type": "Feature", "properties": { "Height": 61.8125, "Radius": 18.609705966725112, "height_m": 18.84, "crown_diameter_m": 11.34, "site_id": 2582 }, "geometry": { "type": "Point", "coordinates": [ -73.938146088791783, 40.833882077684486 ] } },
{ "type": "Feature", "properties": { "Height": 67.855751037597699, "Radius": 13.422495877444907, "height_m": 20.68, "crown_diameter_m": 8.18, "site_id": 2583 }, "geometry": { "type": "Point", "coordinates": [ -73.938066226521585, 40.833934711946107 ] } },
{ "type": "Feature", "properties": { "Height": 57.770999908447301, "Radius": 24.822738813037386, "height_m": 17.61, "crown_diameter_m": 15.13, "site_id": 2584 }, "geometry": { "type": "Point", "coordinates": [ -73.937960720792304, 40.833955551212618 ] } },
{ "type": "Feature", "properties": { "Height": 59.982250213622997, "Radius": 35.203124355446676, "height_m": 18.28, "crown_diameter_m": 21.46, "site_id": 2585 }, "geometry": { "type": "Point", "coordinates": [ -73.937609147975536, 40.834004783390959 ] } },
{ "type": "Feature", "properties": { "Height": 58.456001281738303, "Radius": 42.991468387648503, "height_m": 17.82, "crown_diameter_m": 26.21, "site_id": 2586 }, "geometry": { "type": "Point", "coordinates": [ -73.937858538779935, 40.834112897214212 ] } },
{ "type": "Feature", "properties": { "Height": 35.862251281738303, "Radius": 13.43730936377351, "height_m": 10.93, "crown_diameter_m": 8.19, "site_id": 2587 }, "geometry": { "type": "Point", "coordinates": [ -73.937657867918446, 40.83414515268398 ] } },
{ "type": "Feature", "properties": { "Height": 47.182998657226598, "Radius": 24.00127739352877, "height_m": 14.38, "crown_diameter_m": 14.63, "site_id": 2588 }, "geometry": { "type": "Point", "coordinates": [ -73.937502544139207, 40.834184638142446 ] } },
{ "type": "Feature", "properties": { "Height": 37.186000823974602, "Radius": 23.338975828686483, "height_m": 11.33, "crown_diameter_m": 14.23, "site_id": 2589 }, "geometry": { "type": "Point", "coordinates": [ -73.937339972246519, 40.83421062734714 ] } },
{ "type": "Feature", "properties": { "Height": 44.0234985351563, "Radius": 18.233888124011546, "height_m": 13.42, "crown_diameter_m": 11.12, "site_id": 2590 }, "geometry": { "type": "Point", "coordinates": [ -73.937878730841888, 40.83423218036954 ] } },
{ "type": "Feature", "properties": { "Height": 43.680248260497997, "Radius": 21.996159369293583, "height_m": 13.31, "crown_diameter_m": 13.41, "site_id": 2591 }, "geometry": { "type": "Point", "coordinates": [ -73.937553674645699, 40.834256455048433 ] } },
{ "type": "Feature", "properties": { "Height": 62.081501007080099, "Radius": 19.065935330370994, "height_m": 18.92, "crown_diameter_m": 11.62, "site_id": 2592 }, "geometry": { "type": "Point", "coordinates": [ -73.937688412784667, 40.834233570720926 ] } },
{ "type": "Feature", "properties": { "Height": 28.3007507324219, "Radius": 11.198843474056307, "height_m": 8.63, "crown_diameter_m": 6.83, "site_id": 2593 }, "geometry": { "type": "Point", "coordinates": [ -73.937400890003772, 40.834259512245886 ] } },
{ "type": "Feature", "properties": { "Height": 62.019748687744098, "Radius": 33.905400070678418, "height_m": 18.9, "crown_diameter_m": 20.67, "site_id": 2594 }, "geometry": { "type": "Point", "coordinates": [ -73.937708149348254, 40.834335079700722 ] } },
{ "type": "Feature", "properties": { "Height": 65.091247558593807, "Radius": 27.341374649103372, "height_m": 19.84, "crown_diameter_m": 16.67, "site_id": 2595 }, "geometry": { "type": "Point", "coordinates": [ -73.937136391675196, 40.834321606045862 ] } },
{ "type": "Feature", "properties": { "Height": 30.766250610351602, "Radius": 15.967661658277217, "height_m": 9.38, "crown_diameter_m": 9.73, "site_id": 2596 }, "geometry": { "type": "Point", "coordinates": [ -73.937403952946951, 40.834314399938506 ] } },
{ "type": "Feature", "properties": { "Height": 39.136001586914098, "Radius": 18.822298035111416, "height_m": 11.93, "crown_diameter_m": 11.47, "site_id": 2597 }, "geometry": { "type": "Point", "coordinates": [ -73.937511530348743, 40.83435702194096 ] } },
{ "type": "Feature", "properties": { "Height": 29.964250564575199, "Radius": 17.435192608787553, "height_m": 9.13, "crown_diameter_m": 10.63, "site_id": 2598 }, "geometry": { "type": "Point", "coordinates": [ -73.937314487455055, 40.834343005076242 ] } },
{ "type": "Feature", "properties": { "Height": 59.206001281738303, "Radius": 17.416926294072457, "height_m": 18.05, "crown_diameter_m": 10.62, "site_id": 2599 }, "geometry": { "type": "Point", "coordinates": [ -73.93742036391761, 40.834421736961573 ] } },
{ "type": "Feature", "properties": { "Height": 47.196498870849602, "Radius": 15.471555655790096, "height_m": 14.39, "crown_diameter_m": 9.43, "site_id": 2600 }, "geometry": { "type": "Point", "coordinates": [ -73.937298946265187, 40.834417508931303 ] } },
{ "type": "Feature", "properties": { "Height": 49.030250549316399, "Radius": 16.669868944849245, "height_m": 14.94, "crown_diameter_m": 10.16, "site_id": 2601 }, "geometry": { "type": "Point", "coordinates": [ -73.937542438347208, 40.83443740059699 ] } },
{ "type": "Feature", "properties": { "Height": 44.525501251220703, "Radius": 21.785317080548356, "height_m": 13.57, "crown_diameter_m": 13.28, "site_id": 2602 }, "geometry": { "type": "Point", "coordinates": [ -73.937332030295821, 40.834495919445004 ] } },
{ "type": "Feature", "properties": { "Height": 49.550750732421903, "Radius": 28.236265465157565, "height_m": 15.1, "crown_diameter_m": 17.21, "site_id": 2603 }, "geometry": { "type": "Point", "coordinates": [ -73.937142062599563, 40.834430601367593 ] } },
{ "type": "Feature", "properties": { "Height": 58.738250732421903, "Radius": 19.568515351939713, "height_m": 17.9, "crown_diameter_m": 11.93, "site_id": 2604 }, "geometry": { "type": "Point", "coordinates": [ -73.937465602899039, 40.83451030080127 ] } },
{ "type": "Feature", "properties": { "Height": 61.451248168945298, "Radius": 36.633242828759528, "height_m": 18.73, "crown_diameter_m": 22.33, "site_id": 2605 }, "geometry": { "type": "Point", "coordinates": [ -73.937115555772067, 40.834570041968277 ] } },
{ "type": "Feature", "properties": { "Height": 40.225749969482401, "Radius": 10.969099187147178, "height_m": 12.26, "crown_diameter_m": 6.69, "site_id": 2606 }, "geometry": { "type": "Point", "coordinates": [ -73.937317888780512, 40.834557127362494 ] } },
{ "type": "Feature", "properties": { "Height": 60.003250122070298, "Radius": 20.660434588179971, "height_m": 18.29, "crown_diameter_m": 12.59, "site_id": 2607 }, "geometry": { "type": "Point", "coordinates": [ -73.936945032052947, 40.834617326571077 ] } },
{ "type": "Feature", "properties": { "Height": 67.573249816894503, "Radius": 27.089914038193797, "height_m": 20.6, "crown_diameter_m": 16.51, "site_id": 2608 }, "geometry": { "type": "Point", "coordinates": [ -73.93732904635597, 40.834619014493057 ] } },
{ "type": "Feature", "properties": { "Height": 67.3282470703125, "Radius": 18.999037105401385, "height_m": 20.52, "crown_diameter_m": 11.58, "site_id": 2609 }, "geometry": { "type": "Point", "coordinates": [ -73.936804790860933, 40.834638537497618 ] } },
{ "type": "Feature", "properties": { "Height": 48.143001556396499, "Radius": 16.913929472706272, "height_m": 14.67, "crown_diameter_m": 10.31, "site_id": 2610 }, "geometry": { "type": "Point", "coordinates": [ -73.93746948811939, 40.834662961903511 ] } },
{ "type": "Feature", "properties": { "Height": 64.65625, "Radius": 18.948708441878455, "height_m": 19.71, "crown_diameter_m": 11.55, "site_id": 2611 }, "geometry": { "type": "Point", "coordinates": [ -73.937264413079248, 40.834733098092741 ] } },
{ "type": "Feature", "properties": { "Height": 57.266998291015597, "Radius": 16.410062879571392, "height_m": 17.45, "crown_diameter_m": 10.0, "site_id": 2612 }, "geometry": { "type": "Point", "coordinates": [ -73.936863881938265, 40.834692051116654 ] } },
{ "type": "Feature", "properties": { "Height": 50.8827514648438, "Radius": 15.736743355948498, "height_m": 15.51, "crown_diameter_m": 9.59, "site_id": 2613 }, "geometry": { "type": "Point", "coordinates": [ -73.936986353379652, 40.834705774991889 ] } },
{ "type": "Feature", "properties": { "Height": 56.354499816894503, "Radius": 15.777145844408119, "height_m": 17.18, "crown_diameter_m": 9.62, "site_id": 2614 }, "geometry": { "type": "Point", "coordinates": [ -73.937344802577201, 40.834731647872836 ] } },
{ "type": "Feature", "properties": { "Height": 49.5632514953613, "Radius": 22.834000822655874, "height_m": 15.11, "crown_diameter_m": 13.92, "site_id": 2615 }, "geometry": { "type": "Point", "coordinates": [ -73.937120765769606, 40.834711347670229 ] } },
{ "type": "Feature", "properties": { "Height": 48.1310005187988, "Radius": 14.417224270920368, "height_m": 14.67, "crown_diameter_m": 8.79, "site_id": 2616 }, "geometry": { "type": "Point", "coordinates": [ -73.937419604600777, 40.83473489514536 ] } },
{ "type": "Feature", "properties": { "Height": 73.547996520996094, "Radius": 38.107863732332191, "height_m": 22.42, "crown_diameter_m": 23.23, "site_id": 2617 }, "geometry": { "type": "Point", "coordinates": [ -73.936701368854983, 40.834751862016759 ] } },
{ "type": "Feature", "properties": { "Height": 47.960750579833999, "Radius": 21.810871713475258, "height_m": 14.62, "crown_diameter_m": 13.3, "site_id": 2618 }, "geometry": { "type": "Point", "coordinates": [ -73.937030266484243, 40.834795565647546 ] } },
{ "type": "Feature", "properties": { "Height": 42.269500732421903, "Radius": 9.5912229203118571, "height_m": 12.88, "crown_diameter_m": 5.85, "site_id": 2619 }, "geometry": { "type": "Point", "coordinates": [ -73.937374323207464, 40.834804651667731 ] } },
{ "type": "Feature", "properties": { "Height": 52.270999908447301, "Radius": 22.05396803500069, "height_m": 15.93, "crown_diameter_m": 13.44, "site_id": 2620 }, "geometry": { "type": "Point", "coordinates": [ -73.937184782679992, 40.834805798477539 ] } },
{ "type": "Feature", "properties": { "Height": 67.540496826171903, "Radius": 24.488687706168772, "height_m": 20.59, "crown_diameter_m": 14.93, "site_id": 2621 }, "geometry": { "type": "Point", "coordinates": [ -73.936868467286388, 40.834852616256519 ] } },
{ "type": "Feature", "properties": { "Height": 79.057746887207003, "Radius": 28.551560701942158, "height_m": 24.1, "crown_diameter_m": 17.41, "site_id": 2622 }, "geometry": { "type": "Point", "coordinates": [ -73.936692514894958, 40.834882479252265 ] } },
{ "type": "Feature", "properties": { "Height": 50.400501251220703, "Radius": 15.952703658124557, "height_m": 15.36, "crown_diameter_m": 9.72, "site_id": 2623 }, "geometry": { "type": "Point", "coordinates": [ -73.937204338892158, 40.834903050799547 ] } },
{ "type": "Feature", "properties": { "Height": 52.078250885009801, "Radius": 19.859152776030417, "height_m": 15.87, "crown_diameter_m": 12.11, "site_id": 2624 }, "geometry": { "type": "Point", "coordinates": [ -73.937300417306233, 40.834855635318476 ] } },
{ "type": "Feature", "properties": { "Height": 43.433750152587898, "Radius": 17.398640802108218, "height_m": 13.24, "crown_diameter_m": 10.61, "site_id": 2625 }, "geometry": { "type": "Point", "coordinates": [ -73.937398011433274, 40.834913388402413 ] } },
{ "type": "Feature", "properties": { "Height": 80.520248413085895, "Radius": 27.101661616386128, "height_m": 24.54, "crown_diameter_m": 16.52, "site_id": 2626 }, "geometry": { "type": "Point", "coordinates": [ -73.936975700776699, 40.834912153450212 ] } },
{ "type": "Feature", "properties": { "Height": 62.952751159667997, "Radius": 12.890219570974683, "height_m": 19.19, "crown_diameter_m": 7.86, "site_id": 2627 }, "geometry": { "type": "Point", "coordinates": [ -73.936716650015043, 40.834967725178281 ] } },
{ "type": "Feature", "properties": { "Height": 63.084751129150398, "Radius": 15.306079714651622, "height_m": 19.23, "crown_diameter_m": 9.33, "site_id": 2628 }, "geometry": { "type": "Point", "coordinates": [ -73.936550612798115, 40.834987407006452 ] } },
{ "type": "Feature", "properties": { "Height": 61.634498596191399, "Radius": 19.437948320235847, "height_m": 18.79, "crown_diameter_m": 11.85, "site_id": 2629 }, "geometry": { "type": "Point", "coordinates": [ -73.936448335046862, 40.835008964356604 ] } },
{ "type": "Feature", "properties": { "Height": 49.921249389648402, "Radius": 19.899183360445615, "height_m": 15.22, "crown_diameter_m": 12.13, "site_id": 2630 }, "geometry": { "type": "Point", "coordinates": [ -73.937027371514077, 40.834975625995838 ] } },
{ "type": "Feature", "properties": { "Height": 74.038749694824205, "Radius": 27.574675711992157, "height_m": 22.57, "crown_diameter_m": 16.81, "site_id": 2631 }, "geometry": { "type": "Point", "coordinates": [ -73.93683579373446, 40.835004107423373 ] } },
{ "type": "Feature", "properties": { "Height": 45.596000671386697, "Radius": 27.386450469539799, "height_m": 13.9, "crown_diameter_m": 16.69, "site_id": 2632 }, "geometry": { "type": "Point", "coordinates": [ -73.937201469916872, 40.834992004560441 ] } },
{ "type": "Feature", "properties": { "Height": 68.154251098632798, "Radius": 22.729209077226869, "height_m": 20.77, "crown_diameter_m": 13.86, "site_id": 2633 }, "geometry": { "type": "Point", "coordinates": [ -73.936613329104517, 40.835057621509847 ] } },
{ "type": "Feature", "properties": { "Height": 51.096248626708999, "Radius": 23.083560155913247, "height_m": 15.57, "crown_diameter_m": 14.07, "site_id": 2634 }, "geometry": { "type": "Point", "coordinates": [ -73.937080195363691, 40.835063545763767 ] } },
{ "type": "Feature", "properties": { "Height": 66.172752380371094, "Radius": 21.938198374294355, "height_m": 20.17, "crown_diameter_m": 13.37, "site_id": 2635 }, "geometry": { "type": "Point", "coordinates": [ -73.936713224349305, 40.835110253524505 ] } },
{ "type": "Feature", "properties": { "Height": 63.226001739502003, "Radius": 23.873287398514627, "height_m": 19.27, "crown_diameter_m": 14.55, "site_id": 2636 }, "geometry": { "type": "Point", "coordinates": [ -73.936832282961106, 40.83513539305531 ] } },
{ "type": "Feature", "properties": { "Height": 53.4192504882813, "Radius": 12.967158415650957, "height_m": 16.28, "crown_diameter_m": 7.9, "site_id": 2637 }, "geometry": { "type": "Point", "coordinates": [ -73.936977301275704, 40.835083713783888 ] } },
{ "type": "Feature", "properties": { "Height": 70.28125, "Radius": 39.569765353588672, "height_m": 21.42, "crown_diameter_m": 24.12, "site_id": 2638 }, "geometry": { "type": "Point", "coordinates": [ -73.936438816986382, 40.835146632071002 ] } },
{ "type": "Feature", "properties": { "Height": 49.349250793457003, "Radius": 19.115955360352558, "height_m": 15.04, "crown_diameter_m": 11.65, "site_id": 2639 }, "geometry": { "type": "Point", "coordinates": [ -73.936939276436036, 40.835152144967289 ] } },
{ "type": "Feature", "properties": { "Height": 48.765499114990199, "Radius": 18.622529930093815, "height_m": 14.86, "crown_diameter_m": 11.35, "site_id": 2640 }, "geometry": { "type": "Point", "coordinates": [ -73.937044510439037, 40.83516144693148 ] } },
{ "type": "Feature", "properties": { "Height": 45.319499969482401, "Radius": 16.71277730140255, "height_m": 13.81, "crown_diameter_m": 10.19, "site_id": 2641 }, "geometry": { "type": "Point", "coordinates": [ -73.937268398458528, 40.835202812459684 ] } },
{ "type": "Feature", "properties": { "Height": 69.739753723144503, "Radius": 21.952702969845401, "height_m": 21.26, "crown_diameter_m": 13.38, "site_id": 2642 }, "geometry": { "type": "Point", "coordinates": [ -73.936131395287688, 40.83522049096694 ] } },
{ "type": "Feature", "properties": { "Height": 60.475749969482401, "Radius": 12.834538016621856, "height_m": 18.43, "crown_diameter_m": 7.82, "site_id": 2643 }, "geometry": { "type": "Point", "coordinates": [ -73.936789991742316, 40.835196688137216 ] } },
{ "type": "Feature", "properties": { "Height": 63.880748748779297, "Radius": 21.192811267156809, "height_m": 19.47, "crown_diameter_m": 12.92, "site_id": 2644 }, "geometry": { "type": "Point", "coordinates": [ -73.936576714525131, 40.835210906918327 ] } },
{ "type": "Feature", "properties": { "Height": 46.465999603271499, "Radius": 17.930225459977589, "height_m": 14.16, "crown_diameter_m": 10.93, "site_id": 2645 }, "geometry": { "type": "Point", "coordinates": [ -73.937333285567092, 40.835183495213712 ] } },
{ "type": "Feature", "properties": { "Height": 47.812000274658203, "Radius": 13.945871807036522, "height_m": 14.57, "crown_diameter_m": 8.5, "site_id": 2646 }, "geometry": { "type": "Point", "coordinates": [ -73.936706614507642, 40.835233645518677 ] } },
{ "type": "Feature", "properties": { "Height": 41.794750213622997, "Radius": 26.884980454741687, "height_m": 12.74, "crown_diameter_m": 16.39, "site_id": 2647 }, "geometry": { "type": "Point", "coordinates": [ -73.936966069891497, 40.835268932999981 ] } },
{ "type": "Feature", "properties": { "Height": 63.681751251220703, "Radius": 19.273495717603584, "height_m": 19.41, "crown_diameter_m": 11.75, "site_id": 2648 }, "geometry": { "type": "Point", "coordinates": [ -73.936268543453593, 40.835242595623939 ] } },
{ "type": "Feature", "properties": { "Height": 37.597999572753899, "Radius": 19.059673596555925, "height_m": 11.46, "crown_diameter_m": 11.62, "site_id": 2649 }, "geometry": { "type": "Point", "coordinates": [ -73.937408197818613, 40.835169675486391 ] } },
{ "type": "Feature", "properties": { "Height": 43.528251647949197, "Radius": 27.813173154067794, "height_m": 13.27, "crown_diameter_m": 16.95, "site_id": 2650 }, "geometry": { "type": "Point", "coordinates": [ -73.937172982661224, 40.835268660488047 ] } },
{ "type": "Feature", "properties": { "Height": 62.0702514648438, "Radius": 17.028808129561895, "height_m": 18.92, "crown_diameter_m": 10.38, "site_id": 2651 }, "geometry": { "type": "Point", "coordinates": [ -73.936544990710559, 40.83527195918402 ] } },
{ "type": "Feature", "properties": { "Height": 41.104499816894503, "Radius": 17.371176474327626, "height_m": 12.53, "crown_diameter_m": 10.59, "site_id": 2652 }, "geometry": { "type": "Point", "coordinates": [ -73.937370410222258, 40.835291297330052 ] } },
{ "type": "Feature", "properties": { "Height": 47.178001403808601, "Radius": 23.405369343855778, "height_m": 14.38, "crown_diameter_m": 14.27, "site_id": 2653 }, "geometry": { "type": "Point", "coordinates": [ -73.936783191070191, 40.835291464125113 ] } },
{ "type": "Feature", "properties": { "Height": 38.649501800537102, "Radius": 11.012541334134653, "height_m": 11.78, "crown_diameter_m": 6.71, "site_id": 2654 }, "geometry": { "type": "Point", "coordinates": [ -73.937180048828651, 40.835319039782661 ] } },
{ "type": "Feature", "properties": { "Height": 70.305496215820298, "Radius": 26.868695946488312, "height_m": 21.43, "crown_diameter_m": 16.38, "site_id": 2655 }, "geometry": { "type": "Point", "coordinates": [ -73.936398865649139, 40.835304839484238 ] } },
{ "type": "Feature", "properties": { "Height": 65.510498046875, "Radius": 13.363077719938117, "height_m": 19.97, "crown_diameter_m": 8.15, "site_id": 2656 }, "geometry": { "type": "Point", "coordinates": [ -73.936132132740426, 40.835309419679547 ] } },
{ "type": "Feature", "properties": { "Height": 54.416500091552699, "Radius": 23.425760260466578, "height_m": 16.59, "crown_diameter_m": 14.28, "site_id": 2657 }, "geometry": { "type": "Point", "coordinates": [ -73.937574952431191, 40.834826621733782 ] } },
{ "type": "Feature", "properties": { "Height": 30.125749588012699, "Radius": 24.94107245237608, "height_m": 9.18, "crown_diameter_m": 15.2, "site_id": 2658 }, "geometry": { "type": "Point", "coordinates": [ -73.937629548772094, 40.834600278719179 ] } },
{ "type": "Feature", "properties": { "Height": 10.2347497940063, "Radius": 4.0291195310356978, "height_m": 3.12, "crown_diameter_m": 2.46, "site_id": 2659 }, "geometry": { "type": "Point", "coordinates": [ -73.937409460591795, 40.834124821853273 ] } },
{ "type": "Feature", "properties": { "Height": 9.5255002975463903, "Radius": 3.2410224072142872, "height_m": 2.9, "crown_diameter_m": 1.98, "site_id": 2660 }, "geometry": { "type": "Point", "coordinates": [ -73.937457426439053, 40.83409966915157 ] } },
{ "type": "Feature", "properties": { "Height": 61.569252014160199, "Radius": 14.927053303604616, "height_m": 18.77, "crown_diameter_m": 9.1, "site_id": 2661 }, "geometry": { "type": "Point", "coordinates": [ -73.939153934285414, 40.83309189143425 ] } },
{ "type": "Feature", "properties": { "Height": 54.361751556396499, "Radius": 15.658166873330503, "height_m": 16.57, "crown_diameter_m": 9.55, "site_id": 2662 }, "geometry": { "type": "Point", "coordinates": [ -73.939693009957892, 40.830352810248804 ] } },
{ "type": "Feature", "properties": { "Height": 52.148998260497997, "Radius": 25.16658689680024, "height_m": 15.9, "crown_diameter_m": 15.34, "site_id": 2663 }, "geometry": { "type": "Point", "coordinates": [ -73.939853957495245, 40.83040736884 ] } },
{ "type": "Feature", "properties": { "Height": 56.664249420166001, "Radius": 26.498898258634117, "height_m": 17.27, "crown_diameter_m": 16.15, "site_id": 2664 }, "geometry": { "type": "Point", "coordinates": [ -73.939669358514024, 40.830429971192537 ] } },
{ "type": "Feature", "properties": { "Height": 64.618247985839801, "Radius": 29.297143343585422, "height_m": 19.7, "crown_diameter_m": 17.86, "site_id": 2665 }, "geometry": { "type": "Point", "coordinates": [ -73.939779408091582, 40.830521904404101 ] } },
{ "type": "Feature", "properties": { "Height": 53.284751892089801, "Radius": 20.153496341094687, "height_m": 16.24, "crown_diameter_m": 12.29, "site_id": 2666 }, "geometry": { "type": "Point", "coordinates": [ -73.939521769745028, 40.830629684889324 ] } },
{ "type": "Feature", "properties": { "Height": 62.190250396728501, "Radius": 21.774355914027772, "height_m": 18.96, "crown_diameter_m": 13.27, "site_id": 2667 }, "geometry": { "type": "Point", "coordinates": [ -73.939656622859516, 40.8306123570678 ] } },
{ "type": "Feature", "properties": { "Height": 55.255001068115199, "Radius": 25.147607567632477, "height_m": 16.84, "crown_diameter_m": 15.33, "site_id": 2668 }, "geometry": { "type": "Point", "coordinates": [ -73.939787756481294, 40.830662267098809 ] } },
{ "type": "Feature", "properties": { "Height": 49.063499450683601, "Radius": 28.590554169515052, "height_m": 14.95, "crown_diameter_m": 17.43, "site_id": 2669 }, "geometry": { "type": "Point", "coordinates": [ -73.939709701013228, 40.830751960631993 ] } },
{ "type": "Feature", "properties": { "Height": 53.764251708984403, "Radius": 28.640610620160121, "height_m": 16.39, "crown_diameter_m": 17.46, "site_id": 2670 }, "geometry": { "type": "Point", "coordinates": [ -73.939476381117402, 40.830748534504721 ] } },
{ "type": "Feature", "properties": { "Height": 35.086624145507798, "Radius": 21.542883141677365, "height_m": 10.69, "crown_diameter_m": 13.13, "site_id": 2671 }, "geometry": { "type": "Point", "coordinates": [ -73.93965322281305, 40.830834478554607 ] } },
{ "type": "Feature", "properties": { "Height": 32.265373229980497, "Radius": 17.348256321220703, "height_m": 9.83, "crown_diameter_m": 10.58, "site_id": 2672 }, "geometry": { "type": "Point", "coordinates": [ -73.939560034794084, 40.830878346887651 ] } },
{ "type": "Feature", "properties": { "Height": 50.837249755859403, "Radius": 13.831277655967225, "height_m": 15.5, "crown_diameter_m": 8.43, "site_id": 2673 }, "geometry": { "type": "Point", "coordinates": [ -73.939336509835556, 40.830913485699924 ] } },
{ "type": "Feature", "properties": { "Height": 56.125747680664098, "Radius": 18.779972148319072, "height_m": 17.11, "crown_diameter_m": 11.45, "site_id": 2674 }, "geometry": { "type": "Point", "coordinates": [ -73.939261741907245, 40.830972299086483 ] } },
{ "type": "Feature", "properties": { "Height": 59.782249450683601, "Radius": 28.67254537952962, "height_m": 18.22, "crown_diameter_m": 17.48, "site_id": 2675 }, "geometry": { "type": "Point", "coordinates": [ -73.939435564493195, 40.830952567909236 ] } },
{ "type": "Feature", "properties": { "Height": 39.8481254577637, "Radius": 20.318659463172676, "height_m": 12.15, "crown_diameter_m": 12.39, "site_id": 2676 }, "geometry": { "type": "Point", "coordinates": [ -73.939544002800318, 40.83101651491306 ] } },
{ "type": "Feature", "properties": { "Height": 58.982498168945298, "Radius": 24.945857922495087, "height_m": 17.98, "crown_diameter_m": 15.21, "site_id": 2677 }, "geometry": { "type": "Point", "coordinates": [ -73.939230886514707, 40.831070054957166 ] } },
{ "type": "Feature", "properties": { "Height": 33.6310005187988, "Radius": 20.383178823269759, "height_m": 10.25, "crown_diameter_m": 12.43, "site_id": 2678 }, "geometry": { "type": "Point", "coordinates": [ -73.939486525727659, 40.831083622059388 ] } },
{ "type": "Feature", "properties": { "Height": 52.873252868652301, "Radius": 17.841241161527712, "height_m": 16.12, "crown_diameter_m": 10.88, "site_id": 2679 }, "geometry": { "type": "Point", "coordinates": [ -73.939340951916989, 40.831119119629911 ] } },
{ "type": "Feature", "properties": { "Height": 60.927249908447301, "Radius": 23.82156480154385, "height_m": 18.57, "crown_diameter_m": 14.52, "site_id": 2680 }, "geometry": { "type": "Point", "coordinates": [ -73.939422870028451, 40.831174841181671 ] } },
{ "type": "Feature", "properties": { "Height": 63.381999969482401, "Radius": 14.328638336860381, "height_m": 19.32, "crown_diameter_m": 8.73, "site_id": 2681 }, "geometry": { "type": "Point", "coordinates": [ -73.939138954111243, 40.831149417513203 ] } },
{ "type": "Feature", "properties": { "Height": 45.4262504577637, "Radius": 14.306406146065383, "height_m": 13.85, "crown_diameter_m": 8.72, "site_id": 2682 }, "geometry": { "type": "Point", "coordinates": [ -73.939073681972232, 40.83121991520391 ] } },
{ "type": "Feature", "properties": { "Height": 54.1882514953613, "Radius": 17.607777518557306, "height_m": 16.52, "crown_diameter_m": 10.73, "site_id": 2683 }, "geometry": { "type": "Point", "coordinates": [ -73.939277061201935, 40.831203891005003 ] } },
{ "type": "Feature", "properties": { "Height": 59.4765014648438, "Radius": 31.655007845624887, "height_m": 18.13, "crown_diameter_m": 19.3, "site_id": 2684 }, "geometry": { "type": "Point", "coordinates": [ -73.939200564619497, 40.831261123971196 ] } },
{ "type": "Feature", "properties": { "Height": 93.664001464843807, "Radius": 43.683724288020876, "height_m": 28.55, "crown_diameter_m": 26.63, "site_id": 2685 }, "geometry": { "type": "Point", "coordinates": [ -73.939024606536776, 40.831375976529337 ] } },
{ "type": "Feature", "properties": { "Height": 57.543750762939503, "Radius": 12.741194683142286, "height_m": 17.54, "crown_diameter_m": 7.77, "site_id": 2686 }, "geometry": { "type": "Point", "coordinates": [ -73.938848046642249, 40.831534824870303 ] } },
{ "type": "Feature", "properties": { "Height": 69.265251159667997, "Radius": 25.909757813642617, "height_m": 21.11, "crown_diameter_m": 15.79, "site_id": 2687 }, "geometry": { "type": "Point", "coordinates": [ -73.938974599144856, 40.831550002206797 ] } },
{ "type": "Feature", "properties": { "Height": 35.428749084472699, "Radius": 22.840969844891283, "height_m": 10.8, "crown_diameter_m": 13.92, "site_id": 2688 }, "geometry": { "type": "Point", "coordinates": [ -73.939136777897886, 40.831549394528793 ] } },
{ "type": "Feature", "properties": { "Height": 82.224998474121094, "Radius": 42.65512055341712, "height_m": 25.06, "crown_diameter_m": 26.0, "site_id": 2689 }, "geometry": { "type": "Point", "coordinates": [ -73.938850066168911, 40.831694209005846 ] } },
{ "type": "Feature", "properties": { "Height": 34.7195014953613, "Radius": 22.231861725278002, "height_m": 10.58, "crown_diameter_m": 13.55, "site_id": 2690 }, "geometry": { "type": "Point", "coordinates": [ -73.939097014503105, 40.831660596342573 ] } },
{ "type": "Feature", "properties": { "Height": 32.305000305175803, "Radius": 18.586172386507094, "height_m": 9.85, "crown_diameter_m": 11.33, "site_id": 2691 }, "geometry": { "type": "Point", "coordinates": [ -73.939034270081791, 40.831732971971057 ] } },
{ "type": "Feature", "properties": { "Height": 72.474998474121094, "Radius": 24.404052881639814, "height_m": 22.09, "crown_diameter_m": 14.88, "site_id": 2692 }, "geometry": { "type": "Point", "coordinates": [ -73.938716562379255, 40.831782122777767 ] } },
{ "type": "Feature", "properties": { "Height": 66.969497680664105, "Radius": 33.420792788605745, "height_m": 20.41, "crown_diameter_m": 20.37, "site_id": 2693 }, "geometry": { "type": "Point", "coordinates": [ -73.938789090052097, 40.831925364264919 ] } },
{ "type": "Feature", "properties": { "Height": 55.573249816894503, "Radius": 27.220320306056628, "height_m": 16.94, "crown_diameter_m": 16.59, "site_id": 2694 }, "geometry": { "type": "Point", "coordinates": [ -73.938963573349568, 40.831923624234328 ] } },
{ "type": "Feature", "properties": { "Height": 79.339752197265597, "Radius": 30.282846334112996, "height_m": 24.18, "crown_diameter_m": 18.46, "site_id": 2695 }, "geometry": { "type": "Point", "coordinates": [ -73.9385762329199, 40.831940706283547 ] } },
{ "type": "Feature", "properties": { "Height": 50.4765014648438, "Radius": 16.116478124142791, "height_m": 15.39, "crown_diameter_m": 9.82, "site_id": 2696 }, "geometry": { "type": "Point", "coordinates": [ -73.938758700615764, 40.832016701515485 ] } },
{ "type": "Feature", "properties": { "Height": 60.224998474121101, "Radius": 25.879026267050612, "height_m": 18.36, "crown_diameter_m": 15.78, "site_id": 2697 }, "geometry": { "type": "Point", "coordinates": [ -73.938657172670176, 40.83208585147306 ] } },
{ "type": "Feature", "properties": { "Height": 74.552253723144503, "Radius": 24.108792009795966, "height_m": 22.72, "crown_diameter_m": 14.7, "site_id": 2698 }, "geometry": { "type": "Point", "coordinates": [ -73.938509980935279, 40.832056516016451 ] } },
{ "type": "Feature", "properties": { "Height": 85.596748352050795, "Radius": 11.368105109938904, "height_m": 26.09, "crown_diameter_m": 6.93, "site_id": 2699 }, "geometry": { "type": "Point", "coordinates": [ -73.938427576861358, 40.83214892673832 ] } },
{ "type": "Feature", "properties": { "Height": 70.773498535156307, "Radius": 27.176433051781103, "height_m": 21.57, "crown_diameter_m": 16.57, "site_id": 2700 }, "geometry": { "type": "Point", "coordinates": [ -73.938755722510194, 40.832154478318358 ] } },
{ "type": "Feature", "properties": { "Height": 92.457496643066406, "Radius": 38.633600095199441, "height_m": 28.18, "crown_diameter_m": 23.55, "site_id": 2701 }, "geometry": { "type": "Point", "coordinates": [ -73.938503530303748, 40.832238625013275 ] } },
{ "type": "Feature", "properties": { "Height": 46.245750427246101, "Radius": 12.69113085619237, "height_m": 14.1, "crown_diameter_m": 7.74, "site_id": 2702 }, "geometry": { "type": "Point", "coordinates": [ -73.938829465283149, 40.832228737124368 ] } },
{ "type": "Feature", "properties": { "Height": 59.447250366210902, "Radius": 28.385240872726801, "height_m": 18.12, "crown_diameter_m": 17.3, "site_id": 2703 }, "geometry": { "type": "Point", "coordinates": [ -73.93876212494834, 40.832280305132606 ] } },
{ "type": "Feature", "properties": { "Height": 54.349998474121101, "Radius": 22.106226560941256, "height_m": 16.57, "crown_diameter_m": 13.48, "site_id": 2704 }, "geometry": { "type": "Point", "coordinates": [ -73.938339783132434, 40.832312794170662 ] } },
{ "type": "Feature", "properties": { "Height": 38.159248352050803, "Radius": 16.593313459010499, "height_m": 11.63, "crown_diameter_m": 10.12, "site_id": 2705 }, "geometry": { "type": "Point", "coordinates": [ -73.938337186864544, 40.832386848559764 ] } },
{ "type": "Feature", "properties": { "Height": 53.123001098632798, "Radius": 15.043880120390321, "height_m": 16.19, "crown_diameter_m": 9.17, "site_id": 2706 }, "geometry": { "type": "Point", "coordinates": [ -73.938450427839797, 40.832397167485482 ] } },
{ "type": "Feature", "properties": { "Height": 66.999496459960895, "Radius": 35.484564704551893, "height_m": 20.42, "crown_diameter_m": 21.63, "site_id": 2707 }, "geometry": { "type": "Point", "coordinates": [ -73.938673981839017, 40.832384030395851 ] } },
{ "type": "Feature", "properties": { "Height": 67.275749206542997, "Radius": 19.005318817295766, "height_m": 20.51, "crown_diameter_m": 11.59, "site_id": 2708 }, "geometry": { "type": "Point", "coordinates": [ -73.938593128218756, 40.832491962079907 ] } },
{ "type": "Feature", "properties": { "Height": 84.029251098632798, "Radius": 31.372187811504013, "height_m": 25.61, "crown_diameter_m": 19.12, "site_id": 2709 }, "geometry": { "type": "Point", "coordinates": [ -73.938395562124342, 40.83255960452685 ] } },
{ "type": "Feature", "properties": { "Height": 72.987998962402301, "Radius": 27.635212943389089, "height_m": 22.25, "crown_diameter_m": 16.85, "site_id": 2710 }, "geometry": { "type": "Point", "coordinates": [ -73.938527870848105, 40.832563671520361 ] } },
{ "type": "Feature", "properties": { "Height": 82.743499755859403, "Radius": 27.104597715372734, "height_m": 25.22, "crown_diameter_m": 16.52, "site_id": 2711 }, "geometry": { "type": "Point", "coordinates": [ -73.938289809139675, 40.832519701103244 ] } },
{ "type": "Feature", "properties": { "Height": 78.587997436523395, "Radius": 15.837556323903858, "height_m": 23.95, "crown_diameter_m": 9.65, "site_id": 2712 }, "geometry": { "type": "Point", "coordinates": [ -73.938196780090848, 40.832573988031932 ] } },
{ "type": "Feature", "properties": { "Height": 58.219749450683601, "Radius": 20.451386027492145, "height_m": 17.75, "crown_diameter_m": 12.47, "site_id": 2713 }, "geometry": { "type": "Point", "coordinates": [ -73.938233196107831, 40.832644330765035 ] } },
{ "type": "Feature", "properties": { "Height": 76.775001525878906, "Radius": 40.397707688237645, "height_m": 23.4, "crown_diameter_m": 24.63, "site_id": 2714 }, "geometry": { "type": "Point", "coordinates": [ -73.937979476350236, 40.832713622732868 ] } },
{ "type": "Feature", "properties": { "Height": 37.8489990234375, "Radius": 10.689866656791414, "height_m": 11.54, "crown_diameter_m": 6.52, "site_id": 2715 }, "geometry": { "type": "Point", "coordinates": [ -73.938300717069183, 40.832678808123489 ] } },
{ "type": "Feature", "properties": { "Height": 35.600498199462898, "Radius": 16.688952945311364, "height_m": 10.85, "crown_diameter_m": 10.17, "site_id": 2716 }, "geometry": { "type": "Point", "coordinates": [ -73.938373552868399, 40.832751873573898 ] } },
{ "type": "Feature", "properties": { "Height": 41.949249267578097, "Radius": 30.560124444498619, "height_m": 12.79, "crown_diameter_m": 18.63, "site_id": 2717 }, "geometry": { "type": "Point", "coordinates": [ -73.938261894818709, 40.832794385635836 ] } },
{ "type": "Feature", "properties": { "Height": 64.992752075195298, "Radius": 28.263026366230189, "height_m": 19.81, "crown_diameter_m": 17.23, "site_id": 2718 }, "geometry": { "type": "Point", "coordinates": [ -73.938082420116658, 40.832805243935994 ] } },
{ "type": "Feature", "properties": { "Height": 67.857498168945298, "Radius": 18.095891672188323, "height_m": 20.68, "crown_diameter_m": 11.03, "site_id": 2719 }, "geometry": { "type": "Point", "coordinates": [ -73.940625716696559, 40.830970558231961 ] } },
{ "type": "Feature", "properties": { "Height": 75.380996704101605, "Radius": 20.764169639933701, "height_m": 22.98, "crown_diameter_m": 12.66, "site_id": 2720 }, "geometry": { "type": "Point", "coordinates": [ -73.940526573182154, 40.830961104179593 ] } },
{ "type": "Feature", "properties": { "Height": 21.474500656127901, "Radius": 8.6119802299368544, "height_m": 6.55, "crown_diameter_m": 5.25, "site_id": 2721 }, "geometry": { "type": "Point", "coordinates": [ -73.939349455498828, 40.830826883815703 ] } }
]
}
