{
"type": "FeatureCollection",
"name": "hvi",
"crs": { "type": "name", "properties": { "name": "urn:ogc:def:crs:OGC:1.3:CRS84" } },
"features": [
{ "type": "Feature", "properties": { "modzcta": "10026", "label": "10026", "zcta": "10026", "pop_est": "39363", "zcta20": "10026", "hvi": 5.0, "hvi_2018": 5.0 }, "geometry": { "type": "MultiPolygon", "coordinates": [ [ [ [ -73.962007208267977, 40.805509087375349 ], [ -73.960071566813852, 40.804706973506491 ], [ -73.960317616746366, 40.803993429881764 ], [ -73.962477142941395, 40.804883444009654 ], [ -73.962007208267977, 40.805509087375349 ] ] ], [ [ [ -73.958615210454084, 40.799974551866399 ], [ -73.960066815861282, 40.800584393298465 ], [ -73.959647489251822, 40.801155150457475 ], [ -73.959148621517656, 40.80184115639274 ], [ -73.958685897637011, 40.80247227853404 ], [ -73.958252057840895, 40.803108898673422 ], [ -73.958200996368276, 40.803893871727858 ], [ -73.958236800306565, 40.804398914185995 ], [ -73.958243945318571, 40.804525174138249 ], [ -73.958258276733858, 40.804711820644407 ], [ -73.95826542870401, 40.804827101690947 ], [ -73.958272584140275, 40.804936893285962 ], [ -73.95827973960013, 40.805046684878555 ], [ -73.958272446486902, 40.80515647123984 ], [ -73.958257929039377, 40.805266254983131 ], [ -73.958236183777444, 40.805381525554232 ], [ -73.958214445332487, 40.805485817222177 ], [ -73.958178254679481, 40.805595593091851 ], [ -73.957722678070922, 40.80629258698179 ], [ -73.957267137737617, 40.806918216180513 ], [ -73.956804364283144, 40.807543840809558 ], [ -73.95541041085437, 40.806966918023321 ], [ -73.95395871271451, 40.806351529128428 ], [ -73.953503132764041, 40.806982632894311 ], [ -73.952860346981353, 40.806707899417184 ], [ -73.950737012048137, 40.805817720846264 ], [ -73.950657568396934, 40.805784750172521 ], [ -73.950556455814308, 40.805746280702465 ], [ -73.947877103084323, 40.804614273644695 ], [ -73.947812106453043, 40.804586796984459 ], [ -73.947935051575342, 40.804416679598404 ], [ -73.947848386770247, 40.804383703718401 ], [ -73.947480077466352, 40.80422434242741 ], [ -73.947552397290252, 40.804125565230848 ], [ -73.944757566770079, 40.803004411629651 ], [ -73.94505408872017, 40.802598333859265 ], [ -73.945509714273939, 40.80197275249359 ], [ -73.945965335719848, 40.801341679813071 ], [ -73.946464326737697, 40.80066670978799 ], [ -73.946970553239055, 40.799964293589447 ], [ -73.947281508569944, 40.799541748178953 ], [ -73.947324902827077, 40.799475894553161 ], [ -73.94737552067258, 40.799410044208393 ], [ -73.947418910414797, 40.799349679999331 ], [ -73.947708167602187, 40.798954570778449 ], [ -73.947758784672146, 40.79888872025996 ], [ -73.947816638162209, 40.798806404627122 ], [ -73.947845562703165, 40.798767991526397 ], [ -73.94804804640755, 40.798482631248859 ], [ -73.948098662782442, 40.798416780576233 ], [ -73.948156506891692, 40.798345443675395 ], [ -73.948207127325986, 40.798274103499253 ], [ -73.948308367869075, 40.798131423077855 ], [ -73.948785619563253, 40.797483880216689 ], [ -73.949067628709244, 40.797099743169156 ], [ -73.949233943275175, 40.796869259325724 ], [ -73.949746634674781, 40.79709455174099 ], [ -73.950945346716281, 40.797605587621568 ], [ -73.952375163489307, 40.798210027460144 ], [ -73.952461822499259, 40.798242999969361 ], [ -73.952534038406455, 40.798270477010483 ], [ -73.952765121919825, 40.798369382146163 ], [ -73.955220434965312, 40.799407869236383 ], [ -73.955256545957511, 40.799418862169105 ], [ -73.955307096943926, 40.799440839600251 ], [ -73.955364867963212, 40.799468309260149 ], [ -73.957863597911441, 40.800517735549271 ], [ -73.9581741797017, 40.800583722108279 ], [ -73.958333240791035, 40.800364201548696 ], [ -73.958615210454084, 40.799974551866399 ] ] ] ] } },
{ "type": "Feature", "properties": { "modzcta": "10030", "label": "10030", "zcta": "10030", "pop_est": "29882", "zcta20": "10030", "hvi": 5.0, "hvi_2018": 5.0 }, "geometry": { "type": "MultiPolygon", "coordinates": [ [ [ [ -73.941801571823703, 40.812812601023765 ], [ -73.941873794344019, 40.812845574120459 ], [ -73.942711607271022, 40.813197317852875 ], [ -73.942964765794315, 40.812873566195996 ], [ -73.944423720564671, 40.813500075241748 ], [ -73.944727288524206, 40.813368474536958 ], [ -73.945001863856902, 40.813346648069057 ], [ -73.945102984775673, 40.813385122363698 ], [ -73.944647277268643, 40.814010700971338 ], [ -73.944726727761406, 40.814043675742987 ], [ -73.945456546753803, 40.813961681670534 ], [ -73.947226124488495, 40.814731027138656 ], [ -73.947030813192228, 40.815016388546645 ], [ -73.94748585978185, 40.815208727155117 ], [ -73.948677676456384, 40.815692334646364 ], [ -73.948359228838015, 40.816372883100485 ], [ -73.948004599581736, 40.817113798128766 ], [ -73.947664413781652, 40.817854718536644 ], [ -73.947345945453776, 40.818535263950949 ], [ -73.947034700805432, 40.819210322293138 ], [ -73.946716215154936, 40.81989635525165 ], [ -73.946404957752463, 40.820571411742648 ], [ -73.94607922860186, 40.821262928862971 ], [ -73.944754565259373, 40.824028976967618 ], [ -73.943844365235464, 40.823649766379603 ], [ -73.942926958737786, 40.82325956614298 ], [ -73.943505595732645, 40.822628566103525 ], [ -73.942407613260997, 40.822166910390621 ], [ -73.941915650881498, 40.822836374707258 ], [ -73.939156300128147, 40.821671191456886 ], [ -73.939076843289058, 40.821638212887976 ], [ -73.938982939395885, 40.821599737184243 ], [ -73.93622368601217, 40.820439972953018 ], [ -73.936259857858076, 40.820396077456223 ], [ -73.936296029656276, 40.820352181947754 ], [ -73.936722913820049, 40.81977053662245 ], [ -73.936976152477598, 40.81941935128809 ], [ -73.937034026765204, 40.819348020211066 ], [ -73.937178740442803, 40.819139500492646 ], [ -73.93741025565852, 40.818832217842321 ], [ -73.937439194910155, 40.818793807477249 ], [ -73.937460903196026, 40.818760882621675 ], [ -73.937518781545378, 40.818684061857667 ], [ -73.937641784167667, 40.818508466403387 ], [ -73.938090347327403, 40.817899380377447 ], [ -73.938220582844892, 40.817712809288921 ], [ -73.938538912415709, 40.817279313671122 ], [ -73.938994689659154, 40.816664738417799 ], [ -73.939457703940008, 40.81602820734166 ], [ -73.939906248633193, 40.815402645687072 ], [ -73.940369240496267, 40.814771600258659 ], [ -73.940853928668673, 40.814107627386669 ], [ -73.940926156997421, 40.814135111629838 ], [ -73.94263792670705, 40.814855092908736 ], [ -73.942833600581025, 40.81416900981278 ], [ -73.943108151681855, 40.814180124498954 ], [ -73.941418065010367, 40.813465650578401 ], [ -73.941345837205006, 40.813438166640374 ], [ -73.941490514870694, 40.813240620191003 ], [ -73.941801571823703, 40.812812601023765 ] ] ] ] } },
{ "type": "Feature", "properties": { "modzcta": "10023", "label": "10023", "zcta": "10023", "pop_est": "62435", "zcta20": "10023", "hvi": 1.0, "hvi_2018": 1.0 }, "geometry": { "type": "MultiPolygon", "coordinates": [ [ [ [ -73.989992070029928, 40.772243275664792 ], [ -73.990266430438197, 40.772429941399153 ], [ -73.989977508778864, 40.773039248583146 ], [ -73.989905181634043, 40.773824237405712 ], [ -73.989847346643629, 40.774268879877951 ], [ -73.989803968843347, 40.774609223537823 ], [ -73.989789505830714, 40.774746459143337 ], [ -73.989594453052092, 40.775295389210804 ], [ -73.989572783856403, 40.775333813576431 ], [ -73.989529447979436, 40.775394193870454 ], [ -73.989161082257283, 40.775954086221049 ], [ -73.988706034626404, 40.776640226783201 ], [ -73.98843164789433, 40.776530410085975 ], [ -73.98808491863214, 40.777156174752747 ], [ -73.987745392059537, 40.777847812757983 ], [ -73.987413082958085, 40.778522982062618 ], [ -73.987095216466471, 40.779165215128351 ], [ -73.987225192560771, 40.779220124327665 ], [ -73.986900085334668, 40.779933719109152 ], [ -73.986546082362253, 40.780658288467606 ], [ -73.98567955980559, 40.780312347393661 ], [ -73.985368861982153, 40.78108083423033 ], [ -73.985072616526054, 40.781777958908918 ], [ -73.984776363611616, 40.782480572220337 ], [ -73.984451214221238, 40.783194159736887 ], [ -73.98361356111451, 40.782831738750787 ], [ -73.983396928080083, 40.782738386775243 ], [ -73.983028652056348, 40.782584628000983 ], [ -73.982588169448704, 40.782392430875454 ], [ -73.982125801444184, 40.783029138470859 ], [ -73.980912668897886, 40.782518423331119 ], [ -73.980811575754544, 40.782474490790726 ], [ -73.981064546151899, 40.781749922682621 ], [ -73.980956232320466, 40.781705989077025 ], [ -73.979750354550873, 40.781195262791321 ], [ -73.979511938819769, 40.781519099379857 ], [ -73.97665977132003, 40.78032734193075 ], [ -73.976905420128929, 40.779998023160857 ], [ -73.9740678073141, 40.778806204176334 ], [ -73.974291790639697, 40.778498843912388 ], [ -73.974530223043104, 40.778169528502715 ], [ -73.97475420209274, 40.777862167310204 ], [ -73.974999853292502, 40.777527363006058 ], [ -73.9754622492067, 40.776896172942052 ], [ -73.975953536871472, 40.776221071202222 ], [ -73.976459260629142, 40.7755349913012 ], [ -73.976914405955938, 40.774909283219174 ], [ -73.977369542729591, 40.774283573280258 ], [ -73.977824670950326, 40.773657861484551 ], [ -73.978279790618345, 40.77303214783219 ], [ -73.97872045673337, 40.772417408611389 ], [ -73.979190004297138, 40.77178071495797 ], [ -73.979652318918824, 40.771154997011777 ], [ -73.980114624853002, 40.770529277151866 ], [ -73.980562481150244, 40.769903552943163 ], [ -73.981024771409807, 40.769272339834551 ], [ -73.981682071486077, 40.768388639874047 ], [ -73.981725388830711, 40.768405115194902 ], [ -73.981790368640262, 40.768416104444462 ], [ -73.981862570281024, 40.768421605313762 ], [ -73.981927553108576, 40.76842161552505 ], [ -73.981992537420453, 40.768416136219237 ], [ -73.982043081095654, 40.768410654627054 ], [ -73.982071929837232, 40.768531427693659 ], [ -73.982093493401507, 40.768893736756056 ], [ -73.982216222022373, 40.768959629527657 ], [ -73.984317141016419, 40.769849230384075 ], [ -73.984764951999153, 40.769228979257299 ], [ -73.987616790231442, 40.770415048621793 ], [ -73.987147332863231, 40.771051776742965 ], [ -73.988562468529722, 40.771644789554323 ], [ -73.989992070029928, 40.772243275664792 ] ] ] ] } },
{ "type": "Feature", "properties": { "modzcta": "10024", "label": "10024", "zcta": "10024", "pop_est": "59001", "zcta20": "10024", "hvi": 1.0, "hvi_2018": 1.0 }, "geometry": { "type": "MultiPolygon", "coordinates": [ [ [ [ -73.9740678073141, 40.778806204176334 ], [ -73.976905420128929, 40.779998023160857 ], [ -73.97665977132003, 40.78032734193075 ], [ -73.979511938819769, 40.781519099379857 ], [ -73.979750354550873, 40.781195262791321 ], [ -73.980956232320466, 40.781705989077025 ], [ -73.981064546151899, 40.781749922682621 ], [ -73.980811575754544, 40.782474490790726 ], [ -73.980912668897886, 40.782518423331119 ], [ -73.982125801444184, 40.783029138470859 ], [ -73.982588169448704, 40.782392430875454 ], [ -73.983028652056348, 40.782584628000983 ], [ -73.983396928080083, 40.782738386775243 ], [ -73.98361356111451, 40.782831738750787 ], [ -73.984451214221238, 40.783194159736887 ], [ -73.984776363611616, 40.782480572220337 ], [ -73.985072616526054, 40.781777958908918 ], [ -73.985368861982153, 40.78108083423033 ], [ -73.98567955980559, 40.780312347393661 ], [ -73.986546082362253, 40.780658288467606 ], [ -73.98707321420865, 40.780905374971191 ], [ -73.987304281416215, 40.781042637414728 ], [ -73.987362050711241, 40.781064601645262 ], [ -73.987412598356784, 40.781086565058089 ], [ -73.987463146035665, 40.781108528448726 ], [ -73.987990286829643, 40.781344631800813 ], [ -73.988127489637847, 40.781399540716507 ], [ -73.988040795457209, 40.781586173724591 ], [ -73.988019121342248, 40.781635576700367 ], [ -73.987961322552607, 40.781772807416743 ], [ -73.987917981023628, 40.781833187045564 ], [ -73.987874639416049, 40.781893566657509 ], [ -73.986473203540882, 40.783919024592819 ], [ -73.986249255948621, 40.784237387210844 ], [ -73.986111995026263, 40.784440481045024 ], [ -73.985613521661747, 40.785143071674618 ], [ -73.98546903118941, 40.785362632212042 ], [ -73.985432909623441, 40.785412032850552 ], [ -73.98507890953536, 40.785922507925548 ], [ -73.985013888621793, 40.786015820411393 ], [ -73.984934418092806, 40.786131088834793 ], [ -73.984652657302462, 40.786537272120917 ], [ -73.984616534493512, 40.786586672494622 ], [ -73.983691756735112, 40.787914995862771 ], [ -73.982347871327661, 40.789852578508246 ], [ -73.98188544174684, 40.79051673171508 ], [ -73.98139409800261, 40.791230283489796 ], [ -73.981292938868549, 40.791372993114926 ], [ -73.98094610291264, 40.791866987812249 ], [ -73.980534228329091, 40.792454291292749 ], [ -73.980433065491937, 40.792597000135885 ], [ -73.980129584208925, 40.792992189354756 ], [ -73.980050095250348, 40.793112943744617 ], [ -73.979291349817316, 40.794177765070138 ], [ -73.978286877728394, 40.795588371055928 ], [ -73.977795463472845, 40.796285438551109 ], [ -73.976848738706693, 40.797630169184593 ], [ -73.976400655126454, 40.798272344653689 ], [ -73.976285019629273, 40.798437004586894 ], [ -73.975829697554175, 40.79909015517719 ], [ -73.975779108102159, 40.799156018016596 ], [ -73.975793535435812, 40.799210915595275 ], [ -73.975764622834276, 40.799260314612987 ], [ -73.975540590571001, 40.799529250569826 ], [ -73.975265939483606, 40.799935411585494 ], [ -73.975085251665917, 40.80018788755995 ], [ -73.974962379615604, 40.800369012914757 ], [ -73.974839504821759, 40.800555627586647 ], [ -73.974666035440862, 40.800813593908607 ], [ -73.974485347172262, 40.801055090002066 ], [ -73.97414564694887, 40.801516128364888 ], [ -73.973943263755913, 40.801807023787816 ], [ -73.973899887857783, 40.801889355762796 ], [ -73.973777018091539, 40.802048521997683 ], [ -73.973719178718184, 40.802169276776297 ], [ -73.973610769044583, 40.802295509410158 ], [ -73.973545729151652, 40.802355878475957 ], [ -73.973365019452743, 40.802630309462124 ], [ -73.973206011362521, 40.802827892876557 ], [ -73.973126487017311, 40.802976089558662 ], [ -73.973068663425877, 40.803052928385462 ], [ -73.973032534177378, 40.803074877745047 ], [ -73.972924101630298, 40.803250514772223 ], [ -73.972866279804549, 40.803321864043397 ], [ -73.972873490481589, 40.803354802447842 ], [ -73.972555446607487, 40.803799372702308 ], [ -73.972172348557677, 40.80432077866935 ], [ -73.972049449426279, 40.804529348048128 ], [ -73.971955497421163, 40.804617156433075 ], [ -73.971818195021086, 40.80471593305095 ], [ -73.971796492030464, 40.804787290593502 ], [ -73.971709740264416, 40.804929995034868 ], [ -73.971623002168172, 40.805039762712688 ], [ -73.971608530181044, 40.805094653646798 ], [ -73.971442267834561, 40.805336148362656 ], [ -73.971290474280252, 40.805528241389965 ], [ -73.971109751435463, 40.805791689804487 ], [ -73.970459185588325, 40.80663141059361 ], [ -73.970213418874835, 40.806933267009398 ], [ -73.969880896022744, 40.807366847001418 ], [ -73.969772455646094, 40.807526012602246 ], [ -73.96956282052011, 40.807794940373064 ], [ -73.969114613497283, 40.808404149798363 ], [ -73.969092926798211, 40.808431591220646 ], [ -73.968919442815491, 40.808629164663685 ], [ -73.968854364221869, 40.808749914925833 ], [ -73.968659196816105, 40.808963950446703 ], [ -73.968557998984096, 40.809073711818101 ], [ -73.968543515808832, 40.809145070668329 ], [ -73.968463960529348, 40.80932071121029 ], [ -73.968427802924197, 40.809392064112295 ], [ -73.968239830850436, 40.809660995330013 ], [ -73.968153083492723, 40.809765270868375 ], [ -73.96811693846098, 40.809809176443345 ], [ -73.968131372297691, 40.80984211710777 ], [ -73.967957852713553, 40.810100072950164 ], [ -73.967885556683697, 40.81019886285037 ], [ -73.96787831064303, 40.810242776393856 ], [ -73.967791551334656, 40.810369009428037 ], [ -73.967719270740588, 40.810434862553755 ], [ -73.967704794360827, 40.81048975295009 ], [ -73.967668640639999, 40.810550126712052 ], [ -73.96761805042631, 40.810583049183563 ], [ -73.967618026388962, 40.810632454181174 ], [ -73.967545707862087, 40.810775159412131 ], [ -73.967401088699091, 40.811022143621592 ], [ -73.967133584468542, 40.811389860449019 ], [ -73.967039594544858, 40.811521580277365 ], [ -73.967003455989371, 40.811549017160814 ], [ -73.966923910140792, 40.811691719912538 ], [ -73.966880519117339, 40.811774049115144 ], [ -73.966750364599889, 40.811982610517944 ], [ -73.966634678655112, 40.812152749850142 ], [ -73.966526236521915, 40.812284465060991 ], [ -73.966388865890195, 40.812471066170595 ], [ -73.966280403283292, 40.812641207239857 ], [ -73.966157487071371, 40.812816833403893 ], [ -73.966106888796062, 40.81286073408441 ], [ -73.965882735144049, 40.813201013426358 ], [ -73.96578874300873, 40.813327242754525 ], [ -73.965658601860298, 40.813497376781363 ], [ -73.965492294086317, 40.813744352028976 ], [ -73.965492291240039, 40.813749841470312 ], [ -73.965347686574788, 40.813941928573293 ], [ -73.965109077699012, 40.81427671256634 ], [ -73.965094604088989, 40.814320623719048 ], [ -73.964328084509773, 40.815511597844917 ], [ -73.964140084500556, 40.815769543231518 ], [ -73.963402584409764, 40.816686047980859 ], [ -73.963127864475325, 40.816954942990279 ], [ -73.963084483594287, 40.817004334063505 ], [ -73.962715775797932, 40.817366518411916 ], [ -73.962028931215656, 40.81808541073741 ], [ -73.961898890579803, 40.818046941771115 ], [ -73.961819420501527, 40.818024957729733 ], [ -73.961689392745527, 40.817964530777004 ], [ -73.961638825580764, 40.817942556210504 ], [ -73.961573813420586, 40.817909597931525 ], [ -73.961385999813416, 40.817816214731288 ], [ -73.96101758697057, 40.81765140760276 ], [ -73.960685291165348, 40.8175085693683 ], [ -73.96123488742235, 40.816740233957361 ], [ -73.961278413233543, 40.816443818836802 ], [ -73.961278445173335, 40.816388924448539 ], [ -73.961256832535113, 40.816279128388828 ], [ -73.961249613421955, 40.816268147082795 ], [ -73.961235194387982, 40.816213247835321 ], [ -73.961228004068687, 40.816152861576434 ], [ -73.961228039248013, 40.816092477746487 ], [ -73.961228055238593, 40.81606503055081 ], [ -73.961228074427268, 40.816032093915879 ], [ -73.961242614898893, 40.815878394475661 ], [ -73.9612716093892, 40.815719210445195 ], [ -73.961307829168575, 40.815560028828237 ], [ -73.961351270997284, 40.815406339057716 ], [ -73.961401938019762, 40.815252651685995 ], [ -73.961467055563688, 40.815098969118544 ], [ -73.961539394995555, 40.814950778361037 ], [ -73.961618959450817, 40.814802589960024 ], [ -73.961705720453423, 40.814703808864046 ], [ -73.961792481198458, 40.814605027701269 ], [ -73.961872019517472, 40.814500754641905 ], [ -73.961944335424732, 40.814390989700613 ], [ -73.962009425804453, 40.814281222331445 ], [ -73.962067290692403, 40.814171452546709 ], [ -73.962125158513501, 40.81405619329 ], [ -73.962168575630088, 40.813940929261456 ], [ -73.962190291928593, 40.813869573637383 ], [ -73.962233758651422, 40.813666478520332 ], [ -73.963014662277672, 40.81262373753956 ], [ -73.963325535564763, 40.812272512468624 ], [ -73.963969086955331, 40.811312062690533 ], [ -73.964019652819402, 40.81132854681541 ], [ -73.964055807308469, 40.811273663648869 ], [ -73.964424556217381, 40.810757770226651 ], [ -73.964778835183779, 40.81026931839051 ], [ -73.964995736692885, 40.809972954397182 ], [ -73.965451230983206, 40.809336316079069 ], [ -73.965812722367758, 40.808842373672796 ], [ -73.966528273968919, 40.808233255047895 ], [ -73.966701766763904, 40.808030195744095 ], [ -73.96686081205641, 40.80782164257343 ], [ -73.967012634507583, 40.807607597662461 ], [ -73.967403062105234, 40.80699289055633 ], [ -73.967605511022825, 40.806658091276631 ], [ -73.967634432893178, 40.806608694363952 ], [ -73.967793511709331, 40.806317798139709 ], [ -73.967967061697948, 40.805977500663751 ], [ -73.968089984190414, 40.805752467340383 ], [ -73.96855999305167, 40.804852326746314 ], [ -73.9693263217506, 40.803644854085455 ], [ -73.970273257059262, 40.802360570490478 ], [ -73.97122738917551, 40.801054322846952 ], [ -73.971299679781254, 40.800933572895246 ], [ -73.971393641606809, 40.800812828275944 ], [ -73.971502046019779, 40.800703066056393 ], [ -73.971588766949779, 40.80062074565901 ], [ -73.971632128504041, 40.800576840708892 ], [ -73.972557033127543, 40.799951266863374 ], [ -73.972614843323669, 40.799901875523886 ], [ -73.97300507826921, 40.799523195218157 ], [ -73.973590486609041, 40.79879323332861 ], [ -73.973735032415263, 40.798606624875937 ], [ -73.973865134585893, 40.798409034051772 ], [ -73.973966343950451, 40.798205947097166 ], [ -73.974045886410465, 40.797991876258983 ], [ -73.974096534366581, 40.797777798869198 ], [ -73.974125513706028, 40.79755822713166 ], [ -73.974132820369974, 40.797344139974257 ], [ -73.974111184174433, 40.797256303813256 ], [ -73.974103992764483, 40.797173960349681 ], [ -73.974104026931371, 40.79708612905138 ], [ -73.974111284511679, 40.796998299374501 ], [ -73.974125763343167, 40.796915960773958 ], [ -73.974147467666313, 40.796828134334447 ], [ -73.974183616574336, 40.796745800582713 ], [ -73.974226986644837, 40.796668957890425 ], [ -73.974190910192775, 40.796564650134044 ], [ -73.975014580002536, 40.796015885885282 ], [ -73.975932116618026, 40.795527519382425 ], [ -73.976091049891878, 40.79546716842119 ], [ -73.976199443742573, 40.795340933318393 ], [ -73.976307839135828, 40.795209208653276 ], [ -73.976409010894983, 40.795077482405361 ], [ -73.976502961000463, 40.794940265135551 ], [ -73.976560777446892, 40.794852445571145 ], [ -73.976618593740781, 40.794764625976498 ], [ -73.976669188644294, 40.794671315431501 ], [ -73.976712560255024, 40.794578003403799 ], [ -73.976755931744179, 40.794484691358441 ], [ -73.976784858764631, 40.794385886928019 ], [ -73.976813783787335, 40.794292571947523 ], [ -73.976828264419936, 40.794193764596308 ], [ -73.976857189298315, 40.794100449602084 ], [ -73.976900605987112, 40.793875390480622 ], [ -73.97692957437944, 40.793655817903428 ], [ -73.976936873499469, 40.793436240977549 ], [ -73.976944258121165, 40.792969638358286 ], [ -73.976944292340917, 40.79287082808149 ], [ -73.977096023724371, 40.792728132364999 ], [ -73.976785482804502, 40.792596323186523 ], [ -73.976684377081526, 40.792552387094268 ], [ -73.975536108543011, 40.79206907654595 ], [ -73.974207315794956, 40.79150886180085 ], [ -73.974106211289907, 40.79147041290058 ], [ -73.974005109045024, 40.791426474450276 ], [ -73.973362386672946, 40.791157344077881 ], [ -73.97269078525045, 40.790871734883659 ], [ -73.972546355176064, 40.790811316488565 ], [ -73.972351231709254, 40.791074764020593 ], [ -73.969592614695117, 40.790020092467259 ], [ -73.969635978172349, 40.789959719808259 ], [ -73.969686564214115, 40.789899349032225 ], [ -73.969729927527524, 40.789838976336696 ], [ -73.969773288269991, 40.789784093086688 ], [ -73.96985278692172, 40.789674324647279 ], [ -73.969296754135726, 40.789438130944205 ], [ -73.969145107664957, 40.789377706349171 ], [ -73.969080117132989, 40.789350241614983 ], [ -73.969007906629429, 40.789317285439324 ], [ -73.968430214762563, 40.789075592251024 ], [ -73.967830864812228, 40.78882291118596 ], [ -73.967007668189851, 40.788476842240513 ], [ -73.967448540602746, 40.787862147583809 ], [ -73.967925529874762, 40.787220013915324 ], [ -73.968388057561384, 40.786594342642921 ], [ -73.968843354338361, 40.785968667501557 ], [ -73.969334776057195, 40.78529359491975 ], [ -73.969833412368473, 40.784613032596184 ], [ -73.970303130915681, 40.783976376342039 ], [ -73.97075839661693, 40.783339714447067 ], [ -73.971220873101828, 40.782708541963416 ], [ -73.971719473107981, 40.782022481740015 ], [ -73.973569262123306, 40.77947580648361 ], [ -73.9740678073141, 40.778806204176334 ] ] ] ] } },
{ "type": "Feature", "properties": { "modzcta": "10025", "label": "10025", "zcta": "10025", "pop_est": "92805", "zcta20": "10025", "hvi": 2.0, "hvi_2018": 2.0 }, "geometry": { "type": "MultiPolygon", "coordinates": [ [ [ [ -73.967007668189851, 40.788476842240513 ], [ -73.967830864812228, 40.78882291118596 ], [ -73.968430214762563, 40.789075592251024 ], [ -73.969007906629429, 40.789317285439324 ], [ -73.969080117132989, 40.789350241614983 ], [ -73.969145107664957, 40.789377706349171 ], [ -73.969296754135726, 40.789438130944205 ], [ -73.96985278692172, 40.789674324647279 ], [ -73.969773288269991, 40.789784093086688 ], [ -73.969729927527524, 40.789838976336696 ], [ -73.969686564214115, 40.789899349032225 ], [ -73.969635978172349, 40.789959719808259 ], [ -73.969592614695117, 40.790020092467259 ], [ -73.972351231709254, 40.791074764020593 ], [ -73.972546355176064, 40.790811316488565 ], [ -73.97269078525045, 40.790871734883659 ], [ -73.973362386672946, 40.791157344077881 ], [ -73.974005109045024, 40.791426474450276 ], [ -73.974106211289907, 40.79147041290058 ], [ -73.974207315794956, 40.79150886180085 ], [ -73.975536108543011, 40.79206907654595 ], [ -73.976684377081526, 40.792552387094268 ], [ -73.976785482804502, 40.792596323186523 ], [ -73.977096023724371, 40.792728132364999 ], [ -73.976944292340917, 40.79287082808149 ], [ -73.976944258121165, 40.792969638358286 ], [ -73.976936873499469, 40.793436240977549 ], [ -73.97692957437944, 40.793655817903428 ], [ -73.976900605987112, 40.793875390480622 ], [ -73.976857189298315, 40.794100449602084 ], [ -73.976828264419936, 40.794193764596308 ], [ -73.976813783787335, 40.794292571947523 ], [ -73.976784858764631, 40.794385886928019 ], [ -73.976755931744179, 40.794484691358441 ], [ -73.976712560255024, 40.794578003403799 ], [ -73.976669188644294, 40.794671315431501 ], [ -73.976618593740781, 40.794764625976498 ], [ -73.976560777446892, 40.794852445571145 ], [ -73.976502961000463, 40.794940265135551 ], [ -73.976409010894983, 40.795077482405361 ], [ -73.976307839135828, 40.795209208653276 ], [ -73.976199443742573, 40.795340933318393 ], [ -73.976091049891878, 40.79546716842119 ], [ -73.975932116618026, 40.795527519382425 ], [ -73.975014580002536, 40.796015885885282 ], [ -73.974190910192775, 40.796564650134044 ], [ -73.974226986644837, 40.796668957890425 ], [ -73.974183616574336, 40.796745800582713 ], [ -73.974147467666313, 40.796828134334447 ], [ -73.974125763343167, 40.796915960773958 ], [ -73.974111284511679, 40.796998299374501 ], [ -73.974104026931371, 40.79708612905138 ], [ -73.974103992764483, 40.797173960349681 ], [ -73.974111184174433, 40.797256303813256 ], [ -73.974132820369974, 40.797344139974257 ], [ -73.974125513706028, 40.79755822713166 ], [ -73.974096534366581, 40.797777798869198 ], [ -73.974045886410465, 40.797991876258983 ], [ -73.973966343950451, 40.798205947097166 ], [ -73.973865134585893, 40.798409034051772 ], [ -73.973735032415263, 40.798606624875937 ], [ -73.973590486609041, 40.79879323332861 ], [ -73.97300507826921, 40.799523195218157 ], [ -73.972614843323669, 40.799901875523886 ], [ -73.972557033127543, 40.799951266863374 ], [ -73.971632128504041, 40.800576840708892 ], [ -73.971588766949779, 40.80062074565901 ], [ -73.971502046019779, 40.800703066056393 ], [ -73.971393641606809, 40.800812828275944 ], [ -73.971299679781254, 40.800933572895246 ], [ -73.97122738917551, 40.801054322846952 ], [ -73.970273257059262, 40.802360570490478 ], [ -73.9693263217506, 40.803644854085455 ], [ -73.96855999305167, 40.804852326746314 ], [ -73.968089984190414, 40.805752467340383 ], [ -73.967967061697948, 40.805977500663751 ], [ -73.967793511709331, 40.806317798139709 ], [ -73.967634432893178, 40.806608694363952 ], [ -73.967605511022825, 40.806658091276631 ], [ -73.967403062105234, 40.80699289055633 ], [ -73.967012634507583, 40.807607597662461 ], [ -73.96686081205641, 40.80782164257343 ], [ -73.966701766763904, 40.808030195744095 ], [ -73.966528273968919, 40.808233255047895 ], [ -73.965812722367758, 40.808842373672796 ], [ -73.96576216641985, 40.80880942199056 ], [ -73.965393781179216, 40.808666586386828 ], [ -73.964880944789115, 40.808446853433217 ], [ -73.96399975354305, 40.808045851994528 ], [ -73.96389863279262, 40.808001904794814 ], [ -73.964390261463947, 40.807337834537364 ], [ -73.964845740613171, 40.806706687788562 ], [ -73.964751842893705, 40.806668232978126 ], [ -73.964304029249107, 40.806475964488094 ], [ -73.964224578092768, 40.806443003167558 ], [ -73.962455011869238, 40.805695875368677 ], [ -73.962007208267977, 40.805509087375349 ], [ -73.961551713569435, 40.806134733582383 ], [ -73.959825501666174, 40.805436984870163 ], [ -73.959601350898311, 40.805760784062322 ], [ -73.95936273239397, 40.806112024949286 ], [ -73.958408294937072, 40.807418173318801 ], [ -73.957945521795978, 40.808054781370643 ], [ -73.957612798061987, 40.808669477603281 ], [ -73.957243866869931, 40.80940492721394 ], [ -73.957207693661417, 40.809481766040342 ], [ -73.957171516836979, 40.80956409429929 ], [ -73.957149789494352, 40.809646427917315 ], [ -73.957135286892552, 40.80972876421653 ], [ -73.957128005522407, 40.809816592644296 ], [ -73.957127952482693, 40.809898934312741 ], [ -73.957142380900024, 40.809931876352216 ], [ -73.957149584511441, 40.809964815704681 ], [ -73.957171237777544, 40.80999776042524 ], [ -73.957185669768975, 40.810025213014384 ], [ -73.957221762148507, 40.810074631423497 ], [ -73.957257858106928, 40.810118560376537 ], [ -73.957301182476385, 40.810157002549751 ], [ -73.957351728223585, 40.810200936823506 ], [ -73.95827624007589, 40.810629451851668 ], [ -73.957813443343014, 40.81126605904312 ], [ -73.956845561900565, 40.810859481904714 ], [ -73.95643385659973, 40.810683664821703 ], [ -73.954967621980671, 40.81006279409533 ], [ -73.955430433890385, 40.809431687648662 ], [ -73.955886012329458, 40.808800576515523 ], [ -73.956341578528125, 40.808174952963888 ], [ -73.956804364283144, 40.807543840809558 ], [ -73.957267137737617, 40.806918216180513 ], [ -73.957722678070922, 40.80629258698179 ], [ -73.958178254679481, 40.805595593091851 ], [ -73.958214445332487, 40.805485817222177 ], [ -73.958236183777444, 40.805381525554232 ], [ -73.958257929039377, 40.805266254983131 ], [ -73.958272446486902, 40.80515647123984 ], [ -73.95827973960013, 40.805046684878555 ], [ -73.958272584140275, 40.804936893285962 ], [ -73.95826542870401, 40.804827101690947 ], [ -73.958258276733858, 40.804711820644407 ], [ -73.958243945318571, 40.804525174138249 ], [ -73.958236800306565, 40.804398914185995 ], [ -73.958200996368276, 40.803893871727858 ], [ -73.958252057840895, 40.803108898673422 ], [ -73.958685897637011, 40.80247227853404 ], [ -73.959148621517656, 40.80184115639274 ], [ -73.959647489251822, 40.801155150457475 ], [ -73.960066815861282, 40.800584393298465 ], [ -73.958615210454084, 40.799974551866399 ], [ -73.959077910893456, 40.799354408665991 ], [ -73.959533389121503, 40.798717792648489 ], [ -73.960032226188119, 40.798037274163157 ], [ -73.960523823093226, 40.797367729883483 ], [ -73.960747934639784, 40.797054907377166 ], [ -73.960979270683069, 40.79673659740903 ], [ -73.961441929773741, 40.796110954945405 ], [ -73.961897360061172, 40.795479818718306 ], [ -73.962360001789307, 40.794854172445909 ], [ -73.962822628690475, 40.794239503171887 ], [ -73.962974439256456, 40.79401448419992 ], [ -73.963082867788728, 40.793866303569743 ], [ -73.963220209296793, 40.793679705845186 ], [ -73.963711741962115, 40.793010147510977 ], [ -73.963805712335372, 40.792878430007129 ], [ -73.964174361292919, 40.792362535873799 ], [ -73.964687557708515, 40.791665532670265 ], [ -73.965179063616873, 40.790990478406492 ], [ -73.965627197921492, 40.790364814215835 ], [ -73.966096994475762, 40.789733665135259 ], [ -73.966552334251702, 40.78910799934944 ], [ -73.967007668189851, 40.788476842240513 ] ], [ [ -73.962007208267977, 40.805509087375349 ], [ -73.962477142941395, 40.804883444009654 ], [ -73.960317616746366, 40.803993429881764 ], [ -73.960071566813852, 40.804706973506491 ], [ -73.962007208267977, 40.805509087375349 ] ] ] ] } },
{ "type": "Feature", "properties": { "modzcta": "10027", "label": "10027", "zcta": "10027, 10115", "pop_est": "64548", "zcta20": "10027", "hvi": 4.0, "hvi_2018": 4.0 }, "geometry": { "type": "MultiPolygon", "coordinates": [ [ [ [ -73.965812722367758, 40.808842373672796 ], [ -73.965451230983206, 40.809336316079069 ], [ -73.964995736692885, 40.809972954397182 ], [ -73.964778835183779, 40.81026931839051 ], [ -73.964424556217381, 40.810757770226651 ], [ -73.964055807308469, 40.811273663648869 ], [ -73.964019652819402, 40.81132854681541 ], [ -73.963969086955331, 40.811312062690533 ], [ -73.963325535564763, 40.812272512468624 ], [ -73.963014662277672, 40.81262373753956 ], [ -73.962233758651422, 40.813666478520332 ], [ -73.962190291928593, 40.813869573637383 ], [ -73.962168575630088, 40.813940929261456 ], [ -73.962125158513501, 40.81405619329 ], [ -73.962067290692403, 40.814171452546709 ], [ -73.962009425804453, 40.814281222331445 ], [ -73.961944335424732, 40.814390989700613 ], [ -73.961872019517472, 40.814500754641905 ], [ -73.961792481198458, 40.814605027701269 ], [ -73.961705720453423, 40.814703808864046 ], [ -73.961618959450817, 40.814802589960024 ], [ -73.961539394995555, 40.814950778361037 ], [ -73.961467055563688, 40.815098969118544 ], [ -73.961401938019762, 40.815252651685995 ], [ -73.961351270997284, 40.815406339057716 ], [ -73.961307829168575, 40.815560028828237 ], [ -73.9612716093892, 40.815719210445195 ], [ -73.961242614898893, 40.815878394475661 ], [ -73.961228074427268, 40.816032093915879 ], [ -73.961228055238593, 40.81606503055081 ], [ -73.961228039248013, 40.816092477746487 ], [ -73.961228004068687, 40.816152861576434 ], [ -73.961235194387982, 40.816213247835321 ], [ -73.961249613421955, 40.816268147082795 ], [ -73.961256832535113, 40.816279128388828 ], [ -73.961278445173335, 40.816388924448539 ], [ -73.961278413233543, 40.816443818836802 ], [ -73.96123488742235, 40.816740233957361 ], [ -73.960685291165348, 40.8175085693683 ], [ -73.96101758697057, 40.81765140760276 ], [ -73.961385999813416, 40.817816214731288 ], [ -73.961573813420586, 40.817909597931525 ], [ -73.961638825580764, 40.817942556210504 ], [ -73.961689392745527, 40.817964530777004 ], [ -73.961819420501527, 40.818024957729733 ], [ -73.961898890579803, 40.818046941771115 ], [ -73.962028931215656, 40.81808541073741 ], [ -73.961320343403671, 40.818892122603074 ], [ -73.960951583335969, 40.819309195560145 ], [ -73.960445438826923, 40.819874435060107 ], [ -73.959997126378695, 40.820384798002991 ], [ -73.959845454267452, 40.820263977683567 ], [ -73.959809321259726, 40.820269454531413 ], [ -73.959657556572196, 40.820302338152288 ], [ -73.95954195483975, 40.820280339903107 ], [ -73.959484160686529, 40.820258361864411 ], [ -73.95941914063603, 40.820236381253849 ], [ -73.959296333309894, 40.820181443602685 ], [ -73.958870115433882, 40.820000140949539 ], [ -73.95816216264258, 40.819703456657713 ], [ -73.957331411990793, 40.81935182825336 ], [ -73.956132255582887, 40.818846350010702 ], [ -73.956016672057629, 40.818802390475931 ], [ -73.955561030051541, 40.819428011660548 ], [ -73.955452675410797, 40.819378564913229 ], [ -73.955344317247452, 40.819334607499762 ], [ -73.955272354038001, 40.818895424595489 ], [ -73.953430330859376, 40.818104216237572 ], [ -73.953647323735552, 40.817785916226214 ], [ -73.953185012207129, 40.817599088520673 ], [ -73.952274852090738, 40.817219944076086 ], [ -73.951768562250862, 40.817905913299469 ], [ -73.950879442744508, 40.818394097993171 ], [ -73.949730907486099, 40.81792151125844 ], [ -73.949629631576357, 40.81807517134812 ], [ -73.949506686377958, 40.818217842980637 ], [ -73.94936929754256, 40.818349529260438 ], [ -73.949210235119665, 40.818475716390687 ], [ -73.949036737393982, 40.818579939166433 ], [ -73.948848796030703, 40.818673176396487 ], [ -73.948704221487077, 40.818749964305276 ], [ -73.948574089689558, 40.818837737350592 ], [ -73.948451170584804, 40.81894198178685 ], [ -73.948349924251644, 40.819051725238538 ], [ -73.948270350772191, 40.819166967762563 ], [ -73.947619331423283, 40.820050473289264 ], [ -73.947583136991312, 40.820132798396948 ], [ -73.947554168402419, 40.820215126779011 ], [ -73.947554103508153, 40.820297468302797 ], [ -73.94756126023853, 40.820385302546597 ], [ -73.947597325153154, 40.820467660493236 ], [ -73.947900248173582, 40.821192403360087 ], [ -73.948543136409896, 40.821489121579248 ], [ -73.948080183890255, 40.82210922026502 ], [ -73.947235008637222, 40.821752023318773 ], [ -73.94607922860186, 40.821262928862971 ], [ -73.946404957752463, 40.820571411742648 ], [ -73.946716215154936, 40.81989635525165 ], [ -73.947034700805432, 40.819210322293138 ], [ -73.947345945453776, 40.818535263950949 ], [ -73.947664413781652, 40.817854718536644 ], [ -73.948004599581736, 40.817113798128766 ], [ -73.948359228838015, 40.816372883100485 ], [ -73.948677676456384, 40.815692334646364 ], [ -73.94748585978185, 40.815208727155117 ], [ -73.947030813192228, 40.815016388546645 ], [ -73.947226124488495, 40.814731027138656 ], [ -73.945456546753803, 40.813961681670534 ], [ -73.944726727761406, 40.814043675742987 ], [ -73.944647277268643, 40.814010700971338 ], [ -73.945102984775673, 40.813385122363698 ], [ -73.945001863856902, 40.813346648069057 ], [ -73.944727288524206, 40.813368474536958 ], [ -73.944423720564671, 40.813500075241748 ], [ -73.942964765794315, 40.812873566195996 ], [ -73.942711607271022, 40.813197317852875 ], [ -73.941873794344019, 40.812845574120459 ], [ -73.941801571823703, 40.812812601023765 ], [ -73.942250063287972, 40.812198008807279 ], [ -73.94272023562813, 40.811566957227939 ], [ -73.943168719590076, 40.81094138242748 ], [ -73.943317549151757, 40.810737074759267 ], [ -73.94324117014628, 40.810705371961177 ], [ -73.942807845967693, 40.810507537770476 ], [ -73.942865706255773, 40.810436203662825 ], [ -73.940879632396701, 40.809573359242421 ], [ -73.941103882222237, 40.809255086102795 ], [ -73.94040334764199, 40.808958295952465 ], [ -73.940859060444566, 40.808332733607408 ], [ -73.941314759840907, 40.807712658843812 ], [ -73.941770455549005, 40.807087092770601 ], [ -73.942262302982158, 40.806417627353682 ], [ -73.94275414524256, 40.805742670318672 ], [ -73.944299616502946, 40.806391182460843 ], [ -73.944784177119772, 40.805760128853393 ], [ -73.945239826853353, 40.805134548870683 ], [ -73.945695463543572, 40.804514456473278 ], [ -73.946129432590183, 40.803877883739375 ], [ -73.944598454602243, 40.803223913361649 ], [ -73.944757566770079, 40.803004411629651 ], [ -73.947552397290252, 40.804125565230848 ], [ -73.947480077466352, 40.80422434242741 ], [ -73.947848386770247, 40.804383703718401 ], [ -73.947935051575342, 40.804416679598404 ], [ -73.947812106453043, 40.804586796984459 ], [ -73.947877103084323, 40.804614273644695 ], [ -73.950556455814308, 40.805746280702465 ], [ -73.950657568396934, 40.805784750172521 ], [ -73.950737012048137, 40.805817720846264 ], [ -73.952860346981353, 40.806707899417184 ], [ -73.953503132764041, 40.806982632894311 ], [ -73.95395871271451, 40.806351529128428 ], [ -73.95541041085437, 40.806966918023321 ], [ -73.956804364283144, 40.807543840809558 ], [ -73.956341578528125, 40.808174952963888 ], [ -73.955886012329458, 40.808800576515523 ], [ -73.955430433890385, 40.809431687648662 ], [ -73.954967621980671, 40.81006279409533 ], [ -73.95643385659973, 40.810683664821703 ], [ -73.956845561900565, 40.810859481904714 ], [ -73.957813443343014, 40.81126605904312 ], [ -73.95827624007589, 40.810629451851668 ], [ -73.957351728223585, 40.810200936823506 ], [ -73.957301182476385, 40.810157002549751 ], [ -73.957257858106928, 40.810118560376537 ], [ -73.957221762148507, 40.810074631423497 ], [ -73.957185669768975, 40.810025213014384 ], [ -73.957171237777544, 40.80999776042524 ], [ -73.957149584511441, 40.809964815704681 ], [ -73.957142380900024, 40.809931876352216 ], [ -73.957127952482693, 40.809898934312741 ], [ -73.957128005522407, 40.809816592644296 ], [ -73.957135286892552, 40.80972876421653 ], [ -73.957149789494352, 40.809646427917315 ], [ -73.957171516836979, 40.80956409429929 ], [ -73.957207693661417, 40.809481766040342 ], [ -73.957243866869931, 40.80940492721394 ], [ -73.957612798061987, 40.808669477603281 ], [ -73.957945521795978, 40.808054781370643 ], [ -73.958408294937072, 40.807418173318801 ], [ -73.95936273239397, 40.806112024949286 ], [ -73.959601350898311, 40.805760784062322 ], [ -73.959825501666174, 40.805436984870163 ], [ -73.961551713569435, 40.806134733582383 ], [ -73.962007208267977, 40.805509087375349 ], [ -73.962455011869238, 40.805695875368677 ], [ -73.964224578092768, 40.806443003167558 ], [ -73.964304029249107, 40.806475964488094 ], [ -73.964751842893705, 40.806668232978126 ], [ -73.964845740613171, 40.806706687788562 ], [ -73.964563775982967, 40.807101841738636 ], [ -73.964390261463947, 40.807337834537364 ], [ -73.96389863279262, 40.808001904794814 ], [ -73.96399975354305, 40.808045851994528 ], [ -73.964880944789115, 40.808446853433217 ], [ -73.965393781179216, 40.808666586386828 ], [ -73.96576216641985, 40.80880942199056 ], [ -73.965812722367758, 40.808842373672796 ] ] ] ] } },
{ "type": "Feature", "properties": { "modzcta": "10028", "label": "10028", "zcta": "10028", "pop_est": "47793", "zcta20": "10028", "hvi": 1.0, "hvi_2018": 1.0 }, "geometry": { "type": "MultiPolygon", "coordinates": [ [ [ [ -73.963229047701745, 40.777677913357607 ], [ -73.962766527336541, 40.778314543723617 ], [ -73.962304001234898, 40.778945682700069 ], [ -73.961841463219514, 40.779582309230193 ], [ -73.961371688397662, 40.780229910361932 ], [ -73.960909138993117, 40.780855554085655 ], [ -73.960417667871226, 40.781525101727787 ], [ -73.959918955144971, 40.782211113099272 ], [ -73.958323358020237, 40.781535342286951 ], [ -73.95784685205993, 40.781332058567223 ], [ -73.957745772456377, 40.781293595255569 ], [ -73.95681442830687, 40.780898008108053 ], [ -73.956706131865658, 40.780854051705816 ], [ -73.957197638883329, 40.780179030354383 ], [ -73.957096564942091, 40.780135076996316 ], [ -73.955587678702372, 40.77949772661789 ], [ -73.953984969113947, 40.778821892673413 ], [ -73.951739785283053, 40.777876784876305 ], [ -73.951248239932454, 40.778551783184589 ], [ -73.948880383941656, 40.777551672912743 ], [ -73.94662809419161, 40.77660646213527 ], [ -73.946801591578748, 40.776370494942498 ], [ -73.944953619740261, 40.775584631987748 ], [ -73.945271708604707, 40.77514562543071 ], [ -73.94476640868811, 40.774936784232494 ], [ -73.945265223025189, 40.774250837686303 ], [ -73.945727877995253, 40.773619766662677 ], [ -73.94457295810561, 40.773114184960612 ], [ -73.944529651465771, 40.773092206209256 ], [ -73.944493556520413, 40.773081209871478 ], [ -73.944464686981746, 40.773064727527171 ], [ -73.944421380409821, 40.773042748735023 ], [ -73.944876682465292, 40.772570872338427 ], [ -73.945613711349495, 40.771945422031713 ], [ -73.946401310543351, 40.771270585180638 ], [ -73.946907182965646, 40.770732850404848 ], [ -73.947492537698679, 40.77011280741538 ], [ -73.947521406707068, 40.770129289008302 ], [ -73.947615242957454, 40.770167758070201 ], [ -73.947665764904784, 40.770195228429479 ], [ -73.94705873625081, 40.770831730773132 ], [ -73.947116479049583, 40.770859204687987 ], [ -73.947217527974374, 40.77090865633847 ], [ -73.947296928317996, 40.770941629561257 ], [ -73.947585643756057, 40.771078998245976 ], [ -73.949938812867074, 40.772073640352517 ], [ -73.950176701998402, 40.772600733373608 ], [ -73.951490477600728, 40.773155731217599 ], [ -73.95136036640173, 40.773342318600427 ], [ -73.951815144699552, 40.773529151904143 ], [ -73.952298793369806, 40.773737953269993 ], [ -73.952436123581862, 40.773551367819486 ], [ -73.953598350795801, 40.774029426204507 ], [ -73.953829641025322, 40.773711129456053 ], [ -73.95455874083116, 40.774018829997566 ], [ -73.954096162993537, 40.774655425912371 ], [ -73.956334050563498, 40.775600485524379 ], [ -73.956796613572351, 40.774963880716655 ], [ -73.958399258840814, 40.775639675952142 ], [ -73.959900863404116, 40.776276987377273 ], [ -73.960009154510416, 40.776320940807828 ], [ -73.960117442471926, 40.776370383609745 ], [ -73.96162630436433, 40.777002185505708 ], [ -73.963229047701745, 40.777677913357607 ] ] ] ] } },
{ "type": "Feature", "properties": { "modzcta": "10029", "label": "10029", "zcta": "10029", "pop_est": "79597", "zcta20": "10029", "hvi": 4.0, "hvi_2018": 4.0 }, "geometry": { "type": "MultiPolygon", "coordinates": [ [ [ [ -73.955777070675623, 40.787913154749539 ], [ -73.955285495845729, 40.788582679775132 ], [ -73.955104770477035, 40.788824145948155 ], [ -73.954815612376194, 40.789202805969218 ], [ -73.954396312434966, 40.78977354504633 ], [ -73.953890245570435, 40.79047050551759 ], [ -73.953434785163907, 40.79108514221727 ], [ -73.953160049506934, 40.791469293247154 ], [ -73.953094986177817, 40.791551608717441 ], [ -73.952979300839161, 40.79172173489922 ], [ -73.952523815633057, 40.792347346798358 ], [ -73.952068317914041, 40.79297844629545 ], [ -73.951605588513971, 40.793609540897556 ], [ -73.951113925638396, 40.794284536992961 ], [ -73.950629475984002, 40.794959534013728 ], [ -73.950159500023432, 40.795585130063039 ], [ -73.949689511081061, 40.796216213590732 ], [ -73.949421951834609, 40.7966058480093 ], [ -73.949233943275175, 40.796869259325724 ], [ -73.949067628709244, 40.797099743169156 ], [ -73.948785619563253, 40.797483880216689 ], [ -73.948308367869075, 40.798131423077855 ], [ -73.948207127325986, 40.798274103499253 ], [ -73.948156506891692, 40.798345443675395 ], [ -73.948098662782442, 40.798416780576233 ], [ -73.94804804640755, 40.798482631248859 ], [ -73.947845562703165, 40.798767991526397 ], [ -73.947816638162209, 40.798806404627122 ], [ -73.947758784672146, 40.79888872025996 ], [ -73.947708167602187, 40.798954570778449 ], [ -73.947418910414797, 40.799349679999331 ], [ -73.94737552067258, 40.799410044208393 ], [ -73.947324902827077, 40.799475894553161 ], [ -73.947281508569944, 40.799541748178953 ], [ -73.946970553239055, 40.799964293589447 ], [ -73.946464326737697, 40.80066670978799 ], [ -73.944846757181182, 40.799985254817081 ], [ -73.943373642626753, 40.799364232123168 ], [ -73.943236439724998, 40.799309270084876 ], [ -73.94309924174209, 40.799248818429419 ], [ -73.941618941013218, 40.79862228021868 ], [ -73.940023136336777, 40.797946257767542 ], [ -73.937777505755903, 40.797000880752414 ], [ -73.937640312345707, 40.796945912032797 ], [ -73.937553667516156, 40.796907438919341 ], [ -73.935409190630722, 40.79600598599972 ], [ -73.934910122461815, 40.796680908662204 ], [ -73.932657389458711, 40.795729938173899 ], [ -73.933156473337192, 40.795055025164267 ], [ -73.932412801325754, 40.794741692277455 ], [ -73.931618602578581, 40.79440087730611 ], [ -73.93133705338748, 40.794252494494586 ], [ -73.931293743032512, 40.794225021383085 ], [ -73.931235997838215, 40.794186560723141 ], [ -73.931156600433738, 40.794131618721657 ], [ -73.931113295912141, 40.794098656084515 ], [ -73.931424064376003, 40.793928668114681 ], [ -73.931655332507347, 40.793802547878165 ], [ -73.93179264947905, 40.79372577676596 ], [ -73.931872148042387, 40.793681908094982 ], [ -73.932009464515232, 40.793605136723009 ], [ -73.932081734152547, 40.793566753103462 ], [ -73.932349142800433, 40.793413205453568 ], [ -73.932508132777201, 40.793330956742615 ], [ -73.932537041520632, 40.793314505282964 ], [ -73.932674345365967, 40.793248712030653 ], [ -73.93287671126717, 40.793128061908241 ], [ -73.93310797938102, 40.792996449282874 ], [ -73.933245298519239, 40.792914186971906 ], [ -73.933274206899526, 40.792897735326264 ], [ -73.933483799085138, 40.792771598854081 ], [ -73.933729548889147, 40.792601567099219 ], [ -73.933888562478629, 40.792491869179685 ], [ -73.934069266022348, 40.792360225600241 ], [ -73.934271648373567, 40.792217615175716 ], [ -73.93433670314009, 40.792168247096541 ], [ -73.934510165845808, 40.79205306708176 ], [ -73.934741448519773, 40.791899493319349 ], [ -73.935052240296145, 40.791685579832567 ], [ -73.935110060432905, 40.791647186161704 ], [ -73.935167885848699, 40.791603303001921 ], [ -73.935269080142888, 40.791526507401805 ], [ -73.935261857324747, 40.791526503345111 ], [ -73.935189682582532, 40.791471568155615 ], [ -73.935464351654787, 40.791263122690268 ], [ -73.935536526397655, 40.791318057709475 ], [ -73.935832877942062, 40.791093155097798 ], [ -73.936020923209824, 40.790829765404084 ], [ -73.936317444222865, 40.790423709329133 ], [ -73.936693509995351, 40.789913396371482 ], [ -73.937062337036153, 40.789414057125597 ], [ -73.937055119637023, 40.789408563719675 ], [ -73.937084051491496, 40.789364663801337 ], [ -73.9371492413037, 40.78916707864559 ], [ -73.937228849932779, 40.788996948625005 ], [ -73.93739531944837, 40.788623755555285 ], [ -73.937417028238855, 40.788579851624576 ], [ -73.937547311276276, 40.788283491172578 ], [ -73.937634155705979, 40.788096896374022 ], [ -73.937684825863997, 40.787976155539276 ], [ -73.937692063709093, 40.78795969105559 ], [ -73.937742718258278, 40.787855418581785 ], [ -73.937771674638157, 40.787784071165234 ], [ -73.937815096273738, 40.787690773683018 ], [ -73.937945299053567, 40.787476754690061 ], [ -73.937945304169972, 40.787471265226749 ], [ -73.937959764272364, 40.787454804613517 ], [ -73.93797422948164, 40.787432854535105 ], [ -73.938118906559964, 40.787185906329363 ], [ -73.938133371658353, 40.787163956230039 ], [ -73.938191211572061, 40.787098113668463 ], [ -73.938241818856781, 40.787043246134537 ], [ -73.938538243584588, 40.786708547139241 ], [ -73.939268441533045, 40.785891003657866 ], [ -73.939825126987543, 40.785254517429792 ], [ -73.939832349125567, 40.785254521200578 ], [ -73.939839576223648, 40.785249035505608 ], [ -73.939854025457393, 40.785243553579612 ], [ -73.939882923917736, 40.785232589722163 ], [ -73.939890155965159, 40.785221614558722 ], [ -73.939911832276749, 40.785210646926863 ], [ -73.939926286449108, 40.785199675526442 ], [ -73.939955184878499, 40.785188711650783 ], [ -73.939991310375632, 40.785172262063327 ], [ -73.940012991600256, 40.785155804946982 ], [ -73.940027435854915, 40.785155812464524 ], [ -73.940049117065243, 40.785139355341315 ], [ -73.940063571199502, 40.785128383923599 ], [ -73.940114145819706, 40.78510645234325 ], [ -73.940150276167344, 40.785084513240342 ], [ -73.940186401559757, 40.785068063591496 ], [ -73.940200855655903, 40.785057092156393 ], [ -73.940222531862773, 40.785046124465786 ], [ -73.940236985948204, 40.785035153026165 ], [ -73.940265884255041, 40.785024189072288 ], [ -73.940359820896489, 40.784969343042818 ], [ -73.940453747564405, 40.784925475867468 ], [ -73.940533234816144, 40.784876111697301 ], [ -73.940547688813481, 40.784865140218365 ], [ -73.940583809090015, 40.78485417991007 ], [ -73.940591036082736, 40.78484869416765 ], [ -73.940627161238282, 40.784832244379999 ], [ -73.940670518249519, 40.784804819367885 ], [ -73.940713870337092, 40.784782883805057 ], [ -73.940721092423999, 40.784782887520123 ], [ -73.940749995426586, 40.784766433978739 ], [ -73.940764449364394, 40.784755462472461 ], [ -73.940786120498231, 40.784749984141058 ], [ -73.940829472512021, 40.784728048534561 ], [ -73.94102455135824, 40.784634827568389 ], [ -73.94108235221303, 40.784607409791292 ], [ -73.941111250195007, 40.784596445624715 ], [ -73.941140148167463, 40.784585481450904 ], [ -73.941176277894343, 40.784563542024578 ], [ -73.941443610097863, 40.78443193092523 ], [ -73.941523086384123, 40.784393545000725 ], [ -73.941674821454015, 40.784311279865705 ], [ -73.941855453844141, 40.784218050175973 ], [ -73.942014410120237, 40.784135788235133 ], [ -73.942180588011453, 40.784053529697545 ], [ -73.942310645984733, 40.783982231781714 ], [ -73.942390125984033, 40.783938355790177 ], [ -73.94243347694092, 40.783916419577523 ], [ -73.942469605878586, 40.783894479743495 ], [ -73.94257077529997, 40.783823167107691 ], [ -73.942606904141797, 40.783801227230285 ], [ -73.942671944504653, 40.783751854382302 ], [ -73.9427803354601, 40.783680545153324 ], [ -73.942867050883478, 40.783620204016088 ], [ -73.942932090876596, 40.783570831019887 ], [ -73.943018801321756, 40.783515979234352 ], [ -73.943112747637926, 40.783444662547502 ], [ -73.943163329346618, 40.78341175068951 ], [ -73.943206698435162, 40.783367856316332 ], [ -73.943242840858375, 40.783329447836984 ], [ -73.943271765991582, 40.78328554632423 ], [ -73.943307922354464, 40.783230669422665 ], [ -73.943344073986779, 40.783181281976468 ], [ -73.943394688048627, 40.78310994374521 ], [ -73.943438070777717, 40.783049580881141 ], [ -73.943553746812157, 40.782901421918332 ], [ -73.943546543546205, 40.782879460511133 ], [ -73.943568171968266, 40.782923386861626 ], [ -73.94363313640693, 40.782961844942683 ], [ -73.943763241692736, 40.782830161233761 ], [ -73.943835437293458, 40.782857643790386 ], [ -73.943893189191272, 40.782885119270489 ], [ -73.943958158400633, 40.78291808770112 ], [ -73.944052006002821, 40.782962049057772 ], [ -73.944643986455134, 40.783220339998721 ], [ -73.944723404763067, 40.783247825466233 ], [ -73.944224517442194, 40.783933768726612 ], [ -73.9465853039558, 40.784939459807887 ], [ -73.947112338788713, 40.785164771052784 ], [ -73.948296384249858, 40.785659360405973 ], [ -73.94838302064872, 40.785697825511427 ], [ -73.948823434790867, 40.785879174335655 ], [ -73.95043349640568, 40.7865386140463 ], [ -73.950925108980172, 40.785863620039578 ], [ -73.952231934199219, 40.786413115768575 ], [ -73.952462976109913, 40.786512021693369 ], [ -73.952549616025337, 40.786550483661522 ], [ -73.952657918987839, 40.786594443931342 ], [ -73.953416036048282, 40.7869131418907 ], [ -73.953712063335416, 40.787039518880341 ], [ -73.95416694179211, 40.787226342511232 ], [ -73.955777070675623, 40.787913154749539 ] ] ] ] } },
{ "type": "Feature", "properties": { "modzcta": "10031", "label": "10031", "zcta": "10031", "pop_est": "60254", "zcta20": "10031", "hvi": 4.0, "hvi_2018": 4.0 }, "geometry": { "type": "MultiPolygon", "coordinates": [ [ [ [ -73.959997126378695, 40.820384798002991 ], [ -73.959816530625034, 40.820296904226304 ], [ -73.959389858349908, 40.820856677238361 ], [ -73.959324770638986, 40.820944485271461 ], [ -73.959281384334503, 40.820993874881367 ], [ -73.959129530075913, 40.821169483101549 ], [ -73.959086150229936, 40.821207893767266 ], [ -73.9588185930794, 40.821520696346134 ], [ -73.958767976541978, 40.821575572611323 ], [ -73.958724589412782, 40.821624962006567 ], [ -73.958529348244923, 40.821844469361267 ], [ -73.958196671306638, 40.822283504026906 ], [ -73.958167656247781, 40.822459155412005 ], [ -73.958131480463578, 40.822530504931017 ], [ -73.95807361910768, 40.822612825424009 ], [ -73.957936220802381, 40.822771968980554 ], [ -73.95822519686331, 40.822887352150111 ], [ -73.958203497505764, 40.822920280891623 ], [ -73.958145625541832, 40.823019069713744 ], [ -73.959164258919529, 40.823453100213378 ], [ -73.959178708121513, 40.823458594762997 ], [ -73.95943879081922, 40.823562985777272 ], [ -73.959467692662329, 40.823568485373308 ], [ -73.959482138571929, 40.823579469317067 ], [ -73.959496587827587, 40.823584963826704 ], [ -73.959503810785975, 40.823590455796982 ], [ -73.959511033745542, 40.823595947766798 ], [ -73.95953269929305, 40.823617913105835 ], [ -73.959539918920242, 40.823628894506058 ], [ -73.95953991224475, 40.823639873370539 ], [ -73.959547135212659, 40.823645365338045 ], [ -73.959532659232977, 40.823683786292641 ], [ -73.959554331489343, 40.823694772762863 ], [ -73.959019087511209, 40.824501530438937 ], [ -73.958997411697922, 40.824496033301031 ], [ -73.957261390881598, 40.827119351213973 ], [ -73.956950721653357, 40.826998468189991 ], [ -73.956321381600603, 40.82794241349854 ], [ -73.956198551768665, 40.827903940903241 ], [ -73.956205782149709, 40.827898454219628 ], [ -73.956227480508119, 40.827871015309583 ], [ -73.955042598993785, 40.827414936793119 ], [ -73.954695372822002, 40.827919828453609 ], [ -73.954543651910569, 40.827859385022577 ], [ -73.954464078625563, 40.827974631652339 ], [ -73.954362805875121, 40.828117316787214 ], [ -73.954268774588314, 40.828238046984332 ], [ -73.954218137857524, 40.82830938947442 ], [ -73.954167516142959, 40.828358774230395 ], [ -73.954138586172107, 40.828391699304632 ], [ -73.954059041870195, 40.828463030223432 ], [ -73.9540301155929, 40.828490465842172 ], [ -73.954022881174978, 40.828501441816471 ], [ -73.953986716641879, 40.828545342825443 ], [ -73.95395055586016, 40.828583754395282 ], [ -73.953588853851286, 40.829099615707086 ], [ -73.952973869193031, 40.830087463640048 ], [ -73.952344451366571, 40.831020407905484 ], [ -73.952199767266535, 40.831217967392213 ], [ -73.952149137893073, 40.831272840663154 ], [ -73.951700589368073, 40.831914916565978 ], [ -73.951599312680358, 40.832046620331056 ], [ -73.951403977329562, 40.832321009479266 ], [ -73.951317153960304, 40.832452719077317 ], [ -73.95119414957199, 40.832644796981398 ], [ -73.951092850595089, 40.832803947403427 ], [ -73.951056645446897, 40.832897252273256 ], [ -73.951049397943123, 40.832924696323204 ], [ -73.950998669292147, 40.833111315233296 ], [ -73.950969683097526, 40.833215601987888 ], [ -73.950933489697547, 40.833292438543353 ], [ -73.950665821199109, 40.833638158109181 ], [ -73.950419783114526, 40.834049759425675 ], [ -73.95024616046426, 40.834269261617578 ], [ -73.9501521088999, 40.834395477755038 ], [ -73.949964161578819, 40.834439311759361 ], [ -73.94985573286543, 40.834461222362691 ], [ -73.949776234729427, 40.834455698347242 ], [ -73.949711191564205, 40.834450180580738 ], [ -73.949638929241971, 40.834433680777792 ], [ -73.94957389443077, 40.83441718408983 ], [ -73.949552216167547, 40.8344116851857 ], [ -73.949414935887106, 40.83435673081712 ], [ -73.949190997548214, 40.834208417932381 ], [ -73.949342945414458, 40.833983418382829 ], [ -73.949712515134763, 40.832699054708755 ], [ -73.94687313757214, 40.831512065658096 ], [ -73.946771992471739, 40.831468103606788 ], [ -73.946663615954591, 40.831429627548964 ], [ -73.943925502127371, 40.830270059551523 ], [ -73.9419532524185, 40.829434690609972 ], [ -73.941079104569354, 40.829082923852916 ], [ -73.940760720414772, 40.82953289391363 ], [ -73.940232477952421, 40.83028467304301 ], [ -73.940138447596851, 40.830372455120845 ], [ -73.939625522351378, 40.830158100042532 ], [ -73.939437694987149, 40.830075660135556 ], [ -73.938997018920361, 40.829888787309983 ], [ -73.938643033443498, 40.829740384949083 ], [ -73.938961709878996, 40.828988502295132 ], [ -73.939251416769565, 40.828296987141918 ], [ -73.939692834291165, 40.827654955495959 ], [ -73.940141445273525, 40.827040372985138 ], [ -73.940597284376835, 40.826414813530882 ], [ -73.94104588350811, 40.825794737944939 ], [ -73.94150170557549, 40.825169174785778 ], [ -73.941957509495964, 40.824554588621382 ], [ -73.942427786167059, 40.823907071220951 ], [ -73.942926958737786, 40.82325956614298 ], [ -73.943844365235464, 40.823649766379603 ], [ -73.944754565259373, 40.824028976967618 ], [ -73.94607922860186, 40.821262928862971 ], [ -73.947235008637222, 40.821752023318773 ], [ -73.948080183890255, 40.82210922026502 ], [ -73.948543136409896, 40.821489121579248 ], [ -73.947900248173582, 40.821192403360087 ], [ -73.947597325153154, 40.820467660493236 ], [ -73.94756126023853, 40.820385302546597 ], [ -73.947554103508153, 40.820297468302797 ], [ -73.947554168402419, 40.820215126779011 ], [ -73.947583136991312, 40.820132798396948 ], [ -73.947619331423283, 40.820050473289264 ], [ -73.948270350772191, 40.819166967762563 ], [ -73.948349924251644, 40.819051725238538 ], [ -73.948451170584804, 40.81894198178685 ], [ -73.948574089689558, 40.818837737350592 ], [ -73.948704221487077, 40.818749964305276 ], [ -73.948848796030703, 40.818673176396487 ], [ -73.949036737393982, 40.818579939166433 ], [ -73.949210235119665, 40.818475716390687 ], [ -73.94936929754256, 40.818349529260438 ], [ -73.949506686377958, 40.818217842980637 ], [ -73.949629631576357, 40.81807517134812 ], [ -73.949730907486099, 40.81792151125844 ], [ -73.950879442744508, 40.818394097993171 ], [ -73.951768562250862, 40.817905913299469 ], [ -73.952274852090738, 40.817219944076086 ], [ -73.953185012207129, 40.817599088520673 ], [ -73.953647323735552, 40.817785916226214 ], [ -73.953430330859376, 40.818104216237572 ], [ -73.955272354038001, 40.818895424595489 ], [ -73.955344317247452, 40.819334607499762 ], [ -73.955452675410797, 40.819378564913229 ], [ -73.955561030051541, 40.819428011660548 ], [ -73.956016672057629, 40.818802390475931 ], [ -73.956132255582887, 40.818846350010702 ], [ -73.957331411990793, 40.81935182825336 ], [ -73.95816216264258, 40.819703456657713 ], [ -73.958870115433882, 40.820000140949539 ], [ -73.959296333309894, 40.820181443602685 ], [ -73.95941914063603, 40.820236381253849 ], [ -73.959484160686529, 40.820258361864411 ], [ -73.95954195483975, 40.820280339903107 ], [ -73.959657556572196, 40.820302338152288 ], [ -73.959809321259726, 40.820269454531413 ], [ -73.959845454267452, 40.820263977683567 ], [ -73.959997126378695, 40.820384798002991 ] ] ] ] } },
{ "type": "Feature", "properties": { "modzcta": "10032", "label": "10032", "zcta": "10032", "pop_est": "64264", "zcta20": "10032", "hvi": 3.0, "hvi_2018": 3.0 }, "geometry": { "type": "MultiPolygon", "coordinates": [ [ [ [ -73.938853342681327, 40.844677212939118 ], [ -73.938976178343353, 40.844732172134492 ], [ -73.940515299758445, 40.845369748158006 ], [ -73.940239998994727, 40.846050293148501 ], [ -73.939994311013635, 40.845951356164676 ], [ -73.938679153162937, 40.845440149056465 ], [ -73.938853342681327, 40.844677212939118 ] ] ], [ [ [ -73.9501521088999, 40.834395477755038 ], [ -73.949978286358444, 40.834878471773585 ], [ -73.949891250108749, 40.835284651308541 ], [ -73.94979713844485, 40.835487719029693 ], [ -73.949782658401446, 40.83552064926274 ], [ -73.949739209891234, 40.835630418791659 ], [ -73.949739151833228, 40.835707270683592 ], [ -73.949710191579115, 40.835773131130686 ], [ -73.949695669924566, 40.835860955558189 ], [ -73.949681168990693, 40.835921332879586 ], [ -73.949688305302601, 40.836042103284932 ], [ -73.949688280395279, 40.836075039807852 ], [ -73.949688255487914, 40.836107976330624 ], [ -73.949659282548112, 40.836190305021567 ], [ -73.949644806438371, 40.836217745813023 ], [ -73.949623110956153, 40.836234204605205 ], [ -73.949601373879119, 40.836305557596056 ], [ -73.949586785410801, 40.836481212724031 ], [ -73.949543327623658, 40.836601961001236 ], [ -73.94950713906654, 40.836667818225138 ], [ -73.949456515836033, 40.836706222003805 ], [ -73.949391457969824, 40.836717172318735 ], [ -73.949326408444435, 40.836717143757163 ], [ -73.94929026145104, 40.83672810671348 ], [ -73.949290257266938, 40.836733596133364 ], [ -73.949283025355399, 40.836739082375168 ], [ -73.949283021170714, 40.836744571795002 ], [ -73.949283016986001, 40.836750061214822 ], [ -73.949283012801288, 40.836755550634656 ], [ -73.949290236346386, 40.836761043232521 ], [ -73.949290232162284, 40.836766532652334 ], [ -73.949297459892691, 40.836766535829938 ], [ -73.949304687623084, 40.836766539007066 ], [ -73.949376952396307, 40.836783039012843 ], [ -73.949441993642949, 40.836794046385478 ], [ -73.949499798842879, 40.836816029396509 ], [ -73.949543115298653, 40.83688192141333 ], [ -73.949180977581079, 40.837864368793696 ], [ -73.949152011639811, 40.837935718495217 ], [ -73.949007080019769, 40.838424212920216 ], [ -73.948927404438336, 40.838643754467718 ], [ -73.94884049193017, 40.838874271581837 ], [ -73.948760870223182, 40.839022450567967 ], [ -73.948659462515394, 40.83930236586496 ], [ -73.948558066688335, 40.83956581280794 ], [ -73.948492933626483, 40.839670082701616 ], [ -73.948427732272947, 40.839862183227559 ], [ -73.948333660825142, 40.839999376595628 ], [ -73.948275784956209, 40.840065223679787 ], [ -73.948232373707697, 40.840120098389995 ], [ -73.948073085684882, 40.840465860147795 ], [ -73.947964517714041, 40.840652451436974 ], [ -73.947863134285726, 40.840893940044687 ], [ -73.947761758742374, 40.84112444972201 ], [ -73.94771105344843, 40.841261662186021 ], [ -73.947602513429118, 40.841409827201318 ], [ -73.947559048820708, 40.841530574629331 ], [ -73.947486636344422, 40.841695224200016 ], [ -73.94738524525053, 40.841942201759444 ], [ -73.947276733849364, 40.842051940547492 ], [ -73.947211639904737, 40.842101315526158 ], [ -73.947168222090198, 40.842161679231381 ], [ -73.947132001982069, 40.842260472135166 ], [ -73.947117523508936, 40.842287912581035 ], [ -73.947110282085731, 40.84230437751048 ], [ -73.946958298908328, 40.842540352628191 ], [ -73.946936552533757, 40.84261719445422 ], [ -73.94687142709499, 40.842704995135357 ], [ -73.946784598764211, 40.842814743432136 ], [ -73.946755628097193, 40.84288609247141 ], [ -73.946712209356676, 40.842946455996909 ], [ -73.946618182869429, 40.843017774927453 ], [ -73.946545814966356, 40.843122040314434 ], [ -73.946458967881441, 40.843253746012849 ], [ -73.946372062923317, 40.843456814017841 ], [ -73.946314151093844, 40.843561085972112 ], [ -73.946249006167491, 40.843670843940487 ], [ -73.946198340209321, 40.843753161548406 ], [ -73.946125944174156, 40.84389036313695 ], [ -73.94611862229803, 40.844005637432709 ], [ -73.946096896714948, 40.84405503201689 ], [ -73.946096861130258, 40.844098947319516 ], [ -73.946111238139849, 40.844197763504269 ], [ -73.946118444445929, 40.844225213944554 ], [ -73.946096705446664, 40.844291076764748 ], [ -73.946103885071722, 40.844351463681093 ], [ -73.94608210597282, 40.844466731209465 ], [ -73.946089307847288, 40.844499671062778 ], [ -73.946081999188635, 40.844598477107098 ], [ -73.946110704505358, 40.844856492993159 ], [ -73.94612514394062, 40.844878457394692 ], [ -73.946125117265765, 40.844911393867037 ], [ -73.946146780891269, 40.844938851053612 ], [ -73.946161162599381, 40.845032177805884 ], [ -73.946161087070891, 40.845125497807956 ], [ -73.946189943898602, 40.845196873653464 ], [ -73.946204374555336, 40.845229816867338 ], [ -73.946226038317249, 40.845257274037486 ], [ -73.946211518869774, 40.84533411906051 ], [ -73.946175348913869, 40.845367038670972 ], [ -73.946175326705358, 40.845394485728974 ], [ -73.946204188104375, 40.845460372156083 ], [ -73.946233009627989, 40.845575663278197 ], [ -73.946276288651376, 40.845690961125115 ], [ -73.946305163572035, 40.845740379289772 ], [ -73.946442389641376, 40.84588865724298 ], [ -73.946464080223564, 40.845883177898578 ], [ -73.946478506748207, 40.845921610485313 ], [ -73.946442363123197, 40.84592159370964 ], [ -73.946485700144223, 40.84596552912776 ], [ -73.946514592994632, 40.84599298959354 ], [ -73.946507337775813, 40.846025922707732 ], [ -73.946456710110297, 40.846058835697157 ], [ -73.946427790729729, 40.846064311683023 ], [ -73.946348199317015, 40.846157594712189 ], [ -73.946348132904632, 40.846239935874699 ], [ -73.946405865681257, 40.846360729793886 ], [ -73.946434718887105, 40.846437594973565 ], [ -73.946470787696882, 40.846530931731266 ], [ -73.946514111892185, 40.846591335365488 ], [ -73.946644155399866, 40.846684715601342 ], [ -73.946716329153617, 40.846827473683206 ], [ -73.946788481261109, 40.846997678766961 ], [ -73.94682451576503, 40.847134930684874 ], [ -73.94680993514676, 40.847288627496255 ], [ -73.946780966950286, 40.847354487077141 ], [ -73.946752011879184, 40.847403878420806 ], [ -73.946701334903253, 40.847497175015924 ], [ -73.946686692325841, 40.847727723534121 ], [ -73.946657653383198, 40.847881413627633 ], [ -73.946643147071342, 40.847941790442576 ], [ -73.946621297250189, 40.848144888545903 ], [ -73.946621239984069, 40.848216250862407 ], [ -73.946621191528038, 40.848276634360317 ], [ -73.946642781597888, 40.848397411387353 ], [ -73.946649794857393, 40.848666395753654 ], [ -73.946678574538538, 40.848836580784152 ], [ -73.94663513863199, 40.848913412443373 ], [ -73.946649521884638, 40.849006739070596 ], [ -73.946663949193876, 40.849045171613369 ], [ -73.946707283998293, 40.84909459633257 ], [ -73.946721632216381, 40.84923183821175 ], [ -73.946736064011787, 40.849264781336096 ], [ -73.946757720519514, 40.84930321720303 ], [ -73.946808284659596, 40.849352645218353 ], [ -73.946837179114439, 40.849380105587315 ], [ -73.946858826947022, 40.849429520250062 ], [ -73.946851510117426, 40.849539305074238 ], [ -73.946880382752227, 40.84959421246964 ], [ -73.946894805939664, 40.849638134387206 ], [ -73.946902004394488, 40.84967656356784 ], [ -73.946966957175988, 40.849813828683779 ], [ -73.946959701764385, 40.849846761804571 ], [ -73.946952463857059, 40.84985773729526 ], [ -73.946952437589857, 40.849890673739445 ], [ -73.946995760036572, 40.849956566564856 ], [ -73.946959592332504, 40.849983996987632 ], [ -73.946966812745643, 40.849994979125739 ], [ -73.946988500248764, 40.849994989093901 ], [ -73.94702460674003, 40.850044410363481 ], [ -73.947024593624263, 40.850060878585083 ], [ -73.947002888604786, 40.850082826252361 ], [ -73.946973967519668, 40.850088302371326 ], [ -73.94695227123033, 40.850099271214731 ], [ -73.946966720835007, 40.850110256676764 ], [ -73.94698839962588, 40.850121245459192 ], [ -73.947017311979081, 40.850126748150906 ], [ -73.947031757229126, 40.850143223011784 ], [ -73.947017259508655, 40.850192621035973 ], [ -73.947053379237275, 40.850225574073761 ], [ -73.947046128193705, 40.850253017790664 ], [ -73.947002691786764, 40.850329849569405 ], [ -73.947002678665513, 40.850346317790155 ], [ -73.947009899125078, 40.850357299924909 ], [ -73.947002648049221, 40.850384743638408 ], [ -73.946995410090452, 40.850395719130766 ], [ -73.946966436347694, 40.850467068129468 ], [ -73.946923012849936, 40.850527431655181 ], [ -73.945896623567478, 40.850329336130443 ], [ -73.944913610946998, 40.850136741594532 ], [ -73.944769050077326, 40.850109225427374 ], [ -73.94471845494175, 40.850098222374271 ], [ -73.944096847064699, 40.849977155813257 ], [ -73.943966745205003, 40.849949645645516 ], [ -73.943814955974034, 40.849922124770224 ], [ -73.943178893094299, 40.84980104621642 ], [ -73.943186159750184, 40.849757134518583 ], [ -73.943215170042549, 40.849647360608657 ], [ -73.943207983094652, 40.849597952382858 ], [ -73.943186356674062, 40.849526579406309 ], [ -73.943287803000629, 40.849246669414505 ], [ -73.943381968020518, 40.84902713926067 ], [ -73.943577525210287, 40.848588082233356 ], [ -73.943758570830028, 40.848209401290404 ], [ -73.9439034141745, 40.847896575377185 ], [ -73.944222049086633, 40.847227021661475 ], [ -73.944308970129683, 40.847018465998424 ], [ -73.944395936514084, 40.846755016160309 ], [ -73.944519105663701, 40.846420221297549 ], [ -73.944577095974537, 40.846228119724785 ], [ -73.944620628475747, 40.846036011176565 ], [ -73.944642479144363, 40.84583840278929 ], [ -73.944649867726753, 40.84564627686612 ], [ -73.944534139949738, 40.845728562479216 ], [ -73.944469054119253, 40.845761467645389 ], [ -73.944367824669044, 40.845794355348886 ], [ -73.944295528364705, 40.845805299285765 ], [ -73.944208779213724, 40.84581074677461 ], [ -73.94412927720424, 40.845794240055191 ], [ -73.944057017793085, 40.84576126855346 ], [ -73.943963095463346, 40.845700839417411 ], [ -73.943919764908756, 40.845651413638343 ], [ -73.943883672370347, 40.845591012536808 ], [ -73.943854808579857, 40.845530614941964 ], [ -73.943811510674024, 40.84544276324069 ], [ -73.943739251802157, 40.845409791537904 ], [ -73.94376100742393, 40.845327460940091 ], [ -73.943782925360907, 40.845053000926534 ], [ -73.943674500551921, 40.845047458619831 ], [ -73.943631128772736, 40.845047437433365 ], [ -73.943580523707908, 40.845052902106964 ], [ -73.943500990123496, 40.845074820835023 ], [ -73.943428666448511, 40.84511870070056 ], [ -73.943378009915122, 40.845184548814032 ], [ -73.943341805909725, 40.845255893418241 ], [ -73.943327297160849, 40.845316269843536 ], [ -73.943276504630077, 40.845541310841206 ], [ -73.943146364868682, 40.84556869384047 ], [ -73.943016267321781, 40.845546671991109 ], [ -73.942336956601679, 40.845332247274122 ], [ -73.942574862666845, 40.846073436780109 ], [ -73.942610859560588, 40.846243626500033 ], [ -73.940515299758445, 40.845369748158006 ], [ -73.938853342681327, 40.844677212939118 ], [ -73.938730492054248, 40.844638721848362 ], [ -73.937516558968554, 40.844138533903504 ], [ -73.936122016569257, 40.843550402600641 ], [ -73.934669676997402, 40.842956732227705 ], [ -73.935140154693258, 40.842309246562316 ], [ -73.935567205810472, 40.841711139419345 ], [ -73.935610676362927, 40.841606864759207 ], [ -73.935639690290657, 40.841502582015195 ], [ -73.935639801817445, 40.841387304302899 ], [ -73.935625451593538, 40.841277507936027 ], [ -73.935596639686992, 40.841173192909451 ], [ -73.935438029313318, 40.840750419029959 ], [ -73.935293733028587, 40.840475867240016 ], [ -73.93519267820956, 40.840333085615235 ], [ -73.935106085382259, 40.840184822616699 ], [ -73.93504119327585, 40.840020103515165 ], [ -73.935005219114672, 40.839849911251697 ], [ -73.934998157322042, 40.839679735269478 ], [ -73.935012785010827, 40.839504082084893 ], [ -73.93505631929547, 40.839333934592801 ], [ -73.935121531974261, 40.839169288695473 ], [ -73.935215645530249, 40.839015637833825 ], [ -73.935331431851324, 40.838872977885572 ], [ -73.935461657586018, 40.838746794159547 ], [ -73.935635239791381, 40.838631613328069 ], [ -73.935801604070321, 40.838505449374964 ], [ -73.935960750381525, 40.838368302330792 ], [ -73.936105445531055, 40.838225657638674 ], [ -73.936228461703891, 40.838077511356495 ], [ -73.936380462244614, 40.837852529035018 ], [ -73.936691886539919, 40.83719396981833 ], [ -73.937025050137024, 40.836469548493618 ], [ -73.937379941002817, 40.835690243688958 ], [ -73.937749299155968, 40.834888987808 ], [ -73.937886847641025, 40.834647527312647 ], [ -73.937915844721232, 40.834554222715454 ], [ -73.93795206407998, 40.834466411419491 ], [ -73.937995510813508, 40.834378603996754 ], [ -73.938046184893224, 40.834290800438922 ], [ -73.93810408118361, 40.834208490158396 ], [ -73.938169199672203, 40.834131673144391 ], [ -73.938241545445663, 40.834054859963068 ], [ -73.938321118478967, 40.833978050600741 ], [ -73.938400686246155, 40.833906730604575 ], [ -73.938494698516294, 40.833846397106441 ], [ -73.939152915181197, 40.833275846046718 ], [ -73.939225228802457, 40.833231968773468 ], [ -73.939297547336679, 40.833182602031805 ], [ -73.93936264343138, 40.833127742021887 ], [ -73.939420512090095, 40.833072878178641 ], [ -73.939478385646794, 40.833012524882911 ], [ -73.939529031782953, 40.832952167768262 ], [ -73.939572455503907, 40.83288631742117 ], [ -73.939615879138913, 40.832820467056969 ], [ -73.939644848099803, 40.832754609112101 ], [ -73.93967382198062, 40.832683261735994 ], [ -73.939738966995364, 40.832573507276038 ], [ -73.939796884532697, 40.832463749004745 ], [ -73.939869256380078, 40.832353998239654 ], [ -73.939941627988716, 40.832244247427077 ], [ -73.940021221636755, 40.832139989749699 ], [ -73.940108042251353, 40.832035735769018 ], [ -73.940165914282261, 40.831975382117747 ], [ -73.940216563937682, 40.831909535266654 ], [ -73.94025998629769, 40.831843684649122 ], [ -73.940296186309595, 40.831772340849184 ], [ -73.940332386243867, 40.831700997037068 ], [ -73.940354131756692, 40.831629645737976 ], [ -73.940368650058687, 40.831558290697274 ], [ -73.940375946092388, 40.831481442493349 ], [ -73.940376014961771, 40.831404590551685 ], [ -73.94036885177205, 40.83133322429692 ], [ -73.940347952878611, 40.830460394524394 ], [ -73.940138447596851, 40.830372455120845 ], [ -73.940232477952421, 40.83028467304301 ], [ -73.940760720414772, 40.82953289391363 ], [ -73.941079104569354, 40.829082923852916 ], [ -73.9419532524185, 40.829434690609972 ], [ -73.943925502127371, 40.830270059551523 ], [ -73.946663615954591, 40.831429627548964 ], [ -73.946771992471739, 40.831468103606788 ], [ -73.94687313757214, 40.831512065658096 ], [ -73.949712515134763, 40.832699054708755 ], [ -73.949342945414458, 40.833983418382829 ], [ -73.949190997548214, 40.834208417932381 ], [ -73.949414935887106, 40.83435673081712 ], [ -73.949552216167547, 40.8344116851857 ], [ -73.94957389443077, 40.83441718408983 ], [ -73.949638929241971, 40.834433680777792 ], [ -73.949711191564205, 40.834450180580738 ], [ -73.949776234729427, 40.834455698347242 ], [ -73.94985573286543, 40.834461222362691 ], [ -73.949964161578819, 40.834439311759361 ], [ -73.9501521088999, 40.834395477755038 ] ] ] ] } },
{ "type": "Feature", "properties": { "modzcta": "10037", "label": "10037", "zcta": "10037", "pop_est": "21139", "zcta20": "10037", "hvi": 5.0, "hvi_2018": 5.0 }, "geometry": { "type": "MultiPolygon", "coordinates": [ [ [ [ -73.94324117014628, 40.810705371961177 ], [ -73.943320615996683, 40.810738347719486 ], [ -73.943168719590076, 40.81094138242748 ], [ -73.94272023562813, 40.811566957227939 ], [ -73.942250063287972, 40.812198008807279 ], [ -73.941801571823703, 40.812812601023765 ], [ -73.941490514870694, 40.813240620191003 ], [ -73.941345837205006, 40.813438166640374 ], [ -73.941418065010367, 40.813465650578401 ], [ -73.943108151681855, 40.814180124498954 ], [ -73.942833600581025, 40.81416900981278 ], [ -73.94263792670705, 40.814855092908736 ], [ -73.940926156997421, 40.814135111629838 ], [ -73.940853928668673, 40.814107627386669 ], [ -73.940369240496267, 40.814771600258659 ], [ -73.939906248633193, 40.815402645687072 ], [ -73.939457703940008, 40.81602820734166 ], [ -73.938994689659154, 40.816664738417799 ], [ -73.938538912415709, 40.817279313671122 ], [ -73.938220582844892, 40.817712809288921 ], [ -73.938090347327403, 40.817899380377447 ], [ -73.937641784167667, 40.818508466403387 ], [ -73.937518781545378, 40.818684061857667 ], [ -73.937460903196026, 40.818760882621675 ], [ -73.937439194910155, 40.818793807477249 ], [ -73.93741025565852, 40.818832217842321 ], [ -73.937178740442803, 40.819139500492646 ], [ -73.937092061794871, 40.819106516605309 ], [ -73.936810369813557, 40.818985594931199 ], [ -73.93426072042034, 40.817913728859608 ], [ -73.93438294539169, 40.818534105118729 ], [ -73.934339368829754, 40.818759147306849 ], [ -73.934295867851162, 40.818907337372593 ], [ -73.934382160549163, 40.819330073274578 ], [ -73.934389153660575, 40.819566123095377 ], [ -73.934403502573858, 40.819670430581503 ], [ -73.934309604159566, 40.819631951059542 ], [ -73.934114587231406, 40.819549498221896 ], [ -73.933832838746454, 40.819488953068266 ], [ -73.933825683856369, 40.819417586265772 ], [ -73.933825743901835, 40.819357202479488 ], [ -73.933797845366172, 40.818347129737376 ], [ -73.933791187626909, 40.817776224211727 ], [ -73.933791810219887, 40.817150428410415 ], [ -73.933806894783473, 40.816513661966631 ], [ -73.933829493797333, 40.815585959365578 ], [ -73.933945100665383, 40.815586025654746 ], [ -73.933945111562423, 40.815575046777674 ], [ -73.933945122459448, 40.81556406790051 ], [ -73.933952353334249, 40.815558582601156 ], [ -73.933952369677996, 40.815542114285421 ], [ -73.933945155150525, 40.815531131269026 ], [ -73.933945171496035, 40.815514662953234 ], [ -73.933952413261267, 40.815498198776552 ], [ -73.933952424157084, 40.815487219899289 ], [ -73.933937989667314, 40.815470743304488 ], [ -73.933945242326544, 40.815443300250827 ], [ -73.933938044158225, 40.815415848917716 ], [ -73.933952511323469, 40.815399388880508 ], [ -73.933945296811444, 40.815388405863857 ], [ -73.933959763968929, 40.815371945825625 ], [ -73.93394533495082, 40.815349979792629 ], [ -73.933945362193214, 40.815322532598763 ], [ -73.933945389435564, 40.815295085404777 ], [ -73.933952642072597, 40.815267642349902 ], [ -73.933952674759809, 40.815234705716783 ], [ -73.933945476610987, 40.815207254383232 ], [ -73.933945509301708, 40.815174317749786 ], [ -73.933945531095503, 40.815152359994087 ], [ -73.933960003648878, 40.81513041051624 ], [ -73.933967256261937, 40.81510296745968 ], [ -73.933960063568577, 40.815070026687401 ], [ -73.93396732162168, 40.815037094191531 ], [ -73.933989084848193, 40.814949275578371 ], [ -73.933989122962046, 40.814910849504393 ], [ -73.933981913942361, 40.814894377050003 ], [ -73.933981935724063, 40.814872419293273 ], [ -73.933974732156329, 40.81485045739911 ], [ -73.933981984732824, 40.814823014340362 ], [ -73.933974792062429, 40.814790073567544 ], [ -73.933989259082551, 40.814773613523982 ], [ -73.933974824738428, 40.814757136931853 ], [ -73.933989291751388, 40.814740676888213 ], [ -73.933996538865713, 40.814718723267397 ], [ -73.933982104531694, 40.814702246676049 ], [ -73.933982126313254, 40.814680288918638 ], [ -73.933982175321731, 40.814630883964178 ], [ -73.933974977226043, 40.814603432629738 ], [ -73.933967790029413, 40.81456500241579 ], [ -73.933989504098065, 40.81452658875147 ], [ -73.934011223584605, 40.814482685643291 ], [ -73.933859492085801, 40.814482598701993 ], [ -73.933859726671002, 40.814246552797535 ], [ -73.93386700650332, 40.81419166254441 ], [ -73.933867044687219, 40.814153236465735 ], [ -73.933867093780734, 40.814103831507076 ], [ -73.933874357228703, 40.814065409571974 ], [ -73.933932873213735, 40.813346326038278 ], [ -73.933983977693913, 40.812813879251848 ], [ -73.934005854480191, 40.812610782339313 ], [ -73.934035021507256, 40.812341816252925 ], [ -73.934093191774323, 40.811968567278619 ], [ -73.934136797316924, 40.811710588281905 ], [ -73.934194912185873, 40.811392233641307 ], [ -73.934282175592543, 40.810821381067456 ], [ -73.934304186276293, 40.810481047956209 ], [ -73.934311568269734, 40.810321858220306 ], [ -73.934340857613037, 40.809926634754873 ], [ -73.934341215028397, 40.809564331465509 ], [ -73.934211668263899, 40.809059228466403 ], [ -73.934197245958387, 40.809031772998097 ], [ -73.934132516854959, 40.808735305862136 ], [ -73.934118143555409, 40.80865844538004 ], [ -73.933562900950221, 40.807598663216297 ], [ -73.933331995381664, 40.807318568021998 ], [ -73.933259832629716, 40.807236184531874 ], [ -73.933642891048919, 40.80707721162814 ], [ -73.933693484462154, 40.807055282941327 ], [ -73.933751307806659, 40.807027868937908 ], [ -73.933830815509722, 40.806989488454931 ], [ -73.933888638740513, 40.806962074382319 ], [ -73.93419941133412, 40.806841484294154 ], [ -73.93465470986547, 40.806682549230914 ], [ -73.934755868487315, 40.806666138176823 ], [ -73.934922020356353, 40.806677210988987 ], [ -73.935564763672403, 40.806919107802422 ], [ -73.93510179158659, 40.807539155848623 ], [ -73.936589448674738, 40.808171270277008 ], [ -73.93671944494389, 40.808220746738328 ], [ -73.936856660833755, 40.808275716455128 ], [ -73.938337131432064, 40.808902314854429 ], [ -73.939947626273053, 40.80958385643298 ], [ -73.94040334764199, 40.808958295952465 ], [ -73.941103882222237, 40.809255086102795 ], [ -73.940879632396701, 40.809573359242421 ], [ -73.942865706255773, 40.810436203662825 ], [ -73.942807845967693, 40.810507537770476 ], [ -73.94324117014628, 40.810705371961177 ] ] ] ] } },
{ "type": "Feature", "properties": { "modzcta": "10035", "label": "10035", "zcta": "10035", "pop_est": "35743", "zcta20": "10035", "hvi": 5.0, "hvi_2018": 5.0 }, "geometry": { "type": "MultiPolygon", "coordinates": [ [ [ [ -73.946464326737697, 40.80066670978799 ], [ -73.945965335719848, 40.801341679813071 ], [ -73.945509714273939, 40.80197275249359 ], [ -73.94505408872017, 40.802598333859265 ], [ -73.944757566770079, 40.803004411629651 ], [ -73.944598454602243, 40.803223913361649 ], [ -73.946129432590183, 40.803877883739375 ], [ -73.945695463543572, 40.804514456473278 ], [ -73.945239826853353, 40.805134548870683 ], [ -73.944784177119772, 40.805760128853393 ], [ -73.944299616502946, 40.806391182460843 ], [ -73.94275414524256, 40.805742670318672 ], [ -73.942262302982158, 40.806417627353682 ], [ -73.941770455549005, 40.807087092770601 ], [ -73.941314759840907, 40.807712658843812 ], [ -73.940859060444566, 40.808332733607408 ], [ -73.94040334764199, 40.808958295952465 ], [ -73.939947626273053, 40.80958385643298 ], [ -73.938337131432064, 40.808902314854429 ], [ -73.936856660833755, 40.808275716455128 ], [ -73.93671944494389, 40.808220746738328 ], [ -73.936589448674738, 40.808171270277008 ], [ -73.93510179158659, 40.807539155848623 ], [ -73.935564763672403, 40.806919107802422 ], [ -73.934922020356353, 40.806677210988987 ], [ -73.934755868487315, 40.806666138176823 ], [ -73.93465470986547, 40.806682549230914 ], [ -73.93419941133412, 40.806841484294154 ], [ -73.933888638740513, 40.806962074382319 ], [ -73.933830815509722, 40.806989488454931 ], [ -73.933751307806659, 40.807027868937908 ], [ -73.933693484462154, 40.807055282941327 ], [ -73.933642891048919, 40.80707721162814 ], [ -73.933259832629716, 40.807236184531874 ], [ -73.933180445542561, 40.807153796808414 ], [ -73.933173232051686, 40.807142813728738 ], [ -73.933086653791108, 40.807027485074684 ], [ -73.932935094159902, 40.806873692423387 ], [ -73.932631988110799, 40.806555127618637 ], [ -73.932386618937841, 40.806296979826421 ], [ -73.931542287643055, 40.805396211661595 ], [ -73.931498986900593, 40.805352270333238 ], [ -73.931477336550813, 40.805330299662806 ], [ -73.931470134842172, 40.805308337578275 ], [ -73.931448473209045, 40.80529734579747 ], [ -73.931434041548869, 40.805280868861978 ], [ -73.931412402556845, 40.805247919283914 ], [ -73.931390746611257, 40.805231438044508 ], [ -73.931304156928903, 40.805132576359547 ], [ -73.931268080804728, 40.805088639247352 ], [ -73.931159841363254, 40.804967806736713 ], [ -73.931123765423649, 40.804923869578147 ], [ -73.931116563875648, 40.804901907470118 ], [ -73.931094913798589, 40.804879936726287 ], [ -73.931073275104765, 40.804846987082435 ], [ -73.931037210662694, 40.804792070999959 ], [ -73.931029997781422, 40.80478108778204 ], [ -73.930979496294725, 40.804715184139638 ], [ -73.930972283431302, 40.804704200917968 ], [ -73.930957852017627, 40.80468772392134 ], [ -73.93093621345416, 40.80465477425075 ], [ -73.930907350673223, 40.804621820246346 ], [ -73.930827998139392, 40.804511983627272 ], [ -73.930806365403782, 40.804473544483116 ], [ -73.930719794716111, 40.804358214002207 ], [ -73.930712587648415, 40.804341741315312 ], [ -73.930698156377602, 40.804325264285232 ], [ -73.930683725113937, 40.804308787253284 ], [ -73.930640442806052, 40.804248377249422 ], [ -73.930633235769875, 40.804231904557248 ], [ -73.930611591792768, 40.804204444271818 ], [ -73.93057552235426, 40.80415501748778 ], [ -73.930575533805211, 40.804144038590721 ], [ -73.930539452969313, 40.804105590692082 ], [ -73.930445676260859, 40.803973787299391 ], [ -73.930402388647124, 40.803918866651635 ], [ -73.930351894179907, 40.803847473276413 ], [ -73.930330250443859, 40.80382001293647 ], [ -73.930308612473127, 40.803787063143517 ], [ -73.930279773378487, 40.803732151181876 ], [ -73.930258129709713, 40.803704690827907 ], [ -73.930193239109173, 40.803583883597867 ], [ -73.930186026498077, 40.80357290032503 ], [ -73.930063435544199, 40.803364226818069 ], [ -73.930012947633074, 40.803287343838797 ], [ -73.929976925334131, 40.803194001265609 ], [ -73.929976931108882, 40.803188511816266 ], [ -73.930042034399079, 40.803106209550293 ], [ -73.930005983295658, 40.803040314230962 ], [ -73.929984368835406, 40.802985406574969 ], [ -73.929912255384835, 40.802864594784999 ], [ -73.929890617931591, 40.802831644908558 ], [ -73.929789660803536, 40.802661410413137 ], [ -73.929695980380231, 40.802441775180888 ], [ -73.92957345112525, 40.802178206613249 ], [ -73.929523016988483, 40.802051918352134 ], [ -73.929450928658625, 40.801909148453838 ], [ -73.929436533142763, 40.801859734556587 ], [ -73.929357267888861, 40.801673044568147 ], [ -73.929328453807287, 40.801596174547171 ], [ -73.929299663114122, 40.801497346714946 ], [ -73.929278125556536, 40.801371076051687 ], [ -73.92920612606153, 40.80114596421889 ], [ -73.929119474794845, 40.801112974242407 ], [ -73.929032823614037, 40.801079984200641 ], [ -73.929025716819993, 40.800970190729252 ], [ -73.929018574927866, 40.800893333963486 ], [ -73.929018639317277, 40.800832949998821 ], [ -73.929011479885574, 40.800772561585134 ], [ -73.928997096652409, 40.800712168721169 ], [ -73.928982766154022, 40.800602370790919 ], [ -73.928954181464178, 40.800311412046277 ], [ -73.928939886282947, 40.800168677392222 ], [ -73.928904101694627, 40.799855756353004 ], [ -73.928918971180849, 40.799460524691554 ], [ -73.928941228200827, 40.798911592773806 ], [ -73.928970819701988, 40.798258365637921 ], [ -73.92903742332588, 40.796765274124482 ], [ -73.92927676317089, 40.795854171049264 ], [ -73.929305702955901, 40.795810273127984 ], [ -73.929529944319086, 40.795508490173454 ], [ -73.929681858704001, 40.795294494024539 ], [ -73.929746960432112, 40.795206702366009 ], [ -73.929877157590937, 40.795036608391392 ], [ -73.929841064738724, 40.795014628588056 ], [ -73.929848299504286, 40.795003654071614 ], [ -73.929812206679486, 40.794981674259063 ], [ -73.929833910972548, 40.79494875071348 ], [ -73.929884455951338, 40.79496524985155 ], [ -73.929898919674571, 40.794948790269025 ], [ -73.929913366052816, 40.794948799054183 ], [ -73.929935064507646, 40.794921364945878 ], [ -73.929920629692731, 40.794910377250368 ], [ -73.930065312528441, 40.794701865640818 ], [ -73.930108639976169, 40.794712870841742 ], [ -73.9301954445707, 40.794592155318576 ], [ -73.930419488460245, 40.794471522657162 ], [ -73.931113295912141, 40.794098656084515 ], [ -73.931156600433738, 40.794131618721657 ], [ -73.931235997838215, 40.794186560723141 ], [ -73.931293743032512, 40.794225021383085 ], [ -73.93133705338748, 40.794252494494586 ], [ -73.931618602578581, 40.79440087730611 ], [ -73.932412801325754, 40.794741692277455 ], [ -73.933156473337192, 40.795055025164267 ], [ -73.932657389458711, 40.795729938173899 ], [ -73.934910122461815, 40.796680908662204 ], [ -73.935409190630722, 40.79600598599972 ], [ -73.937553667516156, 40.796907438919341 ], [ -73.937640312345707, 40.796945912032797 ], [ -73.937777505755903, 40.797000880752414 ], [ -73.940023136336777, 40.797946257767542 ], [ -73.941618941013218, 40.79862228021868 ], [ -73.94309924174209, 40.799248818429419 ], [ -73.943236439724998, 40.799309270084876 ], [ -73.943373642626753, 40.799364232123168 ], [ -73.944846757181182, 40.799985254817081 ], [ -73.946464326737697, 40.80066670978799 ] ] ], [ [ [ -73.927544841353793, 40.781048006384239 ], [ -73.927602626739073, 40.781037063757772 ], [ -73.927696532420285, 40.781015164826734 ], [ -73.927790443992805, 40.780987776350834 ], [ -73.928101047126873, 40.780922096894727 ], [ -73.928490922842258, 40.78101017103625 ], [ -73.92917655592548, 40.781411325890922 ], [ -73.930309670862414, 40.782076242727761 ], [ -73.930641678912338, 40.782263085037229 ], [ -73.931053185834102, 40.782395079267559 ], [ -73.932670575435921, 40.782692466980031 ], [ -73.93502459640915, 40.783006718059944 ], [ -73.93540697869075, 40.78339668537317 ], [ -73.935811105476219, 40.783709810935065 ], [ -73.93598421109499, 40.783940464929877 ], [ -73.936070611503865, 40.78421498634173 ], [ -73.936055882769764, 40.784511409483777 ], [ -73.936005170085423, 40.784676065391693 ], [ -73.935918378385537, 40.784807764407027 ], [ -73.935795174095958, 40.785252342759456 ], [ -73.935766100189241, 40.785444457936556 ], [ -73.93571531717609, 40.785680476734939 ], [ -73.933126731886617, 40.788709189261127 ], [ -73.932692909432532, 40.789175541254039 ], [ -73.932403455142122, 40.789718828848379 ], [ -73.932237357188342, 40.789696773454381 ], [ -73.932107210089754, 40.789833933470973 ], [ -73.931478174228133, 40.790481317966901 ], [ -73.930842045917743, 40.790991458133156 ], [ -73.930726521743864, 40.790952962512684 ], [ -73.929787152474958, 40.791342145980195 ], [ -73.929722124115798, 40.791364064199911 ], [ -73.929664353313413, 40.791353050033408 ], [ -73.928718601589267, 40.790946248718328 ], [ -73.928595791207812, 40.790968130553473 ], [ -73.928075906887202, 40.790825081245082 ], [ -73.927375318921861, 40.790808173530515 ], [ -73.926920304399133, 40.790791417528517 ], [ -73.926804770769664, 40.790763896895832 ], [ -73.926667569040063, 40.790736362362715 ], [ -73.926414821964229, 40.790692285562258 ], [ -73.926255921968874, 40.790692184002644 ], [ -73.92610420205007, 40.790730513074728 ], [ -73.926060755924482, 40.790829295559618 ], [ -73.926067856746343, 40.79093908938902 ], [ -73.926089451877047, 40.791004976803094 ], [ -73.926089354369125, 40.791092808157771 ], [ -73.92604592627859, 40.791175122252859 ], [ -73.926045828712986, 40.791262953605106 ], [ -73.926089061843768, 40.791356302214403 ], [ -73.926110669315847, 40.791411210701483 ], [ -73.926153853922031, 40.791548474958368 ], [ -73.926160997592916, 40.791619842555605 ], [ -73.92616089409006, 40.791713163360967 ], [ -73.926269188021465, 40.79175714839193 ], [ -73.926442493787533, 40.791795685366807 ], [ -73.926550800151759, 40.79182869121459 ], [ -73.926565215577099, 40.791856147714405 ], [ -73.926514613188843, 40.791894541702582 ], [ -73.926276277128224, 40.791877921110569 ], [ -73.926146302263689, 40.791844901122502 ], [ -73.925929580056106, 40.791877698826809 ], [ -73.925763478861327, 40.791855634110448 ], [ -73.925633504294652, 40.791822613544035 ], [ -73.925590167196788, 40.791822585573911 ], [ -73.925582907530668, 40.791855517664395 ], [ -73.925604533150221, 40.791893957865405 ], [ -73.92616790994154, 40.791899809594689 ], [ -73.926427872168205, 40.791954870456891 ], [ -73.926630124461525, 40.791944020456967 ], [ -73.926666244822755, 40.79193855398178 ], [ -73.926738485527409, 40.791927620997349 ], [ -73.926702473966017, 40.791834277233512 ], [ -73.92663751670014, 40.791790320202828 ], [ -73.926579727876586, 40.791795772868156 ], [ -73.92650752364797, 40.791773768998958 ], [ -73.926370411027207, 40.79166389222955 ], [ -73.926327250198369, 40.791504670219162 ], [ -73.926341981281453, 40.791246674860282 ], [ -73.926428806385047, 40.791109493729557 ], [ -73.926486685547658, 40.79102169924429 ], [ -73.926566184378146, 40.79097783421453 ], [ -73.92670342886872, 40.790966942649057 ], [ -73.926739536612544, 40.790972455069571 ], [ -73.926826191602046, 40.790988978508473 ], [ -73.926941743702884, 40.79100003073944 ], [ -73.927021194068402, 40.791000081073868 ], [ -73.927115071926053, 40.791016608868659 ], [ -73.927165655284227, 40.790994682990942 ], [ -73.927237882883588, 40.790994728611437 ], [ -73.927317321257021, 40.791005757661253 ], [ -73.927382338082623, 40.790994819716673 ], [ -73.927440156059518, 40.790961919349343 ], [ -73.927512383623537, 40.790961964797795 ], [ -73.927562942918399, 40.790961996584841 ], [ -73.92764962196101, 40.790956561565451 ], [ -73.927786872184754, 40.790940179249908 ], [ -73.927866304636311, 40.790956697381326 ], [ -73.927895171878376, 40.790978673298575 ], [ -73.927902358968097, 40.791011614575808 ], [ -73.927909552009083, 40.791039066392635 ], [ -73.927895052971252, 40.791088462494066 ], [ -73.927656421199686, 40.791346317734934 ], [ -73.927576845016347, 40.79146154648663 ], [ -73.927323741027791, 40.791741349782335 ], [ -73.92727315115765, 40.791768765185971 ], [ -73.927229790093037, 40.791790695668716 ], [ -73.927135742890343, 40.791927872822306 ], [ -73.927800168729874, 40.791999653962705 ], [ -73.928002266583817, 40.792131527486127 ], [ -73.928269300341938, 40.792329314631573 ], [ -73.928340962153968, 40.792856347572446 ], [ -73.928340897157597, 40.792916731612706 ], [ -73.928340832161112, 40.792977115652363 ], [ -73.928333538273478, 40.79304298465869 ], [ -73.928326250281401, 40.793103364205798 ], [ -73.928297293290115, 40.793163730273768 ], [ -73.928268348075846, 40.793213117418055 ], [ -73.927356884292294, 40.794464143701127 ], [ -73.927262695624762, 40.79472757840319 ], [ -73.927240972133319, 40.794776969835326 ], [ -73.927096148033243, 40.795106245935273 ], [ -73.927052730599812, 40.795177581445678 ], [ -73.927009307054561, 40.795254406395038 ], [ -73.926980323848753, 40.795336729935855 ], [ -73.926951346594819, 40.795413564012428 ], [ -73.926936809744589, 40.79549589669486 ], [ -73.926929496115619, 40.795578233953677 ], [ -73.926922182468559, 40.795660571211044 ], [ -73.926907380330434, 40.795984439931495 ], [ -73.926892656418644, 40.796236945715812 ], [ -73.926892638333186, 40.796253414081484 ], [ -73.926949925004678, 40.796709075486191 ], [ -73.92703629871302, 40.796989092578301 ], [ -73.927115521829691, 40.797203231573434 ], [ -73.92718759405048, 40.797351492492922 ], [ -73.927202004931317, 40.797384438343578 ], [ -73.927216415826436, 40.797417384192229 ], [ -73.92727421547508, 40.797406441758312 ], [ -73.927440025864541, 40.797708466438259 ], [ -73.927475694766144, 40.798120198204671 ], [ -73.927265342608692, 40.798916036939112 ], [ -73.926917596397047, 40.799838045654027 ], [ -73.926903094706603, 40.799887441562284 ], [ -73.926881363234713, 40.799942322338467 ], [ -73.926852420054558, 40.79998621962239 ], [ -73.926809023319933, 40.800035597178287 ], [ -73.926693322560638, 40.800145312771612 ], [ -73.926664385215872, 40.800183720555069 ], [ -73.926555883503084, 40.800315398410127 ], [ -73.926541417787178, 40.80033185755925 ], [ -73.926505250435696, 40.800375750149605 ], [ -73.926685760237461, 40.800452717472936 ], [ -73.926555562500525, 40.80060633934265 ], [ -73.926512165141418, 40.800655716781925 ], [ -73.925882697551629, 40.801550094917872 ], [ -73.92582480232079, 40.801643378404698 ], [ -73.925774136974326, 40.801731177062386 ], [ -73.925701805818392, 40.801813472280138 ], [ -73.925492151983647, 40.80195606277131 ], [ -73.925275384209016, 40.801999838093536 ], [ -73.924357954543126, 40.801988260831486 ], [ -73.922631570266191, 40.801866347079311 ], [ -73.922155072743621, 40.801624490287331 ], [ -73.92190960138096, 40.801503556255803 ], [ -73.921339685238067, 40.800849923614571 ], [ -73.921137860266938, 40.800476502740018 ], [ -73.921029750911813, 40.800267829407673 ], [ -73.920842233283622, 40.800015185815106 ], [ -73.920575367605892, 40.799669166502376 ], [ -73.920351728454293, 40.79942198664785 ], [ -73.920315662654289, 40.79937804606849 ], [ -73.919239935362839, 40.798883246292455 ], [ -73.91914608170454, 40.798839264841021 ], [ -73.919066668707615, 40.798800782910043 ], [ -73.918994466044609, 40.798773284905941 ], [ -73.918987249121898, 40.798767790376729 ], [ -73.918907822927736, 40.798740287241188 ], [ -73.917976418228335, 40.798382813494527 ], [ -73.917904209699131, 40.7983608042586 ], [ -73.916626265514338, 40.797860346329344 ], [ -73.916395334000825, 40.797684516398206 ], [ -73.915457068755572, 40.797063523211882 ], [ -73.914440366021608, 40.795662960808016 ], [ -73.913806211247646, 40.794509701566739 ], [ -73.913785416249937, 40.793834482238047 ], [ -73.914588535964882, 40.79277561394656 ], [ -73.915138452972101, 40.79201298478155 ], [ -73.915355355419933, 40.791842970911148 ], [ -73.915521557617865, 40.791782708750802 ], [ -73.91630245989424, 40.791119053353711 ], [ -73.916172581314015, 40.791014659146299 ], [ -73.916866782110617, 40.790361915694319 ], [ -73.917076123901296, 40.790455387400769 ], [ -73.917105001034059, 40.790466387102853 ], [ -73.917842082439194, 40.790170483785737 ], [ -73.918123928586283, 40.790038937196087 ], [ -73.918434791965396, 40.789803110619061 ], [ -73.91856493359694, 40.789693413344693 ], [ -73.91858686996035, 40.789473850232525 ], [ -73.918507481896171, 40.789424388938542 ], [ -73.921892020085565, 40.78570487388756 ], [ -73.92199307280228, 40.78575434754616 ], [ -73.922188354239395, 40.785512942951037 ], [ -73.922434758389556, 40.784783009704199 ], [ -73.922855064079869, 40.783553650632498 ], [ -73.923064741732517, 40.783345190934831 ], [ -73.924011597657554, 40.782659635344899 ], [ -73.924062232034373, 40.782588305600491 ], [ -73.924120081887011, 40.78252247005517 ], [ -73.924235662569686, 40.78249509874599 ], [ -73.924250106245154, 40.782495108240944 ], [ -73.924307924629403, 40.782456719934814 ], [ -73.924481404286198, 40.782319596972918 ], [ -73.924676480330916, 40.782242872047945 ], [ -73.924885937603761, 40.78222105087832 ], [ -73.92505926717574, 40.782215674253308 ], [ -73.925138676199026, 40.782243173220934 ], [ -73.925153113649344, 40.782248672069805 ], [ -73.925239744564792, 40.782276175657891 ], [ -73.925391402660253, 40.782276273943388 ], [ -73.925716494530221, 40.782177673474585 ], [ -73.927140265037863, 40.781195967043004 ], [ -73.927320921308464, 40.781091781154963 ], [ -73.927544841353793, 40.781048006384239 ] ] ] ] } },
{ "type": "Feature", "properties": { "modzcta": "10039", "label": "10039", "zcta": "10039", "pop_est": "27726", "zcta20": "10039", "hvi": 5.0, "hvi_2018": 5.0 }, "geometry": { "type": "MultiPolygon", "coordinates": [ [ [ [ -73.937178740442803, 40.819139500492646 ], [ -73.937034026765204, 40.819348020211066 ], [ -73.936976152477598, 40.81941935128809 ], [ -73.936722913820049, 40.81977053662245 ], [ -73.936296029656276, 40.820352181947754 ], [ -73.936259857858076, 40.820396077456223 ], [ -73.93622368601217, 40.820439972953018 ], [ -73.938982939395885, 40.821599737184243 ], [ -73.939076843289058, 40.821638212887976 ], [ -73.939156300128147, 40.821671191456886 ], [ -73.941915650881498, 40.822836374707258 ], [ -73.942407613260997, 40.822166910390621 ], [ -73.943505595732645, 40.822628566103525 ], [ -73.942926958737786, 40.82325956614298 ], [ -73.942427786167059, 40.823907071220951 ], [ -73.941957509495964, 40.824554588621382 ], [ -73.94150170557549, 40.825169174785778 ], [ -73.94104588350811, 40.825794737944939 ], [ -73.940597284376835, 40.826414813530882 ], [ -73.940141445273525, 40.827040372985138 ], [ -73.939692834291165, 40.827654955495959 ], [ -73.939251416769565, 40.828296987141918 ], [ -73.938961709878996, 40.828988502295132 ], [ -73.938643033443498, 40.829740384949083 ], [ -73.938997018920361, 40.829888787309983 ], [ -73.939437694987149, 40.830075660135556 ], [ -73.939625522351378, 40.830158100042532 ], [ -73.940138447596851, 40.830372455120845 ], [ -73.940347952878611, 40.830460394524394 ], [ -73.94036885177205, 40.83133322429692 ], [ -73.940376014961771, 40.831404590551685 ], [ -73.940375946092388, 40.831481442493349 ], [ -73.940368650058687, 40.831558290697274 ], [ -73.940354131756692, 40.831629645737976 ], [ -73.940332386243867, 40.831700997037068 ], [ -73.940296186309595, 40.831772340849184 ], [ -73.94025998629769, 40.831843684649122 ], [ -73.940216563937682, 40.831909535266654 ], [ -73.940165914282261, 40.831975382117747 ], [ -73.940108042251353, 40.832035735769018 ], [ -73.940021221636755, 40.832139989749699 ], [ -73.939941627988716, 40.832244247427077 ], [ -73.939869256380078, 40.832353998239654 ], [ -73.939796884532697, 40.832463749004745 ], [ -73.939738966995364, 40.832573507276038 ], [ -73.93967382198062, 40.832683261735994 ], [ -73.939644848099803, 40.832754609112101 ], [ -73.939615879138913, 40.832820467056969 ], [ -73.939572455503907, 40.83288631742117 ], [ -73.939529031782953, 40.832952167768262 ], [ -73.939478385646794, 40.833012524882911 ], [ -73.939420512090095, 40.833072878178641 ], [ -73.93936264343138, 40.833127742021887 ], [ -73.939297547336679, 40.833182602031805 ], [ -73.939225228802457, 40.833231968773468 ], [ -73.939152915181197, 40.833275846046718 ], [ -73.938494698516294, 40.833846397106441 ], [ -73.938400686246155, 40.833906730604575 ], [ -73.938321118478967, 40.833978050600741 ], [ -73.938241545445663, 40.834054859963068 ], [ -73.938169199672203, 40.834131673144391 ], [ -73.93810408118361, 40.834208490158396 ], [ -73.938046184893224, 40.834290800438922 ], [ -73.937995510813508, 40.834378603996754 ], [ -73.93795206407998, 40.834466411419491 ], [ -73.937915844721232, 40.834554222715454 ], [ -73.937886847641025, 40.834647527312647 ], [ -73.937749299155968, 40.834888987808 ], [ -73.937379941002817, 40.835690243688958 ], [ -73.937025050137024, 40.836469548493618 ], [ -73.936691886539919, 40.83719396981833 ], [ -73.936380462244614, 40.837852529035018 ], [ -73.936228461703891, 40.838077511356495 ], [ -73.936105445531055, 40.838225657638674 ], [ -73.935960750381525, 40.838368302330792 ], [ -73.935801604070321, 40.838505449374964 ], [ -73.935635239791381, 40.838631613328069 ], [ -73.935461657586018, 40.838746794159547 ], [ -73.935331431851324, 40.838872977885572 ], [ -73.935215645530249, 40.839015637833825 ], [ -73.935121531974261, 40.839169288695473 ], [ -73.93505631929547, 40.839333934592801 ], [ -73.935012785010827, 40.839504082084893 ], [ -73.934998157322042, 40.839679735269478 ], [ -73.935005219114672, 40.839849911251697 ], [ -73.93504119327585, 40.840020103515165 ], [ -73.935106085382259, 40.840184822616699 ], [ -73.93519267820956, 40.840333085615235 ], [ -73.935293733028587, 40.840475867240016 ], [ -73.935438029313318, 40.840750419029959 ], [ -73.935596639686992, 40.841173192909451 ], [ -73.935625451593538, 40.841277507936027 ], [ -73.935639801817445, 40.841387304302899 ], [ -73.935639690290657, 40.841502582015195 ], [ -73.935610676362927, 40.841606864759207 ], [ -73.935567205810472, 40.841711139419345 ], [ -73.935140154693258, 40.842309246562316 ], [ -73.934669676997402, 40.842956732227705 ], [ -73.934213679659834, 40.843571287671409 ], [ -73.933714242513943, 40.844246199866156 ], [ -73.933229263484733, 40.844910139366505 ], [ -73.933149638395818, 40.845019881540594 ], [ -73.932773222806361, 40.845541157141739 ], [ -73.932324418981608, 40.846155709055772 ], [ -73.932237562147392, 40.846265446335465 ], [ -73.932186882470788, 40.846342268340976 ], [ -73.932100019562782, 40.846457494923534 ], [ -73.932071065193242, 40.846495903769373 ], [ -73.932042110790263, 40.846534312607616 ], [ -73.931825331457603, 40.846451843494485 ], [ -73.93139178572828, 40.846275925222315 ], [ -73.931196688627082, 40.846198957230527 ], [ -73.930893183600674, 40.846099966357514 ], [ -73.930748665879094, 40.846044985550598 ], [ -73.930647492169868, 40.846017477698325 ], [ -73.930539084080706, 40.845995454814947 ], [ -73.930336731321148, 40.845945928063863 ], [ -73.930177745428921, 40.845901916629003 ], [ -73.929859756911227, 40.845830361332368 ], [ -73.929541763263273, 40.845764294568724 ], [ -73.929498408475595, 40.845747799836836 ], [ -73.929440590480041, 40.845736785656598 ], [ -73.92940445278613, 40.845731274131865 ], [ -73.929382784158619, 40.845714792626303 ], [ -73.929426232078399, 40.845643456832711 ], [ -73.929614462726306, 40.84537459054097 ], [ -73.929679607751837, 40.845292289056232 ], [ -73.929715814829578, 40.845231927563397 ], [ -73.929766496513949, 40.845155106628845 ], [ -73.929817178081265, 40.845078285671015 ], [ -73.929867876893667, 40.844984996456098 ], [ -73.929925804176008, 40.84489171160898 ], [ -73.929990988783914, 40.844770984061469 ], [ -73.930048933024494, 40.844661230914419 ], [ -73.930099642730482, 40.844556962767612 ], [ -73.93015035804153, 40.844447205184892 ], [ -73.930222816421335, 40.844282566578848 ], [ -73.930273542827621, 40.844161830112732 ], [ -73.930317034779833, 40.844046578667367 ], [ -73.930396778249616, 40.843827050183762 ], [ -73.930454761170381, 40.843678870927526 ], [ -73.930498258228113, 40.843558129991628 ], [ -73.930541766591233, 40.843426410211308 ], [ -73.930570737695476, 40.843371533490675 ], [ -73.93057800051433, 40.843338601364302 ], [ -73.930628737005051, 40.84320688589645 ], [ -73.930672233438401, 40.843086144885156 ], [ -73.930701210005282, 40.843025778715358 ], [ -73.930730215099828, 40.84293796547157 ], [ -73.930773716885597, 40.84281173500311 ], [ -73.930788190791688, 40.842795275438455 ], [ -73.930802676110716, 40.842767837045201 ], [ -73.930809955877166, 40.842718436660519 ], [ -73.930896884564618, 40.842537338012207 ], [ -73.930976538876735, 40.842400150277676 ], [ -73.931222784891844, 40.84193369689315 ], [ -73.931360377295192, 40.841686755057403 ], [ -73.931526938127377, 40.841384936067541 ], [ -73.931831086345056, 40.840836174388322 ], [ -73.932164175577867, 40.840254492368565 ], [ -73.932794163386575, 40.839124040719355 ], [ -73.932960750019376, 40.838783793606382 ], [ -73.933098323936733, 40.83854233898203 ], [ -73.933170724475602, 40.838421613698635 ], [ -73.933264857998893, 40.838251496155941 ], [ -73.933358985542057, 40.83808686794945 ], [ -73.933416923898591, 40.837971623566936 ], [ -73.933467601268021, 40.837889311492617 ], [ -73.933532772587711, 40.837768581798954 ], [ -73.93364137632723, 40.837582004004574 ], [ -73.933771684709669, 40.837373480880608 ], [ -73.933909252767535, 40.837132025231071 ], [ -73.934017865300632, 40.836934468223951 ], [ -73.934104766824262, 40.836764345817713 ], [ -73.934198917331486, 40.836572269787332 ], [ -73.934285834185374, 40.83638567897556 ], [ -73.934314809974808, 40.836319822409372 ], [ -73.934358295215844, 40.836199079866212 ], [ -73.934452471232831, 40.835979556510914 ], [ -73.934560999281132, 40.835864340254787 ], [ -73.934756414496135, 40.835589979803459 ], [ -73.934756436028977, 40.835568022122182 ], [ -73.934807169079519, 40.835425325800948 ], [ -73.934821651136417, 40.835397886868506 ], [ -73.934828889471802, 40.835386912111787 ], [ -73.934850604463577, 40.835353987838857 ], [ -73.934872308686593, 40.83533204240269 ], [ -73.934894066613651, 40.8352552027564 ], [ -73.934915770790099, 40.835233257311764 ], [ -73.934937603789891, 40.835079565765412 ], [ -73.93494488501247, 40.83502467563428 ], [ -73.934959479620034, 40.834881958843361 ], [ -73.934981253393033, 40.83478865091157 ], [ -73.934988518455782, 40.834750229038292 ], [ -73.934952423838695, 40.834706293293443 ], [ -73.934959672809981, 40.834684339684969 ], [ -73.93496692714227, 40.834656896654714 ], [ -73.934966953971113, 40.834629449548778 ], [ -73.934974186833742, 40.834623964202748 ], [ -73.93497420292924, 40.834607495939018 ], [ -73.934995896141231, 40.834596529319349 ], [ -73.935032231944632, 40.834393441092161 ], [ -73.935039550532338, 40.83430012499818 ], [ -73.935032371313724, 40.834250716133262 ], [ -73.935039636288209, 40.83421229425322 ], [ -73.935076057455689, 40.833921375249787 ], [ -73.935068862178952, 40.83388843464968 ], [ -73.935083338437309, 40.833866485099115 ], [ -73.935097943203587, 40.833712789418584 ], [ -73.935097969978003, 40.833685342308186 ], [ -73.935105224144323, 40.83365789926463 ], [ -73.935112676390176, 40.833427347597691 ], [ -73.935119951934468, 40.833377946862548 ], [ -73.93511997334663, 40.833355989172993 ], [ -73.935134438768571, 40.833345018458949 ], [ -73.935127227467959, 40.833328546126531 ], [ -73.935127259582572, 40.833295609591893 ], [ -73.935127275639857, 40.833279141324546 ], [ -73.935141746395132, 40.833262681186895 ], [ -73.935134540453447, 40.833240719432226 ], [ -73.935127323811699, 40.833229736522092 ], [ -73.935120123231357, 40.833202285343894 ], [ -73.935120133937374, 40.833191306498762 ], [ -73.935112922656955, 40.833174834165064 ], [ -73.935134615378956, 40.833163867516653 ], [ -73.935141853419651, 40.833152892736166 ], [ -73.935127409450331, 40.833141905761188 ], [ -73.935127500441126, 40.833048585576307 ], [ -73.935120294527337, 40.833026623819997 ], [ -73.93511307255757, 40.833021130331247 ], [ -73.935113088618309, 40.833004662063097 ], [ -73.935120337351194, 40.83298270843818 ], [ -73.935120353410127, 40.832966240169966 ], [ -73.93512037482202, 40.832944282478842 ], [ -73.935120412292804, 40.832905856519297 ], [ -73.935134872265053, 40.832900375227148 ], [ -73.935142115628224, 40.832883911023281 ], [ -73.93516380825055, 40.832872944368823 ], [ -73.935163829648076, 40.832850986677407 ], [ -73.935156768192613, 40.832680810502744 ], [ -73.93512816948332, 40.832362407701211 ], [ -73.93511370962743, 40.832367888993033 ], [ -73.935077991169422, 40.831939693622637 ], [ -73.935092445579997, 40.831939701758614 ], [ -73.935085298711485, 40.831857356334666 ], [ -73.935070994313662, 40.831703644329892 ], [ -73.935020779332461, 40.831319356149628 ], [ -73.934984927935844, 40.83102839629008 ], [ -73.934934756906145, 40.830600192629348 ], [ -73.934891700731555, 40.830287270927172 ], [ -73.934834352268282, 40.829809658258363 ], [ -73.934798233536682, 40.829793169557156 ], [ -73.934798255053849, 40.829771211854393 ], [ -73.934791033464009, 40.8297657183425 ], [ -73.934791044223786, 40.829754739491079 ], [ -73.93478383339729, 40.829738267127318 ], [ -73.934769395610019, 40.829721790675428 ], [ -73.934762190174723, 40.829699828884401 ], [ -73.934762233232789, 40.829655913478184 ], [ -73.93474056851332, 40.82963943293403 ], [ -73.934740600817548, 40.829606496379093 ], [ -73.934747838536254, 40.829595521616731 ], [ -73.934740633121748, 40.829573559823906 ], [ -73.934726200766136, 40.829551593940288 ], [ -73.934726222306992, 40.829529636236678 ], [ -73.934711800738469, 40.829496691499209 ], [ -73.934697400734578, 40.829441789055849 ], [ -73.934697427672504, 40.829414341925855 ], [ -73.934711892307192, 40.82940337125747 ], [ -73.934704724634187, 40.829342983479229 ], [ -73.934690286952275, 40.829326507016368 ], [ -73.934675843888158, 40.829315519977769 ], [ -73.934661524811119, 40.829178276135302 ], [ -73.934683216304535, 40.829167309564447 ], [ -73.934704907790803, 40.829156342989442 ], [ -73.934697702438029, 40.829134381192311 ], [ -73.934683248636929, 40.82913437300688 ], [ -73.934676037904353, 40.829117900634593 ], [ -73.934668816395515, 40.829112407114486 ], [ -73.934654378772521, 40.82909593064646 ], [ -73.934647200401457, 40.829046521714282 ], [ -73.934661659573962, 40.829041040477875 ], [ -73.934661686526468, 40.829013593346012 ], [ -73.934661724259939, 40.828975167361193 ], [ -73.93465452972319, 40.828942226707824 ], [ -73.934654556678595, 40.828914779575499 ], [ -73.934632881441388, 40.828909277862046 ], [ -73.934618638056804, 40.828695182031936 ], [ -73.934611416598585, 40.828689688507829 ], [ -73.934604195141546, 40.828684194983218 ], [ -73.934611443571683, 40.828662241374325 ], [ -73.934611448966294, 40.828656751947619 ], [ -73.934611454360891, 40.8286512625209 ], [ -73.934604232908043, 40.828645768996275 ], [ -73.93459704922698, 40.828601849483967 ], [ -73.934604286860079, 40.828590874728825 ], [ -73.934611535279998, 40.828568921119604 ], [ -73.934611583831369, 40.828519516278263 ], [ -73.934611600015131, 40.828503047997742 ], [ -73.93461164317182, 40.828459132582758 ], [ -73.93460444871566, 40.828426191923427 ], [ -73.934604475691529, 40.82839874478875 ], [ -73.934597265058173, 40.828382272409542 ], [ -73.934611734879581, 40.828365812324854 ], [ -73.934597302828479, 40.828343846420644 ], [ -73.934597319015751, 40.828327378139676 ], [ -73.934590119184577, 40.828299926905736 ], [ -73.934590156958976, 40.828261500916348 ], [ -73.934597394556192, 40.828250526160978 ], [ -73.934590178544312, 40.828239543208007 ], [ -73.934590189337001, 40.828228564353822 ], [ -73.934597437722104, 40.828206610744161 ], [ -73.934590221714984, 40.828195627791104 ], [ -73.934590259489241, 40.828157201801048 ], [ -73.934568573707921, 40.828162678929139 ], [ -73.934561390102544, 40.82811875941109 ], [ -73.934547006720607, 40.828047388654511 ], [ -73.934539801540041, 40.828025426843432 ], [ -73.934532628770597, 40.827970528467901 ], [ -73.934518234647072, 40.827910136560739 ], [ -73.934539920350247, 40.82790465944187 ], [ -73.934532747593735, 40.827849761065259 ], [ -73.934518375105114, 40.82776741144685 ], [ -73.934518412920639, 40.827728985454044 ], [ -73.934425141436705, 40.827042753586532 ], [ -73.934482960228692, 40.827037297018748 ], [ -73.934461474857187, 40.826839665281362 ], [ -73.934425709466396, 40.826466363599565 ], [ -73.934368524659703, 40.825829556946509 ], [ -73.934354082407751, 40.825818569861219 ], [ -73.934325755967109, 40.825231184438628 ], [ -73.93429742460637, 40.824649288382084 ], [ -73.934290349974745, 40.824495580212279 ], [ -73.934275951400849, 40.824440677670466 ], [ -73.934247317053405, 40.824166189658079 ], [ -73.934218775194765, 40.823798381297465 ], [ -73.934168902373145, 40.82307923690874 ], [ -73.934147272536521, 40.823029819644127 ], [ -73.934147283401416, 40.823018840780463 ], [ -73.934133048273623, 40.82279925524832 ], [ -73.934118748022584, 40.822645542892921 ], [ -73.93411886758733, 40.822524775383727 ], [ -73.934104735941091, 40.822200890611917 ], [ -73.934097569594869, 40.822140502723506 ], [ -73.934097607650202, 40.822102076694897 ], [ -73.934090484817517, 40.821997773343071 ], [ -73.934076222904537, 40.821805634931572 ], [ -73.934076309915781, 40.82171780400386 ], [ -73.934076331668564, 40.82169584627173 ], [ -73.93406924154533, 40.821558606312678 ], [ -73.934047944148659, 40.821174333581894 ], [ -73.934047982232087, 40.821135907547166 ], [ -73.934033709743247, 40.820954747970482 ], [ -73.934026619786877, 40.820817507992025 ], [ -73.934005355537181, 40.820400298601164 ], [ -73.933998189475048, 40.820339910688631 ], [ -73.933984075217111, 40.819999557481466 ], [ -73.933984107891092, 40.819966620873899 ], [ -73.93396989029506, 40.819730566906472 ], [ -73.933832609505544, 40.819719509335101 ], [ -73.933832729584296, 40.819598741767855 ], [ -73.933832838746454, 40.819488953068266 ], [ -73.934114587231406, 40.819549498221896 ], [ -73.934309604159566, 40.819631951059542 ], [ -73.934403502573858, 40.819670430581503 ], [ -73.934389153660575, 40.819566123095377 ], [ -73.934382160549163, 40.819330073274578 ], [ -73.934295867851162, 40.818907337372593 ], [ -73.934339368829754, 40.818759147306849 ], [ -73.93438294539169, 40.818534105118729 ], [ -73.93426072042034, 40.817913728859608 ], [ -73.936810369813557, 40.818985594931199 ], [ -73.937092061794871, 40.819106516605309 ], [ -73.937178740442803, 40.819139500492646 ] ] ] ] } },
{ "type": "Feature", "properties": { "modzcta": "10128", "label": "10128", "zcta": "10128", "pop_est": "59256", "zcta20": "10128", "hvi": 1.0, "hvi_2018": 1.0 }, "geometry": { "type": "MultiPolygon", "coordinates": [ [ [ [ -73.959918955144971, 40.782211113099272 ], [ -73.959470825421931, 40.782831266414682 ], [ -73.959008236705358, 40.783462391726559 ], [ -73.958567312090096, 40.784082543977966 ], [ -73.958104706115833, 40.784713665541659 ], [ -73.957634869222886, 40.785344782532299 ], [ -73.957165019891193, 40.785981387011333 ], [ -73.95671683914081, 40.786601529257396 ], [ -73.956261427689256, 40.787221666960271 ], [ -73.955777070675623, 40.787913154749539 ], [ -73.95416694179211, 40.787226342511232 ], [ -73.953712063335416, 40.787039518880341 ], [ -73.953416036048282, 40.7869131418907 ], [ -73.952657918987839, 40.786594443931342 ], [ -73.952549616025337, 40.786550483661522 ], [ -73.952462976109913, 40.786512021693369 ], [ -73.952231934199219, 40.786413115768575 ], [ -73.950925108980172, 40.785863620039578 ], [ -73.95043349640568, 40.7865386140463 ], [ -73.948823434790867, 40.785879174335655 ], [ -73.94838302064872, 40.785697825511427 ], [ -73.948296384249858, 40.785659360405973 ], [ -73.947112338788713, 40.785164771052784 ], [ -73.9465853039558, 40.784939459807887 ], [ -73.944224517442194, 40.783933768726612 ], [ -73.944723404763067, 40.783247825466233 ], [ -73.944643986455134, 40.783220339998721 ], [ -73.944052006002821, 40.782962049057772 ], [ -73.943958158400633, 40.78291808770112 ], [ -73.943893189191272, 40.782885119270489 ], [ -73.943835437293458, 40.782857643790386 ], [ -73.943763241692736, 40.782830161233761 ], [ -73.94363313640693, 40.782961844942683 ], [ -73.943568171968266, 40.782923386861626 ], [ -73.943546543546205, 40.782879460511133 ], [ -73.943647840357187, 40.782654441827511 ], [ -73.943879883615963, 40.781534703110957 ], [ -73.943872883989684, 40.781271205097561 ], [ -73.943714549367868, 40.780628859728459 ], [ -73.943599403061384, 40.780156708856751 ], [ -73.943217375264922, 40.779316631977828 ], [ -73.94300767472609, 40.77964040733854 ], [ -73.942783920524022, 40.779508549119214 ], [ -73.942718898555682, 40.779541453651966 ], [ -73.942625208013851, 40.779321828137356 ], [ -73.942711955684032, 40.779217571313119 ], [ -73.942538749035108, 40.779091227199331 ], [ -73.942893010636595, 40.778613819144859 ], [ -73.942655124587418, 40.778125137866667 ], [ -73.942460769124295, 40.777405919885986 ], [ -73.942431974145947, 40.77730160549104 ], [ -73.942431983637448, 40.777290626546964 ], [ -73.942338145097764, 40.777246663833033 ], [ -73.942381539214409, 40.777169832896242 ], [ -73.942331004647301, 40.777153339193198 ], [ -73.942273253606302, 40.77713135237839 ], [ -73.94222994511297, 40.777109372776032 ], [ -73.942186646180147, 40.777076414212942 ], [ -73.942143347290198, 40.777043455633347 ], [ -73.94211449570308, 40.777005014821036 ], [ -73.942092870162227, 40.776961088158068 ], [ -73.94207124464991, 40.776917161490722 ], [ -73.941999668231873, 40.776187025303187 ], [ -73.942079301473257, 40.775956507389459 ], [ -73.942404451725153, 40.775726112392199 ], [ -73.942585414779813, 40.775221170916005 ], [ -73.942932490912014, 40.774677885171265 ], [ -73.943337263446466, 40.774211479403704 ], [ -73.943662521571724, 40.773838354448401 ], [ -73.943958837177973, 40.773531088212962 ], [ -73.944421380409821, 40.773042748735023 ], [ -73.944464686981746, 40.773064727527171 ], [ -73.944493556520413, 40.773081209871478 ], [ -73.944529651465771, 40.773092206209256 ], [ -73.94457295810561, 40.773114184960612 ], [ -73.945727877995253, 40.773619766662677 ], [ -73.945265223025189, 40.774250837686303 ], [ -73.94476640868811, 40.774936784232494 ], [ -73.945271708604707, 40.77514562543071 ], [ -73.944953619740261, 40.775584631987748 ], [ -73.946801591578748, 40.776370494942498 ], [ -73.94662809419161, 40.77660646213527 ], [ -73.948880383941656, 40.777551672912743 ], [ -73.951248239932454, 40.778551783184589 ], [ -73.951739785283053, 40.777876784876305 ], [ -73.953984969113947, 40.778821892673413 ], [ -73.955587678702372, 40.77949772661789 ], [ -73.957096564942091, 40.780135076996316 ], [ -73.957197638883329, 40.780179030354383 ], [ -73.956706131865658, 40.780854051705816 ], [ -73.95681442830687, 40.780898008108053 ], [ -73.957745772456377, 40.781293595255569 ], [ -73.95784685205993, 40.781332058567223 ], [ -73.958323358020237, 40.781535342286951 ], [ -73.959918955144971, 40.782211113099272 ] ] ] ] } }
]
}
