{
"type": "FeatureCollection",
"name": "trees_2021",
"crs": { "type": "name", "properties": { "name": "urn:ogc:def:crs:OGC:1.3:CRS84" } },
"features": [
{ "type": "Feature", "properties": { "Height": 73.344749450683594, "Radius": 15.295678028289107, "height_m": 22.36, "crown_diameter_m": 9.32, "site_id": 0 }, "geometry": { "type": "Point", "coordinates": [ -73.957358412614838, 40.807916368658645 ] } },
{ "type": "Feature", "properties": { "Height": 75.062751770019503, "Radius": 15.170301503624794, "height_m": 22.88, "crown_diameter_m": 9.25, "site_id": 1 }, "geometry": { "type": "Point", "coordinates": [ -73.957201030345189, 40.807925350439817 ] } },
{ "type": "Feature", "properties": { "Height": 58.197750091552699, "Radius": 13.584555808529501, "height_m": 17.74, "crown_diameter_m": 8.28, "site_id": 2 }, "geometry": { "type": "Point", "coordinates": [ -73.957802929551548, 40.80791648899455 ] } },
{ "type": "Feature", "properties": { "Height": 75.7967529296875, "Radius": 33.859601777966439, "height_m": 23.1, "crown_diameter_m": 20.64, "site_id": 3 }, "geometry": { "type": "Point", "coordinates": [ -73.957624869292601, 40.807960532782907 ] } },
{ "type": "Feature", "properties": { "Height": 69.264999389648395, "Radius": 22.326515217646847, "height_m": 21.11, "crown_diameter_m": 13.61, "site_id": 4 }, "geometry": { "type": "Point", "coordinates": [ -73.957329535204821, 40.807979848494888 ] } },
{ "type": "Feature", "properties": { "Height": 21.515750885009801, "Radius": 13.049742875180646, "height_m": 6.56, "crown_diameter_m": 7.96, "site_id": 5 }, "geometry": { "type": "Point", "coordinates": [ -73.957178590252113, 40.807981759215053 ] } },
{ "type": "Feature", "properties": { "Height": 62.511375427246101, "Radius": 14.361922094451577, "height_m": 19.05, "crown_diameter_m": 8.76, "site_id": 6 }, "geometry": { "type": "Point", "coordinates": [ -73.957598103037483, 40.808010691492711 ] } },
{ "type": "Feature", "properties": { "Height": 89.774749755859403, "Radius": 27.347195058887049, "height_m": 27.36, "crown_diameter_m": 16.67, "site_id": 7 }, "geometry": { "type": "Point", "coordinates": [ -73.957015337076598, 40.808056122829747 ] } },
{ "type": "Feature", "properties": { "Height": 81.640251159667997, "Radius": 23.373047344386457, "height_m": 24.88, "crown_diameter_m": 14.25, "site_id": 8 }, "geometry": { "type": "Point", "coordinates": [ -73.95727404457331, 40.808089041254817 ] } },
{ "type": "Feature", "properties": { "Height": 97.106246948242202, "Radius": 34.704539066927801, "height_m": 29.6, "crown_diameter_m": 21.16, "site_id": 9 }, "geometry": { "type": "Point", "coordinates": [ -73.957521357207995, 40.808075545029752 ] } },
{ "type": "Feature", "properties": { "Height": 79.935501098632798, "Radius": 29.836775532629471, "height_m": 24.36, "crown_diameter_m": 18.19, "site_id": 10 }, "geometry": { "type": "Point", "coordinates": [ -73.956863220189533, 40.808200127698846 ] } },
{ "type": "Feature", "properties": { "Height": 88.886001586914105, "Radius": 34.192867852127634, "height_m": 27.09, "crown_diameter_m": 20.84, "site_id": 11 }, "geometry": { "type": "Point", "coordinates": [ -73.957163810750359, 40.808141444457611 ] } },
{ "type": "Feature", "properties": { "Height": 94.704002380371094, "Radius": 33.581130851679553, "height_m": 28.87, "crown_diameter_m": 20.47, "site_id": 12 }, "geometry": { "type": "Point", "coordinates": [ -73.957034136684399, 40.808238239369459 ] } },
{ "type": "Feature", "properties": { "Height": 99.90625, "Radius": 41.216742503051968, "height_m": 30.45, "crown_diameter_m": 25.13, "site_id": 13 }, "geometry": { "type": "Point", "coordinates": [ -73.957563865469297, 40.808215388228241 ] } },
{ "type": "Feature", "properties": { "Height": 31.1107501983643, "Radius": 14.679774962390477, "height_m": 9.48, "crown_diameter_m": 8.95, "site_id": 14 }, "geometry": { "type": "Point", "coordinates": [ -73.957236608739947, 40.808250868494447 ] } },
{ "type": "Feature", "properties": { "Height": 64.954498291015597, "Radius": 13.204326569619951, "height_m": 19.8, "crown_diameter_m": 8.05, "site_id": 15 }, "geometry": { "type": "Point", "coordinates": [ -73.956827980270077, 40.808349597189384 ] } },
{ "type": "Feature", "properties": { "Height": 107.72624969482401, "Radius": 42.071863514663981, "height_m": 32.83, "crown_diameter_m": 25.65, "site_id": 16 }, "geometry": { "type": "Point", "coordinates": [ -73.957396907839893, 40.808309427800282 ] } },
{ "type": "Feature", "properties": { "Height": 72.708747863769503, "Radius": 28.965242662697069, "height_m": 22.16, "crown_diameter_m": 17.66, "site_id": 17 }, "geometry": { "type": "Point", "coordinates": [ -73.956919786867502, 40.808381513666291 ] } },
{ "type": "Feature", "properties": { "Height": 59.703250885009801, "Radius": 17.061488531633945, "height_m": 18.2, "crown_diameter_m": 10.4, "site_id": 18 }, "geometry": { "type": "Point", "coordinates": [ -73.957113259226517, 40.808423770532876 ] } },
{ "type": "Feature", "properties": { "Height": 104.49624633789099, "Radius": 30.037466144599392, "height_m": 31.85, "crown_diameter_m": 18.31, "site_id": 19 }, "geometry": { "type": "Point", "coordinates": [ -73.957277215487551, 40.808416649035664 ] } },
{ "type": "Feature", "properties": { "Height": 91.422248840332003, "Radius": 20.082296327732614, "height_m": 27.87, "crown_diameter_m": 12.24, "site_id": 20 }, "geometry": { "type": "Point", "coordinates": [ -73.957180183436179, 40.808533847977642 ] } },
{ "type": "Feature", "properties": { "Height": 74.260749816894503, "Radius": 31.0547802707625, "height_m": 22.63, "crown_diameter_m": 18.93, "site_id": 21 }, "geometry": { "type": "Point", "coordinates": [ -73.956980449000639, 40.808509006321003 ] } },
{ "type": "Feature", "properties": { "Height": 24.518999099731399, "Radius": 11.98487947959576, "height_m": 7.47, "crown_diameter_m": 7.31, "site_id": 22 }, "geometry": { "type": "Point", "coordinates": [ -73.956672680634725, 40.808545716933246 ] } },
{ "type": "Feature", "properties": { "Height": 100.72299957275401, "Radius": 43.729242404243898, "height_m": 30.7, "crown_diameter_m": 26.66, "site_id": 23 }, "geometry": { "type": "Point", "coordinates": [ -73.957388128649924, 40.808555093032545 ] } },
{ "type": "Feature", "properties": { "Height": 77.187248229980497, "Radius": 17.585165749220355, "height_m": 23.53, "crown_diameter_m": 10.72, "site_id": 24 }, "geometry": { "type": "Point", "coordinates": [ -73.957032176221844, 40.808591087097554 ] } },
{ "type": "Feature", "properties": { "Height": 73.224746704101605, "Radius": 25.401065711787442, "height_m": 22.32, "crown_diameter_m": 15.48, "site_id": 25 }, "geometry": { "type": "Point", "coordinates": [ -73.956967354751271, 40.808653155861435 ] } },
{ "type": "Feature", "properties": { "Height": 66.173500061035199, "Radius": 23.131772925458009, "height_m": 20.17, "crown_diameter_m": 14.1, "site_id": 26 }, "geometry": { "type": "Point", "coordinates": [ -73.956787025417412, 40.808584863977238 ] } },
{ "type": "Feature", "properties": { "Height": 96.181503295898395, "Radius": 20.050570721306851, "height_m": 29.32, "crown_diameter_m": 12.22, "site_id": 27 }, "geometry": { "type": "Point", "coordinates": [ -73.957315723009273, 40.808688596597868 ] } },
{ "type": "Feature", "properties": { "Height": 31.727249145507798, "Radius": 14.019855731015593, "height_m": 9.67, "crown_diameter_m": 8.55, "site_id": 28 }, "geometry": { "type": "Point", "coordinates": [ -73.956877842835553, 40.808697091032002 ] } },
{ "type": "Feature", "properties": { "Height": 105.19075012207, "Radius": 44.079060167678918, "height_m": 32.06, "crown_diameter_m": 26.87, "site_id": 29 }, "geometry": { "type": "Point", "coordinates": [ -73.957191134398613, 40.808743581637209 ] } },
{ "type": "Feature", "properties": { "Height": 31.215999603271499, "Radius": 18.965499502720288, "height_m": 9.51, "crown_diameter_m": 11.56, "site_id": 30 }, "geometry": { "type": "Point", "coordinates": [ -73.956988529632838, 40.808781789999628 ] } },
{ "type": "Feature", "properties": { "Height": 82.541000366210895, "Radius": 39.720309048016716, "height_m": 25.16, "crown_diameter_m": 24.21, "site_id": 31 }, "geometry": { "type": "Point", "coordinates": [ -73.956676983121781, 40.808759945230115 ] } },
{ "type": "Feature", "properties": { "Height": 26.147499084472699, "Radius": 13.092359363765237, "height_m": 7.97, "crown_diameter_m": 7.98, "site_id": 32 }, "geometry": { "type": "Point", "coordinates": [ -73.956870851199113, 40.808754469050761 ] } },
{ "type": "Feature", "properties": { "Height": 13.196499824523899, "Radius": 7.9137519614062217, "height_m": 4.02, "crown_diameter_m": 4.82, "site_id": 33 }, "geometry": { "type": "Point", "coordinates": [ -73.95682048403836, 40.808819400417143 ] } },
{ "type": "Feature", "properties": { "Height": 64.045623779296903, "Radius": 13.025327993411929, "height_m": 19.52, "crown_diameter_m": 7.94, "site_id": 34 }, "geometry": { "type": "Point", "coordinates": [ -73.956568171563333, 40.808847937874795 ] } },
{ "type": "Feature", "properties": { "Height": 30.251499176025401, "Radius": 11.052213299743617, "height_m": 9.22, "crown_diameter_m": 6.74, "site_id": 35 }, "geometry": { "type": "Point", "coordinates": [ -73.956950749916345, 40.808854280395749 ] } },
{ "type": "Feature", "properties": { "Height": 75.184753417968807, "Radius": 31.189020699240686, "height_m": 22.92, "crown_diameter_m": 19.01, "site_id": 36 }, "geometry": { "type": "Point", "coordinates": [ -73.957129848587115, 40.808902621930507 ] } },
{ "type": "Feature", "properties": { "Height": 26.693000793456999, "Radius": 17.722648791641035, "height_m": 8.14, "crown_diameter_m": 10.8, "site_id": 37 }, "geometry": { "type": "Point", "coordinates": [ -73.956830010437329, 40.808903218736347 ] } },
{ "type": "Feature", "properties": { "Height": 34.349498748779297, "Radius": 15.997535700593629, "height_m": 10.47, "crown_diameter_m": 9.75, "site_id": 38 }, "geometry": { "type": "Point", "coordinates": [ -73.957002546238883, 40.80889946780416 ] } },
{ "type": "Feature", "properties": { "Height": 74.377998352050795, "Radius": 17.711419842410312, "height_m": 22.67, "crown_diameter_m": 10.8, "site_id": 39 }, "geometry": { "type": "Point", "coordinates": [ -73.957320583503645, 40.808926708979648 ] } },
{ "type": "Feature", "properties": { "Height": 40.710250854492202, "Radius": 14.138550439257223, "height_m": 12.41, "crown_diameter_m": 8.62, "site_id": 40 }, "geometry": { "type": "Point", "coordinates": [ -73.956912299315718, 40.808913963645594 ] } },
{ "type": "Feature", "properties": { "Height": 65.377998352050795, "Radius": 15.133537693125074, "height_m": 19.93, "crown_diameter_m": 9.23, "site_id": 41 }, "geometry": { "type": "Point", "coordinates": [ -73.957237964939765, 40.808962284955435 ] } },
{ "type": "Feature", "properties": { "Height": 40.297248840332003, "Radius": 13.225402922330684, "height_m": 12.28, "crown_diameter_m": 8.06, "site_id": 42 }, "geometry": { "type": "Point", "coordinates": [ -73.956905751955148, 40.808993559817104 ] } },
{ "type": "Feature", "properties": { "Height": 20.921749114990199, "Radius": 11.24139781410501, "height_m": 6.38, "crown_diameter_m": 6.85, "site_id": 43 }, "geometry": { "type": "Point", "coordinates": [ -73.957117758018555, 40.809014269278173 ] } },
{ "type": "Feature", "properties": { "Height": 47.318748474121101, "Radius": 24.947452875210661, "height_m": 14.42, "crown_diameter_m": 15.21, "site_id": 44 }, "geometry": { "type": "Point", "coordinates": [ -73.956810474793713, 40.809026770548577 ] } },
{ "type": "Feature", "properties": { "Height": 45.279499053955099, "Radius": 18.609705966725112, "height_m": 13.8, "crown_diameter_m": 11.34, "site_id": 45 }, "geometry": { "type": "Point", "coordinates": [ -73.956689392940746, 40.80906211109312 ] } },
{ "type": "Feature", "properties": { "Height": 79.350502014160199, "Radius": 39.147195902540197, "height_m": 24.19, "crown_diameter_m": 23.86, "site_id": 46 }, "geometry": { "type": "Point", "coordinates": [ -73.956971690918635, 40.809121081450911 ] } },
{ "type": "Feature", "properties": { "Height": 37.777500152587898, "Radius": 17.30692355385402, "height_m": 11.51, "crown_diameter_m": 10.55, "site_id": 47 }, "geometry": { "type": "Point", "coordinates": [ -73.956337148869025, 40.809131329176381 ] } },
{ "type": "Feature", "properties": { "Height": 56.486000061035199, "Radius": 19.454317121722035, "height_m": 17.22, "crown_diameter_m": 11.86, "site_id": 48 }, "geometry": { "type": "Point", "coordinates": [ -73.956700152672369, 40.809140903303579 ] } },
{ "type": "Feature", "properties": { "Height": 81.441749572753906, "Radius": 19.673963037463739, "height_m": 24.82, "crown_diameter_m": 11.99, "site_id": 49 }, "geometry": { "type": "Point", "coordinates": [ -73.957171165948665, 40.809135656446003 ] } },
{ "type": "Feature", "properties": { "Height": 76.681503295898395, "Radius": 12.087358593107094, "height_m": 23.37, "crown_diameter_m": 7.37, "site_id": 50 }, "geometry": { "type": "Point", "coordinates": [ -73.956991864629302, 40.809172480396747 ] } },
{ "type": "Feature", "properties": { "Height": 82.270751953125, "Radius": 12.318857018332594, "height_m": 25.08, "crown_diameter_m": 7.51, "site_id": 51 }, "geometry": { "type": "Point", "coordinates": [ -73.957124409412614, 40.809214330881105 ] } },
{ "type": "Feature", "properties": { "Height": 69.916496276855497, "Radius": 25.516717504196023, "height_m": 21.31, "crown_diameter_m": 15.55, "site_id": 52 }, "geometry": { "type": "Point", "coordinates": [ -73.9569135050791, 40.809251939892796 ] } },
{ "type": "Feature", "properties": { "Height": 63.256500244140597, "Radius": 18.665212841758834, "height_m": 19.28, "crown_diameter_m": 11.38, "site_id": 53 }, "geometry": { "type": "Point", "coordinates": [ -73.956701535023342, 40.809227646088857 ] } },
{ "type": "Feature", "properties": { "Height": 70.659248352050795, "Radius": 36.533181530885514, "height_m": 21.54, "crown_diameter_m": 22.27, "site_id": 54 }, "geometry": { "type": "Point", "coordinates": [ -73.956459411072871, 40.809241500011844 ] } },
{ "type": "Feature", "properties": { "Height": 79.780250549316406, "Radius": 26.904213074943115, "height_m": 24.32, "crown_diameter_m": 16.4, "site_id": 55 }, "geometry": { "type": "Point", "coordinates": [ -73.956718264728863, 40.809309650812608 ] } },
{ "type": "Feature", "properties": { "Height": 80.229751586914105, "Radius": 41.987608941554704, "height_m": 24.45, "crown_diameter_m": 25.6, "site_id": 56 }, "geometry": { "type": "Point", "coordinates": [ -73.956814491477843, 40.809428316693541 ] } },
{ "type": "Feature", "properties": { "Height": 82.589752197265597, "Radius": 48.618609758001405, "height_m": 25.17, "crown_diameter_m": 29.64, "site_id": 57 }, "geometry": { "type": "Point", "coordinates": [ -73.956227636845199, 40.809340312132683 ] } },
{ "type": "Feature", "properties": { "Height": 64.680000305175795, "Radius": 18.152969720455364, "height_m": 19.71, "crown_diameter_m": 11.07, "site_id": 58 }, "geometry": { "type": "Point", "coordinates": [ -73.955829192272105, 40.809353792801836 ] } },
{ "type": "Feature", "properties": { "Height": 41.3289985656738, "Radius": 15.075584855494879, "height_m": 12.6, "crown_diameter_m": 9.19, "site_id": 59 }, "geometry": { "type": "Point", "coordinates": [ -73.956452755953705, 40.809370799096158 ] } },
{ "type": "Feature", "properties": { "Height": 55.838249206542997, "Radius": 20.004877015482272, "height_m": 17.02, "crown_diameter_m": 12.19, "site_id": 60 }, "geometry": { "type": "Point", "coordinates": [ -73.95705919287947, 40.80933683916377 ] } },
{ "type": "Feature", "properties": { "Height": 35.2612495422363, "Radius": 12.753679933255228, "height_m": 10.75, "crown_diameter_m": 7.77, "site_id": 61 }, "geometry": { "type": "Point", "coordinates": [ -73.957027541430477, 40.809440483685883 ] } },
{ "type": "Feature", "properties": { "Height": 67.358001708984403, "Radius": 36.308131232964456, "height_m": 20.53, "crown_diameter_m": 22.13, "site_id": 62 }, "geometry": { "type": "Point", "coordinates": [ -73.955808423384227, 40.809448588363637 ] } },
{ "type": "Feature", "properties": { "Height": 89.802001953125, "Radius": 26.393582286480665, "height_m": 27.37, "crown_diameter_m": 16.09, "site_id": 63 }, "geometry": { "type": "Point", "coordinates": [ -73.956140280721215, 40.809486441451391 ] } },
{ "type": "Feature", "properties": { "Height": 45.909999847412102, "Radius": 24.294569484892996, "height_m": 13.99, "crown_diameter_m": 14.81, "site_id": 64 }, "geometry": { "type": "Point", "coordinates": [ -73.956597804546846, 40.809501253095426 ] } },
{ "type": "Feature", "properties": { "Height": 85.927749633789105, "Radius": 28.584986930796219, "height_m": 26.19, "crown_diameter_m": 17.43, "site_id": 65 }, "geometry": { "type": "Point", "coordinates": [ -73.956021374182384, 40.809499432662129 ] } },
{ "type": "Feature", "properties": { "Height": 41.411251068115199, "Radius": 17.679940843579836, "height_m": 12.62, "crown_diameter_m": 10.78, "site_id": 66 }, "geometry": { "type": "Point", "coordinates": [ -73.95694596342959, 40.809526147331979 ] } },
{ "type": "Feature", "properties": { "Height": 62.2700004577637, "Radius": 24.472434510174956, "height_m": 18.98, "crown_diameter_m": 14.92, "site_id": 67 }, "geometry": { "type": "Point", "coordinates": [ -73.955800028031177, 40.8095854950461 ] } },
{ "type": "Feature", "properties": { "Height": 57.029750823974602, "Radius": 13.569903063667143, "height_m": 17.38, "crown_diameter_m": 8.27, "site_id": 68 }, "geometry": { "type": "Point", "coordinates": [ -73.955897997639227, 40.809558203353838 ] } },
{ "type": "Feature", "properties": { "Height": 34.524749755859403, "Radius": 18.83075179616424, "height_m": 10.52, "crown_diameter_m": 11.48, "site_id": 69 }, "geometry": { "type": "Point", "coordinates": [ -73.955605087241835, 40.809564316075068 ] } },
{ "type": "Feature", "properties": { "Height": 43.271499633789098, "Radius": 22.493411570705216, "height_m": 13.19, "crown_diameter_m": 13.71, "site_id": 70 }, "geometry": { "type": "Point", "coordinates": [ -73.956915098841719, 40.809609378727451 ] } },
{ "type": "Feature", "properties": { "Height": 66.128501892089801, "Radius": 18.735427056493137, "height_m": 20.16, "crown_diameter_m": 11.42, "site_id": 71 }, "geometry": { "type": "Point", "coordinates": [ -73.95642261562945, 40.809586951330154 ] } },
{ "type": "Feature", "properties": { "Height": 24.370000839233398, "Radius": 9.7639034669565081, "height_m": 7.43, "crown_diameter_m": 5.95, "site_id": 72 }, "geometry": { "type": "Point", "coordinates": [ -73.956805097222471, 40.809613775219482 ] } },
{ "type": "Feature", "properties": { "Height": 74.399002075195298, "Radius": 29.920671030107453, "height_m": 22.68, "crown_diameter_m": 18.24, "site_id": 73 }, "geometry": { "type": "Point", "coordinates": [ -73.9562646582268, 40.809557762210424 ] } },
{ "type": "Feature", "properties": { "Height": 73.996246337890597, "Radius": 24.230612560684509, "height_m": 22.55, "crown_diameter_m": 14.77, "site_id": 74 }, "geometry": { "type": "Point", "coordinates": [ -73.956072266326473, 40.809648421431731 ] } },
{ "type": "Feature", "properties": { "Height": 20.206750869751001, "Radius": 9.0666161332089015, "height_m": 6.16, "crown_diameter_m": 5.53, "site_id": 75 }, "geometry": { "type": "Point", "coordinates": [ -73.95651372011254, 40.809625570263876 ] } },
{ "type": "Feature", "properties": { "Height": 44.396251678466797, "Radius": 19.136758452111245, "height_m": 13.53, "crown_diameter_m": 11.67, "site_id": 76 }, "geometry": { "type": "Point", "coordinates": [ -73.955510085941185, 40.809641853744921 ] } },
{ "type": "Feature", "properties": { "Height": 67.125747680664105, "Radius": 30.232876776396168, "height_m": 20.46, "crown_diameter_m": 18.43, "site_id": 77 }, "geometry": { "type": "Point", "coordinates": [ -73.955958457172812, 40.809729039208811 ] } },
{ "type": "Feature", "properties": { "Height": 86.25, "Radius": 27.955864287350369, "height_m": 26.29, "crown_diameter_m": 17.04, "site_id": 78 }, "geometry": { "type": "Point", "coordinates": [ -73.956264590921265, 40.809680028186406 ] } },
{ "type": "Feature", "properties": { "Height": 47.974250793457003, "Radius": 18.940307329321033, "height_m": 14.62, "crown_diameter_m": 11.55, "site_id": 79 }, "geometry": { "type": "Point", "coordinates": [ -73.956907766582248, 40.809722315530657 ] } },
{ "type": "Feature", "properties": { "Height": 56.765750885009801, "Radius": 28.675320634376128, "height_m": 17.3, "crown_diameter_m": 17.48, "site_id": 80 }, "geometry": { "type": "Point", "coordinates": [ -73.956780294397475, 40.809730089538618 ] } },
{ "type": "Feature", "properties": { "Height": 56.854251861572301, "Radius": 28.263026366230189, "height_m": 17.33, "crown_diameter_m": 17.23, "site_id": 81 }, "geometry": { "type": "Point", "coordinates": [ -73.955465126221895, 40.809791299223335 ] } },
{ "type": "Feature", "properties": { "Height": 64.282249450683594, "Radius": 16.65076307158569, "height_m": 19.59, "crown_diameter_m": 10.15, "site_id": 82 }, "geometry": { "type": "Point", "coordinates": [ -73.956609951709055, 40.80976421115502 ] } },
{ "type": "Feature", "properties": { "Height": 27.625999450683601, "Radius": 11.824449987472146, "height_m": 8.42, "crown_diameter_m": 7.21, "site_id": 83 }, "geometry": { "type": "Point", "coordinates": [ -73.956485621253918, 40.809799232383455 ] } },
{ "type": "Feature", "properties": { "Height": 85.667999267578097, "Radius": 32.502168154947064, "height_m": 26.11, "crown_diameter_m": 19.81, "site_id": 84 }, "geometry": { "type": "Point", "coordinates": [ -73.956163865579626, 40.80980298083167 ] } },
{ "type": "Feature", "properties": { "Height": 28.579250335693398, "Radius": 14.177894523696521, "height_m": 8.71, "crown_diameter_m": 8.64, "site_id": 85 }, "geometry": { "type": "Point", "coordinates": [ -73.95692500884789, 40.809831497434601 ] } },
{ "type": "Feature", "properties": { "Height": 53.1614990234375, "Radius": 24.579506992143571, "height_m": 16.2, "crown_diameter_m": 14.98, "site_id": 86 }, "geometry": { "type": "Point", "coordinates": [ -73.95571507982541, 40.809840679754821 ] } },
{ "type": "Feature", "properties": { "Height": 64.787498474121094, "Radius": 14.852230510107461, "height_m": 19.75, "crown_diameter_m": 9.05, "site_id": 87 }, "geometry": { "type": "Point", "coordinates": [ -73.956796363033476, 40.809841258420562 ] } },
{ "type": "Feature", "properties": { "Height": 43.650749206542997, "Radius": 22.620414276499083, "height_m": 13.3, "crown_diameter_m": 13.79, "site_id": 88 }, "geometry": { "type": "Point", "coordinates": [ -73.955351688917332, 40.809881495139301 ] } },
{ "type": "Feature", "properties": { "Height": 71.075996398925795, "Radius": 39.566748637251308, "height_m": 21.66, "crown_diameter_m": 24.12, "site_id": 89 }, "geometry": { "type": "Point", "coordinates": [ -73.956616432102109, 40.80987892351353 ] } },
{ "type": "Feature", "properties": { "Height": 48.838001251220703, "Radius": 24.640943729808335, "height_m": 14.89, "crown_diameter_m": 15.02, "site_id": 90 }, "geometry": { "type": "Point", "coordinates": [ -73.955572560666667, 40.809927889467787 ] } },
{ "type": "Feature", "properties": { "Height": 77.607498168945298, "Radius": 33.804326518950333, "height_m": 23.65, "crown_diameter_m": 20.61, "site_id": 91 }, "geometry": { "type": "Point", "coordinates": [ -73.956120718265822, 40.809941482599648 ] } },
{ "type": "Feature", "properties": { "Height": 68.5, "Radius": 20.905489081347621, "height_m": 20.88, "crown_diameter_m": 12.74, "site_id": 92 }, "geometry": { "type": "Point", "coordinates": [ -73.956821257332507, 40.809907316562608 ] } },
{ "type": "Feature", "properties": { "Height": 56.018501281738303, "Radius": 28.286948870362522, "height_m": 17.07, "crown_diameter_m": 17.24, "site_id": 93 }, "geometry": { "type": "Point", "coordinates": [ -73.955766229622142, 40.809936606915045 ] } },
{ "type": "Feature", "properties": { "Height": 78.792999267578097, "Radius": 27.709980565616593, "height_m": 24.02, "crown_diameter_m": 16.89, "site_id": 94 }, "geometry": { "type": "Point", "coordinates": [ -73.95632835465706, 40.809932018863783 ] } },
{ "type": "Feature", "properties": { "Height": 43.689250946044901, "Radius": 15.558748935655874, "height_m": 13.32, "crown_diameter_m": 9.48, "site_id": 95 }, "geometry": { "type": "Point", "coordinates": [ -73.955377837047777, 40.809945556774444 ] } },
{ "type": "Feature", "properties": { "Height": 37.962501525878899, "Radius": 18.925596408787502, "height_m": 11.57, "crown_diameter_m": 11.54, "site_id": 96 }, "geometry": { "type": "Point", "coordinates": [ -73.956481742961145, 40.809975696980722 ] } },
{ "type": "Feature", "properties": { "Height": 40.487751007080099, "Radius": 14.720375505387608, "height_m": 12.34, "crown_diameter_m": 8.97, "site_id": 97 }, "geometry": { "type": "Point", "coordinates": [ -73.955264868212424, 40.809972985383325 ] } },
{ "type": "Feature", "properties": { "Height": 52.720001220703097, "Radius": 21.226578713800198, "height_m": 16.07, "crown_diameter_m": 12.94, "site_id": 98 }, "geometry": { "type": "Point", "coordinates": [ -73.955792591859236, 40.810019761793129 ] } },
{ "type": "Feature", "properties": { "Height": 67.095497131347699, "Radius": 14.356380160193742, "height_m": 20.45, "crown_diameter_m": 8.75, "site_id": 99 }, "geometry": { "type": "Point", "coordinates": [ -73.956790906556108, 40.809996364427725 ] } },
{ "type": "Feature", "properties": { "Height": 67.656753540039105, "Radius": 30.943111311580193, "height_m": 20.62, "crown_diameter_m": 18.86, "site_id": 100 }, "geometry": { "type": "Point", "coordinates": [ -73.956920442327814, 40.80998723322854 ] } },
{ "type": "Feature", "properties": { "Height": 67.563751220703097, "Radius": 25.119111685882107, "height_m": 20.59, "crown_diameter_m": 15.31, "site_id": 101 }, "geometry": { "type": "Point", "coordinates": [ -73.956049172950813, 40.810069018969976 ] } },
{ "type": "Feature", "properties": { "Height": 66.405746459960895, "Radius": 12.930284904751172, "height_m": 20.24, "crown_diameter_m": 7.88, "site_id": 102 }, "geometry": { "type": "Point", "coordinates": [ -73.956754521099526, 40.810053931317768 ] } },
{ "type": "Feature", "properties": { "Height": 48.059249877929702, "Radius": 34.045931482899299, "height_m": 14.65, "crown_diameter_m": 20.75, "site_id": 103 }, "geometry": { "type": "Point", "coordinates": [ -73.955510663481505, 40.810066836728673 ] } },
{ "type": "Feature", "properties": { "Height": 48.867000579833999, "Radius": 11.565886462729004, "height_m": 14.89, "crown_diameter_m": 7.05, "site_id": 104 }, "geometry": { "type": "Point", "coordinates": [ -73.955325544140678, 40.810052645337898 ] } },
{ "type": "Feature", "properties": { "Height": 53.943748474121101, "Radius": 27.386450469539799, "height_m": 16.44, "crown_diameter_m": 16.69, "site_id": 105 }, "geometry": { "type": "Point", "coordinates": [ -73.956965273315006, 40.810103518648631 ] } },
{ "type": "Feature", "properties": { "Height": 35.229251861572301, "Radius": 18.084894471736487, "height_m": 10.74, "crown_diameter_m": 11.02, "site_id": 106 }, "geometry": { "type": "Point", "coordinates": [ -73.956452905028698, 40.810119296584531 ] } },
{ "type": "Feature", "properties": { "Height": 37.671249389648402, "Radius": 18.0231861459221, "height_m": 11.48, "crown_diameter_m": 10.99, "site_id": 107 }, "geometry": { "type": "Point", "coordinates": [ -73.95674655564558, 40.810130377892953 ] } },
{ "type": "Feature", "properties": { "Height": 51.7265014648438, "Radius": 10.143651744264012, "height_m": 15.77, "crown_diameter_m": 6.18, "site_id": 108 }, "geometry": { "type": "Point", "coordinates": [ -73.957088370557813, 40.810205995257235 ] } },
{ "type": "Feature", "properties": { "Height": 95.331497192382798, "Radius": 55.13636339112594, "height_m": 29.06, "crown_diameter_m": 33.61, "site_id": 109 }, "geometry": { "type": "Point", "coordinates": [ -73.956358830811581, 40.810285279489264 ] } },
{ "type": "Feature", "properties": { "Height": 45.509998321533203, "Radius": 21.059089460980179, "height_m": 13.87, "crown_diameter_m": 12.84, "site_id": 110 }, "geometry": { "type": "Point", "coordinates": [ -73.956635641889605, 40.810311013007009 ] } },
{ "type": "Feature", "properties": { "Height": 53.811000823974602, "Radius": 25.275441471334737, "height_m": 16.4, "crown_diameter_m": 15.41, "site_id": 111 }, "geometry": { "type": "Point", "coordinates": [ -73.956832368814773, 40.810319510991491 ] } },
{ "type": "Feature", "properties": { "Height": 56.290000915527301, "Radius": 13.327299669871433, "height_m": 17.16, "crown_diameter_m": 8.12, "site_id": 112 }, "geometry": { "type": "Point", "coordinates": [ -73.956722514880113, 40.810381131392475 ] } },
{ "type": "Feature", "properties": { "Height": 55.364250183105497, "Radius": 28.389445782145131, "height_m": 16.88, "crown_diameter_m": 17.31, "site_id": 113 }, "geometry": { "type": "Point", "coordinates": [ -73.956976903790192, 40.810348645694042 ] } },
{ "type": "Feature", "properties": { "Height": 90.234001159667997, "Radius": 24.228970419612466, "height_m": 27.5, "crown_diameter_m": 14.77, "site_id": 114 }, "geometry": { "type": "Point", "coordinates": [ -73.956178786270314, 40.810369092564528 ] } },
{ "type": "Feature", "properties": { "Height": 89.417999267578097, "Radius": 23.593312897172876, "height_m": 27.25, "crown_diameter_m": 14.38, "site_id": 115 }, "geometry": { "type": "Point", "coordinates": [ -73.956222548600365, 40.810467010407557 ] } },
{ "type": "Feature", "properties": { "Height": 74.946250915527301, "Radius": 22.438508472516862, "height_m": 22.84, "crown_diameter_m": 13.68, "site_id": 116 }, "geometry": { "type": "Point", "coordinates": [ -73.956653078643129, 40.810430480500052 ] } },
{ "type": "Feature", "properties": { "Height": 71.962997436523395, "Radius": 26.148224328293928, "height_m": 21.93, "crown_diameter_m": 15.94, "site_id": 117 }, "geometry": { "type": "Point", "coordinates": [ -73.956882855742649, 40.81046660278254 ] } },
{ "type": "Feature", "properties": { "Height": 82.700248718261705, "Radius": 21.461463261109319, "height_m": 25.21, "crown_diameter_m": 13.08, "site_id": 118 }, "geometry": { "type": "Point", "coordinates": [ -73.956549968131313, 40.810466545343317 ] } },
{ "type": "Feature", "properties": { "Height": 81.981750488281307, "Radius": 40.521618278137467, "height_m": 24.99, "crown_diameter_m": 24.7, "site_id": 119 }, "geometry": { "type": "Point", "coordinates": [ -73.956562098567787, 40.810598939293328 ] } },
{ "type": "Feature", "properties": { "Height": 77.548751831054702, "Radius": 17.394066425585851, "height_m": 23.64, "crown_diameter_m": 10.6, "site_id": 120 }, "geometry": { "type": "Point", "coordinates": [ -73.956462405331578, 40.810536095572708 ] } },
{ "type": "Feature", "properties": { "Height": 69.370498657226605, "Radius": 25.885175495191827, "height_m": 21.14, "crown_diameter_m": 15.78, "site_id": 121 }, "geometry": { "type": "Point", "coordinates": [ -73.956828621487347, 40.810538453013891 ] } },
{ "type": "Feature", "properties": { "Height": 85.720497131347699, "Radius": 41.991399292177782, "height_m": 26.13, "crown_diameter_m": 25.6, "site_id": 122 }, "geometry": { "type": "Point", "coordinates": [ -73.956727113744989, 40.810697743626363 ] } },
{ "type": "Feature", "properties": { "Height": 8.54950046539307, "Radius": 3.1285825864361585, "height_m": 2.61, "crown_diameter_m": 1.91, "site_id": 123 }, "geometry": { "type": "Point", "coordinates": [ -73.955983845181066, 40.810371596428624 ] } },
{ "type": "Feature", "properties": { "Height": 11.1222496032715, "Radius": 6.7643954747575119, "height_m": 3.39, "crown_diameter_m": 4.12, "site_id": 124 }, "geometry": { "type": "Point", "coordinates": [ -73.955989730652902, 40.810335942565189 ] } },
{ "type": "Feature", "properties": { "Height": 15.204999923706101, "Radius": 10.588893115346867, "height_m": 4.63, "crown_diameter_m": 6.45, "site_id": 125 }, "geometry": { "type": "Point", "coordinates": [ -73.955911951587993, 40.81030992628272 ] } },
{ "type": "Feature", "properties": { "Height": 15.897500038146999, "Radius": 7.0127653187166938, "height_m": 4.85, "crown_diameter_m": 4.27, "site_id": 126 }, "geometry": { "type": "Point", "coordinates": [ -73.955838100566609, 40.810290595847476 ] } },
{ "type": "Feature", "properties": { "Height": 11.1844997406006, "Radius": 6.9786397375219167, "height_m": 3.41, "crown_diameter_m": 4.25, "site_id": 127 }, "geometry": { "type": "Point", "coordinates": [ -73.955791326842231, 40.810270221268112 ] } },
{ "type": "Feature", "properties": { "Height": 9.4262504577636701, "Radius": 5.8292006613359648, "height_m": 2.87, "crown_diameter_m": 3.55, "site_id": 128 }, "geometry": { "type": "Point", "coordinates": [ -73.955704037670387, 40.810255494340836 ] } },
{ "type": "Feature", "properties": { "Height": 15.4405002593994, "Radius": 8.3206009545569763, "height_m": 4.71, "crown_diameter_m": 5.07, "site_id": 129 }, "geometry": { "type": "Point", "coordinates": [ -73.956655949373911, 40.810215389578779 ] } },
{ "type": "Feature", "properties": { "Height": 9.6770000457763707, "Radius": 7.7357778278950482, "height_m": 2.95, "crown_diameter_m": 4.72, "site_id": 130 }, "geometry": { "type": "Point", "coordinates": [ -73.955820968276456, 40.810195004143516 ] } },
{ "type": "Feature", "properties": { "Height": 9.7489995956420898, "Radius": 4.9907663333281418, "height_m": 2.97, "crown_diameter_m": 3.04, "site_id": 131 }, "geometry": { "type": "Point", "coordinates": [ -73.955882210194531, 40.810201670567523 ] } },
{ "type": "Feature", "properties": { "Height": 13.418749809265099, "Radius": 6.0502592432999043, "height_m": 4.09, "crown_diameter_m": 3.69, "site_id": 132 }, "geometry": { "type": "Point", "coordinates": [ -73.956113273333003, 40.810196234202628 ] } },
{ "type": "Feature", "properties": { "Height": 9.7122497558593803, "Radius": 4.3701937223683167, "height_m": 2.96, "crown_diameter_m": 2.66, "site_id": 133 }, "geometry": { "type": "Point", "coordinates": [ -73.955721836978569, 40.810162376197489 ] } },
{ "type": "Feature", "properties": { "Height": 9.5594997406005895, "Radius": 3.166506184233564, "height_m": 2.91, "crown_diameter_m": 1.93, "site_id": 134 }, "geometry": { "type": "Point", "coordinates": [ -73.956109139998901, 40.810163035777357 ] } },
{ "type": "Feature", "properties": { "Height": 35.965999603271499, "Radius": 13.744705069592426, "height_m": 10.96, "crown_diameter_m": 8.38, "site_id": 135 }, "geometry": { "type": "Point", "coordinates": [ -73.956639398957165, 40.81009080938879 ] } },
{ "type": "Feature", "properties": { "Height": 8.6215000152587908, "Radius": 2.2567583341910251, "height_m": 2.63, "crown_diameter_m": 1.38, "site_id": 136 }, "geometry": { "type": "Point", "coordinates": [ -73.956311716886916, 40.809804337273022 ] } },
{ "type": "Feature", "properties": { "Height": 13.6152496337891, "Radius": 5.5709257671341836, "height_m": 4.15, "crown_diameter_m": 3.4, "site_id": 137 }, "geometry": { "type": "Point", "coordinates": [ -73.956355477777592, 40.809788511388774 ] } },
{ "type": "Feature", "properties": { "Height": 16.650999069213899, "Radius": 5.1785719953462426, "height_m": 5.08, "crown_diameter_m": 3.16, "site_id": 138 }, "geometry": { "type": "Point", "coordinates": [ -73.955580404886149, 40.809759828972602 ] } },
{ "type": "Feature", "properties": { "Height": 14.2515001296997, "Radius": 4.7539459314393913, "height_m": 4.34, "crown_diameter_m": 2.9, "site_id": 139 }, "geometry": { "type": "Point", "coordinates": [ -73.955635577566753, 40.809680499244294 ] } },
{ "type": "Feature", "properties": { "Height": 20.4527492523193, "Radius": 11.928307471060361, "height_m": 6.23, "crown_diameter_m": 7.27, "site_id": 140 }, "geometry": { "type": "Point", "coordinates": [ -73.956631066901693, 40.809654720359383 ] } },
{ "type": "Feature", "properties": { "Height": 9.0010004043579102, "Radius": 2.3769729657196956, "height_m": 2.74, "crown_diameter_m": 1.45, "site_id": 141 }, "geometry": { "type": "Point", "coordinates": [ -73.95651603749981, 40.809677582995256 ] } },
{ "type": "Feature", "properties": { "Height": 12.640500068664601, "Radius": 4.9507435033691536, "height_m": 3.85, "crown_diameter_m": 3.02, "site_id": 142 }, "geometry": { "type": "Point", "coordinates": [ -73.956562250703982, 40.809666689984105 ] } },
{ "type": "Feature", "properties": { "Height": 15.9847497940063, "Radius": 5.4700209598571305, "height_m": 4.87, "crown_diameter_m": 3.33, "site_id": 143 }, "geometry": { "type": "Point", "coordinates": [ -73.955664325475084, 40.809635264786877 ] } },
{ "type": "Feature", "properties": { "Height": 16.4882507324219, "Radius": 4.9346434818596556, "height_m": 5.03, "crown_diameter_m": 3.01, "site_id": 144 }, "geometry": { "type": "Point", "coordinates": [ -73.956563590641366, 40.809612954178121 ] } },
{ "type": "Feature", "properties": { "Height": 11.129249572753899, "Radius": 4.0389827515005896, "height_m": 3.39, "crown_diameter_m": 2.46, "site_id": 145 }, "geometry": { "type": "Point", "coordinates": [ -73.956535575273691, 40.809408526092795 ] } },
{ "type": "Feature", "properties": { "Height": 9.2167501449584996, "Radius": 4.9507435033691536, "height_m": 2.81, "crown_diameter_m": 3.02, "site_id": 146 }, "geometry": { "type": "Point", "coordinates": [ -73.956534160239428, 40.809361266527851 ] } },
{ "type": "Feature", "properties": { "Height": 19.138500213623001, "Radius": 8.5795781469721213, "height_m": 5.83, "crown_diameter_m": 5.23, "site_id": 147 }, "geometry": { "type": "Point", "coordinates": [ -73.955946363003463, 40.809259205206601 ] } },
{ "type": "Feature", "properties": { "Height": 49.185749053955099, "Radius": 15.701305896305119, "height_m": 14.99, "crown_diameter_m": 9.57, "site_id": 148 }, "geometry": { "type": "Point", "coordinates": [ -73.955828740376475, 40.809232884571344 ] } },
{ "type": "Feature", "properties": { "Height": 13.1590003967285, "Radius": 7.6634309549254365, "height_m": 4.01, "crown_diameter_m": 4.67, "site_id": 149 }, "geometry": { "type": "Point", "coordinates": [ -73.956017189954082, 40.809222356858236 ] } },
{ "type": "Feature", "properties": { "Height": 11.941499710083001, "Radius": 4.8121766613322468, "height_m": 3.64, "crown_diameter_m": 2.93, "site_id": 150 }, "geometry": { "type": "Point", "coordinates": [ -73.956621423722623, 40.809190222796531 ] } },
{ "type": "Feature", "properties": { "Height": 15.1464996337891, "Radius": 3.9189860944341075, "height_m": 4.62, "crown_diameter_m": 2.39, "site_id": 151 }, "geometry": { "type": "Point", "coordinates": [ -73.95590452774637, 40.809189922010283 ] } },
{ "type": "Feature", "properties": { "Height": 34.375, "Radius": 12.568264837228174, "height_m": 10.48, "crown_diameter_m": 7.66, "site_id": 152 }, "geometry": { "type": "Point", "coordinates": [ -73.956207798544213, 40.809147418839522 ] } },
{ "type": "Feature", "properties": { "Height": 31.868000030517599, "Radius": 11.095330030313702, "height_m": 9.71, "crown_diameter_m": 6.76, "site_id": 153 }, "geometry": { "type": "Point", "coordinates": [ -73.956090430010704, 40.809133104006058 ] } },
{ "type": "Feature", "properties": { "Height": 18.559249877929702, "Radius": 17.341374368029086, "height_m": 5.66, "crown_diameter_m": 10.57, "site_id": 154 }, "geometry": { "type": "Point", "coordinates": [ -73.956156767633246, 40.80886916898141 ] } },
{ "type": "Feature", "properties": { "Height": 37.821998596191399, "Radius": 17.7674936224211, "height_m": 11.53, "crown_diameter_m": 10.83, "site_id": 155 }, "geometry": { "type": "Point", "coordinates": [ -73.956074272859496, 40.808940811816925 ] } },
{ "type": "Feature", "properties": { "Height": 41.439750671386697, "Radius": 29.173293577926888, "height_m": 12.63, "crown_diameter_m": 17.78, "site_id": 156 }, "geometry": { "type": "Point", "coordinates": [ -73.956002020787722, 40.809048937675144 ] } },
{ "type": "Feature", "properties": { "Height": 12.7045001983643, "Radius": 7.6217815652603038, "height_m": 3.87, "crown_diameter_m": 4.65, "site_id": 157 }, "geometry": { "type": "Point", "coordinates": [ -73.95646439523496, 40.809099304262126 ] } },
{ "type": "Feature", "properties": { "Height": 22.6502494812012, "Radius": 11.336561054689623, "height_m": 6.9, "crown_diameter_m": 6.91, "site_id": 158 }, "geometry": { "type": "Point", "coordinates": [ -73.956369514882226, 40.809009341964895 ] } },
{ "type": "Feature", "properties": { "Height": 12.136750221252401, "Radius": 4.9507435033691536, "height_m": 3.7, "crown_diameter_m": 3.02, "site_id": 159 }, "geometry": { "type": "Point", "coordinates": [ -73.956700076206388, 40.808957854549853 ] } },
{ "type": "Feature", "properties": { "Height": 36.223251342773402, "Radius": 10.648844864724785, "height_m": 11.04, "crown_diameter_m": 6.49, "site_id": 160 }, "geometry": { "type": "Point", "coordinates": [ -73.956528317319808, 40.80892952147957 ] } },
{ "type": "Feature", "properties": { "Height": 24.2269992828369, "Radius": 13.957279475043833, "height_m": 7.38, "crown_diameter_m": 8.51, "site_id": 161 }, "geometry": { "type": "Point", "coordinates": [ -73.956446431381778, 40.808859092341898 ] } },
{ "type": "Feature", "properties": { "Height": 77.214500427246094, "Radius": 26.605292883206616, "height_m": 23.53, "crown_diameter_m": 16.22, "site_id": 162 }, "geometry": { "type": "Point", "coordinates": [ -73.956591292261123, 40.808192600123256 ] } },
{ "type": "Feature", "properties": { "Height": 75.846000671386705, "Radius": 48.634974701666579, "height_m": 23.12, "crown_diameter_m": 29.65, "site_id": 163 }, "geometry": { "type": "Point", "coordinates": [ -73.95656792978258, 40.808348499060052 ] } },
{ "type": "Feature", "properties": { "Height": 47.881999969482401, "Radius": 14.219928101022628, "height_m": 14.59, "crown_diameter_m": 8.67, "site_id": 164 }, "geometry": { "type": "Point", "coordinates": [ -73.956707658205545, 40.808472311566867 ] } },
{ "type": "Feature", "properties": { "Height": 67.157752990722699, "Radius": 25.619425936405687, "height_m": 20.47, "crown_diameter_m": 15.62, "site_id": 165 }, "geometry": { "type": "Point", "coordinates": [ -73.956515793944348, 40.808510268291762 ] } },
{ "type": "Feature", "properties": { "Height": 46.164501190185497, "Radius": 18.054066673528201, "height_m": 14.07, "crown_diameter_m": 11.01, "site_id": 166 }, "geometry": { "type": "Point", "coordinates": [ -73.956407507911976, 40.808538072597926 ] } },
{ "type": "Feature", "properties": { "Height": 76.583251953125, "Radius": 21.592693342603358, "height_m": 23.34, "crown_diameter_m": 13.16, "site_id": 167 }, "geometry": { "type": "Point", "coordinates": [ -73.95633669740613, 40.80862355619459 ] } },
{ "type": "Feature", "properties": { "Height": 74.215499877929702, "Radius": 31.070151388815141, "height_m": 22.62, "crown_diameter_m": 18.94, "site_id": 168 }, "geometry": { "type": "Point", "coordinates": [ -73.956225182631542, 40.808702026528195 ] } },
{ "type": "Feature", "properties": { "Height": 75.103996276855497, "Radius": 13.610890997982686, "height_m": 22.89, "crown_diameter_m": 8.3, "site_id": 169 }, "geometry": { "type": "Point", "coordinates": [ -73.956345468995451, 40.808711624621502 ] } },
{ "type": "Feature", "properties": { "Height": 15.803500175476101, "Radius": 7.8074543357099389, "height_m": 4.82, "crown_diameter_m": 4.76, "site_id": 170 }, "geometry": { "type": "Point", "coordinates": [ -73.95616321588615, 40.808795636766405 ] } },
{ "type": "Feature", "properties": { "Height": 8.4262504577636701, "Radius": 2.9043436408025913, "height_m": 2.57, "crown_diameter_m": 1.77, "site_id": 171 }, "geometry": { "type": "Point", "coordinates": [ -73.956436953187662, 40.808648049847015 ] } },
{ "type": "Feature", "properties": { "Height": 12.3225002288818, "Radius": 7.0354237471228025, "height_m": 3.76, "crown_diameter_m": 4.29, "site_id": 172 }, "geometry": { "type": "Point", "coordinates": [ -73.956774441210854, 40.808413807853995 ] } },
{ "type": "Feature", "properties": { "Height": 8.6405000686645508, "Radius": 2.5544769849751456, "height_m": 2.63, "crown_diameter_m": 1.56, "site_id": 173 }, "geometry": { "type": "Point", "coordinates": [ -73.956736539095488, 40.808133051652838 ] } },
{ "type": "Feature", "properties": { "Height": 26.101749420166001, "Radius": 9.0182135658875655, "height_m": 7.96, "crown_diameter_m": 5.5, "site_id": 174 }, "geometry": { "type": "Point", "coordinates": [ -73.956867291499449, 40.808036820288791 ] } },
{ "type": "Feature", "properties": { "Height": 13.427249908447299, "Radius": 6.7349208444635913, "height_m": 4.09, "crown_diameter_m": 4.11, "site_id": 175 }, "geometry": { "type": "Point", "coordinates": [ -73.956757045978264, 40.808032079289518 ] } },
{ "type": "Feature", "properties": { "Height": 28.051750183105501, "Radius": 13.267455184007076, "height_m": 8.55, "crown_diameter_m": 8.09, "site_id": 176 }, "geometry": { "type": "Point", "coordinates": [ -73.956865348861399, 40.807921916001199 ] } },
{ "type": "Feature", "properties": { "Height": 26.183250427246101, "Radius": 14.056701670327506, "height_m": 7.98, "crown_diameter_m": 8.57, "site_id": 177 }, "geometry": { "type": "Point", "coordinates": [ -73.9568091716759, 40.807981252203263 ] } },
{ "type": "Feature", "properties": { "Height": 26.177000045776399, "Radius": 9.3560257962738884, "height_m": 7.98, "crown_diameter_m": 5.7, "site_id": 178 }, "geometry": { "type": "Point", "coordinates": [ -73.95693693710308, 40.8079711657928 ] } },
{ "type": "Feature", "properties": { "Height": 56.394001007080099, "Radius": 12.373643572303322, "height_m": 17.19, "crown_diameter_m": 7.54, "site_id": 179 }, "geometry": { "type": "Point", "coordinates": [ -73.957041330164046, 40.807917408981545 ] } },
{ "type": "Feature", "properties": { "Height": 28.811000823974599, "Radius": 18.990658257317854, "height_m": 8.78, "crown_diameter_m": 11.58, "site_id": 180 }, "geometry": { "type": "Point", "coordinates": [ -73.960762326776901, 40.802176118575531 ] } },
{ "type": "Feature", "properties": { "Height": 19.7747497558594, "Radius": 10.667510689505081, "height_m": 6.03, "crown_diameter_m": 6.5, "site_id": 181 }, "geometry": { "type": "Point", "coordinates": [ -73.960426149856303, 40.802368811284225 ] } },
{ "type": "Feature", "properties": { "Height": 59.197498321533203, "Radius": 26.684437700523873, "height_m": 18.04, "crown_diameter_m": 16.27, "site_id": 182 }, "geometry": { "type": "Point", "coordinates": [ -73.960279232369203, 40.802400935580614 ] } },
{ "type": "Feature", "properties": { "Height": 74.084999084472699, "Radius": 37.959310811479106, "height_m": 22.58, "crown_diameter_m": 23.14, "site_id": 183 }, "geometry": { "type": "Point", "coordinates": [ -73.960593915829406, 40.802394248417059 ] } },
{ "type": "Feature", "properties": { "Height": 68.829498291015597, "Radius": 19.907179817814963, "height_m": 20.98, "crown_diameter_m": 12.14, "site_id": 184 }, "geometry": { "type": "Point", "coordinates": [ -73.960502251302458, 40.802561236179194 ] } },
{ "type": "Feature", "properties": { "Height": 46.562000274658203, "Radius": 19.78086013275016, "height_m": 14.19, "crown_diameter_m": 12.06, "site_id": 185 }, "geometry": { "type": "Point", "coordinates": [ -73.960225368849649, 40.802553686647116 ] } },
{ "type": "Feature", "properties": { "Height": 65.847251892089801, "Radius": 18.67586832749387, "height_m": 20.07, "crown_diameter_m": 11.38, "site_id": 186 }, "geometry": { "type": "Point", "coordinates": [ -73.960300961207594, 40.802496314904914 ] } },
{ "type": "Feature", "properties": { "Height": 73.133499145507798, "Radius": 16.998405783582648, "height_m": 22.29, "crown_diameter_m": 10.36, "site_id": 187 }, "geometry": { "type": "Point", "coordinates": [ -73.960396723709749, 40.802509082699387 ] } },
{ "type": "Feature", "properties": { "Height": 57.879001617431598, "Radius": 16.857376749974449, "height_m": 17.64, "crown_diameter_m": 10.28, "site_id": 188 }, "geometry": { "type": "Point", "coordinates": [ -73.958892883795968, 40.802527084909848 ] } },
{ "type": "Feature", "properties": { "Height": 65.271751403808594, "Radius": 14.996197337620233, "height_m": 19.89, "crown_diameter_m": 9.14, "site_id": 189 }, "geometry": { "type": "Point", "coordinates": [ -73.960374288494421, 40.802584821354387 ] } },
{ "type": "Feature", "properties": { "Height": 57.739749908447301, "Radius": 17.695687342776601, "height_m": 17.6, "crown_diameter_m": 10.79, "site_id": 190 }, "geometry": { "type": "Point", "coordinates": [ -73.959024605259515, 40.802572019875086 ] } },
{ "type": "Feature", "properties": { "Height": 43.471500396728501, "Radius": 15.777145844408119, "height_m": 13.25, "crown_diameter_m": 9.62, "site_id": 191 }, "geometry": { "type": "Point", "coordinates": [ -73.960585705456339, 40.802581109937783 ] } },
{ "type": "Feature", "properties": { "Height": 60.747749328613303, "Radius": 25.639607883918071, "height_m": 18.52, "crown_diameter_m": 15.63, "site_id": 192 }, "geometry": { "type": "Point", "coordinates": [ -73.9605123114995, 40.802698409918563 ] } },
{ "type": "Feature", "properties": { "Height": 76.249496459960895, "Radius": 20.637311542783667, "height_m": 23.24, "crown_diameter_m": 12.58, "site_id": 193 }, "geometry": { "type": "Point", "coordinates": [ -73.958847838861189, 40.802621659943689 ] } },
{ "type": "Feature", "properties": { "Height": 78.285499572753906, "Radius": 21.542883141677365, "height_m": 23.86, "crown_diameter_m": 13.13, "site_id": 194 }, "geometry": { "type": "Point", "coordinates": [ -73.958898771904089, 40.802671595469512 ] } },
{ "type": "Feature", "properties": { "Height": 83.418251037597699, "Radius": 35.552898025840776, "height_m": 25.43, "crown_diameter_m": 21.67, "site_id": 195 }, "geometry": { "type": "Point", "coordinates": [ -73.960248822084736, 40.802702328380789 ] } },
{ "type": "Feature", "properties": { "Height": 75.1719970703125, "Radius": 15.655625581928012, "height_m": 22.91, "crown_diameter_m": 9.54, "site_id": 196 }, "geometry": { "type": "Point", "coordinates": [ -73.958970375899298, 40.802682798869917 ] } },
{ "type": "Feature", "properties": { "Height": 71.913497924804702, "Radius": 26.865734066311035, "height_m": 21.92, "crown_diameter_m": 16.38, "site_id": 197 }, "geometry": { "type": "Point", "coordinates": [ -73.95868946261696, 40.802686975913709 ] } },
{ "type": "Feature", "properties": { "Height": 76.762748718261705, "Radius": 31.60217188583157, "height_m": 23.4, "crown_diameter_m": 19.26, "site_id": 198 }, "geometry": { "type": "Point", "coordinates": [ -73.960456294003706, 40.802801052989629 ] } },
{ "type": "Feature", "properties": { "Height": 71.039497375488295, "Radius": 18.58403149237035, "height_m": 21.65, "crown_diameter_m": 11.33, "site_id": 199 }, "geometry": { "type": "Point", "coordinates": [ -73.958675109268555, 40.802773060262481 ] } },
{ "type": "Feature", "properties": { "Height": 71.787002563476605, "Radius": 13.862885478264024, "height_m": 21.88, "crown_diameter_m": 8.45, "site_id": 200 }, "geometry": { "type": "Point", "coordinates": [ -73.958828367437675, 40.802774954820421 ] } },
{ "type": "Feature", "properties": { "Height": 68.479751586914105, "Radius": 14.450303987687134, "height_m": 20.87, "crown_diameter_m": 8.81, "site_id": 201 }, "geometry": { "type": "Point", "coordinates": [ -73.960306286441295, 40.802798931187652 ] } },
{ "type": "Feature", "properties": { "Height": 59.404499053955099, "Radius": 16.239450135496295, "height_m": 18.11, "crown_diameter_m": 9.9, "site_id": 202 }, "geometry": { "type": "Point", "coordinates": [ -73.958637480137071, 40.802867209231323 ] } },
{ "type": "Feature", "properties": { "Height": 98.306503295898395, "Radius": 60.207250259923093, "height_m": 29.96, "crown_diameter_m": 36.7, "site_id": 203 }, "geometry": { "type": "Point", "coordinates": [ -73.960108356296374, 40.80293027896402 ] } },
{ "type": "Feature", "properties": { "Height": 63.759498596191399, "Radius": 31.881703907670769, "height_m": 19.43, "crown_diameter_m": 19.44, "site_id": 204 }, "geometry": { "type": "Point", "coordinates": [ -73.960423468856206, 40.802953551109667 ] } },
{ "type": "Feature", "properties": { "Height": 71.945503234863295, "Radius": 26.097961203162328, "height_m": 21.93, "crown_diameter_m": 15.91, "site_id": 205 }, "geometry": { "type": "Point", "coordinates": [ -73.958602884072207, 40.803000348173917 ] } },
{ "type": "Feature", "properties": { "Height": 79.978996276855497, "Radius": 17.219339678983076, "height_m": 24.38, "crown_diameter_m": 10.5, "site_id": 206 }, "geometry": { "type": "Point", "coordinates": [ -73.960306765797924, 40.803028450497045 ] } },
{ "type": "Feature", "properties": { "Height": 79.653503417968807, "Radius": 29.448858804845695, "height_m": 24.28, "crown_diameter_m": 17.95, "site_id": 207 }, "geometry": { "type": "Point", "coordinates": [ -73.959826963211569, 40.803048460865377 ] } },
{ "type": "Feature", "properties": { "Height": 80.709251403808594, "Radius": 21.576102719068473, "height_m": 24.6, "crown_diameter_m": 13.15, "site_id": 208 }, "geometry": { "type": "Point", "coordinates": [ -73.960405609043434, 40.803077018674109 ] } },
{ "type": "Feature", "properties": { "Height": 75.288002014160199, "Radius": 18.185817873963178, "height_m": 22.95, "crown_diameter_m": 11.09, "site_id": 209 }, "geometry": { "type": "Point", "coordinates": [ -73.958651396827534, 40.803077835499451 ] } },
{ "type": "Feature", "properties": { "Height": 70.254753112792997, "Radius": 28.520885577812571, "height_m": 21.41, "crown_diameter_m": 17.39, "site_id": 210 }, "geometry": { "type": "Point", "coordinates": [ -73.959983779459222, 40.803109664680434 ] } },
{ "type": "Feature", "properties": { "Height": 73.319999694824205, "Radius": 28.097830791848445, "height_m": 22.35, "crown_diameter_m": 17.13, "site_id": 211 }, "geometry": { "type": "Point", "coordinates": [ -73.958573228201359, 40.80311848206604 ] } },
{ "type": "Feature", "properties": { "Height": 45.119251251220703, "Radius": 19.601021213799942, "height_m": 13.75, "crown_diameter_m": 11.95, "site_id": 212 }, "geometry": { "type": "Point", "coordinates": [ -73.958431606586089, 40.803129634190817 ] } },
{ "type": "Feature", "properties": { "Height": 67.536750793457003, "Radius": 19.635499729829043, "height_m": 20.59, "crown_diameter_m": 11.97, "site_id": 213 }, "geometry": { "type": "Point", "coordinates": [ -73.959734318234396, 40.803131140259062 ] } },
{ "type": "Feature", "properties": { "Height": 60.083248138427699, "Radius": 22.574634610116039, "height_m": 18.31, "crown_diameter_m": 13.76, "site_id": 214 }, "geometry": { "type": "Point", "coordinates": [ -73.960332893398657, 40.803146354596386 ] } },
{ "type": "Feature", "properties": { "Height": 42.935249328613303, "Radius": 14.036873567421146, "height_m": 13.09, "crown_diameter_m": 8.56, "site_id": 215 }, "geometry": { "type": "Point", "coordinates": [ -73.960032527669597, 40.803196498682034 ] } },
{ "type": "Feature", "properties": { "Height": 37.606250762939503, "Radius": 13.657583728599336, "height_m": 11.46, "crown_diameter_m": 8.33, "site_id": 216 }, "geometry": { "type": "Point", "coordinates": [ -73.95967511546236, 40.803199666434338 ] } },
{ "type": "Feature", "properties": { "Height": 34.159751892089801, "Radius": 26.372468623767148, "height_m": 10.41, "crown_diameter_m": 16.08, "site_id": 217 }, "geometry": { "type": "Point", "coordinates": [ -73.959775895747498, 40.803252677087727 ] } },
{ "type": "Feature", "properties": { "Height": 32.1867485046387, "Radius": 16.774562271083887, "height_m": 9.81, "crown_diameter_m": 10.23, "site_id": 218 }, "geometry": { "type": "Point", "coordinates": [ -73.959884309860456, 40.803215975415632 ] } },
{ "type": "Feature", "properties": { "Height": 59.700000762939503, "Radius": 17.131308037083887, "height_m": 18.2, "crown_diameter_m": 10.44, "site_id": 219 }, "geometry": { "type": "Point", "coordinates": [ -73.960204164521059, 40.803194606681053 ] } },
{ "type": "Feature", "properties": { "Height": 68.781753540039105, "Radius": 18.489586738523691, "height_m": 20.96, "crown_diameter_m": 11.27, "site_id": 220 }, "geometry": { "type": "Point", "coordinates": [ -73.96029833278169, 40.803235438950608 ] } },
{ "type": "Feature", "properties": { "Height": 77.389251708984403, "Radius": 30.127406799342669, "height_m": 23.59, "crown_diameter_m": 18.37, "site_id": 221 }, "geometry": { "type": "Point", "coordinates": [ -73.95849005922004, 40.803239792561584 ] } },
{ "type": "Feature", "properties": { "Height": 40.097751617431598, "Radius": 21.517010235028554, "height_m": 12.22, "crown_diameter_m": 13.12, "site_id": 222 }, "geometry": { "type": "Point", "coordinates": [ -73.959961137953997, 40.803275062239486 ] } },
{ "type": "Feature", "properties": { "Height": 75.398750305175795, "Radius": 20.389034095710141, "height_m": 22.98, "crown_diameter_m": 12.43, "site_id": 223 }, "geometry": { "type": "Point", "coordinates": [ -73.958615290505023, 40.803280268182789 ] } },
{ "type": "Feature", "properties": { "Height": 63.326751708984403, "Radius": 27.675497531747219, "height_m": 19.3, "crown_diameter_m": 16.87, "site_id": 224 }, "geometry": { "type": "Point", "coordinates": [ -73.960127705521089, 40.803259044267946 ] } },
{ "type": "Feature", "properties": { "Height": 90.300247192382798, "Radius": 41.400714482097612, "height_m": 27.52, "crown_diameter_m": 25.24, "site_id": 225 }, "geometry": { "type": "Point", "coordinates": [ -73.959543808929325, 40.803286234003806 ] } },
{ "type": "Feature", "properties": { "Height": 75.779502868652301, "Radius": 18.142007119225799, "height_m": 23.1, "crown_diameter_m": 11.06, "site_id": 226 }, "geometry": { "type": "Point", "coordinates": [ -73.958350657973227, 40.803298528643282 ] } },
{ "type": "Feature", "properties": { "Height": 56.544998168945298, "Radius": 18.455123359562137, "height_m": 17.23, "crown_diameter_m": 11.25, "site_id": 227 }, "geometry": { "type": "Point", "coordinates": [ -73.958377237846534, 40.803373828046574 ] } },
{ "type": "Feature", "properties": { "Height": 40.090999603271499, "Radius": 18.81384047546846, "height_m": 12.22, "crown_diameter_m": 11.47, "site_id": 228 }, "geometry": { "type": "Point", "coordinates": [ -73.959758098392612, 40.80335892252905 ] } },
{ "type": "Feature", "properties": { "Height": 35.600128173828097, "Radius": 16.821934752500674, "height_m": 10.85, "crown_diameter_m": 10.25, "site_id": 229 }, "geometry": { "type": "Point", "coordinates": [ -73.959928907718421, 40.803342585747963 ] } },
{ "type": "Feature", "properties": { "Height": 35.594001770019503, "Radius": 19.657777133417753, "height_m": 10.85, "crown_diameter_m": 11.98, "site_id": 230 }, "geometry": { "type": "Point", "coordinates": [ -73.960068995500563, 40.803377826750754 ] } },
{ "type": "Feature", "properties": { "Height": 62.778499603271499, "Radius": 39.118726689765523, "height_m": 19.13, "crown_diameter_m": 23.85, "site_id": 231 }, "geometry": { "type": "Point", "coordinates": [ -73.959243599942596, 40.803351278442534 ] } },
{ "type": "Feature", "properties": { "Height": 44.242500305175803, "Radius": 18.16830624941662, "height_m": 13.49, "crown_diameter_m": 11.08, "site_id": 232 }, "geometry": { "type": "Point", "coordinates": [ -73.959624935520765, 40.803401107558386 ] } },
{ "type": "Feature", "properties": { "Height": 44.367622375488303, "Radius": 12.84073677960901, "height_m": 13.52, "crown_diameter_m": 7.83, "site_id": 233 }, "geometry": { "type": "Point", "coordinates": [ -73.960169258431947, 40.803403224885599 ] } },
{ "type": "Feature", "properties": { "Height": 14.574250221252401, "Radius": 9.0446470770967178, "height_m": 4.44, "crown_diameter_m": 5.51, "site_id": 234 }, "geometry": { "type": "Point", "coordinates": [ -73.960232789496004, 40.803420630948018 ] } },
{ "type": "Feature", "properties": { "Height": 39.722251892089801, "Radius": 15.688630261804763, "height_m": 12.11, "crown_diameter_m": 9.56, "site_id": 235 }, "geometry": { "type": "Point", "coordinates": [ -73.958792779314791, 40.8034259190051 ] } },
{ "type": "Feature", "properties": { "Height": 58.280250549316399, "Radius": 27.250999329690345, "height_m": 17.76, "crown_diameter_m": 16.61, "site_id": 236 }, "geometry": { "type": "Point", "coordinates": [ -73.959897775918819, 40.80341608443819 ] } },
{ "type": "Feature", "properties": { "Height": 76.90625, "Radius": 23.203904250791116, "height_m": 23.44, "crown_diameter_m": 14.15, "site_id": 237 }, "geometry": { "type": "Point", "coordinates": [ -73.95841771382527, 40.80345279208327 ] } },
{ "type": "Feature", "properties": { "Height": 67.6873779296875, "Radius": 19.115955360352558, "height_m": 20.63, "crown_diameter_m": 11.65, "site_id": 238 }, "geometry": { "type": "Point", "coordinates": [ -73.960320648285915, 40.803456455148435 ] } },
{ "type": "Feature", "properties": { "Height": 27.4262504577637, "Radius": 13.599192765483634, "height_m": 8.36, "crown_diameter_m": 8.29, "site_id": 239 }, "geometry": { "type": "Point", "coordinates": [ -73.959969279921125, 40.80349270031229 ] } },
{ "type": "Feature", "properties": { "Height": 66.635749816894503, "Radius": 21.517010235028554, "height_m": 20.31, "crown_diameter_m": 13.12, "site_id": 240 }, "geometry": { "type": "Point", "coordinates": [ -73.959371551126907, 40.80353619510521 ] } },
{ "type": "Feature", "properties": { "Height": 70.245002746582003, "Radius": 33.113410884890925, "height_m": 21.41, "crown_diameter_m": 20.19, "site_id": 241 }, "geometry": { "type": "Point", "coordinates": [ -73.95947330018123, 40.803483593166206 ] } },
{ "type": "Feature", "properties": { "Height": 69.263000488281307, "Radius": 36.45031501827031, "height_m": 21.11, "crown_diameter_m": 22.22, "site_id": 242 }, "geometry": { "type": "Point", "coordinates": [ -73.96026750525175, 40.803540484895393 ] } },
{ "type": "Feature", "properties": { "Height": 77.967247009277301, "Radius": 26.525911924178391, "height_m": 23.76, "crown_diameter_m": 16.17, "site_id": 243 }, "geometry": { "type": "Point", "coordinates": [ -73.958599635001107, 40.803464717129906 ] } },
{ "type": "Feature", "properties": { "Height": 24.6215000152588, "Radius": 12.32854292496725, "height_m": 7.5, "crown_diameter_m": 7.52, "site_id": 244 }, "geometry": { "type": "Point", "coordinates": [ -73.959275378733793, 40.803524979677206 ] } },
{ "type": "Feature", "properties": { "Height": 29.506999969482401, "Radius": 16.972638186102081, "height_m": 8.99, "crown_diameter_m": 10.35, "site_id": 245 }, "geometry": { "type": "Point", "coordinates": [ -73.960045218684982, 40.803537544480328 ] } },
{ "type": "Feature", "properties": { "Height": 78.081497192382798, "Radius": 24.573031031817198, "height_m": 23.8, "crown_diameter_m": 14.98, "site_id": 246 }, "geometry": { "type": "Point", "coordinates": [ -73.958626827255003, 40.803533423241603 ] } },
{ "type": "Feature", "properties": { "Height": 78.762496948242202, "Radius": 31.911642129064628, "height_m": 24.01, "crown_diameter_m": 19.45, "site_id": 247 }, "geometry": { "type": "Point", "coordinates": [ -73.958434201291539, 40.803589775597423 ] } },
{ "type": "Feature", "properties": { "Height": 59.0494995117188, "Radius": 45.382205114787794, "height_m": 18.0, "crown_diameter_m": 27.66, "site_id": 248 }, "geometry": { "type": "Point", "coordinates": [ -73.959862377048694, 40.803612753653589 ] } },
{ "type": "Feature", "properties": { "Height": 31.28737449646, "Radius": 14.183506197980657, "height_m": 9.54, "crown_diameter_m": 8.65, "site_id": 249 }, "geometry": { "type": "Point", "coordinates": [ -73.960056931222454, 40.803591814394721 ] } },
{ "type": "Feature", "properties": { "Height": 64.901496887207003, "Radius": 40.385886851791973, "height_m": 19.78, "crown_diameter_m": 24.62, "site_id": 250 }, "geometry": { "type": "Point", "coordinates": [ -73.959617850856048, 40.803567813511947 ] } },
{ "type": "Feature", "properties": { "Height": 35.0494995117188, "Radius": 14.472315126092795, "height_m": 10.68, "crown_diameter_m": 8.82, "site_id": 251 }, "geometry": { "type": "Point", "coordinates": [ -73.958691116102372, 40.803601081857728 ] } },
{ "type": "Feature", "properties": { "Height": 44.076000213622997, "Radius": 15.409710415614819, "height_m": 13.43, "crown_diameter_m": 9.39, "site_id": 252 }, "geometry": { "type": "Point", "coordinates": [ -73.959313853243486, 40.803627008064588 ] } },
{ "type": "Feature", "properties": { "Height": 56.491748809814503, "Radius": 28.935006102209744, "height_m": 17.22, "crown_diameter_m": 17.64, "site_id": 253 }, "geometry": { "type": "Point", "coordinates": [ -73.95937247811311, 40.803702725564918 ] } },
{ "type": "Feature", "properties": { "Height": 52.006999969482401, "Radius": 31.224720677388785, "height_m": 15.85, "crown_diameter_m": 19.03, "site_id": 254 }, "geometry": { "type": "Point", "coordinates": [ -73.960171379049072, 40.803685513065872 ] } },
{ "type": "Feature", "properties": { "Height": 60.723251342773402, "Radius": 30.767736372872694, "height_m": 18.51, "crown_diameter_m": 18.76, "site_id": 255 }, "geometry": { "type": "Point", "coordinates": [ -73.959549830601432, 40.803755515735205 ] } },
{ "type": "Feature", "properties": { "Height": 60.927249908447301, "Radius": 28.68087033844094, "height_m": 18.57, "crown_diameter_m": 17.48, "site_id": 256 }, "geometry": { "type": "Point", "coordinates": [ -73.959681373126713, 40.803771925679982 ] } },
{ "type": "Feature", "properties": { "Height": 78.059753417968807, "Radius": 26.158873787370968, "height_m": 23.79, "crown_diameter_m": 15.95, "site_id": 257 }, "geometry": { "type": "Point", "coordinates": [ -73.95853018803578, 40.803777162531723 ] } },
{ "type": "Feature", "properties": { "Height": 12.5200004577637, "Radius": 10.618911299215558, "height_m": 3.82, "crown_diameter_m": 6.47, "site_id": 258 }, "geometry": { "type": "Point", "coordinates": [ -73.959225422008018, 40.803823950110655 ] } },
{ "type": "Feature", "properties": { "Height": 28.136999130248999, "Radius": 23.996303550890445, "height_m": 8.58, "crown_diameter_m": 14.63, "site_id": 259 }, "geometry": { "type": "Point", "coordinates": [ -73.960150910994813, 40.803823573157537 ] } },
{ "type": "Feature", "properties": { "Height": 37.584251403808601, "Radius": 17.585165749220355, "height_m": 11.46, "crown_diameter_m": 10.72, "site_id": 260 }, "geometry": { "type": "Point", "coordinates": [ -73.959764629517878, 40.803852484567791 ] } },
{ "type": "Feature", "properties": { "Height": 37.5512504577637, "Radius": 20.416336496974033, "height_m": 11.45, "crown_diameter_m": 12.45, "site_id": 261 }, "geometry": { "type": "Point", "coordinates": [ -73.959287570324776, 40.803823810886776 ] } },
{ "type": "Feature", "properties": { "Height": 67.388252258300795, "Radius": 21.770700965464211, "height_m": 20.54, "crown_diameter_m": 13.27, "site_id": 262 }, "geometry": { "type": "Point", "coordinates": [ -73.959364045072789, 40.803885442787369 ] } },
{ "type": "Feature", "properties": { "Height": 20.6392498016357, "Radius": 15.502385754094819, "height_m": 6.29, "crown_diameter_m": 9.45, "site_id": 263 }, "geometry": { "type": "Point", "coordinates": [ -73.959709067670033, 40.803933034581632 ] } },
{ "type": "Feature", "properties": { "Height": 62.001251220703097, "Radius": 17.903576608797394, "height_m": 18.9, "crown_diameter_m": 10.91, "site_id": 264 }, "geometry": { "type": "Point", "coordinates": [ -73.959407205841927, 40.803936673857137 ] } },
{ "type": "Feature", "properties": { "Height": 90.749000549316406, "Radius": 46.609709001498508, "height_m": 27.66, "crown_diameter_m": 28.41, "site_id": 265 }, "geometry": { "type": "Point", "coordinates": [ -73.958415921232302, 40.803945353439175 ] } },
{ "type": "Feature", "properties": { "Height": 42.232498168945298, "Radius": 19.990949504807148, "height_m": 12.87, "crown_diameter_m": 12.19, "site_id": 266 }, "geometry": { "type": "Point", "coordinates": [ -73.959837255289827, 40.803957925873029 ] } },
{ "type": "Feature", "properties": { "Height": 49.180751800537102, "Radius": 28.479002615897535, "height_m": 14.99, "crown_diameter_m": 17.36, "site_id": 267 }, "geometry": { "type": "Point", "coordinates": [ -73.959949152226329, 40.804025625573054 ] } },
{ "type": "Feature", "properties": { "Height": 89.980499267578097, "Radius": 34.543656231376048, "height_m": 27.43, "crown_diameter_m": 21.06, "site_id": 268 }, "geometry": { "type": "Point", "coordinates": [ -73.959139708440986, 40.804027253268394 ] } },
{ "type": "Feature", "properties": { "Height": 63.320499420166001, "Radius": 30.003005818213616, "height_m": 19.3, "crown_diameter_m": 18.29, "site_id": 269 }, "geometry": { "type": "Point", "coordinates": [ -73.959520034477364, 40.80397007880957 ] } },
{ "type": "Feature", "properties": { "Height": 61.933750152587898, "Radius": 19.409269700287961, "height_m": 18.88, "crown_diameter_m": 11.83, "site_id": 270 }, "geometry": { "type": "Point", "coordinates": [ -73.960110136650471, 40.804033018654017 ] } },
{ "type": "Feature", "properties": { "Height": 74.825500488281307, "Radius": 24.358358480131329, "height_m": 22.81, "crown_diameter_m": 14.85, "site_id": 271 }, "geometry": { "type": "Point", "coordinates": [ -73.958913529369738, 40.804047927571652 ] } },
{ "type": "Feature", "properties": { "Height": 77.779251098632798, "Radius": 29.316150714175198, "height_m": 23.71, "crown_diameter_m": 17.87, "site_id": 272 }, "geometry": { "type": "Point", "coordinates": [ -73.958752600793517, 40.804105468699973 ] } },
{ "type": "Feature", "properties": { "Height": 77.555496215820298, "Radius": 32.692583567739383, "height_m": 23.64, "crown_diameter_m": 19.93, "site_id": 273 }, "geometry": { "type": "Point", "coordinates": [ -73.959247968831647, 40.80412038874551 ] } },
{ "type": "Feature", "properties": { "Height": 72.526496887207003, "Radius": 33.096584352920317, "height_m": 22.11, "crown_diameter_m": 20.18, "site_id": 274 }, "geometry": { "type": "Point", "coordinates": [ -73.959586884908106, 40.804097403962309 ] } },
{ "type": "Feature", "properties": { "Height": 71.449249267578097, "Radius": 30.098337762724842, "height_m": 21.78, "crown_diameter_m": 18.35, "site_id": 275 }, "geometry": { "type": "Point", "coordinates": [ -73.959429739483269, 40.804135583938653 ] } },
{ "type": "Feature", "properties": { "Height": 66.0467529296875, "Radius": 38.488110278731739, "height_m": 20.13, "crown_diameter_m": 23.46, "site_id": 276 }, "geometry": { "type": "Point", "coordinates": [ -73.958990333928483, 40.80419538456254 ] } },
{ "type": "Feature", "properties": { "Height": 72.628250122070298, "Radius": 13.434347973244156, "height_m": 22.14, "crown_diameter_m": 8.19, "site_id": 277 }, "geometry": { "type": "Point", "coordinates": [ -73.95864128341087, 40.804195813668798 ] } },
{ "type": "Feature", "properties": { "Height": 14.9357500076294, "Radius": 9.925568486181696, "height_m": 4.55, "crown_diameter_m": 6.05, "site_id": 278 }, "geometry": { "type": "Point", "coordinates": [ -73.959827972519534, 40.804221306793927 ] } },
{ "type": "Feature", "properties": { "Height": 65.7342529296875, "Radius": 15.337242447383471, "height_m": 20.04, "crown_diameter_m": 9.35, "site_id": 279 }, "geometry": { "type": "Point", "coordinates": [ -73.959309497374321, 40.804205972261016 ] } },
{ "type": "Feature", "properties": { "Height": 56.859249114990199, "Radius": 19.702256373348021, "height_m": 17.33, "crown_diameter_m": 12.01, "site_id": 280 }, "geometry": { "type": "Point", "coordinates": [ -73.959609377007709, 40.804225134973592 ] } },
{ "type": "Feature", "properties": { "Height": 68.141502380371094, "Radius": 38.736453160690765, "height_m": 20.77, "crown_diameter_m": 23.61, "site_id": 281 }, "geometry": { "type": "Point", "coordinates": [ -73.958462024947593, 40.804207480913483 ] } },
{ "type": "Feature", "properties": { "Height": 33.0789985656738, "Radius": 15.744326719984789, "height_m": 10.08, "crown_diameter_m": 9.6, "site_id": 282 }, "geometry": { "type": "Point", "coordinates": [ -73.959746677402435, 40.80426529661095 ] } },
{ "type": "Feature", "properties": { "Height": 66.283752441406307, "Radius": 20.40268986327176, "height_m": 20.2, "crown_diameter_m": 12.44, "site_id": 283 }, "geometry": { "type": "Point", "coordinates": [ -73.959253054707915, 40.804277904868378 ] } },
{ "type": "Feature", "properties": { "Height": 52.425998687744098, "Radius": 31.54672501470829, "height_m": 15.98, "crown_diameter_m": 19.23, "site_id": 284 }, "geometry": { "type": "Point", "coordinates": [ -73.959923220071815, 40.804323726642103 ] } },
{ "type": "Feature", "properties": { "Height": 91.499252319335895, "Radius": 35.403739270311853, "height_m": 27.89, "crown_diameter_m": 21.58, "site_id": 285 }, "geometry": { "type": "Point", "coordinates": [ -73.958768895985585, 40.804263430099518 ] } },
{ "type": "Feature", "properties": { "Height": 56.068000793457003, "Radius": 13.945871807036522, "height_m": 17.09, "crown_diameter_m": 8.5, "site_id": 286 }, "geometry": { "type": "Point", "coordinates": [ -73.95983002934112, 40.804298651339558 ] } },
{ "type": "Feature", "properties": { "Height": 59.077751159667997, "Radius": 16.989040270043279, "height_m": 18.01, "crown_diameter_m": 10.36, "site_id": 287 }, "geometry": { "type": "Point", "coordinates": [ -73.959225712094067, 40.804364113443071 ] } },
{ "type": "Feature", "properties": { "Height": 95.041999816894503, "Radius": 41.377642517560908, "height_m": 28.97, "crown_diameter_m": 25.22, "site_id": 288 }, "geometry": { "type": "Point", "coordinates": [ -73.959419435303445, 40.80434165042368 ] } },
{ "type": "Feature", "properties": { "Height": 66.996002197265597, "Radius": 14.395128895068906, "height_m": 20.42, "crown_diameter_m": 8.78, "site_id": 289 }, "geometry": { "type": "Point", "coordinates": [ -73.958400985956033, 40.804396505987839 ] } },
{ "type": "Feature", "properties": { "Height": 79.019248962402301, "Radius": 27.638092361260242, "height_m": 24.09, "crown_diameter_m": 16.85, "site_id": 290 }, "geometry": { "type": "Point", "coordinates": [ -73.958920718155071, 40.804372165482086 ] } },
{ "type": "Feature", "properties": { "Height": 53.5460014343262, "Radius": 14.723078227434691, "height_m": 16.32, "crown_diameter_m": 8.98, "site_id": 291 }, "geometry": { "type": "Point", "coordinates": [ -73.959984603841349, 40.80439364827167 ] } },
{ "type": "Feature", "properties": { "Height": 58.444000244140597, "Radius": 16.373652666350832, "height_m": 17.81, "crown_diameter_m": 9.98, "site_id": 292 }, "geometry": { "type": "Point", "coordinates": [ -73.959076396077322, 40.804357196932763 ] } },
{ "type": "Feature", "properties": { "Height": 78.837997436523395, "Radius": 18.429233531487537, "height_m": 24.03, "crown_diameter_m": 11.23, "site_id": 293 }, "geometry": { "type": "Point", "coordinates": [ -73.959644656244322, 40.804391753085348 ] } },
{ "type": "Feature", "properties": { "Height": 71.428001403808594, "Radius": 29.891400946056383, "height_m": 21.77, "crown_diameter_m": 18.22, "site_id": 294 }, "geometry": { "type": "Point", "coordinates": [ -73.959776768499935, 40.804408800671631 ] } },
{ "type": "Feature", "properties": { "Height": 73.125747680664105, "Radius": 22.914016611239564, "height_m": 22.29, "crown_diameter_m": 13.97, "site_id": 295 }, "geometry": { "type": "Point", "coordinates": [ -73.959004314070796, 40.804463030338525 ] } },
{ "type": "Feature", "properties": { "Height": 84.508750915527301, "Radius": 12.231338704589191, "height_m": 25.76, "crown_diameter_m": 7.46, "site_id": 296 }, "geometry": { "type": "Point", "coordinates": [ -73.959430104202141, 40.804462693801661 ] } },
{ "type": "Feature", "properties": { "Height": 67.278503417968807, "Radius": 24.161546541168924, "height_m": 20.51, "crown_diameter_m": 14.73, "site_id": 297 }, "geometry": { "type": "Point", "coordinates": [ -73.958677298981058, 40.804470478670716 ] } },
{ "type": "Feature", "properties": { "Height": 43.9575004577637, "Radius": 14.625465582862907, "height_m": 13.4, "crown_diameter_m": 8.92, "site_id": 298 }, "geometry": { "type": "Point", "coordinates": [ -73.959903705089559, 40.804491630432018 ] } },
{ "type": "Feature", "properties": { "Height": 61.434501647949197, "Radius": 18.238251864201825, "height_m": 18.73, "crown_diameter_m": 11.12, "site_id": 299 }, "geometry": { "type": "Point", "coordinates": [ -73.959117377035795, 40.804444047457039 ] } },
{ "type": "Feature", "properties": { "Height": 96.239501953125, "Radius": 22.292629046490752, "height_m": 29.33, "crown_diameter_m": 13.59, "site_id": 300 }, "geometry": { "type": "Point", "coordinates": [ -73.959530833038457, 40.804449165896493 ] } },
{ "type": "Feature", "properties": { "Height": 39.237251281738303, "Radius": 13.146949007195484, "height_m": 11.96, "crown_diameter_m": 8.01, "site_id": 301 }, "geometry": { "type": "Point", "coordinates": [ -73.959981177449777, 40.804524317536419 ] } },
{ "type": "Feature", "properties": { "Height": 60.985500335693402, "Radius": 25.079480359432697, "height_m": 18.59, "crown_diameter_m": 15.29, "site_id": 302 }, "geometry": { "type": "Point", "coordinates": [ -73.959147858608333, 40.80451693831774 ] } },
{ "type": "Feature", "properties": { "Height": 74.885246276855497, "Radius": 14.070847494245605, "height_m": 22.83, "crown_diameter_m": 8.58, "site_id": 303 }, "geometry": { "type": "Point", "coordinates": [ -73.959262614433115, 40.804518400814445 ] } },
{ "type": "Feature", "properties": { "Height": 87.694252014160199, "Radius": 18.799030590313787, "height_m": 26.73, "crown_diameter_m": 11.46, "site_id": 304 }, "geometry": { "type": "Point", "coordinates": [ -73.959338826897223, 40.804500448365729 ] } },
{ "type": "Feature", "properties": { "Height": 58.895999908447301, "Radius": 30.967533153291615, "height_m": 17.95, "crown_diameter_m": 18.88, "site_id": 305 }, "geometry": { "type": "Point", "coordinates": [ -73.95858623811769, 40.80456345219212 ] } },
{ "type": "Feature", "properties": { "Height": 34.141250610351598, "Radius": 21.941825422078796, "height_m": 10.41, "crown_diameter_m": 13.38, "site_id": 306 }, "geometry": { "type": "Point", "coordinates": [ -73.958856096642762, 40.804555445234762 ] } },
{ "type": "Feature", "properties": { "Height": 101.27124786377, "Radius": 43.101462541776336, "height_m": 30.87, "crown_diameter_m": 26.27, "site_id": 307 }, "geometry": { "type": "Point", "coordinates": [ -73.959650786598445, 40.804556013383184 ] } },
{ "type": "Feature", "properties": { "Height": 33.836498260497997, "Radius": 18.990658257317854, "height_m": 10.31, "crown_diameter_m": 11.58, "site_id": 308 }, "geometry": { "type": "Point", "coordinates": [ -73.95989120076301, 40.804589005101057 ] } },
{ "type": "Feature", "properties": { "Height": 86.775253295898395, "Radius": 16.784047463965738, "height_m": 26.45, "crown_diameter_m": 10.23, "site_id": 309 }, "geometry": { "type": "Point", "coordinates": [ -73.959399768508888, 40.804565949601304 ] } },
{ "type": "Feature", "properties": { "Height": 68.028251647949205, "Radius": 19.955091270548529, "height_m": 20.74, "crown_diameter_m": 12.16, "site_id": 310 }, "geometry": { "type": "Point", "coordinates": [ -73.958407456657199, 40.80455738330231 ] } },
{ "type": "Feature", "properties": { "Height": 39.957248687744098, "Radius": 12.640868754332628, "height_m": 12.18, "crown_diameter_m": 7.71, "site_id": 311 }, "geometry": { "type": "Point", "coordinates": [ -73.958906848834289, 40.80464158612326 ] } },
{ "type": "Feature", "properties": { "Height": 31.459999084472699, "Radius": 20.472775645537329, "height_m": 9.59, "crown_diameter_m": 12.48, "site_id": 312 }, "geometry": { "type": "Point", "coordinates": [ -73.958792607794138, 40.804619905461969 ] } },
{ "type": "Feature", "properties": { "Height": 88.881248474121094, "Radius": 25.39323240426106, "height_m": 27.09, "crown_diameter_m": 15.48, "site_id": 313 }, "geometry": { "type": "Point", "coordinates": [ -73.959281934662982, 40.804657957008281 ] } },
{ "type": "Feature", "properties": { "Height": 80.875999450683594, "Radius": 22.74320920733615, "height_m": 24.65, "crown_diameter_m": 13.86, "site_id": 314 }, "geometry": { "type": "Point", "coordinates": [ -73.95895968738597, 40.804686568641962 ] } },
{ "type": "Feature", "properties": { "Height": 68.676750183105497, "Radius": 22.844453558759614, "height_m": 20.93, "crown_diameter_m": 13.93, "site_id": 315 }, "geometry": { "type": "Point", "coordinates": [ -73.959663220768377, 40.804692312699714 ] } },
{ "type": "Feature", "properties": { "Height": 42.165748596191399, "Radius": 14.573684213545123, "height_m": 12.85, "crown_diameter_m": 8.88, "site_id": 316 }, "geometry": { "type": "Point", "coordinates": [ -73.95866802202724, 40.804680724660564 ] } },
{ "type": "Feature", "properties": { "Height": 80.410247802734403, "Radius": 33.869001348354452, "height_m": 24.51, "crown_diameter_m": 20.65, "site_id": 317 }, "geometry": { "type": "Point", "coordinates": [ -73.959463976754165, 40.80470077953818 ] } },
{ "type": "Feature", "properties": { "Height": 83.771247863769503, "Radius": 22.861864165325283, "height_m": 25.53, "crown_diameter_m": 13.94, "site_id": 318 }, "geometry": { "type": "Point", "coordinates": [ -73.959188325518397, 40.804630712639991 ] } },
{ "type": "Feature", "properties": { "Height": 83.216751098632798, "Radius": 17.471667947000803, "height_m": 25.36, "crown_diameter_m": 10.65, "site_id": 319 }, "geometry": { "type": "Point", "coordinates": [ -73.959074577822619, 40.804683509970168 ] } },
{ "type": "Feature", "properties": { "Height": 42.918750762939503, "Radius": 17.410071485163829, "height_m": 13.08, "crown_diameter_m": 10.61, "site_id": 320 }, "geometry": { "type": "Point", "coordinates": [ -73.959783211959348, 40.804679112790772 ] } },
{ "type": "Feature", "properties": { "Height": 33.883998870849602, "Radius": 13.219384536161321, "height_m": 10.33, "crown_diameter_m": 8.06, "site_id": 321 }, "geometry": { "type": "Point", "coordinates": [ -73.958819661962849, 40.804719424726621 ] } },
{ "type": "Feature", "properties": { "Height": 64.938247680664105, "Radius": 14.428259270064393, "height_m": 19.79, "crown_diameter_m": 8.8, "site_id": 322 }, "geometry": { "type": "Point", "coordinates": [ -73.958999717588767, 40.804758632678322 ] } },
{ "type": "Feature", "properties": { "Height": 50.416999816894503, "Radius": 14.005658405114735, "height_m": 15.37, "crown_diameter_m": 8.54, "site_id": 323 }, "geometry": { "type": "Point", "coordinates": [ -73.95986967946024, 40.804744821688196 ] } },
{ "type": "Feature", "properties": { "Height": 80.408752441406307, "Radius": 25.731003930322746, "height_m": 24.51, "crown_diameter_m": 15.69, "site_id": 324 }, "geometry": { "type": "Point", "coordinates": [ -73.959390206355295, 40.804796733215781 ] } },
{ "type": "Feature", "properties": { "Height": 20.2465000152588, "Radius": 12.360774464742066, "height_m": 6.17, "crown_diameter_m": 7.54, "site_id": 325 }, "geometry": { "type": "Point", "coordinates": [ -73.959794843933352, 40.804776488660195 ] } },
{ "type": "Feature", "properties": { "Height": 84.950248718261705, "Radius": 30.603059693832222, "height_m": 25.89, "crown_diameter_m": 18.66, "site_id": 326 }, "geometry": { "type": "Point", "coordinates": [ -73.959148913926413, 40.80479208333584 ] } },
{ "type": "Feature", "properties": { "Height": 35.765750885009801, "Radius": 16.346900301014021, "height_m": 10.9, "crown_diameter_m": 9.97, "site_id": 327 }, "geometry": { "type": "Point", "coordinates": [ -73.959617161806406, 40.804775849335236 ] } },
{ "type": "Feature", "properties": { "Height": 83.621246337890597, "Radius": 33.168637960017691, "height_m": 25.49, "crown_diameter_m": 20.22, "site_id": 328 }, "geometry": { "type": "Point", "coordinates": [ -73.958643258288063, 40.804810994511357 ] } },
{ "type": "Feature", "properties": { "Height": 66.458503723144503, "Radius": 19.444088235625689, "height_m": 20.26, "crown_diameter_m": 11.85, "site_id": 329 }, "geometry": { "type": "Point", "coordinates": [ -73.9584129951823, 40.804829451139319 ] } },
{ "type": "Feature", "properties": { "Height": 81.702751159667997, "Radius": 11.908276713902762, "height_m": 24.9, "crown_diameter_m": 7.26, "site_id": 330 }, "geometry": { "type": "Point", "coordinates": [ -73.959280338895752, 40.804844993601698 ] } },
{ "type": "Feature", "properties": { "Height": 55.738250732421903, "Radius": 34.432902122288127, "height_m": 16.99, "crown_diameter_m": 20.99, "site_id": 331 }, "geometry": { "type": "Point", "coordinates": [ -73.958925787549632, 40.804843235216879 ] } },
{ "type": "Feature", "properties": { "Height": 82.750999450683594, "Radius": 19.462496359889471, "height_m": 25.22, "crown_diameter_m": 11.86, "site_id": 332 }, "geometry": { "type": "Point", "coordinates": [ -73.958512067750476, 40.804877227668996 ] } },
{ "type": "Feature", "properties": { "Height": 80.480003356933594, "Radius": 22.215748435017161, "height_m": 24.53, "crown_diameter_m": 13.54, "site_id": 333 }, "geometry": { "type": "Point", "coordinates": [ -73.959412616727505, 40.804914444374958 ] } },
{ "type": "Feature", "properties": { "Height": 77.446250915527301, "Radius": 22.167338288487116, "height_m": 23.61, "crown_diameter_m": 13.51, "site_id": 334 }, "geometry": { "type": "Point", "coordinates": [ -73.959713375389043, 40.804882647909906 ] } },
{ "type": "Feature", "properties": { "Height": 81.481002807617202, "Radius": 18.381674139862611, "height_m": 24.84, "crown_diameter_m": 11.21, "site_id": 335 }, "geometry": { "type": "Point", "coordinates": [ -73.95921037061531, 40.804910635922738 ] } },
{ "type": "Feature", "properties": { "Height": 78.552497863769503, "Radius": 16.655541594591678, "height_m": 23.94, "crown_diameter_m": 10.15, "site_id": 336 }, "geometry": { "type": "Point", "coordinates": [ -73.959322226078029, 40.804904279204997 ] } },
{ "type": "Feature", "properties": { "Height": 44.900749206542997, "Radius": 21.091184555208073, "height_m": 13.69, "crown_diameter_m": 12.86, "site_id": 337 }, "geometry": { "type": "Point", "coordinates": [ -73.958941965432416, 40.804944496640154 ] } },
{ "type": "Feature", "properties": { "Height": 62.981498718261697, "Radius": 21.110041228223761, "height_m": 19.2, "crown_diameter_m": 12.87, "site_id": 338 }, "geometry": { "type": "Point", "coordinates": [ -73.959828616477338, 40.804945110684969 ] } },
{ "type": "Feature", "properties": { "Height": 73.039001464843807, "Radius": 29.814096618348774, "height_m": 22.26, "crown_diameter_m": 18.17, "site_id": 339 }, "geometry": { "type": "Point", "coordinates": [ -73.959562061737742, 40.804890611169746 ] } },
{ "type": "Feature", "properties": { "Height": 66.761749267578097, "Radius": 22.95565325964969, "height_m": 20.35, "crown_diameter_m": 13.99, "site_id": 340 }, "geometry": { "type": "Point", "coordinates": [ -73.95861660287143, 40.804972066128656 ] } },
{ "type": "Feature", "properties": { "Height": 27.468000411987301, "Radius": 13.45802085146909, "height_m": 8.37, "crown_diameter_m": 8.2, "site_id": 341 }, "geometry": { "type": "Point", "coordinates": [ -73.959059870702248, 40.80497301773989 ] } },
{ "type": "Feature", "properties": { "Height": 79.897750854492202, "Radius": 31.770436715424612, "height_m": 24.35, "crown_diameter_m": 19.37, "site_id": 342 }, "geometry": { "type": "Point", "coordinates": [ -73.959267302262703, 40.805045677705486 ] } },
{ "type": "Feature", "properties": { "Height": 76.306503295898395, "Radius": 24.658699480763094, "height_m": 23.26, "crown_diameter_m": 15.03, "site_id": 343 }, "geometry": { "type": "Point", "coordinates": [ -73.959534871669902, 40.805030239237325 ] } },
{ "type": "Feature", "properties": { "Height": 49.021751403808601, "Radius": 22.356790887336611, "height_m": 14.94, "crown_diameter_m": 13.63, "site_id": 344 }, "geometry": { "type": "Point", "coordinates": [ -73.958745426566651, 40.805026804081045 ] } },
{ "type": "Feature", "properties": { "Height": 71.654502868652301, "Radius": 19.744620358558368, "height_m": 21.84, "crown_diameter_m": 12.04, "site_id": 345 }, "geometry": { "type": "Point", "coordinates": [ -73.959749079306121, 40.805028020658419 ] } },
{ "type": "Feature", "properties": { "Height": 19.61549949646, "Radius": 9.338999347593866, "height_m": 5.98, "crown_diameter_m": 5.69, "site_id": 346 }, "geometry": { "type": "Point", "coordinates": [ -73.959145856319324, 40.805035529335825 ] } },
{ "type": "Feature", "properties": { "Height": 76.066001892089801, "Radius": 17.42606184481555, "height_m": 23.18, "crown_diameter_m": 10.62, "site_id": 347 }, "geometry": { "type": "Point", "coordinates": [ -73.958422749025942, 40.805056105641782 ] } },
{ "type": "Feature", "properties": { "Height": 74.235252380371094, "Radius": 21.192811267156809, "height_m": 22.63, "crown_diameter_m": 12.92, "site_id": 348 }, "geometry": { "type": "Point", "coordinates": [ -73.959659295930223, 40.805010807762905 ] } },
{ "type": "Feature", "properties": { "Height": 76.550498962402301, "Radius": 32.576757980756128, "height_m": 23.33, "crown_diameter_m": 19.86, "site_id": 349 }, "geometry": { "type": "Point", "coordinates": [ -73.958509571613234, 40.805119250163457 ] } },
{ "type": "Feature", "properties": { "Height": 43.490001678466797, "Radius": 23.193613509986026, "height_m": 13.26, "crown_diameter_m": 14.14, "site_id": 350 }, "geometry": { "type": "Point", "coordinates": [ -73.959013912721574, 40.80504883059087 ] } },
{ "type": "Feature", "properties": { "Height": 63.940250396728501, "Radius": 28.838587953065577, "height_m": 19.49, "crown_diameter_m": 17.58, "site_id": 351 }, "geometry": { "type": "Point", "coordinates": [ -73.959092324104105, 40.805162142057569 ] } },
{ "type": "Feature", "properties": { "Height": 59.298500061035199, "Radius": 23.026608367509301, "height_m": 18.07, "crown_diameter_m": 14.04, "site_id": 352 }, "geometry": { "type": "Point", "coordinates": [ -73.959390101872572, 40.805208845436852 ] } },
{ "type": "Feature", "properties": { "Height": 64.018249511718807, "Radius": 29.875423358663038, "height_m": 19.51, "crown_diameter_m": 18.21, "site_id": 353 }, "geometry": { "type": "Point", "coordinates": [ -73.959089567441978, 40.805264579989377 ] } },
{ "type": "Feature", "properties": { "Height": 83.387001037597699, "Radius": 46.769070552914172, "height_m": 25.42, "crown_diameter_m": 28.51, "site_id": 354 }, "geometry": { "type": "Point", "coordinates": [ -73.959656195929838, 40.805204080676958 ] } },
{ "type": "Feature", "properties": { "Height": 88.449501037597699, "Radius": 33.336157399123842, "height_m": 26.96, "crown_diameter_m": 20.32, "site_id": 355 }, "geometry": { "type": "Point", "coordinates": [ -73.958868832018126, 40.805166325494326 ] } },
{ "type": "Feature", "properties": { "Height": 89.047500610351605, "Radius": 40.963039011013976, "height_m": 27.14, "crown_diameter_m": 24.97, "site_id": 356 }, "geometry": { "type": "Point", "coordinates": [ -73.958833947866125, 40.805296543137629 ] } },
{ "type": "Feature", "properties": { "Height": 44.145999908447301, "Radius": 13.811125924255292, "height_m": 13.46, "crown_diameter_m": 8.42, "site_id": 357 }, "geometry": { "type": "Point", "coordinates": [ -73.959226651894795, 40.805302344134596 ] } },
{ "type": "Feature", "properties": { "Height": 44.8047485351563, "Radius": 17.959050425223655, "height_m": 13.66, "crown_diameter_m": 10.95, "site_id": 358 }, "geometry": { "type": "Point", "coordinates": [ -73.959322236092845, 40.80531838786461 ] } },
{ "type": "Feature", "properties": { "Height": 95.653999328613295, "Radius": 51.465100436463956, "height_m": 29.16, "crown_diameter_m": 31.37, "site_id": 359 }, "geometry": { "type": "Point", "coordinates": [ -73.958467898101034, 40.80535092892255 ] } },
{ "type": "Feature", "properties": { "Height": 63.791999816894503, "Radius": 18.029807854361518, "height_m": 19.44, "crown_diameter_m": 10.99, "site_id": 360 }, "geometry": { "type": "Point", "coordinates": [ -73.959511353243002, 40.80533877599035 ] } },
{ "type": "Feature", "properties": { "Height": 45.065498352050803, "Radius": 13.055839461766521, "height_m": 13.74, "crown_diameter_m": 7.96, "site_id": 361 }, "geometry": { "type": "Point", "coordinates": [ -73.95917766757195, 40.805365885783999 ] } },
{ "type": "Feature", "properties": { "Height": 39.399749755859403, "Radius": 11.141851534268367, "height_m": 12.01, "crown_diameter_m": 6.79, "site_id": 362 }, "geometry": { "type": "Point", "coordinates": [ -73.958862733026365, 40.805385791013101 ] } },
{ "type": "Feature", "properties": { "Height": 31.3659992218018, "Radius": 11.65840132267193, "height_m": 9.56, "crown_diameter_m": 7.11, "site_id": 363 }, "geometry": { "type": "Point", "coordinates": [ -73.958735326010796, 40.805372940389859 ] } },
{ "type": "Feature", "properties": { "Height": 70.7552490234375, "Radius": 22.267627291716554, "height_m": 21.57, "crown_diameter_m": 13.57, "site_id": 364 }, "geometry": { "type": "Point", "coordinates": [ -73.959129145471479, 40.805429215058211 ] } },
{ "type": "Feature", "properties": { "Height": 74.230247497558594, "Radius": 32.736368297495638, "height_m": 22.63, "crown_diameter_m": 19.96, "site_id": 365 }, "geometry": { "type": "Point", "coordinates": [ -73.959554055217765, 40.80544857345204 ] } },
{ "type": "Feature", "properties": { "Height": 76.307998657226605, "Radius": 46.072220220178323, "height_m": 23.26, "crown_diameter_m": 28.09, "site_id": 366 }, "geometry": { "type": "Point", "coordinates": [ -73.958792175571347, 40.805473117768585 ] } },
{ "type": "Feature", "properties": { "Height": 67.384498596191406, "Radius": 20.696993243750075, "height_m": 20.54, "crown_diameter_m": 12.62, "site_id": 367 }, "geometry": { "type": "Point", "coordinates": [ -73.959295224994278, 40.805466563461032 ] } },
{ "type": "Feature", "properties": { "Height": 70.278747558593807, "Radius": 33.893662818251151, "height_m": 21.42, "crown_diameter_m": 20.66, "site_id": 368 }, "geometry": { "type": "Point", "coordinates": [ -73.958425306604028, 40.805537763403841 ] } },
{ "type": "Feature", "properties": { "Height": 72.439750671386705, "Radius": 34.513695420387698, "height_m": 22.08, "crown_diameter_m": 21.04, "site_id": 369 }, "geometry": { "type": "Point", "coordinates": [ -73.959129560250148, 40.805577832572631 ] } },
{ "type": "Feature", "properties": { "Height": 40.467750549316399, "Radius": 15.54339742828115, "height_m": 12.33, "crown_diameter_m": 9.48, "site_id": 370 }, "geometry": { "type": "Point", "coordinates": [ -73.958887327766618, 40.805570991801197 ] } },
{ "type": "Feature", "properties": { "Height": 49.247501373291001, "Radius": 11.891558642043062, "height_m": 15.01, "crown_diameter_m": 7.25, "site_id": 371 }, "geometry": { "type": "Point", "coordinates": [ -73.959300936919846, 40.805577392525784 ] } },
{ "type": "Feature", "properties": { "Height": 74.752502441406307, "Radius": 29.133714344536948, "height_m": 22.78, "crown_diameter_m": 17.76, "site_id": 372 }, "geometry": { "type": "Point", "coordinates": [ -73.959458911849168, 40.805585882257603 ] } },
{ "type": "Feature", "properties": { "Height": 65.438499450683594, "Radius": 21.049640414216977, "height_m": 19.95, "crown_diameter_m": 12.83, "site_id": 373 }, "geometry": { "type": "Point", "coordinates": [ -73.959236498844163, 40.805584791666803 ] } },
{ "type": "Feature", "properties": { "Height": 74.555496215820298, "Radius": 21.439204174814741, "height_m": 22.72, "crown_diameter_m": 13.07, "site_id": 374 }, "geometry": { "type": "Point", "coordinates": [ -73.959404646696669, 40.805612602562611 ] } },
{ "type": "Feature", "properties": { "Height": 69.620750427246094, "Radius": 19.657777133417753, "height_m": 21.22, "crown_diameter_m": 11.98, "site_id": 375 }, "geometry": { "type": "Point", "coordinates": [ -73.958790586402358, 40.805605131176556 ] } },
{ "type": "Feature", "properties": { "Height": 65.211250305175795, "Radius": 24.105491018199771, "height_m": 19.88, "crown_diameter_m": 14.69, "site_id": 376 }, "geometry": { "type": "Point", "coordinates": [ -73.958672016598101, 40.805626037926899 ] } },
{ "type": "Feature", "properties": { "Height": 71.049499511718807, "Radius": 23.038700814313966, "height_m": 21.66, "crown_diameter_m": 14.04, "site_id": 377 }, "geometry": { "type": "Point", "coordinates": [ -73.95902709769716, 40.805628759011128 ] } },
{ "type": "Feature", "properties": { "Height": 63.481498718261697, "Radius": 25.483950739366904, "height_m": 19.35, "crown_diameter_m": 15.54, "site_id": 378 }, "geometry": { "type": "Point", "coordinates": [ -73.958816330111148, 40.805695301883311 ] } },
{ "type": "Feature", "properties": { "Height": 68.253753662109403, "Radius": 23.924898178048775, "height_m": 20.8, "crown_diameter_m": 14.58, "site_id": 379 }, "geometry": { "type": "Point", "coordinates": [ -73.958619273409951, 40.80574130351954 ] } },
{ "type": "Feature", "properties": { "Height": 52.641250610351598, "Radius": 18.218606802336662, "height_m": 16.05, "crown_diameter_m": 11.11, "site_id": 380 }, "geometry": { "type": "Point", "coordinates": [ -73.958913278310249, 40.80571793178359 ] } },
{ "type": "Feature", "properties": { "Height": 63.785999298095703, "Radius": 15.847602348589227, "height_m": 19.44, "crown_diameter_m": 9.66, "site_id": 381 }, "geometry": { "type": "Point", "coordinates": [ -73.959018955797859, 40.805758208171611 ] } },
{ "type": "Feature", "properties": { "Height": 63.463001251220703, "Radius": 17.66192765414112, "height_m": 19.34, "crown_diameter_m": 10.77, "site_id": 382 }, "geometry": { "type": "Point", "coordinates": [ -73.958820196050908, 40.805825303721136 ] } },
{ "type": "Feature", "properties": { "Height": 62.951248168945298, "Radius": 11.392578992108882, "height_m": 19.19, "crown_diameter_m": 6.94, "site_id": 383 }, "geometry": { "type": "Point", "coordinates": [ -73.959082155945097, 40.805804290215342 ] } },
{ "type": "Feature", "properties": { "Height": 65.704750061035199, "Radius": 19.331213267143124, "height_m": 20.03, "crown_diameter_m": 11.78, "site_id": 384 }, "geometry": { "type": "Point", "coordinates": [ -73.958718647649505, 40.805813378121648 ] } },
{ "type": "Feature", "properties": { "Height": 41.382999420166001, "Radius": 19.688114787869129, "height_m": 12.61, "crown_diameter_m": 12.0, "site_id": 385 }, "geometry": { "type": "Point", "coordinates": [ -73.959173818981299, 40.805844104032445 ] } },
{ "type": "Feature", "properties": { "Height": 76.791000366210895, "Radius": 26.372468623767148, "height_m": 23.41, "crown_diameter_m": 16.08, "site_id": 386 }, "geometry": { "type": "Point", "coordinates": [ -73.958960288909537, 40.8058310043061 ] } },
{ "type": "Feature", "properties": { "Height": 81.301246643066406, "Radius": 22.319385562278196, "height_m": 24.78, "crown_diameter_m": 13.61, "site_id": 387 }, "geometry": { "type": "Point", "coordinates": [ -73.958670887324871, 40.805893047015282 ] } },
{ "type": "Feature", "properties": { "Height": 63.636501312255902, "Radius": 15.49211587171288, "height_m": 19.4, "crown_diameter_m": 9.44, "site_id": 388 }, "geometry": { "type": "Point", "coordinates": [ -73.958798385371225, 40.805913587997267 ] } },
{ "type": "Feature", "properties": { "Height": 73.117248535156307, "Radius": 30.762563151083651, "height_m": 22.29, "crown_diameter_m": 18.75, "site_id": 389 }, "geometry": { "type": "Point", "coordinates": [ -73.958154732349882, 40.805993546444348 ] } },
{ "type": "Feature", "properties": { "Height": 77.000251770019503, "Radius": 32.919386499640531, "height_m": 23.47, "crown_diameter_m": 20.07, "site_id": 390 }, "geometry": { "type": "Point", "coordinates": [ -73.958996571350795, 40.805960750222546 ] } },
{ "type": "Feature", "properties": { "Height": 41.152500152587898, "Radius": 15.088775500117837, "height_m": 12.54, "crown_diameter_m": 9.2, "site_id": 391 }, "geometry": { "type": "Point", "coordinates": [ -73.95858810771449, 40.805931822486976 ] } },
{ "type": "Feature", "properties": { "Height": 40.674751281738303, "Radius": 11.699284211396439, "height_m": 12.4, "crown_diameter_m": 7.13, "site_id": 392 }, "geometry": { "type": "Point", "coordinates": [ -73.9591446970107, 40.805931877903141 ] } },
{ "type": "Feature", "properties": { "Height": 44.872001647949197, "Radius": 18.409792267002665, "height_m": 13.68, "crown_diameter_m": 11.22, "site_id": 393 }, "geometry": { "type": "Point", "coordinates": [ -73.958643737123921, 40.806008712602896 ] } },
{ "type": "Feature", "properties": { "Height": 48.873500823974602, "Radius": 26.476365816483444, "height_m": 14.9, "crown_diameter_m": 16.14, "site_id": 394 }, "geometry": { "type": "Point", "coordinates": [ -73.958793140490187, 40.806024017844294 ] } },
{ "type": "Feature", "properties": { "Height": 50.589500427246101, "Radius": 24.589217734733051, "height_m": 15.42, "crown_diameter_m": 14.99, "site_id": 395 }, "geometry": { "type": "Point", "coordinates": [ -73.958947745327805, 40.806120040917541 ] } },
{ "type": "Feature", "properties": { "Height": 64.648002624511705, "Radius": 29.757992260287075, "height_m": 19.7, "crown_diameter_m": 18.14, "site_id": 396 }, "geometry": { "type": "Point", "coordinates": [ -73.958406537177439, 40.806165376120582 ] } },
{ "type": "Feature", "properties": { "Height": 77.2657470703125, "Radius": 37.115570990244784, "height_m": 23.55, "crown_diameter_m": 22.63, "site_id": 397 }, "geometry": { "type": "Point", "coordinates": [ -73.958782248030317, 40.806181254476265 ] } },
{ "type": "Feature", "properties": { "Height": 63.180999755859403, "Radius": 24.787449602697372, "height_m": 19.26, "crown_diameter_m": 15.11, "site_id": 398 }, "geometry": { "type": "Point", "coordinates": [ -73.95850920997411, 40.806197516786398 ] } },
{ "type": "Feature", "properties": { "Height": 42.053749084472699, "Radius": 19.034606062346018, "height_m": 12.82, "crown_diameter_m": 11.6, "site_id": 399 }, "geometry": { "type": "Point", "coordinates": [ -73.958973911138486, 40.806212471082183 ] } },
{ "type": "Feature", "properties": { "Height": 61.163501739502003, "Radius": 21.53734156392866, "height_m": 18.64, "crown_diameter_m": 13.13, "site_id": 400 }, "geometry": { "type": "Point", "coordinates": [ -73.958661415596879, 40.80626199131779 ] } },
{ "type": "Feature", "properties": { "Height": 57.945499420166001, "Radius": 20.279456919490165, "height_m": 17.66, "crown_diameter_m": 12.36, "site_id": 401 }, "geometry": { "type": "Point", "coordinates": [ -73.958764847492532, 40.806306943417702 ] } },
{ "type": "Feature", "properties": { "Height": 43.701248168945298, "Radius": 22.256903656473067, "height_m": 13.32, "crown_diameter_m": 13.57, "site_id": 402 }, "geometry": { "type": "Point", "coordinates": [ -73.958437697814631, 40.806338872871976 ] } },
{ "type": "Feature", "properties": { "Height": 59.015251159667997, "Radius": 30.903223715705099, "height_m": 17.99, "crown_diameter_m": 18.84, "site_id": 403 }, "geometry": { "type": "Point", "coordinates": [ -73.958827885562201, 40.80639527692118 ] } },
{ "type": "Feature", "properties": { "Height": 36.419750213622997, "Radius": 17.159156293944243, "height_m": 11.1, "crown_diameter_m": 10.46, "site_id": 404 }, "geometry": { "type": "Point", "coordinates": [ -73.958632039015143, 40.806355710052209 ] } },
{ "type": "Feature", "properties": { "Height": 93.470252990722699, "Radius": 22.140398025397776, "height_m": 28.49, "crown_diameter_m": 13.5, "site_id": 405 }, "geometry": { "type": "Point", "coordinates": [ -73.957990050567886, 40.806329858716296 ] } },
{ "type": "Feature", "properties": { "Height": 42.054248809814503, "Radius": 14.375767583152772, "height_m": 12.82, "crown_diameter_m": 8.76, "site_id": 406 }, "geometry": { "type": "Point", "coordinates": [ -73.958557576913236, 40.806387142218163 ] } },
{ "type": "Feature", "properties": { "Height": 93.050750732421903, "Radius": 14.093451279891857, "height_m": 28.36, "crown_diameter_m": 8.59, "site_id": 407 }, "geometry": { "type": "Point", "coordinates": [ -73.958229442868131, 40.806394893247266 ] } },
{ "type": "Feature", "properties": { "Height": 98.317253112792997, "Radius": 42.482201887267415, "height_m": 29.97, "crown_diameter_m": 25.9, "site_id": 408 }, "geometry": { "type": "Point", "coordinates": [ -73.958087474322468, 40.80638498576586 ] } },
{ "type": "Feature", "properties": { "Height": 41.435001373291001, "Radius": 14.744682168955999, "height_m": 12.63, "crown_diameter_m": 8.99, "site_id": 409 }, "geometry": { "type": "Point", "coordinates": [ -73.958522863392929, 40.806443126322939 ] } },
{ "type": "Feature", "properties": { "Height": 93.654998779296903, "Radius": 38.557312191352167, "height_m": 28.55, "crown_diameter_m": 23.5, "site_id": 410 }, "geometry": { "type": "Point", "coordinates": [ -73.958296970941774, 40.806448781003368 ] } },
{ "type": "Feature", "properties": { "Height": 25.219999313354499, "Radius": 13.727325035155394, "height_m": 7.69, "crown_diameter_m": 8.37, "site_id": 411 }, "geometry": { "type": "Point", "coordinates": [ -73.957806337892606, 40.806497707550484 ] } },
{ "type": "Feature", "properties": { "Height": 32.965499877929702, "Radius": 22.511093682995384, "height_m": 10.05, "crown_diameter_m": 13.72, "site_id": 412 }, "geometry": { "type": "Point", "coordinates": [ -73.957888692924485, 40.806478112202264 ] } },
{ "type": "Feature", "properties": { "Height": 61.230251312255902, "Radius": 32.724211749006543, "height_m": 18.66, "crown_diameter_m": 19.95, "site_id": 413 }, "geometry": { "type": "Point", "coordinates": [ -73.958548053567498, 40.80650292847271 ] } },
{ "type": "Feature", "properties": { "Height": 60.214248657226598, "Radius": 26.627716227164388, "height_m": 18.35, "crown_diameter_m": 16.23, "site_id": 414 }, "geometry": { "type": "Point", "coordinates": [ -73.958718687402182, 40.806548004711402 ] } },
{ "type": "Feature", "properties": { "Height": 34.143001556396499, "Radius": 16.393081510523434, "height_m": 10.41, "crown_diameter_m": 9.99, "site_id": 415 }, "geometry": { "type": "Point", "coordinates": [ -73.958253950303003, 40.806584810919617 ] } },
{ "type": "Feature", "properties": { "Height": 60.0130004882813, "Radius": 19.145073359499957, "height_m": 18.29, "crown_diameter_m": 11.67, "site_id": 416 }, "geometry": { "type": "Point", "coordinates": [ -73.958456280201617, 40.80662193861432 ] } },
{ "type": "Feature", "properties": { "Height": 67.013000488281307, "Radius": 16.116478124142791, "height_m": 20.43, "crown_diameter_m": 9.82, "site_id": 417 }, "geometry": { "type": "Point", "coordinates": [ -73.958547531435585, 40.806622007481579 ] } },
{ "type": "Feature", "properties": { "Height": 37.362251281738303, "Radius": 17.6844412740571, "height_m": 11.39, "crown_diameter_m": 10.78, "site_id": 418 }, "geometry": { "type": "Point", "coordinates": [ -73.958733395617742, 40.806626693719274 ] } },
{ "type": "Feature", "properties": { "Height": 51.746498107910199, "Radius": 20.056523095112112, "height_m": 15.77, "crown_diameter_m": 12.23, "site_id": 419 }, "geometry": { "type": "Point", "coordinates": [ -73.95834893922293, 40.806617243406016 ] } },
{ "type": "Feature", "properties": { "Height": 46.603248596191399, "Radius": 16.032318394212702, "height_m": 14.2, "crown_diameter_m": 9.77, "site_id": 420 }, "geometry": { "type": "Point", "coordinates": [ -73.958627486553993, 40.806661512248262 ] } },
{ "type": "Feature", "properties": { "Height": 89.732246398925795, "Radius": 26.549900997065969, "height_m": 27.35, "crown_diameter_m": 16.18, "site_id": 421 }, "geometry": { "type": "Point", "coordinates": [ -73.958064226919277, 40.806680815326104 ] } },
{ "type": "Feature", "properties": { "Height": 63.140750885009801, "Radius": 17.94796937867892, "height_m": 19.25, "crown_diameter_m": 10.94, "site_id": 422 }, "geometry": { "type": "Point", "coordinates": [ -73.958368516175213, 40.806708057627304 ] } },
{ "type": "Feature", "properties": { "Height": 39.992500305175803, "Radius": 19.637525992641294, "height_m": 12.19, "crown_diameter_m": 11.97, "site_id": 423 }, "geometry": { "type": "Point", "coordinates": [ -73.958522152529767, 40.806714754181421 ] } },
{ "type": "Feature", "properties": { "Height": 63.731498718261697, "Radius": 23.581504853657716, "height_m": 19.43, "crown_diameter_m": 14.38, "site_id": 424 }, "geometry": { "type": "Point", "coordinates": [ -73.95825042162673, 40.806731248676861 ] } },
{ "type": "Feature", "properties": { "Height": 43.918750762939503, "Radius": 24.737638452130742, "height_m": 13.39, "crown_diameter_m": 15.08, "site_id": 425 }, "geometry": { "type": "Point", "coordinates": [ -73.958594842218332, 40.806791699074779 ] } },
{ "type": "Feature", "properties": { "Height": 49.965499877929702, "Radius": 23.398568422792877, "height_m": 15.23, "crown_diameter_m": 14.26, "site_id": 426 }, "geometry": { "type": "Point", "coordinates": [ -73.958384244843003, 40.806793614246267 ] } },
{ "type": "Feature", "properties": { "Height": 79.5782470703125, "Radius": 32.01247692023712, "height_m": 24.26, "crown_diameter_m": 19.51, "site_id": 427 }, "geometry": { "type": "Point", "coordinates": [ -73.957904901603214, 40.806817390766795 ] } },
{ "type": "Feature", "properties": { "Height": 46.428001403808601, "Radius": 19.675985339266632, "height_m": 14.15, "crown_diameter_m": 11.99, "site_id": 428 }, "geometry": { "type": "Point", "coordinates": [ -73.958448410503024, 40.806881005535686 ] } },
{ "type": "Feature", "properties": { "Height": 34.993251800537102, "Radius": 13.146949007195484, "height_m": 10.67, "crown_diameter_m": 8.01, "site_id": 429 }, "geometry": { "type": "Point", "coordinates": [ -73.958536891669041, 40.806859537095981 ] } },
{ "type": "Feature", "properties": { "Height": 41.412750244140597, "Radius": 18.532575838029373, "height_m": 12.62, "crown_diameter_m": 11.3, "site_id": 430 }, "geometry": { "type": "Point", "coordinates": [ -73.95832969448513, 40.806889354429352 ] } },
{ "type": "Feature", "properties": { "Height": 89.301002502441406, "Radius": 35.052477240124297, "height_m": 27.22, "crown_diameter_m": 21.37, "site_id": 431 }, "geometry": { "type": "Point", "coordinates": [ -73.958122328141997, 40.80687317297641 ] } },
{ "type": "Feature", "properties": { "Height": 40.659999847412102, "Radius": 15.877702285203682, "height_m": 12.39, "crown_diameter_m": 9.68, "site_id": 432 }, "geometry": { "type": "Point", "coordinates": [ -73.958242088829138, 40.80693756422378 ] } },
{ "type": "Feature", "properties": { "Height": 55.321750640869098, "Radius": 16.290821575529439, "height_m": 16.86, "crown_diameter_m": 9.93, "site_id": 433 }, "geometry": { "type": "Point", "coordinates": [ -73.958553254138991, 40.80692874897359 ] } },
{ "type": "Feature", "properties": { "Height": 51.082748413085902, "Radius": 20.214606510848569, "height_m": 15.57, "crown_diameter_m": 12.32, "site_id": 434 }, "geometry": { "type": "Point", "coordinates": [ -73.958459551167266, 40.806994033789678 ] } },
{ "type": "Feature", "properties": { "Height": 43.908748626708999, "Radius": 19.281751659604673, "height_m": 13.38, "crown_diameter_m": 11.75, "site_id": 435 }, "geometry": { "type": "Point", "coordinates": [ -73.958355033216264, 40.806984471511129 ] } },
{ "type": "Feature", "properties": { "Height": 68.908370971679702, "Radius": 26.539408445803438, "height_m": 21.0, "crown_diameter_m": 16.18, "site_id": 436 }, "geometry": { "type": "Point", "coordinates": [ -73.957558767040695, 40.806986782659258 ] } },
{ "type": "Feature", "properties": { "Height": 41.170501708984403, "Radius": 20.567786432629493, "height_m": 12.55, "crown_diameter_m": 12.54, "site_id": 437 }, "geometry": { "type": "Point", "coordinates": [ -73.958332013367979, 40.807073608918515 ] } },
{ "type": "Feature", "properties": { "Height": 41.586250305175803, "Radius": 18.571180944682467, "height_m": 12.68, "crown_diameter_m": 11.32, "site_id": 438 }, "geometry": { "type": "Point", "coordinates": [ -73.95822876167442, 40.80702901039723 ] } },
{ "type": "Feature", "properties": { "Height": 70.095870971679702, "Radius": 14.723078227434691, "height_m": 21.37, "crown_diameter_m": 8.98, "site_id": 439 }, "geometry": { "type": "Point", "coordinates": [ -73.957615605786415, 40.807094022295686 ] } },
{ "type": "Feature", "properties": { "Height": 71.530502319335895, "Radius": 11.141851534268367, "height_m": 21.8, "crown_diameter_m": 6.79, "site_id": 440 }, "geometry": { "type": "Point", "coordinates": [ -73.957527834279077, 40.807085178617569 ] } },
{ "type": "Feature", "properties": { "Height": 64.956001281738295, "Radius": 32.878265974350796, "height_m": 19.8, "crown_diameter_m": 20.04, "site_id": 441 }, "geometry": { "type": "Point", "coordinates": [ -73.958007960520931, 40.807059612859305 ] } },
{ "type": "Feature", "properties": { "Height": 76.4530029296875, "Radius": 36.333327338350472, "height_m": 23.3, "crown_diameter_m": 22.15, "site_id": 442 }, "geometry": { "type": "Point", "coordinates": [ -73.957432643006982, 40.807107445248313 ] } },
{ "type": "Feature", "properties": { "Height": 74.249122619628906, "Radius": 19.244572028882338, "height_m": 22.63, "crown_diameter_m": 11.73, "site_id": 443 }, "geometry": { "type": "Point", "coordinates": [ -73.957578643007551, 40.807188932021127 ] } },
{ "type": "Feature", "properties": { "Height": 57.258499145507798, "Radius": 18.229523339239496, "height_m": 17.45, "crown_diameter_m": 11.11, "site_id": 444 }, "geometry": { "type": "Point", "coordinates": [ -73.957937294926268, 40.807200956316997 ] } },
{ "type": "Feature", "properties": { "Height": 62.928249359130902, "Radius": 15.647999231431506, "height_m": 19.18, "crown_diameter_m": 9.54, "site_id": 445 }, "geometry": { "type": "Point", "coordinates": [ -73.957436109645172, 40.807235069641244 ] } },
{ "type": "Feature", "properties": { "Height": 52.774250030517599, "Radius": 37.274960136695604, "height_m": 16.09, "crown_diameter_m": 22.72, "site_id": 446 }, "geometry": { "type": "Point", "coordinates": [ -73.957216837865118, 40.807252100643829 ] } },
{ "type": "Feature", "properties": { "Height": 75.188995361328097, "Radius": 27.221781995965372, "height_m": 22.92, "crown_diameter_m": 16.59, "site_id": 447 }, "geometry": { "type": "Point", "coordinates": [ -73.957707395315623, 40.807268171842203 ] } },
{ "type": "Feature", "properties": { "Height": 80.296501159667997, "Radius": 51.744213276799904, "height_m": 24.47, "crown_diameter_m": 31.54, "site_id": 448 }, "geometry": { "type": "Point", "coordinates": [ -73.958146543356264, 40.80721851294517 ] } },
{ "type": "Feature", "properties": { "Height": 75.497749328613295, "Radius": 30.759976213926393, "height_m": 23.01, "crown_diameter_m": 18.75, "site_id": 449 }, "geometry": { "type": "Point", "coordinates": [ -73.957827545131209, 40.807272554457498 ] } },
{ "type": "Feature", "properties": { "Height": 51.6875, "Radius": 13.45802085146909, "height_m": 15.75, "crown_diameter_m": 8.2, "site_id": 450 }, "geometry": { "type": "Point", "coordinates": [ -73.95793440136849, 40.807346411838537 ] } },
{ "type": "Feature", "properties": { "Height": 71.544250488281307, "Radius": 25.469894935836805, "height_m": 21.81, "crown_diameter_m": 15.53, "site_id": 451 }, "geometry": { "type": "Point", "coordinates": [ -73.958087412636161, 40.807427732128424 ] } },
{ "type": "Feature", "properties": { "Height": 48.910999298095703, "Radius": 21.237822598431116, "height_m": 14.91, "crown_diameter_m": 12.95, "site_id": 452 }, "geometry": { "type": "Point", "coordinates": [ -73.957847220783165, 40.80741629017303 ] } },
{ "type": "Feature", "properties": { "Height": 78.373001098632798, "Radius": 24.901157769991823, "height_m": 23.89, "crown_diameter_m": 15.18, "site_id": 453 }, "geometry": { "type": "Point", "coordinates": [ -73.957147181815515, 40.807420251819792 ] } },
{ "type": "Feature", "properties": { "Height": 18.393001556396499, "Radius": 15.724096288603025, "height_m": 5.61, "crown_diameter_m": 9.59, "site_id": 454 }, "geometry": { "type": "Point", "coordinates": [ -73.957696518200251, 40.80745284922844 ] } },
{ "type": "Feature", "properties": { "Height": 52.165000915527301, "Radius": 19.728492424187664, "height_m": 15.9, "crown_diameter_m": 12.03, "site_id": 455 }, "geometry": { "type": "Point", "coordinates": [ -73.957973226578375, 40.807448837858487 ] } },
{ "type": "Feature", "properties": { "Height": 47.041000366210902, "Radius": 22.048554911245191, "height_m": 14.34, "crown_diameter_m": 13.44, "site_id": 456 }, "geometry": { "type": "Point", "coordinates": [ -73.957824587242769, 40.807511668967429 ] } },
{ "type": "Feature", "properties": { "Height": 68.411247253417997, "Radius": 19.180371502056889, "height_m": 20.85, "crown_diameter_m": 11.69, "site_id": 457 }, "geometry": { "type": "Point", "coordinates": [ -73.957227023448809, 40.80748532805724 ] } },
{ "type": "Feature", "properties": { "Height": 37.606376647949197, "Radius": 16.185457556994169, "height_m": 11.46, "crown_diameter_m": 9.87, "site_id": 458 }, "geometry": { "type": "Point", "coordinates": [ -73.957729782620945, 40.807519599151959 ] } },
{ "type": "Feature", "properties": { "Height": 65.580497741699205, "Radius": 24.358358480131329, "height_m": 19.99, "crown_diameter_m": 14.85, "site_id": 459 }, "geometry": { "type": "Point", "coordinates": [ -73.957568484693226, 40.807533839809075 ] } },
{ "type": "Feature", "properties": { "Height": 26.244499206543001, "Radius": 12.930284904751172, "height_m": 8.0, "crown_diameter_m": 7.88, "site_id": 460 }, "geometry": { "type": "Point", "coordinates": [ -73.957429407829721, 40.807548129871051 ] } },
{ "type": "Feature", "properties": { "Height": 69.013252258300795, "Radius": 32.358621271642271, "height_m": 21.04, "crown_diameter_m": 19.73, "site_id": 461 }, "geometry": { "type": "Point", "coordinates": [ -73.958008376111977, 40.807573054580772 ] } },
{ "type": "Feature", "properties": { "Height": 75.998252868652301, "Radius": 23.442739142350977, "height_m": 23.16, "crown_diameter_m": 14.29, "site_id": 462 }, "geometry": { "type": "Point", "coordinates": [ -73.957115047042251, 40.807607972131372 ] } },
{ "type": "Feature", "properties": { "Height": 58.261001586914098, "Radius": 14.990889888387418, "height_m": 17.76, "crown_diameter_m": 9.14, "site_id": 463 }, "geometry": { "type": "Point", "coordinates": [ -73.957644752454229, 40.807606474122593 ] } },
{ "type": "Feature", "properties": { "Height": 74.843498229980497, "Radius": 17.30692355385402, "height_m": 22.81, "crown_diameter_m": 10.55, "site_id": 464 }, "geometry": { "type": "Point", "coordinates": [ -73.957204406338803, 40.807597971086309 ] } },
{ "type": "Feature", "properties": { "Height": 61.599124908447301, "Radius": 15.655625581928012, "height_m": 18.78, "crown_diameter_m": 9.54, "site_id": 465 }, "geometry": { "type": "Point", "coordinates": [ -73.957568441186254, 40.807631830203938 ] } },
{ "type": "Feature", "properties": { "Height": 61.981250762939503, "Radius": 20.102099405542752, "height_m": 18.89, "crown_diameter_m": 12.25, "site_id": 466 }, "geometry": { "type": "Point", "coordinates": [ -73.957957044854396, 40.807642086072335 ] } },
{ "type": "Feature", "properties": { "Height": 69.811752319335895, "Radius": 18.00109619259613, "height_m": 21.28, "crown_diameter_m": 10.97, "site_id": 467 }, "geometry": { "type": "Point", "coordinates": [ -73.957476818104752, 40.807621731576901 ] } },
{ "type": "Feature", "properties": { "Height": 72.192001342773395, "Radius": 23.131772925458009, "height_m": 22.0, "crown_diameter_m": 14.1, "site_id": 468 }, "geometry": { "type": "Point", "coordinates": [ -73.957279028068783, 40.807666227708495 ] } },
{ "type": "Feature", "properties": { "Height": 74.267753601074205, "Radius": 25.306905994249611, "height_m": 22.64, "crown_diameter_m": 15.43, "site_id": 469 }, "geometry": { "type": "Point", "coordinates": [ -73.957757241231548, 40.807644122000241 ] } },
{ "type": "Feature", "properties": { "Height": 69.969749450683594, "Radius": 24.901157769991823, "height_m": 21.33, "crown_diameter_m": 15.18, "site_id": 470 }, "geometry": { "type": "Point", "coordinates": [ -73.95688778087127, 40.807713695001212 ] } },
{ "type": "Feature", "properties": { "Height": 41.182998657226598, "Radius": 17.163793277218712, "height_m": 12.55, "crown_diameter_m": 10.46, "site_id": 471 }, "geometry": { "type": "Point", "coordinates": [ -73.957634906797807, 40.807710110640038 ] } },
{ "type": "Feature", "properties": { "Height": 76.198249816894503, "Radius": 18.04524905802128, "height_m": 23.23, "crown_diameter_m": 11.0, "site_id": 472 }, "geometry": { "type": "Point", "coordinates": [ -73.957799821843082, 40.807741230207071 ] } },
{ "type": "Feature", "properties": { "Height": 17.866249084472699, "Radius": 15.27745803608259, "height_m": 5.45, "crown_diameter_m": 9.31, "site_id": 473 }, "geometry": { "type": "Point", "coordinates": [ -73.957086366099304, 40.807721339581327 ] } },
{ "type": "Feature", "properties": { "Height": 73.009498596191406, "Radius": 25.076307147506359, "height_m": 22.25, "crown_diameter_m": 15.29, "site_id": 474 }, "geometry": { "type": "Point", "coordinates": [ -73.957910299696309, 40.807750875307818 ] } },
{ "type": "Feature", "properties": { "Height": 69.635498046875, "Radius": 23.401969130379005, "height_m": 21.22, "crown_diameter_m": 14.27, "site_id": 475 }, "geometry": { "type": "Point", "coordinates": [ -73.957313171343628, 40.807814600128786 ] } },
{ "type": "Feature", "properties": { "Height": 55.3932495117188, "Radius": 23.026608367509301, "height_m": 16.88, "crown_diameter_m": 14.04, "site_id": 476 }, "geometry": { "type": "Point", "coordinates": [ -73.956843589979172, 40.807824726999108 ] } },
{ "type": "Feature", "properties": { "Height": 44.965248107910199, "Radius": 16.400361393131039, "height_m": 13.71, "crown_diameter_m": 10.0, "site_id": 477 }, "geometry": { "type": "Point", "coordinates": [ -73.956960201244357, 40.807815513471866 ] } },
{ "type": "Feature", "properties": { "Height": 87.134246826171903, "Radius": 33.662786498064818, "height_m": 26.56, "crown_diameter_m": 20.52, "site_id": 478 }, "geometry": { "type": "Point", "coordinates": [ -73.957720421156722, 40.807823922676128 ] } },
{ "type": "Feature", "properties": { "Height": 84.630996704101605, "Radius": 41.579088125351106, "height_m": 25.8, "crown_diameter_m": 25.35, "site_id": 479 }, "geometry": { "type": "Point", "coordinates": [ -73.957466896113019, 40.807781354723467 ] } },
{ "type": "Feature", "properties": { "Height": 70.137252807617202, "Radius": 12.846932551636421, "height_m": 21.38, "crown_diameter_m": 7.83, "site_id": 480 }, "geometry": { "type": "Point", "coordinates": [ -73.957212146218282, 40.80784900763242 ] } },
{ "type": "Feature", "properties": { "Height": 75.036750793457003, "Radius": 10.903611442528838, "height_m": 22.87, "crown_diameter_m": 6.65, "site_id": 481 }, "geometry": { "type": "Point", "coordinates": [ -73.957178207546264, 40.807880299948536 ] } },
{ "type": "Feature", "properties": { "Height": 60.569248199462898, "Radius": 8.2147243332301549, "height_m": 18.46, "crown_diameter_m": 5.01, "site_id": 482 }, "geometry": { "type": "Point", "coordinates": [ -73.957776132984961, 40.80788389645938 ] } },
{ "type": "Feature", "properties": { "Height": 53.835250854492202, "Radius": 10.89996169801068, "height_m": 16.41, "crown_diameter_m": 6.64, "site_id": 483 }, "geometry": { "type": "Point", "coordinates": [ -73.957044602628002, 40.807878372706192 ] } },
{ "type": "Feature", "properties": { "Height": 24.842250823974599, "Radius": 9.6367478588017921, "height_m": 7.57, "crown_diameter_m": 5.87, "site_id": 484 }, "geometry": { "type": "Point", "coordinates": [ -73.957112735925847, 40.807817824263935 ] } },
{ "type": "Feature", "properties": { "Height": 12.8787498474121, "Radius": 5.8086872816051827, "height_m": 3.93, "crown_diameter_m": 3.54, "site_id": 485 }, "geometry": { "type": "Point", "coordinates": [ -73.957010613414312, 40.807670334157216 ] } },
{ "type": "Feature", "properties": { "Height": 19.3945007324219, "Radius": 11.410028196686037, "height_m": 5.91, "crown_diameter_m": 6.96, "site_id": 486 }, "geometry": { "type": "Point", "coordinates": [ -73.957584648945144, 40.807351140976166 ] } },
{ "type": "Feature", "properties": { "Height": 19.413499832153299, "Radius": 17.603257488315059, "height_m": 5.92, "crown_diameter_m": 10.73, "site_id": 487 }, "geometry": { "type": "Point", "coordinates": [ -73.957582792515936, 40.807405891484741 ] } },
{ "type": "Feature", "properties": { "Height": 13.152250289916999, "Radius": 3.9794367487929225, "height_m": 4.01, "crown_diameter_m": 2.43, "site_id": 488 }, "geometry": { "type": "Point", "coordinates": [ -73.957405386275283, 40.807398405068696 ] } },
{ "type": "Feature", "properties": { "Height": 8.9709997177124006, "Radius": 3.077290872499344, "height_m": 2.73, "crown_diameter_m": 1.88, "site_id": 489 }, "geometry": { "type": "Point", "coordinates": [ -73.958242441525712, 40.807391677507674 ] } },
{ "type": "Feature", "properties": { "Height": 13.731499671936, "Radius": 4.6865106579076032, "height_m": 4.19, "crown_diameter_m": 2.86, "site_id": 490 }, "geometry": { "type": "Point", "coordinates": [ -73.958205386626432, 40.807383434426875 ] } },
{ "type": "Feature", "properties": { "Height": 9.7694997787475604, "Radius": 5.7674416430689721, "height_m": 2.98, "crown_diameter_m": 3.52, "site_id": 491 }, "geometry": { "type": "Point", "coordinates": [ -73.957318602548241, 40.807208819897298 ] } },
{ "type": "Feature", "properties": { "Height": 9.6837501525878906, "Radius": 3.0901936161855166, "height_m": 2.95, "crown_diameter_m": 1.88, "site_id": 492 }, "geometry": { "type": "Point", "coordinates": [ -73.95778544764913, 40.807137246394518 ] } },
{ "type": "Feature", "properties": { "Height": 9.9034996032714808, "Radius": 2.3936536824085959, "height_m": 3.02, "crown_diameter_m": 1.46, "site_id": 493 }, "geometry": { "type": "Point", "coordinates": [ -73.957756791568386, 40.807135132333883 ] } },
{ "type": "Feature", "properties": { "Height": 12.214500427246101, "Radius": 3.1412746571571089, "height_m": 3.72, "crown_diameter_m": 1.91, "site_id": 494 }, "geometry": { "type": "Point", "coordinates": [ -73.957711252221813, 40.80710135235681 ] } },
{ "type": "Feature", "properties": { "Height": 16.106500625610401, "Radius": 9.6119428038688017, "height_m": 4.91, "crown_diameter_m": 5.86, "site_id": 495 }, "geometry": { "type": "Point", "coordinates": [ -73.957912540577837, 40.806945283221971 ] } },
{ "type": "Feature", "properties": { "Height": 13.5989999771118, "Radius": 3.500704303147574, "height_m": 4.14, "crown_diameter_m": 2.13, "site_id": 496 }, "geometry": { "type": "Point", "coordinates": [ -73.957950546991938, 40.806938289413409 ] } },
{ "type": "Feature", "properties": { "Height": 12.4917497634888, "Radius": 11.131133059892893, "height_m": 3.81, "crown_diameter_m": 6.79, "site_id": 497 }, "geometry": { "type": "Point", "coordinates": [ -73.957719885582364, 40.80664464620812 ] } },
{ "type": "Feature", "properties": { "Height": 8.4510002136230504, "Radius": 3.8265199286629055, "height_m": 2.58, "crown_diameter_m": 2.33, "site_id": 498 }, "geometry": { "type": "Point", "coordinates": [ -73.957773814162863, 40.806745479460687 ] } },
{ "type": "Feature", "properties": { "Height": 21.754499435424801, "Radius": 11.773867479848787, "height_m": 6.63, "crown_diameter_m": 7.18, "site_id": 499 }, "geometry": { "type": "Point", "coordinates": [ -73.957812677278966, 40.806665621290328 ] } },
{ "type": "Feature", "properties": { "Height": 9.1560001373290998, "Radius": 3.3615474055149912, "height_m": 2.79, "crown_diameter_m": 2.05, "site_id": 500 }, "geometry": { "type": "Point", "coordinates": [ -73.957757412526561, 40.806597410818291 ] } },
{ "type": "Feature", "properties": { "Height": 12.9817495346069, "Radius": 5.2548437299736932, "height_m": 3.96, "crown_diameter_m": 3.2, "site_id": 501 }, "geometry": { "type": "Point", "coordinates": [ -73.958951624824948, 40.806364953541198 ] } },
{ "type": "Feature", "properties": { "Height": 12.5030002593994, "Radius": 2.3936536824085959, "height_m": 3.81, "crown_diameter_m": 1.46, "site_id": 502 }, "geometry": { "type": "Point", "coordinates": [ -73.959001707600663, 40.806333969005848 ] } },
{ "type": "Feature", "properties": { "Height": 11.3769998550415, "Radius": 3.4318312587888484, "height_m": 3.47, "crown_diameter_m": 2.09, "site_id": 503 }, "geometry": { "type": "Point", "coordinates": [ -73.959028070178732, 40.806309153439564 ] } },
{ "type": "Feature", "properties": { "Height": 9.9285001754760707, "Radius": 3.7636139460867515, "height_m": 3.03, "crown_diameter_m": 2.29, "site_id": 504 }, "geometry": { "type": "Point", "coordinates": [ -73.958983914590547, 40.806295198924005 ] } },
{ "type": "Feature", "properties": { "Height": 8.8590002059936506, "Radius": 3.3496900584947586, "height_m": 2.7, "crown_diameter_m": 2.04, "site_id": 505 }, "geometry": { "type": "Point", "coordinates": [ -73.959083222632188, 40.806162707868914 ] } },
{ "type": "Feature", "properties": { "Height": 8.2010002136230504, "Radius": 2.326213245840639, "height_m": 2.5, "crown_diameter_m": 1.42, "site_id": 506 }, "geometry": { "type": "Point", "coordinates": [ -73.958127298543019, 40.806104535517704 ] } },
{ "type": "Feature", "properties": { "Height": 11.133999824523899, "Radius": 7.5746522682317412, "height_m": 3.39, "crown_diameter_m": 4.62, "site_id": 507 }, "geometry": { "type": "Point", "coordinates": [ -73.958502720078954, 40.805696105228556 ] } },
{ "type": "Feature", "properties": { "Height": 57.875499725341797, "Radius": 9.3176725343096756, "height_m": 17.64, "crown_diameter_m": 5.68, "site_id": 508 }, "geometry": { "type": "Point", "coordinates": [ -73.958349965817618, 40.805747482109979 ] } },
{ "type": "Feature", "properties": { "Height": 62.026248931884801, "Radius": 24.509800747871431, "height_m": 18.91, "crown_diameter_m": 14.94, "site_id": 509 }, "geometry": { "type": "Point", "coordinates": [ -73.958435259626924, 40.805751233753661 ] } },
{ "type": "Feature", "properties": { "Height": 38.506248474121101, "Radius": 24.49356156186559, "height_m": 11.74, "crown_diameter_m": 14.93, "site_id": 510 }, "geometry": { "type": "Point", "coordinates": [ -73.958349384734703, 40.805874987975486 ] } },
{ "type": "Feature", "properties": { "Height": 41.509750366210902, "Radius": 14.985580559413251, "height_m": 12.65, "crown_diameter_m": 9.14, "site_id": 511 }, "geometry": { "type": "Point", "coordinates": [ -73.95844726775421, 40.805907632147161 ] } },
{ "type": "Feature", "properties": { "Height": 52.837501525878899, "Radius": 15.086138293858053, "height_m": 16.1, "crown_diameter_m": 9.2, "site_id": 512 }, "geometry": { "type": "Point", "coordinates": [ -73.958465970770504, 40.805972565723046 ] } },
{ "type": "Feature", "properties": { "Height": 29.585750579833999, "Radius": 13.074112164146964, "height_m": 9.02, "crown_diameter_m": 7.97, "site_id": 513 }, "geometry": { "type": "Point", "coordinates": [ -73.958497446112631, 40.804710141198271 ] } },
{ "type": "Feature", "properties": { "Height": 8.6964998245239293, "Radius": 2.720423653362309, "height_m": 2.65, "crown_diameter_m": 1.66, "site_id": 514 }, "geometry": { "type": "Point", "coordinates": [ -73.958772058718424, 40.804502946758319 ] } },
{ "type": "Feature", "properties": { "Height": 10.8275003433228, "Radius": 2.7783114908082074, "height_m": 3.3, "crown_diameter_m": 1.69, "site_id": 515 }, "geometry": { "type": "Point", "coordinates": [ -73.958877478648773, 40.804479221153763 ] } },
{ "type": "Feature", "properties": { "Height": 8.1407499313354492, "Radius": 2.9043436408025913, "height_m": 2.48, "crown_diameter_m": 1.77, "site_id": 516 }, "geometry": { "type": "Point", "coordinates": [ -73.958462421299259, 40.804385126927436 ] } },
{ "type": "Feature", "properties": { "Height": 7.6484999656677202, "Radius": 2.1850968611841584, "height_m": 2.33, "crown_diameter_m": 1.33, "site_id": 517 }, "geometry": { "type": "Point", "coordinates": [ -73.959804067676686, 40.804195165990201 ] } },
{ "type": "Feature", "properties": { "Height": 8.0585002899169904, "Radius": 2.3936536824085959, "height_m": 2.46, "crown_diameter_m": 1.46, "site_id": 518 }, "geometry": { "type": "Point", "coordinates": [ -73.959220028552053, 40.803864956914168 ] } },
{ "type": "Feature", "properties": { "Height": 42.228500366210902, "Radius": 18.794797051111292, "height_m": 12.87, "crown_diameter_m": 11.46, "site_id": 519 }, "geometry": { "type": "Point", "coordinates": [ -73.959115529719625, 40.803588989980277 ] } },
{ "type": "Feature", "properties": { "Height": 50.512500762939503, "Radius": 21.41692195416611, "height_m": 15.4, "crown_diameter_m": 13.06, "site_id": 520 }, "geometry": { "type": "Point", "coordinates": [ -73.95907698219348, 40.803683358476206 ] } },
{ "type": "Feature", "properties": { "Height": 44.460750579833999, "Radius": 15.15718180774879, "height_m": 13.55, "crown_diameter_m": 9.24, "site_id": 521 }, "geometry": { "type": "Point", "coordinates": [ -73.959151488015621, 40.803731771399519 ] } },
{ "type": "Feature", "properties": { "Height": 11.1199998855591, "Radius": 4.9184907593659348, "height_m": 3.39, "crown_diameter_m": 3.0, "site_id": 522 }, "geometry": { "type": "Point", "coordinates": [ -73.959196310433683, 40.803745528884043 ] } },
{ "type": "Feature", "properties": { "Height": 26.9192504882813, "Radius": 15.057098539705613, "height_m": 8.2, "crown_diameter_m": 9.18, "site_id": 523 }, "geometry": { "type": "Point", "coordinates": [ -73.958803339311544, 40.803552343800909 ] } },
{ "type": "Feature", "properties": { "Height": 8.4487495422363299, "Radius": 3.6125759969217834, "height_m": 2.58, "crown_diameter_m": 2.2, "site_id": 524 }, "geometry": { "type": "Point", "coordinates": [ -73.959249155528354, 40.803581540642362 ] } },
{ "type": "Feature", "properties": { "Height": 23.9557495117188, "Radius": 8.8759054090547966, "height_m": 7.3, "crown_diameter_m": 5.41, "site_id": 525 }, "geometry": { "type": "Point", "coordinates": [ -73.958782022398424, 40.803334330831476 ] } },
{ "type": "Feature", "properties": { "Height": 22.820249557495099, "Radius": 11.888212206450685, "height_m": 6.96, "crown_diameter_m": 7.25, "site_id": 526 }, "geometry": { "type": "Point", "coordinates": [ -73.958862058434391, 40.803355625600233 ] } },
{ "type": "Feature", "properties": { "Height": 22.327999114990199, "Radius": 4.3427941185819066, "height_m": 6.81, "crown_diameter_m": 2.65, "site_id": 527 }, "geometry": { "type": "Point", "coordinates": [ -73.958979276895434, 40.803278681928717 ] } },
{ "type": "Feature", "properties": { "Height": 14.355500221252401, "Radius": 4.7956114601559285, "height_m": 4.38, "crown_diameter_m": 2.92, "site_id": 528 }, "geometry": { "type": "Point", "coordinates": [ -73.958932394538579, 40.803269862860731 ] } },
{ "type": "Feature", "properties": { "Height": 18.970500946044901, "Radius": 14.666216471493136, "height_m": 5.78, "crown_diameter_m": 8.94, "site_id": 529 }, "geometry": { "type": "Point", "coordinates": [ -73.958808467657207, 40.803216249772589 ] } },
{ "type": "Feature", "properties": { "Height": 22.6622505187988, "Radius": 8.043412482700079, "height_m": 6.91, "crown_diameter_m": 4.9, "site_id": 530 }, "geometry": { "type": "Point", "coordinates": [ -73.959290917143008, 40.803211173947794 ] } },
{ "type": "Feature", "properties": { "Height": 18.704999923706101, "Radius": 4.442433223290478, "height_m": 5.7, "crown_diameter_m": 2.71, "site_id": 531 }, "geometry": { "type": "Point", "coordinates": [ -73.959041930470477, 40.80322117313937 ] } },
{ "type": "Feature", "properties": { "Height": 20.291749954223601, "Radius": 7.7048552078074097, "height_m": 6.18, "crown_diameter_m": 4.7, "site_id": 532 }, "geometry": { "type": "Point", "coordinates": [ -73.95875949094102, 40.803166060970511 ] } },
{ "type": "Feature", "properties": { "Height": 13.1265001296997, "Radius": 2.5388531259649034, "height_m": 4.0, "crown_diameter_m": 1.55, "site_id": 533 }, "geometry": { "type": "Point", "coordinates": [ -73.958962880317159, 40.803146355898306 ] } },
{ "type": "Feature", "properties": { "Height": 83.347999572753906, "Radius": 39.595900600924097, "height_m": 25.4, "crown_diameter_m": 24.14, "site_id": 534 }, "geometry": { "type": "Point", "coordinates": [ -73.9598338036012, 40.801455283420026 ] } },
{ "type": "Feature", "properties": { "Height": 86.989501953125, "Radius": 26.929342698963548, "height_m": 26.51, "crown_diameter_m": 16.42, "site_id": 535 }, "geometry": { "type": "Point", "coordinates": [ -73.960023276668849, 40.801518140182232 ] } },
{ "type": "Feature", "properties": { "Height": 86.877998352050795, "Radius": 15.043880120390321, "height_m": 26.48, "crown_diameter_m": 9.17, "site_id": 536 }, "geometry": { "type": "Point", "coordinates": [ -73.959908195704571, 40.801573195447844 ] } },
{ "type": "Feature", "properties": { "Height": 76.449249267578097, "Radius": 28.837208215344859, "height_m": 23.3, "crown_diameter_m": 17.58, "site_id": 537 }, "geometry": { "type": "Point", "coordinates": [ -73.960402939356328, 40.801660252904419 ] } },
{ "type": "Feature", "properties": { "Height": 78.232749938964801, "Radius": 43.85371996593809, "height_m": 23.85, "crown_diameter_m": 26.73, "site_id": 538 }, "geometry": { "type": "Point", "coordinates": [ -73.95957784056489, 40.8016189325892 ] } },
{ "type": "Feature", "properties": { "Height": 87.294746398925795, "Radius": 32.200845551688516, "height_m": 26.61, "crown_diameter_m": 19.63, "site_id": 539 }, "geometry": { "type": "Point", "coordinates": [ -73.959772701321512, 40.801683181120673 ] } },
{ "type": "Feature", "properties": { "Height": 76.803749084472699, "Radius": 29.06671662577881, "height_m": 23.41, "crown_diameter_m": 17.72, "site_id": 540 }, "geometry": { "type": "Point", "coordinates": [ -73.960532551751385, 40.801719536681283 ] } },
{ "type": "Feature", "properties": { "Height": 84.309501647949205, "Radius": 42.512162451232911, "height_m": 25.7, "crown_diameter_m": 25.92, "site_id": 541 }, "geometry": { "type": "Point", "coordinates": [ -73.96000289699036, 40.801702992055866 ] } },
{ "type": "Feature", "properties": { "Height": 85.670249938964801, "Radius": 26.797520467958069, "height_m": 26.11, "crown_diameter_m": 16.34, "site_id": 542 }, "geometry": { "type": "Point", "coordinates": [ -73.960254280571419, 40.801739471771796 ] } },
{ "type": "Feature", "properties": { "Height": 57.182498931884801, "Radius": 12.644015989226242, "height_m": 17.43, "crown_diameter_m": 7.71, "site_id": 543 }, "geometry": { "type": "Point", "coordinates": [ -73.960433014422392, 40.801801221943244 ] } },
{ "type": "Feature", "properties": { "Height": 44.882251739502003, "Radius": 16.824299875148917, "height_m": 13.68, "crown_diameter_m": 10.26, "site_id": 544 }, "geometry": { "type": "Point", "coordinates": [ -73.95978226487928, 40.801798220504764 ] } },
{ "type": "Feature", "properties": { "Height": 58.815498352050803, "Radius": 23.304854500749254, "height_m": 17.93, "crown_diameter_m": 14.21, "site_id": 545 }, "geometry": { "type": "Point", "coordinates": [ -73.96067953492738, 40.801776072512354 ] } },
{ "type": "Feature", "properties": { "Height": 26.963249206543001, "Radius": 11.541780077956624, "height_m": 8.22, "crown_diameter_m": 7.04, "site_id": 546 }, "geometry": { "type": "Point", "coordinates": [ -73.959683508611931, 40.801823195566655 ] } },
{ "type": "Feature", "properties": { "Height": 59.085250854492202, "Radius": 14.844191413166604, "height_m": 18.01, "crown_diameter_m": 9.05, "site_id": 547 }, "geometry": { "type": "Point", "coordinates": [ -73.960363957796901, 40.801837705349378 ] } },
{ "type": "Feature", "properties": { "Height": 59.810501098632798, "Radius": 17.894684839384389, "height_m": 18.23, "crown_diameter_m": 10.91, "site_id": 548 }, "geometry": { "type": "Point", "coordinates": [ -73.960258058055061, 40.801829421217995 ] } },
{ "type": "Feature", "properties": { "Height": 68.349502563476605, "Radius": 19.228024672401293, "height_m": 20.83, "crown_diameter_m": 11.72, "site_id": 549 }, "geometry": { "type": "Point", "coordinates": [ -73.96004607515134, 40.801873756048273 ] } },
{ "type": "Feature", "properties": { "Height": 69.149002075195298, "Radius": 20.7238899324784, "height_m": 21.08, "crown_diameter_m": 12.63, "site_id": 550 }, "geometry": { "type": "Point", "coordinates": [ -73.96014577028987, 40.801856045325998 ] } },
{ "type": "Feature", "properties": { "Height": 57.624500274658203, "Radius": 19.37028080176287, "height_m": 17.56, "crown_diameter_m": 11.81, "site_id": 551 }, "geometry": { "type": "Point", "coordinates": [ -73.960803308160479, 40.801851150544941 ] } },
{ "type": "Feature", "properties": { "Height": 81.504501342773395, "Radius": 38.446736323984354, "height_m": 24.84, "crown_diameter_m": 23.44, "site_id": 552 }, "geometry": { "type": "Point", "coordinates": [ -73.959451315403783, 40.801854700027995 ] } },
{ "type": "Feature", "properties": { "Height": 33.469001770019503, "Radius": 13.727325035155394, "height_m": 10.2, "crown_diameter_m": 8.37, "site_id": 553 }, "geometry": { "type": "Point", "coordinates": [ -73.960605816619491, 40.8018665330844 ] } },
{ "type": "Feature", "properties": { "Height": 79.098747253417997, "Radius": 26.636680279337913, "height_m": 24.11, "crown_diameter_m": 16.24, "site_id": 554 }, "geometry": { "type": "Point", "coordinates": [ -73.960498234593274, 40.801949212503672 ] } },
{ "type": "Feature", "properties": { "Height": 81.983749389648395, "Radius": 25.122279491139153, "height_m": 24.99, "crown_diameter_m": 15.31, "site_id": 555 }, "geometry": { "type": "Point", "coordinates": [ -73.959471407354158, 40.80199319933525 ] } },
{ "type": "Feature", "properties": { "Height": 40.780998229980497, "Radius": 21.312630236183175, "height_m": 12.43, "crown_diameter_m": 12.99, "site_id": 556 }, "geometry": { "type": "Point", "coordinates": [ -73.960098992252242, 40.801965217347259 ] } },
{ "type": "Feature", "properties": { "Height": 56.109001159667997, "Radius": 12.27031279816994, "height_m": 17.1, "crown_diameter_m": 7.48, "site_id": 557 }, "geometry": { "type": "Point", "coordinates": [ -73.959595119508677, 40.801962334036801 ] } },
{ "type": "Feature", "properties": { "Height": 45.834251403808601, "Radius": 16.412487355152262, "height_m": 13.97, "crown_diameter_m": 10.01, "site_id": 558 }, "geometry": { "type": "Point", "coordinates": [ -73.960383040987367, 40.801957987956825 ] } },
{ "type": "Feature", "properties": { "Height": 83.744003295898395, "Radius": 24.184590462993484, "height_m": 25.53, "crown_diameter_m": 14.74, "site_id": 559 }, "geometry": { "type": "Point", "coordinates": [ -73.959299656948417, 40.801931948116398 ] } },
{ "type": "Feature", "properties": { "Height": 86.246246337890597, "Radius": 32.158806262222107, "height_m": 26.29, "crown_diameter_m": 19.6, "site_id": 560 }, "geometry": { "type": "Point", "coordinates": [ -73.959353839056007, 40.802069374372444 ] } },
{ "type": "Feature", "properties": { "Height": 73.291496276855497, "Radius": 31.321415504706088, "height_m": 22.34, "crown_diameter_m": 19.09, "site_id": 561 }, "geometry": { "type": "Point", "coordinates": [ -73.960642831411604, 40.801996040182622 ] } },
{ "type": "Feature", "properties": { "Height": 79.328498840332003, "Radius": 13.183216521636506, "height_m": 24.18, "crown_diameter_m": 8.04, "site_id": 562 }, "geometry": { "type": "Point", "coordinates": [ -73.959230335916317, 40.802056432912337 ] } },
{ "type": "Feature", "properties": { "Height": 71.617996215820298, "Radius": 30.018915499836289, "height_m": 21.83, "crown_diameter_m": 18.3, "site_id": 563 }, "geometry": { "type": "Point", "coordinates": [ -73.960389889216003, 40.802077567568148 ] } },
{ "type": "Feature", "properties": { "Height": 59.4375, "Radius": 17.670936544119517, "height_m": 18.12, "crown_diameter_m": 10.77, "site_id": 564 }, "geometry": { "type": "Point", "coordinates": [ -73.960669916290442, 40.802132701944927 ] } },
{ "type": "Feature", "properties": { "Height": 78.651748657226605, "Radius": 24.830752093684207, "height_m": 23.97, "crown_diameter_m": 15.14, "site_id": 565 }, "geometry": { "type": "Point", "coordinates": [ -73.959166650901381, 40.802099361470297 ] } },
{ "type": "Feature", "properties": { "Height": 75.572502136230497, "Radius": 26.079659685341269, "height_m": 23.03, "crown_diameter_m": 15.9, "site_id": 566 }, "geometry": { "type": "Point", "coordinates": [ -73.960508269907066, 40.802226031122608 ] } },
{ "type": "Feature", "properties": { "Height": 76.155250549316406, "Radius": 20.050570721306851, "height_m": 23.21, "crown_diameter_m": 12.22, "site_id": 567 }, "geometry": { "type": "Point", "coordinates": [ -73.960580308558704, 40.802145256710773 ] } },
{ "type": "Feature", "properties": { "Height": 77.941001892089801, "Radius": 35.418346396328545, "height_m": 23.76, "crown_diameter_m": 21.59, "site_id": 568 }, "geometry": { "type": "Point", "coordinates": [ -73.96025149046713, 40.802208744238605 ] } },
{ "type": "Feature", "properties": { "Height": 49.1935005187988, "Radius": 16.485055818207329, "height_m": 14.99, "crown_diameter_m": 10.05, "site_id": 569 }, "geometry": { "type": "Point", "coordinates": [ -73.960405710281265, 40.802207548320361 ] } },
{ "type": "Feature", "properties": { "Height": 75.566001892089801, "Radius": 41.681355049843681, "height_m": 23.03, "crown_diameter_m": 25.41, "site_id": 570 }, "geometry": { "type": "Point", "coordinates": [ -73.959274237256878, 40.802264502410225 ] } },
{ "type": "Feature", "properties": { "Height": 74.149497985839801, "Radius": 37.198025152431654, "height_m": 22.6, "crown_diameter_m": 22.68, "site_id": 571 }, "geometry": { "type": "Point", "coordinates": [ -73.959033095068349, 40.80232526367795 ] } },
{ "type": "Feature", "properties": { "Height": 11.543499946594199, "Radius": 4.2314218766081719, "height_m": 3.52, "crown_diameter_m": 2.58, "site_id": 572 }, "geometry": { "type": "Point", "coordinates": [ -73.960118702181674, 40.802090933823827 ] } },
{ "type": "Feature", "properties": { "Height": 10.3024997711182, "Radius": 7.5799033276272212, "height_m": 3.14, "crown_diameter_m": 4.62, "site_id": 573 }, "geometry": { "type": "Point", "coordinates": [ -73.960077025442629, 40.80205004484921 ] } },
{ "type": "Feature", "properties": { "Height": 6.37849998474121, "Radius": 2.763953195770684, "height_m": 1.94, "crown_diameter_m": 1.68, "site_id": 574 }, "geometry": { "type": "Point", "coordinates": [ -73.960000685938297, 40.801992545839816 ] } },
{ "type": "Feature", "properties": { "Height": 8.03649997711182, "Radius": 2.3936536824085959, "height_m": 2.45, "crown_diameter_m": 1.46, "site_id": 575 }, "geometry": { "type": "Point", "coordinates": [ -73.960252791236996, 40.801959353301363 ] } },
{ "type": "Feature", "properties": { "Height": 29.472749710083001, "Radius": 13.531731671416841, "height_m": 8.98, "crown_diameter_m": 8.25, "site_id": 576 }, "geometry": { "type": "Point", "coordinates": [ -73.959839873963588, 40.801911793512467 ] } },
{ "type": "Feature", "properties": { "Height": 9.6862497329711896, "Radius": 3.6125759969217834, "height_m": 2.95, "crown_diameter_m": 2.2, "site_id": 577 }, "geometry": { "type": "Point", "coordinates": [ -73.960728183677602, 40.801868675701378 ] } },
{ "type": "Feature", "properties": { "Height": 8.1024999618530291, "Radius": 2.326213245840639, "height_m": 2.47, "crown_diameter_m": 1.42, "site_id": 578 }, "geometry": { "type": "Point", "coordinates": [ -73.960146311628222, 40.801614940505289 ] } },
{ "type": "Feature", "properties": { "Height": 9.3492498397827095, "Radius": 3.5233628199729643, "height_m": 2.85, "crown_diameter_m": 2.15, "site_id": 579 }, "geometry": { "type": "Point", "coordinates": [ -73.960179854919616, 40.801597068186553 ] } }
]
}
