{
"type": "FeatureCollection",
"name": "van_cortlandt",
"crs": { "type": "name", "properties": { "name": "urn:ogc:def:crs:OGC:1.3:CRS84" } },
"features": [
{ "type": "Feature", "properties": { "name": "Van Cortlandt Park", "site_id": "van_cortlandt", "area_acres": 635.0, "source": "NYC Parks Properties (enfh-gkve)" }, "geometry": { "type": "MultiPolygon", "coordinates": [ [ [ [ -73.895226968158383, 40.885837823839502 ], [ -73.895176753897303, 40.885847933934407 ], [ -73.895127018128932, 40.885859333938917 ], [ -73.895077824945645, 40.885872009504148 ], [ -73.895055775340495, 40.885878273953828 ], [ -73.895034023832494, 40.88588511047935 ], [ -73.895012591788515, 40.885892512796872 ], [ -73.894999033581186, 40.88589762783392 ], [ -73.894991511267108, 40.88590046652795 ], [ -73.894970800072855, 40.885908967186616 ], [ -73.894950489079108, 40.885917999492811 ], [ -73.894930598466559, 40.885927557161722 ], [ -73.894911147233543, 40.885937631206026 ], [ -73.894892167444354, 40.885948203645427 ], [ -73.89487367691676, 40.885959261889518 ], [ -73.894855700581758, 40.885970796956414 ], [ -73.894838251509611, 40.885982797151861 ], [ -73.894821360578405, 40.885995244494644 ], [ -73.894805037313105, 40.886008118282376 ], [ -73.894789312566203, 40.886021416742494 ], [ -73.894774188749409, 40.886035115564347 ], [ -73.894759703857218, 40.88604919857395 ], [ -73.894745859100667, 40.886063650464408 ], [ -73.89473479744953, 40.886076161641562 ], [ -73.894724319118239, 40.886088956102419 ], [ -73.894714432432608, 40.88610202124795 ], [ -73.894705146912216, 40.8861153399777 ], [ -73.894696480388063, 40.886128891596904 ], [ -73.894688441180392, 40.886142667108501 ], [ -73.894681036441497, 40.886156645807823 ], [ -73.894674279250623, 40.88617081059779 ], [ -73.89466748922338, 40.886186976238342 ], [ -73.894649013381922, 40.88625159539508 ], [ -73.89464769565086, 40.886258762965141 ], [ -73.894644760483331, 40.886275784883246 ], [ -73.894639338390803, 40.886279299035053 ], [ -73.894631537644784, 40.886278103271998 ], [ -73.894619348070904, 40.886258095040567 ], [ -73.894610645956917, 40.886240184523707 ], [ -73.894602704727632, 40.886222076593832 ], [ -73.894595550481867, 40.886203773976504 ], [ -73.894589171300922, 40.886185309978949 ], [ -73.89458763575027, 40.886180184808481 ], [ -73.894583592079897, 40.886166698131291 ], [ -73.89457880447388, 40.886147962739187 ], [ -73.894574817960176, 40.886129112816256 ], [ -73.894571640799541, 40.886110176285193 ], [ -73.894569270584029, 40.886091174755578 ], [ -73.894567704224571, 40.886071811064028 ], [ -73.894566914071518, 40.886049318890812 ], [ -73.894567148400029, 40.886026507080167 ], [ -73.894568424475708, 40.886003710628742 ], [ -73.894570739863042, 40.88598096825524 ], [ -73.894574088601189, 40.885958297063397 ], [ -73.894578467082411, 40.885935726765929 ], [ -73.894583875261475, 40.885913285277717 ], [ -73.89459030360365, 40.885890998704006 ], [ -73.894597739009171, 40.885868896748754 ], [ -73.894606180259132, 40.885846999221386 ], [ -73.894624957943535, 40.8858007556708 ], [ -73.894642786560993, 40.885755897099308 ], [ -73.8946576456337, 40.885719805653174 ], [ -73.89466095535164, 40.88571349626298 ], [ -73.894663863400211, 40.885709078428427 ], [ -73.89466716631452, 40.885704815837812 ], [ -73.894670841500655, 40.88570073998757 ], [ -73.89467542004391, 40.88569640291994 ], [ -73.894681556264885, 40.885691459445006 ], [ -73.894683353410969, 40.885690236423095 ], [ -73.895359152435617, 40.885817825082107 ], [ -73.89532860786403, 40.885821506490629 ], [ -73.895277606324811, 40.885829009907447 ], [ -73.895226968158383, 40.885837823839502 ] ] ], [ [ [ -73.895804034038363, 40.885901815211959 ], [ -73.896306323140209, 40.885995068090317 ], [ -73.896306266126516, 40.885995106760014 ], [ -73.896174191456566, 40.886082393751863 ], [ -73.896040074865894, 40.886167877779421 ], [ -73.895806119613439, 40.886320680182529 ], [ -73.895800120281848, 40.88632460358906 ], [ -73.895786841238859, 40.886333275891715 ], [ -73.895528870492058, 40.886494391846512 ], [ -73.895512235618241, 40.886504723377833 ], [ -73.895495137498827, 40.886514612348535 ], [ -73.895477597507281, 40.886524048872353 ], [ -73.895459644144694, 40.886533017666665 ], [ -73.895441285735387, 40.886541507032469 ], [ -73.895422556697639, 40.88654951159787 ], [ -73.895403465355926, 40.886557019663883 ], [ -73.89538404969673, 40.886564020458948 ], [ -73.89536432752692, 40.886570508596087 ], [ -73.895344319037875, 40.886576471486642 ], [ -73.895324049151512, 40.88658190645166 ], [ -73.895303545169895, 40.886586806311882 ], [ -73.895282829646234, 40.886591165684671 ], [ -73.895261927509566, 40.886594977388661 ], [ -73.895240864874182, 40.886598235144056 ], [ -73.895227626272018, 40.886599988081208 ], [ -73.895214315822628, 40.886601403269282 ], [ -73.895200950149103, 40.886602473519318 ], [ -73.895187549420001, 40.886603200650669 ], [ -73.895180880773296, 40.886603390000438 ], [ -73.895174121941196, 40.886603584670873 ], [ -73.895162381082528, 40.886603620832723 ], [ -73.895144717743477, 40.886603199569151 ], [ -73.895133838006359, 40.886602677308282 ], [ -73.895120464902831, 40.886601687229394 ], [ -73.895107142175632, 40.886600354109376 ], [ -73.895093884054873, 40.886598683364113 ], [ -73.895080713090564, 40.886596671412278 ], [ -73.895067637577384, 40.886594325465211 ], [ -73.895054665822585, 40.886591644630059 ], [ -73.8950418310381, 40.886588636140928 ], [ -73.895029133228306, 40.886585297296421 ], [ -73.895016586614815, 40.886581638915388 ], [ -73.895004216117869, 40.886577659219554 ], [ -73.894992030034786, 40.886573363619419 ], [ -73.894980037849493, 40.886568757526597 ], [ -73.894968256158009, 40.886563850861606 ], [ -73.894956702759899, 40.886558642740184 ], [ -73.89494538594677, 40.886553142174854 ], [ -73.894934322316047, 40.886547358185673 ], [ -73.894923518989799, 40.886541288978215 ], [ -73.89491299374194, 40.886534949876967 ], [ -73.894902754868312, 40.886528347192957 ], [ -73.894892816608817, 40.886521480038802 ], [ -73.894882387360155, 40.886513713751171 ], [ -73.89487231924646, 40.886505678546072 ], [ -73.894862620557774, 40.886497384336451 ], [ -73.894853306696277, 40.886488845544278 ], [ -73.894844378842777, 40.886480065772666 ], [ -73.894835864267549, 40.88647105765331 ], [ -73.894827754650549, 40.886461830183649 ], [ -73.894820074877472, 40.88645240319709 ], [ -73.894812822578103, 40.886442774890568 ], [ -73.894806014332417, 40.886432965090037 ], [ -73.894799651313946, 40.886422981901035 ], [ -73.894793747736784, 40.886412840644766 ], [ -73.894790573772198, 40.886406831507117 ], [ -73.894788310705636, 40.886402550332711 ], [ -73.894783339015277, 40.886392122670166 ], [ -73.894778840947112, 40.886381572972965 ], [ -73.894774828349057, 40.886370912057842 ], [ -73.894771300018718, 40.886360149829052 ], [ -73.894768263046558, 40.886349304302897 ], [ -73.894765656240182, 40.886338054850391 ], [ -73.89476354075164, 40.886326747314136 ], [ -73.894761920124608, 40.886315391602764 ], [ -73.894760793149572, 40.886304002122976 ], [ -73.894760160994139, 40.88629259058213 ], [ -73.894760031945395, 40.886281168694133 ], [ -73.894760397671618, 40.886269752660155 ], [ -73.89476126172363, 40.886258347886383 ], [ -73.894762620512978, 40.886246972379176 ], [ -73.894764475210451, 40.886235636045043 ], [ -73.894766822230352, 40.886224355089333 ], [ -73.894769667489498, 40.886213139422857 ], [ -73.894772986050569, 40.886202001629599 ], [ -73.894776798074375, 40.886190948031349 ], [ -73.894781088103016, 40.886179999325137 ], [ -73.894785851368709, 40.886169169013812 ], [ -73.894791085493992, 40.886158459796668 ], [ -73.894796783336702, 40.886147886074902 ], [ -73.894802960335696, 40.886137438857666 ], [ -73.894809611676365, 40.886127161363838 ], [ -73.894816730220754, 40.886117065293128 ], [ -73.894824310013348, 40.886107165047861 ], [ -73.894832333240444, 40.886097470517008 ], [ -73.894836375783242, 40.886092947454699 ], [ -73.894840803442875, 40.886087993410058 ], [ -73.894849699251751, 40.886078740911366 ], [ -73.894859014698667, 40.886069735527514 ], [ -73.894868734351647, 40.886060981746809 ], [ -73.894878852275099, 40.886052481364693 ], [ -73.894889351813447, 40.88604426228099 ], [ -73.894900223478828, 40.886036321785504 ], [ -73.89491145538031, 40.886028676076052 ], [ -73.89492321024143, 40.886021218142787 ], [ -73.894934926294241, 40.88601428965903 ], [ -73.8949415196291, 40.886010663998427 ], [ -73.894947145101739, 40.886007570544571 ], [ -73.894959662394925, 40.886001178577054 ], [ -73.894988659010792, 40.885987504059521 ], [ -73.895018251259842, 40.885974575679228 ], [ -73.895048396392241, 40.885962415909098 ], [ -73.895079065910835, 40.88595103823004 ], [ -73.895110226576605, 40.88594045341727 ], [ -73.895141839215256, 40.885930674041639 ], [ -73.895168930277549, 40.885922970674621 ], [ -73.895196324046211, 40.885915925831739 ], [ -73.895223995602066, 40.885909541291156 ], [ -73.895251923570015, 40.885903828739586 ], [ -73.895259367566496, 40.885902493769976 ], [ -73.895280075916119, 40.885898787247271 ], [ -73.895308420596422, 40.885894422187931 ], [ -73.895336935057898, 40.885890739844371 ], [ -73.895365594380152, 40.885887742895306 ], [ -73.895394354652737, 40.885885437604294 ], [ -73.895456259749849, 40.885882116866931 ], [ -73.895518274104006, 40.885880240575602 ], [ -73.895580327700202, 40.885879817671743 ], [ -73.895642371897836, 40.885880846310307 ], [ -73.895704347378953, 40.885883323736216 ], [ -73.89573855242935, 40.885889452733501 ], [ -73.895804034038363, 40.885901815211959 ] ] ], [ [ [ -73.894518665010551, 40.886144321157602 ], [ -73.894520221302329, 40.886162543923952 ], [ -73.894522586889579, 40.886180716102103 ], [ -73.894525755870305, 40.886198818776315 ], [ -73.894529736588012, 40.886216828541492 ], [ -73.894534513651266, 40.886234724672384 ], [ -73.894537452084876, 40.886244082511297 ], [ -73.894540090650352, 40.886252488261889 ], [ -73.894546451001489, 40.886270102185549 ], [ -73.894553597119753, 40.886287540331253 ], [ -73.89456151123639, 40.886304784672973 ], [ -73.894570188634233, 40.886321817196489 ], [ -73.894579623418352, 40.886338614483549 ], [ -73.894589798997728, 40.886355163912107 ], [ -73.894600708296323, 40.886371438460827 ], [ -73.894612338275692, 40.886387430013244 ], [ -73.89462466762707, 40.886403107933191 ], [ -73.894637686869899, 40.886418465007871 ], [ -73.894650211562364, 40.886432180042817 ], [ -73.894665753645015, 40.886448126534049 ], [ -73.894680759696143, 40.886462401231171 ], [ -73.894704606257349, 40.88648365825879 ], [ -73.894722647392214, 40.886498741654464 ], [ -73.894729332977647, 40.886504334369981 ], [ -73.894754898364056, 40.886524407014065 ], [ -73.894781279902503, 40.886543857259767 ], [ -73.894814971603367, 40.886566379417097 ], [ -73.894848656200637, 40.886588906060439 ], [ -73.89485926728625, 40.886595739612694 ], [ -73.894870174258955, 40.886602296984165 ], [ -73.894881371204477, 40.886608566463046 ], [ -73.894892847449697, 40.88661454443757 ], [ -73.894904585213538, 40.886620220085604 ], [ -73.894916569083705, 40.886625585288698 ], [ -73.894928789566407, 40.886630640938591 ], [ -73.894941228877656, 40.886635378014162 ], [ -73.894953870425738, 40.886639783893479 ], [ -73.894966707084109, 40.886643863072393 ], [ -73.894979722253964, 40.886647607431335 ], [ -73.894992892217132, 40.886651008844339 ], [ -73.895006213405281, 40.886654072710954 ], [ -73.895019659741394, 40.886656781898253 ], [ -73.895033225275625, 40.886659147206529 ], [ -73.895046887479026, 40.886661158709998 ], [ -73.895060630930828, 40.886662813693036 ], [ -73.895074440214202, 40.886664106738856 ], [ -73.895088302260049, 40.886665048641191 ], [ -73.895102200475051, 40.886665627678767 ], [ -73.895116111125361, 40.886665845630908 ], [ -73.895130023529077, 40.88666570428888 ], [ -73.89514392345464, 40.886665199137319 ], [ -73.895159644245297, 40.886664241792921 ], [ -73.895199531785792, 40.886662219504259 ], [ -73.895219667792716, 40.886661196822992 ], [ -73.895243641645166, 40.886659808421967 ], [ -73.895252582778568, 40.886658702634769 ], [ -73.895263823162324, 40.886657010915599 ], [ -73.895274980943199, 40.886655030064247 ], [ -73.895286043062043, 40.88665276457138 ], [ -73.895297003581845, 40.886650217132996 ], [ -73.895307838771558, 40.886647387727677 ], [ -73.89531854506734, 40.886644279053655 ], [ -73.895329102277998, 40.886640903699487 ], [ -73.895339506860921, 40.886637250856083 ], [ -73.895349740988038, 40.886633339417656 ], [ -73.89535979280673, 40.886629161269056 ], [ -73.895369650431689, 40.886624729006364 ], [ -73.89537930674075, 40.886620044424191 ], [ -73.895394123594343, 40.886613668902299 ], [ -73.895409587544236, 40.886607016615024 ], [ -73.895439353237464, 40.886593323772324 ], [ -73.895468580069405, 40.886578978481737 ], [ -73.895497244291732, 40.886563991528043 ], [ -73.895525325707467, 40.886548379102067 ], [ -73.895552788701821, 40.886532152878402 ], [ -73.895599903298475, 40.886502963912932 ], [ -73.895647017853719, 40.886473774928056 ], [ -73.895677622299928, 40.886455557837671 ], [ -73.895703599664984, 40.886440094748131 ], [ -73.89572579556426, 40.886426878552157 ], [ -73.895760179048708, 40.886406412737131 ], [ -73.895594906999492, 40.886525496767717 ], [ -73.895425025885913, 40.886640779032668 ], [ -73.895225378790386, 40.886767234279418 ], [ -73.895025537819023, 40.886893505303043 ], [ -73.894826900308914, 40.887012354366021 ], [ -73.894624735243397, 40.887127727589608 ], [ -73.894517548626013, 40.887185921766978 ], [ -73.89440089210963, 40.887249252559741 ], [ -73.894357445996491, 40.887271265713544 ], [ -73.894298092361225, 40.887299619016311 ], [ -73.894301256871159, 40.887128736626011 ], [ -73.894313838576423, 40.88695810418362 ], [ -73.894335814385144, 40.886788020626483 ], [ -73.894367146970993, 40.886618783075782 ], [ -73.894407781209608, 40.886450689534541 ], [ -73.894457645376121, 40.886284032585706 ], [ -73.894516652323389, 40.88611910479591 ], [ -73.894518665010551, 40.886144321157602 ] ] ], [ [ [ -73.894483822314484, 40.88565256513197 ], [ -73.894545686834689, 40.885664245151197 ], [ -73.8945457352754, 40.885665871474195 ], [ -73.894545610295538, 40.885674348540611 ], [ -73.894545097346182, 40.885682810844713 ], [ -73.894544198798926, 40.885691259289231 ], [ -73.894542909931744, 40.885699678561544 ], [ -73.894541245002685, 40.885708056067791 ], [ -73.894539200457871, 40.88571638820288 ], [ -73.894523280455118, 40.885761525852772 ], [ -73.894517591610025, 40.885777639363319 ], [ -73.894459574045641, 40.885942125929496 ], [ -73.894372415179589, 40.886166252932824 ], [ -73.894326475211003, 40.886267682201641 ], [ -73.894276188347987, 40.886367919727199 ], [ -73.8942216164467, 40.886466856601828 ], [ -73.894162817800691, 40.886564386615476 ], [ -73.894099850697543, 40.886660408060351 ], [ -73.894032785298691, 40.886754814736712 ], [ -73.893943620986136, 40.886877823929403 ], [ -73.893849832011824, 40.886998830618516 ], [ -73.89375149563277, 40.887117742113979 ], [ -73.893743652119639, 40.88712691985441 ], [ -73.893649436402384, 40.887233127390715 ], [ -73.893550829106317, 40.887337017449028 ], [ -73.89344792770315, 40.887438474845951 ], [ -73.893391896498116, 40.887490120926557 ], [ -73.893333792084832, 40.8875404179363 ], [ -73.893273654868693, 40.887589326287902 ], [ -73.893211548999503, 40.887636798311917 ], [ -73.893147537439958, 40.887682787238148 ], [ -73.893072223063157, 40.887733671507505 ], [ -73.892994722467321, 40.887782630262002 ], [ -73.892915124736149, 40.887829607749886 ], [ -73.892833516575365, 40.887874551819039 ], [ -73.892776875377109, 40.887903665965752 ], [ -73.892719144543747, 40.887931508485721 ], [ -73.892660360889664, 40.887958061401918 ], [ -73.89260058378737, 40.887983298653836 ], [ -73.892539855993363, 40.888007196867186 ], [ -73.892478234485608, 40.888029743486669 ], [ -73.892427414603375, 40.888047662636481 ], [ -73.892376883162711, 40.88806549918808 ], [ -73.892326518041344, 40.888083195396831 ], [ -73.892052201582118, 40.888169645193805 ], [ -73.891910318764786, 40.888211411138187 ], [ -73.891775273681901, 40.888251162628372 ], [ -73.891495892269276, 40.888327709109383 ], [ -73.89121421291425, 40.888399238841103 ], [ -73.89089423229683, 40.888479734748181 ], [ -73.890878428932126, 40.888483710763801 ], [ -73.890542087322189, 40.888566905191475 ], [ -73.890205207086908, 40.888648822137434 ], [ -73.889946137223873, 40.88871052616269 ], [ -73.88968687660477, 40.888771769275507 ], [ -73.889645658471792, 40.888780338523617 ], [ -73.889604073101964, 40.888787824120911 ], [ -73.88956217508877, 40.888794220716399 ], [ -73.889520010725519, 40.888799519349156 ], [ -73.889434549858208, 40.88881375885088 ], [ -73.889348547687987, 40.888825971676695 ], [ -73.889262083738089, 40.888836148896793 ], [ -73.889175245842537, 40.888844278888151 ], [ -73.889088118260574, 40.888850359029448 ], [ -73.889000781710038, 40.888854375890411 ], [ -73.888913324005756, 40.888856329554976 ], [ -73.88884454362497, 40.888859360112505 ], [ -73.888786513252427, 40.888861916525599 ], [ -73.888775762052788, 40.888862389727429 ], [ -73.888706982847523, 40.888865419303634 ], [ -73.888638202452384, 40.888868447036735 ], [ -73.888569422043489, 40.888871479231319 ], [ -73.88852310997342, 40.88887211257974 ], [ -73.888476855179846, 40.888873968825045 ], [ -73.888430712238275, 40.888877050721526 ], [ -73.888384740485634, 40.888881352023276 ], [ -73.888338995699101, 40.888886866481108 ], [ -73.888293532461958, 40.888893592347081 ], [ -73.888248403003828, 40.888901516164864 ], [ -73.888203667851556, 40.888910629889011 ], [ -73.888159379230501, 40.88892092276479 ], [ -73.888115586997642, 40.888932381333767 ], [ -73.888072351686091, 40.888944993948854 ], [ -73.888029720787344, 40.888958742647013 ], [ -73.887987750093245, 40.888973613075308 ], [ -73.887946489473265, 40.888989584571604 ], [ -73.887905986416399, 40.889006640974124 ], [ -73.887870642704186, 40.88902222737817 ], [ -73.887836034290643, 40.889038733882145 ], [ -73.887802199177344, 40.889056141613523 ], [ -73.887769180118468, 40.889074428102305 ], [ -73.887771616896288, 40.889050102939315 ], [ -73.887784270692862, 40.888889787292399 ], [ -73.88779103579887, 40.888729263305613 ], [ -73.887791901362093, 40.888568658838501 ], [ -73.887784841048344, 40.888357192603614 ], [ -73.887771903111314, 40.888183335756587 ], [ -73.887769212530287, 40.888147163309682 ], [ -73.887744769910029, 40.887935270431981 ], [ -73.887711798901876, 40.887725223345711 ], [ -73.887670245453137, 40.88751605306777 ], [ -73.887658776013467, 40.887463508431857 ], [ -73.887647590126065, 40.887410994686832 ], [ -73.887636405439764, 40.887358482742343 ], [ -73.887625219584649, 40.887305970795111 ], [ -73.887614037309859, 40.88725345704875 ], [ -73.887602852679649, 40.887200943298495 ], [ -73.887591665690977, 40.887148431345324 ], [ -73.88758591445297, 40.887121086976705 ], [ -73.887580324503418, 40.887094495571318 ], [ -73.887568982147727, 40.887040559794492 ], [ -73.887557640998537, 40.886986623116705 ], [ -73.887546296308088, 40.886932686433767 ], [ -73.887534955197225, 40.886878748852197 ], [ -73.887523611730145, 40.886824812167099 ], [ -73.887512268278385, 40.886770877281357 ], [ -73.887502065682924, 40.886721512574283 ], [ -73.887491863098049, 40.886672150567321 ], [ -73.887481659344843, 40.886622786756895 ], [ -73.887471457978364, 40.886573423847899 ], [ -73.887461254255413, 40.886524060034802 ], [ -73.887451051731148, 40.886474698022411 ], [ -73.887440849228128, 40.886425332406752 ], [ -73.887430914072084, 40.886377154792221 ], [ -73.887420976560364, 40.886328975373104 ], [ -73.887411037874998, 40.886280796852041 ], [ -73.887401105136718, 40.886232618335463 ], [ -73.887391168853242, 40.886184439814144 ], [ -73.887381231400653, 40.886136259489419 ], [ -73.887371295147503, 40.886088080065051 ], [ -73.887361358907242, 40.886039901539867 ], [ -73.887350732414859, 40.885989449511541 ], [ -73.887344244489228, 40.885958635731335 ], [ -73.887340110686296, 40.885938996585899 ], [ -73.887329485423408, 40.885888538252445 ], [ -73.887318861352497, 40.885838086222066 ], [ -73.887308236114237, 40.885787632388109 ], [ -73.887297609708611, 40.885737176750574 ], [ -73.887286988060652, 40.885686723817727 ], [ -73.887275774122941, 40.885634308144489 ], [ -73.887264560193742, 40.885581897872527 ], [ -73.88725334984791, 40.885529484000557 ], [ -73.887242134773686, 40.885477070122356 ], [ -73.887230923279702, 40.885424654445046 ], [ -73.887219711800398, 40.885372240567079 ], [ -73.887208497961126, 40.885319829386717 ], [ -73.887197839973339, 40.885268495730067 ], [ -73.887191461381619, 40.885233466865493 ], [ -73.887186693145338, 40.885198290993976 ], [ -73.887183545873413, 40.885163007747572 ], [ -73.887182019479312, 40.88512766665302 ], [ -73.887182118646706, 40.885092302833989 ], [ -73.887183839726561, 40.885056967614673 ], [ -73.887187181470097, 40.88502169611273 ], [ -73.8871921426027, 40.884986538754028 ], [ -73.887198712388212, 40.884951527945461 ], [ -73.887206889545979, 40.884916717714638 ], [ -73.887216658592507, 40.884882141364145 ], [ -73.887228009956871, 40.884847843908581 ], [ -73.887240928139022, 40.88481386855571 ], [ -73.887255396452275, 40.884780258512038 ], [ -73.887269888721107, 40.884750005504607 ], [ -73.887285607212092, 40.88472011298694 ], [ -73.887302537649134, 40.884690602556276 ], [ -73.887320668113972, 40.884661504817018 ], [ -73.887339976013095, 40.884632848562077 ], [ -73.887360444691552, 40.884604658988295 ], [ -73.887382057493056, 40.884576962192938 ], [ -73.88738929136224, 40.884567996800023 ], [ -73.887417000986687, 40.884533640542564 ], [ -73.88742040393204, 40.884529402568759 ], [ -73.887419859924819, 40.88452904994773 ], [ -73.887458954454843, 40.884477601837325 ], [ -73.887486143156821, 40.884446736242388 ], [ -73.887518428248441, 40.884410726623742 ], [ -73.887550717659664, 40.884372142508113 ], [ -73.887574067675189, 40.884347755757027 ], [ -73.887857987039709, 40.884401379506507 ], [ -73.888001984653656, 40.884428575353198 ], [ -73.894363106200814, 40.885629773257016 ], [ -73.894483822314484, 40.88565256513197 ] ] ], [ [ [ -73.899358239270796, 40.886815541742664 ], [ -73.89932284397679, 40.886741591753285 ], [ -73.899279475005741, 40.886670128241008 ], [ -73.899228430632434, 40.886601648525797 ], [ -73.899170063747164, 40.886536623860231 ], [ -73.899531859409194, 40.88660480540004 ], [ -73.899385413647892, 40.886891469226043 ], [ -73.899358239270796, 40.886815541742664 ] ] ], [ [ [ -73.894256403760778, 40.886570267921407 ], [ -73.894249851260554, 40.88659664887188 ], [ -73.894222275244672, 40.886730670010479 ], [ -73.894200863427997, 40.886834732204946 ], [ -73.894191190954402, 40.88691734116248 ], [ -73.894183741420719, 40.886980959998176 ], [ -73.894168487956676, 40.887127310163379 ], [ -73.894154182602747, 40.887284761486782 ], [ -73.894151737413054, 40.887326310383941 ], [ -73.894151020372803, 40.887338461789007 ], [ -73.894148780004016, 40.887376566513495 ], [ -73.89409184509357, 40.887405217287423 ], [ -73.893796604426001, 40.887542708706512 ], [ -73.893498981880413, 40.887676759113873 ], [ -73.893299762624196, 40.887760865140983 ], [ -73.893149079682459, 40.887821011502808 ], [ -73.893109875477279, 40.88783665987355 ], [ -73.893097995129935, 40.887841398035484 ], [ -73.892844414622445, 40.887938917885833 ], [ -73.892587274301889, 40.888030910283078 ], [ -73.892732051538474, 40.887967809175102 ], [ -73.892879044880161, 40.88790772657056 ], [ -73.892932757111296, 40.887883338110136 ], [ -73.892985357321194, 40.88785758345653 ], [ -73.893036777814686, 40.887830499468443 ], [ -73.893086965160236, 40.887802107709703 ], [ -73.893135854039258, 40.88777244324023 ], [ -73.893183398112797, 40.887741544739846 ], [ -73.893209056833086, 40.887724204405714 ], [ -73.893250049463703, 40.887696501945193 ], [ -73.893314846225508, 40.887649923869532 ], [ -73.893377726618738, 40.887601859085152 ], [ -73.893438630062704, 40.887552348961506 ], [ -73.893497500703262, 40.887501447479458 ], [ -73.89355428271007, 40.887449194211882 ], [ -73.893645132094903, 40.887357417550213 ], [ -73.893732654716317, 40.887263796258409 ], [ -73.893816793507384, 40.887168405031829 ], [ -73.893854989332169, 40.887127022294329 ], [ -73.893895481497864, 40.887080173001273 ], [ -73.893933969886007, 40.887032356530952 ], [ -73.893970412885395, 40.886983625975937 ], [ -73.894004778383447, 40.886934030835242 ], [ -73.894037027132782, 40.886883630506901 ], [ -73.894092928043364, 40.886802159879593 ], [ -73.894146138201165, 40.886719655699572 ], [ -73.894196623111043, 40.886636176470475 ], [ -73.894242922647976, 40.886543952361585 ], [ -73.894286067262513, 40.886450852771816 ], [ -73.894273994093922, 40.886499450872101 ], [ -73.89426784643841, 40.88652420051335 ], [ -73.894261922092824, 40.886548049872282 ], [ -73.894256403760778, 40.886570267921407 ] ] ], [ [ [ -73.885249072484115, 40.89915917372614 ], [ -73.885183052024757, 40.899064158304377 ], [ -73.88512097560826, 40.898967624048488 ], [ -73.885062900025673, 40.898869663771258 ], [ -73.885008891548267, 40.89877037749838 ], [ -73.884958991532187, 40.898669860728155 ], [ -73.884913255578311, 40.898568206271101 ], [ -73.884871726211856, 40.898465518630829 ], [ -73.884825349596454, 40.898345425173936 ], [ -73.884782975150145, 40.898224478428624 ], [ -73.884744631186038, 40.898102763973434 ], [ -73.884707406920455, 40.897968469049609 ], [ -73.884703465501573, 40.897954245560463 ], [ -73.884699954538704, 40.897941582140433 ], [ -73.884662426460096, 40.89777935566115 ], [ -73.884657916193731, 40.897755116411119 ], [ -73.884642238495687, 40.897670838793125 ], [ -73.88463208693139, 40.897616267380926 ], [ -73.884630062336271, 40.89760192333793 ], [ -73.884620320378644, 40.897532901354786 ], [ -73.884608972379795, 40.897452495637722 ], [ -73.884593112097377, 40.89728822686557 ], [ -73.884584521128048, 40.897123651084684 ], [ -73.884583208608433, 40.896958943000058 ], [ -73.884587789314267, 40.896822278297776 ], [ -73.884597751487263, 40.896685777456895 ], [ -73.884613083011587, 40.89654956473094 ], [ -73.884633769407515, 40.896413758967334 ], [ -73.884659800941151, 40.896278479917967 ], [ -73.884691142944135, 40.896143855413584 ], [ -73.884754149149501, 40.895913737266 ], [ -73.884766263298502, 40.895875252725673 ], [ -73.88482610713757, 40.895685135417978 ], [ -73.884906960687687, 40.895458256908533 ], [ -73.884996633439627, 40.895233290745075 ], [ -73.885095049014964, 40.895010438540098 ], [ -73.885098010114618, 40.895004080460531 ], [ -73.885098224516796, 40.895003618725049 ], [ -73.885098242380892, 40.895003581822941 ], [ -73.885098272160164, 40.895003517017642 ], [ -73.885114761877659, 40.894968110145463 ], [ -73.88512156023225, 40.89495379649594 ], [ -73.88513496517902, 40.894925572422125 ], [ -73.885155172016056, 40.894883033797989 ], [ -73.885175376455464, 40.894840494267122 ], [ -73.88519558205256, 40.894797956534525 ], [ -73.885208771030847, 40.894772439995457 ], [ -73.885220520486001, 40.894749709925613 ], [ -73.885245457693486, 40.894701465110693 ], [ -73.885270398423231, 40.894653221193941 ], [ -73.885295335558311, 40.894604976367326 ], [ -73.885320273840719, 40.894556733337097 ], [ -73.885345210908056, 40.894508485797346 ], [ -73.885369468109829, 40.89446428705881 ], [ -73.885393722902862, 40.894420090113385 ], [ -73.885417981223725, 40.894375893166007 ], [ -73.885442234764042, 40.894331697108981 ], [ -73.885466489460313, 40.894287500147172 ], [ -73.885490746503891, 40.894243299580317 ], [ -73.885515452821664, 40.894197978349453 ], [ -73.885540151996551, 40.894152650802475 ], [ -73.885564851134717, 40.894107325050783 ], [ -73.885589551428879, 40.894061997493651 ], [ -73.885614250499614, 40.894016671730661 ], [ -73.885633755693391, 40.893980877856109 ], [ -73.885685677380735, 40.893885596706859 ], [ -73.885720262822431, 40.893822109816426 ], [ -73.885743409468404, 40.893779595603206 ], [ -73.885770916662423, 40.893729039863565 ], [ -73.885798428556669, 40.893678486823049 ], [ -73.885825938041904, 40.89362793017127 ], [ -73.885853449850856, 40.893577378017163 ], [ -73.885880959255488, 40.893526819550331 ], [ -73.885908465049027, 40.893476266475815 ], [ -73.88593597673713, 40.893425711599178 ], [ -73.885963487199788, 40.893375154913358 ], [ -73.885990998801105, 40.893324601823643 ], [ -73.886017653247549, 40.893275634535797 ], [ -73.886044305276741, 40.893226669940539 ], [ -73.886070964391237, 40.893177702644174 ], [ -73.886097618719873, 40.893128735336568 ], [ -73.88612427181792, 40.893079770722643 ], [ -73.886150927254633, 40.893030803402972 ], [ -73.886177581462363, 40.892981837876498 ], [ -73.886204236820532, 40.892932870543632 ], [ -73.886230494836951, 40.892884464715571 ], [ -73.886256756376625, 40.892836057984056 ], [ -73.88628301432118, 40.892787649441686 ], [ -73.886309273418746, 40.892739238192625 ], [ -73.886335531282171, 40.892690832338843 ], [ -73.886361795048273, 40.892642421982153 ], [ -73.88638805164706, 40.892594017014886 ], [ -73.886414310587, 40.89254560844158 ], [ -73.886416550911704, 40.89254147741746 ], [ -73.886440570673869, 40.892497200763593 ], [ -73.886466828350706, 40.892448792176324 ], [ -73.88647755138966, 40.892429026258817 ], [ -73.886493089547628, 40.892400384486642 ], [ -73.886519897599769, 40.892351368599961 ], [ -73.886546705606222, 40.892302356308555 ], [ -73.886573513580828, 40.892253339508024 ], [ -73.886600320327702, 40.892204323600119 ], [ -73.886627130593396, 40.892155308589551 ], [ -73.886653936068484, 40.892106296269127 ], [ -73.88668074744173, 40.892057281246338 ], [ -73.88670755640527, 40.892008264413604 ], [ -73.886714617064072, 40.89199562672416 ], [ -73.88673462900627, 40.891959800731129 ], [ -73.886781046876081, 40.891880209120266 ], [ -73.886877682285686, 40.891714507345448 ], [ -73.887029231651184, 40.891472174780134 ], [ -73.887189177074333, 40.891232967693306 ], [ -73.88733557341051, 40.891028259169431 ], [ -73.887490208673128, 40.890827068577323 ], [ -73.887652940084166, 40.890629593852211 ], [ -73.887686605885335, 40.890590690506805 ], [ -73.887724029892183, 40.89054952968695 ], [ -73.887761457412452, 40.890508368858121 ], [ -73.887777549227309, 40.890490669245693 ], [ -73.887798881331165, 40.890467205311886 ], [ -73.887836308758736, 40.890426044458145 ], [ -73.88787373258171, 40.890384882687989 ], [ -73.887912258380652, 40.890342511722501 ], [ -73.88799372982119, 40.89025642691405 ], [ -73.888029088166931, 40.890217731320043 ], [ -73.888037953009999, 40.890208029078998 ], [ -73.888078405518385, 40.890163618524106 ], [ -73.888118859154702, 40.890119210657289 ], [ -73.888159311548932, 40.89007480367529 ], [ -73.888199374216953, 40.890032085612894 ], [ -73.888271583040392, 40.889958277862384 ], [ -73.888346825241726, 40.889886235251012 ], [ -73.888425030674938, 40.889816036947906 ], [ -73.88850611617292, 40.889747744099793 ], [ -73.888590006853278, 40.889681431368736 ], [ -73.88867661361526, 40.889617161696854 ], [ -73.888785376924062, 40.889541139454757 ], [ -73.888834003701106, 40.889509051552558 ], [ -73.88890979889409, 40.889459036790655 ], [ -73.889037421914182, 40.88937981232062 ], [ -73.889168129582544, 40.889303538861739 ], [ -73.889218454716513, 40.889276008886576 ], [ -73.889269980839359, 40.889249780343377 ], [ -73.889322641446896, 40.889224887385133 ], [ -73.889376377165519, 40.889201357868593 ], [ -73.889431130997878, 40.889179217851684 ], [ -73.889551832803932, 40.889133499569475 ], [ -73.889674559349515, 40.889090997831325 ], [ -73.889799158688518, 40.889051759310973 ], [ -73.889925482433071, 40.889015832487281 ], [ -73.89025087201064, 40.88893657537762 ], [ -73.890576678052597, 40.888858302876862 ], [ -73.890882304874523, 40.888785515053222 ], [ -73.89118574303194, 40.888707620401497 ], [ -73.89148683933287, 40.888624656615164 ], [ -73.891710281982526, 40.888556243111722 ], [ -73.891933435522986, 40.88848729131437 ], [ -73.892221462973922, 40.88839505727686 ], [ -73.892510121406389, 40.888303964923828 ], [ -73.892801278630671, 40.888202889578196 ], [ -73.89308890573669, 40.888096151572235 ], [ -73.893255849910204, 40.888033866367657 ], [ -73.893420562444035, 40.887968247061686 ], [ -73.893582930510362, 40.887899347588927 ], [ -73.893695256160697, 40.88785275007703 ], [ -73.89383226736264, 40.887794689461963 ], [ -73.893941856205359, 40.887748248578234 ], [ -73.894080158937058, 40.887688079916117 ], [ -73.894131787795558, 40.887665398108354 ], [ -73.894244336785079, 40.887615158699269 ], [ -73.894291241808205, 40.887593995214068 ], [ -73.894410068688813, 40.887539978449382 ], [ -73.894574582853735, 40.88746327592726 ], [ -73.894815666012065, 40.887349118807045 ], [ -73.89505541601153, 40.887233353501941 ], [ -73.895253239422388, 40.88712829966245 ], [ -73.895361656450859, 40.887070414784162 ], [ -73.895457684838206, 40.887019145262563 ], [ -73.895527235649013, 40.886982010945651 ], [ -73.895715766840823, 40.886873230691243 ], [ -73.895899772859664, 40.886760077786789 ], [ -73.895928179311014, 40.886741475041298 ], [ -73.896079080287436, 40.886642661056278 ], [ -73.896237676626313, 40.886536291505884 ], [ -73.896297352133004, 40.88649383407413 ], [ -73.89639209298889, 40.886426429499579 ], [ -73.896542189198144, 40.886313179384629 ], [ -73.896687840529168, 40.886196630214229 ], [ -73.89678536087753, 40.886114530061576 ], [ -73.896785263708011, 40.886114448930904 ], [ -73.896786484805546, 40.886113582854406 ], [ -73.896806767752622, 40.886096507055392 ], [ -73.896809720095746, 40.886097105816901 ], [ -73.896815769751655, 40.886092815004311 ], [ -73.897498898261517, 40.886221671858607 ], [ -73.898904526292313, 40.886486582087223 ], [ -73.89898958729411, 40.88650261227604 ], [ -73.899054759666939, 40.88656626434085 ], [ -73.899059738532841, 40.886570071449007 ], [ -73.899078145009014, 40.886585113059851 ], [ -73.899095888719629, 40.886600606132497 ], [ -73.899112944767879, 40.886616537138124 ], [ -73.899129300127541, 40.886632888956441 ], [ -73.899144931099215, 40.886649640855886 ], [ -73.899159828217563, 40.886666774818728 ], [ -73.899173196745835, 40.886684128963907 ], [ -73.89918580896834, 40.886701803920573 ], [ -73.899197655411356, 40.886719787073844 ], [ -73.899208714753598, 40.886738054092163 ], [ -73.899218981093298, 40.886756584259452 ], [ -73.899228442590427, 40.886775360456419 ], [ -73.899237085038664, 40.886794361059046 ], [ -73.899244903717133, 40.886813568954253 ], [ -73.899251887980554, 40.886832961620691 ], [ -73.89925803193222, 40.886852514740276 ], [ -73.899263326102499, 40.886872212996629 ], [ -73.899267769348967, 40.886892026672733 ], [ -73.899271352193665, 40.886911945855182 ], [ -73.899274281695071, 40.886926092350009 ], [ -73.89927657154594, 40.886940307624066 ], [ -73.89927821465794, 40.886954570959936 ], [ -73.899279213417373, 40.886968873354846 ], [ -73.899279561932019, 40.886983187789134 ], [ -73.899279332754233, 40.886994267172483 ], [ -73.89927929944696, 40.88699588891923 ], [ -73.899278326084939, 40.887011812269435 ], [ -73.899276738225467, 40.887026080890067 ], [ -73.899274503770627, 40.887040301220573 ], [ -73.899271632243739, 40.887054452558083 ], [ -73.899268116540114, 40.887068524991008 ], [ -73.89926397330791, 40.887082494220699 ], [ -73.899259199006124, 40.887096347637197 ], [ -73.899253800778254, 40.887110069037831 ], [ -73.899247392438568, 40.887131855212075 ], [ -73.899230652141298, 40.887183049451423 ], [ -73.899211665184922, 40.887233786980616 ], [ -73.899184096712716, 40.88728553816253 ], [ -73.899142458014452, 40.887367042616354 ], [ -73.899113704303858, 40.887423328493732 ], [ -73.899090222650301, 40.887469291296206 ], [ -73.899027949873087, 40.887591185182288 ], [ -73.898989771593662, 40.887665916445251 ], [ -73.898917602749989, 40.887807180069309 ], [ -73.898891566861934, 40.887858141891577 ], [ -73.898864931119704, 40.887910278316383 ], [ -73.898828042550889, 40.887982484788139 ], [ -73.898407354167688, 40.88880592586559 ], [ -73.898354598831659, 40.888909186776324 ], [ -73.898304284319707, 40.889007670032122 ], [ -73.898219802833637, 40.889173026546523 ], [ -73.898137295395699, 40.889334519850948 ], [ -73.898066917693555, 40.889472269886781 ], [ -73.897982687338541, 40.889637134770922 ], [ -73.897935993420575, 40.889728526125602 ], [ -73.897889698078473, 40.889819139792834 ], [ -73.897800370493329, 40.889993978308169 ], [ -73.897700598542954, 40.890189259326299 ], [ -73.89760089742316, 40.890384397137197 ], [ -73.897512239358903, 40.890582701763719 ], [ -73.897469398526283, 40.890678525824882 ], [ -73.897414894055927, 40.890806065414985 ], [ -73.897355377698148, 40.890977027340988 ], [ -73.897340707191361, 40.891020290734296 ], [ -73.897318710439563, 40.89108893319915 ], [ -73.897292636934722, 40.891170295893481 ], [ -73.89726904350114, 40.891243918412684 ], [ -73.897247027784559, 40.891310148443331 ], [ -73.89721694735718, 40.89139503655349 ], [ -73.89718592292823, 40.891482586549515 ], [ -73.897157953081646, 40.89156151530716 ], [ -73.897119950844953, 40.891649242764984 ], [ -73.897081563850804, 40.891737858645129 ], [ -73.897055279765254, 40.891798534234987 ], [ -73.897032415712857, 40.891842223409 ], [ -73.897002548749214, 40.891899292947272 ], [ -73.896962101215706, 40.89197658063879 ], [ -73.896934510911393, 40.892029299243511 ], [ -73.896895412868531, 40.892104006423004 ], [ -73.896853309708888, 40.892173657378741 ], [ -73.896822612064611, 40.892224437134573 ], [ -73.896783272418489, 40.89228951516688 ], [ -73.896747411651745, 40.892346367661048 ], [ -73.896711952898784, 40.892402582959612 ], [ -73.896663329055684, 40.892479671420084 ], [ -73.896645926197834, 40.892516010236399 ], [ -73.896628163783973, 40.892553101533643 ], [ -73.896592224598237, 40.892628149114472 ], [ -73.896558644175499, 40.892705620201994 ], [ -73.89652657085216, 40.892783767993684 ], [ -73.896518171721368, 40.892807416214801 ], [ -73.896498704841946, 40.892862220309958 ], [ -73.896476023431745, 40.89292607769945 ], [ -73.896463849588585, 40.892960350959086 ], [ -73.896447607845957, 40.893006076542335 ], [ -73.896430723994172, 40.893048062731793 ], [ -73.896413442231179, 40.893091041796701 ], [ -73.89639064604809, 40.893147731200955 ], [ -73.896373760929222, 40.893189722782814 ], [ -73.896325221368016, 40.893334647423004 ], [ -73.896286850440561, 40.893455775047073 ], [ -73.896263385238456, 40.893577542789529 ], [ -73.896253335643934, 40.893657971401119 ], [ -73.896247777738921, 40.893733721524782 ], [ -73.896248844581152, 40.893827217159568 ], [ -73.896254162324794, 40.893949445691909 ], [ -73.896284377243958, 40.894159400243154 ], [ -73.896345225116718, 40.894520873594544 ], [ -73.89650686480141, 40.895594267039648 ], [ -73.896507290940789, 40.895594193581928 ], [ -73.896513617327116, 40.89563910553381 ], [ -73.896649162518841, 40.89660133463115 ], [ -73.896683470516365, 40.896844883415248 ], [ -73.896892948571079, 40.898331888639035 ], [ -73.896901323794992, 40.89839134519908 ], [ -73.896951866619972, 40.898750115384424 ], [ -73.896942105853825, 40.898773649834503 ], [ -73.896910997282447, 40.898838775703034 ], [ -73.896879888648797, 40.898903902462891 ], [ -73.896848812198527, 40.898959722737096 ], [ -73.896848977643359, 40.898960939439213 ], [ -73.89684481235065, 40.898966906828832 ], [ -73.896841619373959, 40.898972641861732 ], [ -73.896841455851302, 40.898971716017769 ], [ -73.896840492434848, 40.89897309559931 ], [ -73.896826521638658, 40.898991613280458 ], [ -73.896798932358877, 40.89902873359798 ], [ -73.896769880782074, 40.899065203351995 ], [ -73.896740192024851, 40.899100053457744 ], [ -73.896739791356396, 40.899100523152157 ], [ -73.896707490613466, 40.899136066086861 ], [ -73.896674210273957, 40.899170392481849 ], [ -73.896639578199753, 40.89920394053884 ], [ -73.896614297646337, 40.899224612831439 ], [ -73.896590181906447, 40.899244128139024 ], [ -73.896551414806069, 40.899270215555063 ], [ -73.896535178279933, 40.899281142788944 ], [ -73.896513579056332, 40.899294926051951 ], [ -73.896474410056726, 40.899318423289003 ], [ -73.896434317959745, 40.899341008394501 ], [ -73.896393349078053, 40.899362663399394 ], [ -73.896351530740404, 40.899383367616153 ], [ -73.896308903330166, 40.899403100369049 ], [ -73.896254189248083, 40.899427022103524 ], [ -73.896198500494947, 40.899449612920456 ], [ -73.896141894073054, 40.899470850357638 ], [ -73.896084428167555, 40.899490714655336 ], [ -73.896026163343009, 40.899509182454366 ], [ -73.895967150655935, 40.899526239391754 ], [ -73.895907456596774, 40.899541867516589 ], [ -73.895847138160605, 40.899556049770041 ], [ -73.895786422474217, 40.899568499101775 ], [ -73.895725175250632, 40.899579334253765 ], [ -73.895663465342324, 40.899588545382031 ], [ -73.895601367546874, 40.899596115444339 ], [ -73.895538963770008, 40.899602035509304 ], [ -73.895518885013118, 40.899603405886054 ], [ -73.895476322848893, 40.899606305638741 ], [ -73.895413525508374, 40.899608913298643 ], [ -73.895350644145935, 40.8996098585543 ], [ -73.895287759472396, 40.899609137877015 ], [ -73.895224947439999, 40.899606754937444 ], [ -73.89506383923748, 40.899596538494137 ], [ -73.894903157637103, 40.899583002128935 ], [ -73.894744145005603, 40.899566275745521 ], [ -73.89451386476992, 40.899538191073297 ], [ -73.894497787159239, 40.899536225932799 ], [ -73.894399628290614, 40.899524248894885 ], [ -73.894320564120122, 40.899515543604345 ], [ -73.894077138721286, 40.899488746325787 ], [ -73.89405542821946, 40.899486357230188 ], [ -73.894029361406083, 40.899483770527631 ], [ -73.893911570135671, 40.899473187011118 ], [ -73.893714246688617, 40.899459473936794 ], [ -73.893516428771022, 40.899450739746968 ], [ -73.893475959570168, 40.899450252170396 ], [ -73.893435487804439, 40.899450624539703 ], [ -73.893395044329537, 40.899451855982988 ], [ -73.89335466473679, 40.899453952836446 ], [ -73.893283026661635, 40.899457646159227 ], [ -73.893211293403454, 40.899460007533271 ], [ -73.893157930615288, 40.899460589399418 ], [ -73.893104529917736, 40.89946112888304 ], [ -73.893051059518811, 40.899461470170856 ], [ -73.892875309086293, 40.899464122136457 ], [ -73.892699708507976, 40.899470241738769 ], [ -73.892524378816788, 40.899479822787718 ], [ -73.892365576733752, 40.899491893511595 ], [ -73.892353496311117, 40.899492812448258 ], [ -73.892183180910195, 40.899509524087037 ], [ -73.892013569086146, 40.899529944326879 ], [ -73.891894542109682, 40.899546674687194 ], [ -73.891776065845619, 40.899565523380041 ], [ -73.891700806787426, 40.899578646700284 ], [ -73.891600762159413, 40.899597489089686 ], [ -73.891501238371916, 40.899617843794971 ], [ -73.891435175038112, 40.899631971519526 ], [ -73.891368827590838, 40.899646372686192 ], [ -73.891302480108862, 40.899660777416571 ], [ -73.891234082915119, 40.899675985210678 ], [ -73.891199850167226, 40.89968341976931 ], [ -73.891165336256364, 40.899690062527029 ], [ -73.891130572047047, 40.899695909010347 ], [ -73.891095591961289, 40.899700956550042 ], [ -73.891060426866616, 40.899705198871594 ], [ -73.891025108817487, 40.89970862970177 ], [ -73.891010755149196, 40.899709864223034 ], [ -73.890996457888562, 40.899711438278352 ], [ -73.890982234834098, 40.899713353685478 ], [ -73.890968094303304, 40.899715604148966 ], [ -73.890954058847569, 40.899718187889071 ], [ -73.890940132024014, 40.899721106710288 ], [ -73.890926332828187, 40.899724356128132 ], [ -73.890850908546938, 40.899745375985006 ], [ -73.890776302785881, 40.899768026443475 ], [ -73.890702584408672, 40.899792285958654 ], [ -73.8904253126491, 40.899887868864511 ], [ -73.890149418947416, 40.899985714431047 ], [ -73.889874936514303, 40.900085820898823 ], [ -73.889601895023077, 40.900188172997915 ], [ -73.889347276157068, 40.900279213117557 ], [ -73.889092256521806, 40.900369616547913 ], [ -73.888836850367355, 40.900459381499097 ], [ -73.888793316099594, 40.900473910306459 ], [ -73.888784242800384, 40.900476936197769 ], [ -73.888767068712752, 40.900482668342818 ], [ -73.888731635201097, 40.900494493573824 ], [ -73.888679026387251, 40.900512050924711 ], [ -73.888626418735385, 40.900529606451762 ], [ -73.888579987990084, 40.900544506985689 ], [ -73.888532944394214, 40.900558258791946 ], [ -73.888485336632257, 40.900570847509023 ], [ -73.888437213396415, 40.90058225427321 ], [ -73.888388634034271, 40.900592475539185 ], [ -73.888339638927803, 40.900601494236334 ], [ -73.888290287429456, 40.900609304118099 ], [ -73.888240625846137, 40.900615893522556 ], [ -73.888190709966992, 40.900621258000989 ], [ -73.888140587267912, 40.90062539669853 ], [ -73.888090319488697, 40.900628295267083 ], [ -73.888072533275547, 40.900628882249521 ], [ -73.888039952912294, 40.90062995645269 ], [ -73.88798954451039, 40.900630378509589 ], [ -73.887939139382226, 40.90062956238193 ], [ -73.887884275626774, 40.900627960282293 ], [ -73.887829513896918, 40.900624976012473 ], [ -73.887774913527679, 40.900620614132805 ], [ -73.887720536230901, 40.900614877405005 ], [ -73.887666435406189, 40.900607771284221 ], [ -73.887612679878174, 40.900599303041645 ], [ -73.887559321847391, 40.900589485335473 ], [ -73.887506426577929, 40.900578325433578 ], [ -73.887454049819667, 40.900565842301241 ], [ -73.887402247345378, 40.900552041396374 ], [ -73.887351078469422, 40.90053693898637 ], [ -73.887300600122018, 40.90052055763973 ], [ -73.887250864499578, 40.900502911816005 ], [ -73.8871936093079, 40.90047973955604 ], [ -73.887136356526597, 40.900456569070876 ], [ -73.887126514152271, 40.900452585611752 ], [ -73.887079106157302, 40.900433399460027 ], [ -73.887032484489993, 40.900414530128124 ], [ -73.887021852273676, 40.900410226215278 ], [ -73.886964600794371, 40.900387058347221 ], [ -73.88694686700417, 40.900379882133365 ], [ -73.886908608861603, 40.900364395055171 ], [ -73.886660524418645, 40.900243398636732 ], [ -73.886579671779728, 40.900204868555917 ], [ -73.886565073182723, 40.90019791147936 ], [ -73.886425329507702, 40.90013131654986 ], [ -73.886382540729471, 40.900108754236868 ], [ -73.886354153620672, 40.900093786362092 ], [ -73.88634365652365, 40.900088251557492 ], [ -73.886330384371377, 40.900080849116698 ], [ -73.886263518561975, 40.900043559043084 ], [ -73.886184974922628, 40.899997263381444 ], [ -73.886098502330142, 40.899943468714646 ], [ -73.886013799734783, 40.899888071967439 ], [ -73.885930919291269, 40.899831111015629 ], [ -73.885842382724761, 40.899764534442156 ], [ -73.885799017388607, 40.899729667123069 ], [ -73.885756831298764, 40.899695752766313 ], [ -73.885711676090779, 40.899656924213069 ], [ -73.885674356274592, 40.899624835422266 ], [ -73.885667775361739, 40.899618780351759 ], [ -73.885595054818026, 40.899551868058822 ], [ -73.885519011048416, 40.899476930908996 ], [ -73.88544631264709, 40.899400102408272 ], [ -73.885377036588324, 40.899321475389222 ], [ -73.885311266976657, 40.899241136387921 ], [ -73.885249072484115, 40.89915917372614 ] ] ], [ [ [ -73.896831497741445, 40.899346363506325 ], [ -73.896831461042609, 40.899346304942021 ], [ -73.896789632204388, 40.899344824077836 ], [ -73.8967484145182, 40.899343365356664 ], [ -73.896741067651803, 40.899343105749558 ], [ -73.896692501917784, 40.899341385598838 ], [ -73.896671492473899, 40.899341464048796 ], [ -73.896650498805997, 40.899342081899142 ], [ -73.896629551765216, 40.899343241878924 ], [ -73.896622090800946, 40.899343853830814 ], [ -73.896599896583609, 40.899296879103908 ], [ -73.8966152784933, 40.899289092885191 ], [ -73.89664051474621, 40.89927631870038 ], [ -73.896652544305212, 40.899269885604546 ], [ -73.896664287132708, 40.899263151489073 ], [ -73.89667572897082, 40.899256127147076 ], [ -73.89668685438312, 40.899248817967738 ], [ -73.896697659798036, 40.899241231151841 ], [ -73.896708127393254, 40.899233380190772 ], [ -73.896718246476553, 40.899225272278954 ], [ -73.896728002799861, 40.899216911906095 ], [ -73.89673739515267, 40.899208314379521 ], [ -73.896746402170521, 40.899199481481148 ], [ -73.896751975097345, 40.899194207826561 ], [ -73.896775647822267, 40.899171820444607 ], [ -73.896803620021757, 40.899143415362708 ], [ -73.896826815018088, 40.89911454315569 ], [ -73.896835101785896, 40.899104091436307 ], [ -73.896851123467542, 40.899083189303575 ], [ -73.896874879513902, 40.899051416227543 ], [ -73.896910248483437, 40.898997899617363 ], [ -73.896930150212981, 40.898963613437907 ], [ -73.896945073336056, 40.898939363210665 ], [ -73.89695778550707, 40.898919712482851 ], [ -73.896972383211804, 40.898903264658003 ], [ -73.896980515923488, 40.899009786602285 ], [ -73.896986463131512, 40.899087663089169 ], [ -73.896992903509187, 40.899172012695537 ], [ -73.896992874252035, 40.899231477048325 ], [ -73.896987846664032, 40.899351990672749 ], [ -73.896897144799723, 40.899348726492377 ], [ -73.89689709035045, 40.899349400005939 ], [ -73.896843101294351, 40.899346780894128 ], [ -73.896831497741445, 40.899346363506325 ] ] ], [ [ [ -73.895268340996637, 40.899658428976899 ], [ -73.895307390439797, 40.899661505330577 ], [ -73.895346544624388, 40.899663636257607 ], [ -73.895385769145079, 40.899664813622287 ], [ -73.895425024831155, 40.89966504099106 ], [ -73.895464271334959, 40.899664315625898 ], [ -73.895503467116441, 40.899662638389628 ], [ -73.895542565882792, 40.899660013742931 ], [ -73.89558153915695, 40.899656437157653 ], [ -73.895590726192211, 40.899655532375732 ], [ -73.89562593011398, 40.899652057723124 ], [ -73.895641559944011, 40.899650516716591 ], [ -73.895701288762609, 40.899643091271464 ], [ -73.895760659128513, 40.899634174269892 ], [ -73.895819614067321, 40.899623769263052 ], [ -73.895878077599406, 40.899611890590663 ], [ -73.895935995110065, 40.89959855081117 ], [ -73.895993296553854, 40.899583764269899 ], [ -73.896049926121179, 40.899567548927216 ], [ -73.896105814948214, 40.899549922731865 ], [ -73.896163892769977, 40.899530379546412 ], [ -73.89619573287689, 40.899518810843752 ], [ -73.896268107161859, 40.89949121662346 ], [ -73.896277670042593, 40.899487480101712 ], [ -73.896333267368945, 40.899464160672899 ], [ -73.896387953936454, 40.899439619343241 ], [ -73.896400516389988, 40.899433959367585 ], [ -73.896413323996654, 40.899428623784814 ], [ -73.896426354202546, 40.899423616176605 ], [ -73.896439599881532, 40.899418940138418 ], [ -73.89645303848242, 40.899414597450892 ], [ -73.896466668797615, 40.89941060162019 ], [ -73.896480461158063, 40.899406952619586 ], [ -73.896494414364668, 40.899403658552323 ], [ -73.896508496381912, 40.89940071488725 ], [ -73.896522707191792, 40.899398133330529 ], [ -73.896537017126775, 40.899395912955114 ], [ -73.896551420251868, 40.899394054656057 ], [ -73.896565897574803, 40.8993925611178 ], [ -73.896580431287404, 40.899391436826811 ], [ -73.896595003588388, 40.899390681767052 ], [ -73.896609603795696, 40.899390296829473 ], [ -73.896624215293528, 40.899390282899674 ], [ -73.896638814352315, 40.899390636354489 ], [ -73.896653392659388, 40.899391360788357 ], [ -73.896721246158663, 40.899394357088973 ], [ -73.896743628237274, 40.89939534603095 ], [ -73.896789100849432, 40.899397354251263 ], [ -73.896856960290606, 40.899400353178912 ], [ -73.896867863560729, 40.899400834773438 ], [ -73.896868387582842, 40.899398881190749 ], [ -73.896985545501224, 40.89940713697532 ], [ -73.896980038417723, 40.89947406235202 ], [ -73.896968282190514, 40.899556809061039 ], [ -73.896949269144528, 40.899538311453739 ], [ -73.896927825553576, 40.899522908438342 ], [ -73.896900421056316, 40.89950659510906 ], [ -73.896885017044639, 40.899498783158158 ], [ -73.896884998892503, 40.899499009163478 ], [ -73.896874956412645, 40.899493681032979 ], [ -73.896866998267427, 40.899489646058008 ], [ -73.896858138734899, 40.899485252784949 ], [ -73.89684071151062, 40.899477300345964 ], [ -73.896834666532996, 40.899474734867532 ], [ -73.896830049485274, 40.899472774889809 ], [ -73.896824384923846, 40.89947055553678 ], [ -73.896817948247318, 40.89946803293067 ], [ -73.896805636458467, 40.899463609553479 ], [ -73.896793137853905, 40.899459504779358 ], [ -73.89678046073108, 40.899455724919051 ], [ -73.896767620502402, 40.899452279891669 ], [ -73.896754637353936, 40.899449162511267 ], [ -73.896740245352731, 40.899446148325474 ], [ -73.896738969942533, 40.899445913058784 ], [ -73.896728287345098, 40.899443942248588 ], [ -73.896714950143704, 40.899441845696131 ], [ -73.896701523399642, 40.899440093947469 ], [ -73.896688033216051, 40.899438690627882 ], [ -73.896674485530667, 40.899437633041174 ], [ -73.896660898132268, 40.899436929307612 ], [ -73.896647284084736, 40.899436573135539 ], [ -73.896633665932328, 40.899436567246539 ], [ -73.896620053161925, 40.899436916151537 ], [ -73.896606463580426, 40.899437616264542 ], [ -73.89659539207706, 40.899438472614229 ], [ -73.896579420451857, 40.899440063870777 ], [ -73.896565996577806, 40.899441808689183 ], [ -73.896552655241265, 40.899443897564993 ], [ -73.896539422548216, 40.899446332322483 ], [ -73.896526300884474, 40.899449104859627 ], [ -73.896506927585776, 40.899453234223735 ], [ -73.896499032618436, 40.899455134371522 ], [ -73.896487745779453, 40.899457852719188 ], [ -73.896475765090756, 40.899461069311819 ], [ -73.896468772097961, 40.899462948654744 ], [ -73.896450036210126, 40.899468522057099 ], [ -73.8964319584598, 40.899474426524598 ], [ -73.896394301734773, 40.899488488916276 ], [ -73.896377825701904, 40.899495417762722 ], [ -73.896360555481166, 40.899503258984893 ], [ -73.896352098048084, 40.899507395420514 ], [ -73.896343639427201, 40.899511531854394 ], [ -73.896327096549172, 40.899520222881208 ], [ -73.896310933977261, 40.899529325768498 ], [ -73.896295183766796, 40.899538832440889 ], [ -73.896279863741654, 40.899548728506751 ], [ -73.896264977478936, 40.899559003163752 ], [ -73.896250546350188, 40.899569650127766 ], [ -73.896241784928449, 40.899576169863757 ], [ -73.896234436801578, 40.899582023610584 ], [ -73.896225173663254, 40.899589877411934 ], [ -73.896220651525624, 40.899594024579088 ], [ -73.896217349947023, 40.89959705354147 ], [ -73.896209855843054, 40.899604427172811 ], [ -73.896202703224645, 40.899611994714817 ], [ -73.896195905157569, 40.899619748975354 ], [ -73.896189464039352, 40.899627674648492 ], [ -73.896183384629779, 40.899635763634159 ], [ -73.896177681177292, 40.899644011442803 ], [ -73.896172358452844, 40.899652402770577 ], [ -73.896167421222088, 40.899660925915498 ], [ -73.896164274021217, 40.899666927513458 ], [ -73.896159831969243, 40.899676020209391 ], [ -73.896140666004229, 40.899722848857735 ], [ -73.896133020094894, 40.899764317379933 ], [ -73.896131713057983, 40.899771407516901 ], [ -73.896133199432171, 40.899820429411598 ], [ -73.896145083247134, 40.899868629512866 ], [ -73.896138919324727, 40.899868507805252 ], [ -73.896129145142723, 40.89986996139784 ], [ -73.896121355919831, 40.899872504560541 ], [ -73.896116299635779, 40.89987517895122 ], [ -73.896111864331402, 40.899878423006399 ], [ -73.896108155749218, 40.899882160280299 ], [ -73.89610527491574, 40.899886294512001 ], [ -73.896103288452281, 40.899890722205875 ], [ -73.89610224875301, 40.899895330848572 ], [ -73.895200108721696, 40.899671985079983 ], [ -73.895212906390569, 40.899662504692685 ], [ -73.895228193164201, 40.899654245818525 ], [ -73.895268340996637, 40.899658428976899 ] ] ], [ [ [ -73.896633020056584, 40.900051806272891 ], [ -73.896593477702837, 40.900038119522129 ], [ -73.896532109222534, 40.900016874345319 ], [ -73.896501450528888, 40.900005098247391 ], [ -73.896471338977747, 40.899992542812683 ], [ -73.896441804221141, 40.899979219774494 ], [ -73.8964128806481, 40.899965147173795 ], [ -73.896384596720779, 40.899950338543924 ], [ -73.896356997507667, 40.899934812835838 ], [ -73.896330100791147, 40.899918582672875 ], [ -73.896303945687379, 40.899901678707046 ], [ -73.896278561857386, 40.899884106368503 ], [ -73.896272838069251, 40.899878002246723 ], [ -73.896267394588463, 40.899871752498065 ], [ -73.896262242086181, 40.899865363435616 ], [ -73.896257194628177, 40.899858585458084 ], [ -73.89625280402251, 40.899852206084681 ], [ -73.896248543364962, 40.899845449525017 ], [ -73.896244585498536, 40.89983858878113 ], [ -73.896240945847055, 40.899831626568378 ], [ -73.896237618462479, 40.899824571886278 ], [ -73.896234615191318, 40.899817438252818 ], [ -73.896231933658626, 40.899810226566345 ], [ -73.896229579771386, 40.899802953941318 ], [ -73.896227558275172, 40.899795621282657 ], [ -73.896225870338426, 40.89978824029761 ], [ -73.896224519505878, 40.899780820894698 ], [ -73.896223497455907, 40.899773372071387 ], [ -73.896222820801853, 40.899765894742977 ], [ -73.896222476453957, 40.899758411409941 ], [ -73.896222472720893, 40.899750921179148 ], [ -73.896222809587087, 40.899743433956012 ], [ -73.896223653910354, 40.899734735137315 ], [ -73.896224497930135, 40.899728510848853 ], [ -73.896225847012104, 40.899721088469917 ], [ -73.896227531883909, 40.899713708715581 ], [ -73.896229551348881, 40.899706377888037 ], [ -73.896231898280647, 40.899699099582953 ], [ -73.896235317000887, 40.899691735794612 ], [ -73.896239069055326, 40.899684466856627 ], [ -73.896243149684125, 40.899677300869008 ], [ -73.896247551755309, 40.899670245029135 ], [ -73.896252269323753, 40.899663306535629 ], [ -73.896257302375318, 40.899656494393177 ], [ -73.896261560512542, 40.899651171855538 ], [ -73.896268278077187, 40.899643287849102 ], [ -73.896274208838562, 40.899636906943947 ], [ -73.896280424167841, 40.899630690182285 ], [ -73.896286922887938, 40.899624631259584 ], [ -73.896293683607581, 40.899618749066782 ], [ -73.896300713444447, 40.899613045411179 ], [ -73.896307995762783, 40.899607533785066 ], [ -73.896315523446091, 40.899602211480556 ], [ -73.896323290539542, 40.899597091999453 ], [ -73.896331288735766, 40.899592175334348 ], [ -73.896347764378405, 40.899582471201917 ], [ -73.896364670144933, 40.899573196083736 ], [ -73.896381973973106, 40.899564362557634 ], [ -73.896399659248303, 40.899555970608468 ], [ -73.896417710514754, 40.899548038231913 ], [ -73.89643610045735, 40.89954057801009 ], [ -73.896454818399619, 40.899533587231787 ], [ -73.89647383464893, 40.899527081178427 ], [ -73.896493127832443, 40.899521067034648 ], [ -73.896503261248412, 40.89951751830651 ], [ -73.896513547344099, 40.899514234456625 ], [ -73.896523977806609, 40.899511219079571 ], [ -73.896534536018621, 40.899508473961319 ], [ -73.896545216037865, 40.899506004499457 ], [ -73.896555994127738, 40.899503811573119 ], [ -73.896566863159407, 40.899501900578784 ], [ -73.896577814824198, 40.899500272409533 ], [ -73.89658883843714, 40.899498929757193 ], [ -73.896599911455425, 40.899497868999553 ], [ -73.896611025554989, 40.899497100935065 ], [ -73.896622166510127, 40.899496615645575 ], [ -73.896633329559961, 40.899496422131676 ], [ -73.896644487417333, 40.899496514966067 ], [ -73.896655634137431, 40.899496901347227 ], [ -73.896666763796347, 40.899497574966517 ], [ -73.896677852660261, 40.899498534902236 ], [ -73.896688892421906, 40.899499781146872 ], [ -73.896701093318327, 40.899501485875433 ], [ -73.896713215389155, 40.899503512005026 ], [ -73.896725231334685, 40.899505862212749 ], [ -73.896733284324014, 40.899507664081462 ], [ -73.896735209781767, 40.899508094434267 ], [ -73.896748909293819, 40.899511505114873 ], [ -73.896760538096373, 40.899514786073297 ], [ -73.896772007390709, 40.899518377555033 ], [ -73.896778162248921, 40.899520494693803 ], [ -73.89678331007309, 40.899522268747866 ], [ -73.896794427166625, 40.899526452431054 ], [ -73.896805339680341, 40.899530930388671 ], [ -73.896816047631035, 40.899535691814933 ], [ -73.896826526099517, 40.899540734886635 ], [ -73.896836771529735, 40.899546056899268 ], [ -73.896846761403964, 40.899551638022075 ], [ -73.896856490970904, 40.899557480952332 ], [ -73.896868132035209, 40.899563575924027 ], [ -73.896893152546596, 40.899578982145037 ], [ -73.896909825335939, 40.899594380906571 ], [ -73.896926495327605, 40.899611588735937 ], [ -73.896945539509645, 40.899636038575082 ], [ -73.896954360176196, 40.899654800832799 ], [ -73.89694762380816, 40.899692469277149 ], [ -73.896949067567903, 40.899692053641708 ], [ -73.896939880186977, 40.899756716412988 ], [ -73.89693184585434, 40.899813269551309 ], [ -73.896925918479951, 40.899854995396666 ], [ -73.896921696136914, 40.899884708504224 ], [ -73.896914582023669, 40.899926401771872 ], [ -73.896877742443124, 40.900092169610701 ], [ -73.896876383227664, 40.900090867197029 ], [ -73.896869592891179, 40.900128841750188 ], [ -73.896777592884533, 40.900101847660842 ], [ -73.896716221910197, 40.900080604381024 ], [ -73.896654849786913, 40.900059361967919 ], [ -73.896642251788037, 40.900055001351568 ], [ -73.896633020056584, 40.900051806272891 ] ] ], [ [ [ -73.896186462612562, 40.900843443445147 ], [ -73.896182172597378, 40.900838730056115 ], [ -73.896162577219471, 40.900816094076156 ], [ -73.896079021414565, 40.900717971493407 ], [ -73.895984572144371, 40.900613135830852 ], [ -73.895886559841244, 40.900510195996389 ], [ -73.895793914407221, 40.900417902841546 ], [ -73.895759266667454, 40.900385070529573 ], [ -73.89572145375756, 40.900349244840427 ], [ -73.89569834345744, 40.900327345802317 ], [ -73.8955999062605, 40.9002385726507 ], [ -73.895572772375786, 40.900213197681587 ], [ -73.895549189261445, 40.90019241748702 ], [ -73.895540857670483, 40.900185111525019 ], [ -73.895509674941721, 40.900159477139738 ], [ -73.895477440724378, 40.900134613508769 ], [ -73.895451548540734, 40.900115876202797 ], [ -73.895300612763833, 40.900003559805128 ], [ -73.895128301558302, 40.899910627424738 ], [ -73.895133898319614, 40.899903905891975 ], [ -73.895138088450423, 40.899896622079645 ], [ -73.895140774385467, 40.899888934384428 ], [ -73.895317354704019, 40.89991159143117 ], [ -73.895488913117873, 40.899950589249954 ], [ -73.896231101122339, 40.900146601668922 ], [ -73.896226045396006, 40.900197555520243 ], [ -73.896180273368898, 40.900213663649332 ], [ -73.896138629811801, 40.90023529454151 ], [ -73.896102276334631, 40.900261845021788 ], [ -73.89607220266096, 40.900292589295269 ], [ -73.89604923730478, 40.900326681657937 ], [ -73.896046929063289, 40.900332718225791 ], [ -73.896044264042573, 40.900337712612284 ], [ -73.896039787889308, 40.900345805734446 ], [ -73.896035684212848, 40.900354009050972 ], [ -73.896031957767434, 40.900362318063635 ], [ -73.896028612133392, 40.900370720169008 ], [ -73.896025648515803, 40.900379203661913 ], [ -73.89602308473215, 40.900387758653068 ], [ -73.896020908924569, 40.900396378828425 ], [ -73.896019122305333, 40.900405047980392 ], [ -73.896017736755113, 40.90041375801534 ], [ -73.896016752283941, 40.900422502629944 ], [ -73.896016164171613, 40.900431264710669 ], [ -73.896015975984241, 40.9004400406589 ], [ -73.896016192495892, 40.900448813369678 ], [ -73.896016807779873, 40.900457578335249 ], [ -73.896017823048467, 40.900466319347956 ], [ -73.896019240686641, 40.900475029206149 ], [ -73.896021050033298, 40.900483695293353 ], [ -73.896024363155888, 40.900497597248716 ], [ -73.896028301863737, 40.900511405216498 ], [ -73.896032876869199, 40.900525099395679 ], [ -73.896038069201012, 40.900538668963243 ], [ -73.896043878900358, 40.900552087805096 ], [ -73.896050295292113, 40.900565352309719 ], [ -73.896057110142891, 40.900578052569131 ], [ -73.896064923371028, 40.900591329136276 ], [ -73.896073117293611, 40.900604018029455 ], [ -73.896078176013916, 40.900611207545332 ], [ -73.896084717791396, 40.900620190359142 ], [ -73.896091214016593, 40.900628705780328 ], [ -73.89610245198115, 40.900644484270295 ], [ -73.896114376377582, 40.900659967117583 ], [ -73.896126976557539, 40.900675133601247 ], [ -73.896140238284033, 40.900689981006799 ], [ -73.896154154487235, 40.900704476910221 ], [ -73.896168694323507, 40.900718613179187 ], [ -73.896183856639922, 40.900732368200849 ], [ -73.89619961415741, 40.900745731144589 ], [ -73.896215955029163, 40.90075868849226 ], [ -73.896232857916957, 40.90077122491622 ], [ -73.896250303861649, 40.900783321489016 ], [ -73.896268272701747, 40.900794969187487 ], [ -73.896286749028647, 40.900806155390676 ], [ -73.896305707944833, 40.900816863867384 ], [ -73.896325128106213, 40.900827082891823 ], [ -73.896335771939576, 40.900831975774395 ], [ -73.896341936762283, 40.900834621528851 ], [ -73.896348542864033, 40.900837400950763 ], [ -73.89635761616529, 40.900841033544637 ], [ -73.896366813222343, 40.900844455535626 ], [ -73.896373267011995, 40.900846733249828 ], [ -73.896380120614694, 40.900849098669447 ], [ -73.896391595957198, 40.900852751426214 ], [ -73.896404689857334, 40.900856551512589 ], [ -73.896417940929112, 40.900860022161403 ], [ -73.896424989094555, 40.900861673669162 ], [ -73.896431333748225, 40.900863160657238 ], [ -73.896444850530955, 40.900865955277801 ], [ -73.89645849364635, 40.900868408726701 ], [ -73.896472231056535, 40.90087051737315 ], [ -73.896486052082963, 40.900872279406585 ], [ -73.896497201427962, 40.900873414107316 ], [ -73.896502409541057, 40.900873878923726 ], [ -73.896513890410958, 40.900874750978694 ], [ -73.89652787685543, 40.90087546048963 ], [ -73.896541885206332, 40.900875820630745 ], [ -73.896555901240106, 40.900875819682923 ], [ -73.896569911882239, 40.900875470241317 ], [ -73.896581989580682, 40.90087490024883 ], [ -73.896594035702066, 40.900874030365678 ], [ -73.896605495931709, 40.900872913223971 ], [ -73.896605326362277, 40.900873584833136 ], [ -73.896639671138217, 40.900869667865059 ], [ -73.896672532385381, 40.900862718529915 ], [ -73.896706905526301, 40.900850471189841 ], [ -73.896667664635018, 40.901027298329971 ], [ -73.896548931948274, 40.901009537109069 ], [ -73.896524531838025, 40.901006221271807 ], [ -73.896507383062996, 40.901003661132634 ], [ -73.896490348891874, 40.901000670662313 ], [ -73.896473455437217, 40.900997248083371 ], [ -73.896456726415636, 40.900993406023922 ], [ -73.896440170130717, 40.900989147192874 ], [ -73.896423805570024, 40.900984472507872 ], [ -73.896407664770308, 40.900979386500168 ], [ -73.896396033301286, 40.900975378814309 ], [ -73.896393888726479, 40.900974640293882 ], [ -73.896376079319737, 40.900968017459086 ], [ -73.896360676197261, 40.900961740766611 ], [ -73.89634555850499, 40.900955081622662 ], [ -73.896329878278607, 40.900947659261625 ], [ -73.896323228036323, 40.900944259365559 ], [ -73.89631454761907, 40.900939822989784 ], [ -73.896306671691264, 40.9009354881901 ], [ -73.896299590237106, 40.900931589037256 ], [ -73.896285016806985, 40.900922961916201 ], [ -73.896270848670028, 40.900913955153207 ], [ -73.896263787638304, 40.900909140224286 ], [ -73.896257100046668, 40.900904582268424 ], [ -73.896243797042217, 40.90089484598699 ], [ -73.896230950299852, 40.900884770631606 ], [ -73.89621856694869, 40.900874350805992 ], [ -73.896206675425418, 40.900863616251826 ], [ -73.896195285211618, 40.900852575082048 ], [ -73.896186462612562, 40.900843443445147 ] ] ], [ [ [ -73.89645041249004, 40.900805362196365 ], [ -73.896440073564492, 40.90080281445821 ], [ -73.896439982220912, 40.900802789162739 ], [ -73.89642600570096, 40.900798767669869 ], [ -73.896412045263588, 40.900794327464688 ], [ -73.896398287153687, 40.900789520942389 ], [ -73.896384757459813, 40.900784361633704 ], [ -73.896371471599196, 40.900778856756439 ], [ -73.896358436694086, 40.900773005416617 ], [ -73.896345682401758, 40.900766815745236 ], [ -73.896333211080417, 40.900760297649917 ], [ -73.896321047638679, 40.900753460157866 ], [ -73.89630919800085, 40.900746309577968 ], [ -73.896297681148525, 40.900738850429718 ], [ -73.8962865029862, 40.90073110162875 ], [ -73.896275682505376, 40.900723061391183 ], [ -73.896265242228282, 40.900714746846624 ], [ -73.896255180963948, 40.900706160695542 ], [ -73.896245510554962, 40.900697319157302 ], [ -73.896236249971551, 40.900688233955471 ], [ -73.896226498906799, 40.900679366229106 ], [ -73.896217130347665, 40.900670270122831 ], [ -73.896208141906371, 40.900660954639378 ], [ -73.896199550190886, 40.900651424296271 ], [ -73.89619136823184, 40.900641694413487 ], [ -73.896183591277776, 40.900631767688274 ], [ -73.896176234732962, 40.900621659442841 ], [ -73.896169303330282, 40.900611378686371 ], [ -73.896162808914937, 40.900600939837233 ], [ -73.896138562275766, 40.900561037389515 ], [ -73.896114316852419, 40.900521134937421 ], [ -73.89611097597664, 40.900513586775233 ], [ -73.89610798769931, 40.900505960588134 ], [ -73.896105346085022, 40.900498257271273 ], [ -73.896103061793582, 40.900490490341568 ], [ -73.896101125319333, 40.900482666994314 ], [ -73.896099550890895, 40.900474795346724 ], [ -73.896098334929462, 40.900466887101842 ], [ -73.896097480977105, 40.900458953969199 ], [ -73.896096987832649, 40.900451004952579 ], [ -73.896096861422961, 40.900443044559687 ], [ -73.89609709342065, 40.900435085389837 ], [ -73.896097690929466, 40.900427138255239 ], [ -73.896098957047613, 40.900417385351325 ], [ -73.896099971741066, 40.900411317001897 ], [ -73.896101649082951, 40.900403459986983 ], [ -73.896103685940929, 40.900395653722654 ], [ -73.89610607993859, 40.900387900007779 ], [ -73.896109563337291, 40.900378670479284 ], [ -73.896112148275591, 40.900373278005318 ], [ -73.896115782241623, 40.900366424089128 ], [ -73.896119718678889, 40.900359671299199 ], [ -73.896123951656207, 40.90035301782914 ], [ -73.896128476399596, 40.900346480783952 ], [ -73.896133295281203, 40.900340061066082 ], [ -73.89613839760159, 40.900333770372249 ], [ -73.896143773855258, 40.90032761589768 ], [ -73.896149420481763, 40.900321597639184 ], [ -73.896155335079385, 40.900315733604238 ], [ -73.896161505780228, 40.90031002378209 ], [ -73.896167929021217, 40.900304469970486 ], [ -73.896174592913326, 40.900299085665985 ], [ -73.896183116812054, 40.90029273771475 ], [ -73.896188623630096, 40.900288846271962 ], [ -73.896193002615433, 40.90028596325751 ], [ -73.896197432588366, 40.900283108203716 ], [ -73.896203531394903, 40.900279354166145 ], [ -73.896211295166253, 40.90027489834695 ], [ -73.896219255624416, 40.900270646213464 ], [ -73.896227396154558, 40.900266597750694 ], [ -73.896236339033393, 40.900262495078948 ], [ -73.896244203143155, 40.900259141540253 ], [ -73.896252841107668, 40.900255740970778 ], [ -73.896260081273198, 40.900252952374323 ], [ -73.896267443384232, 40.900250351187687 ], [ -73.896274913202248, 40.900247935596994 ], [ -73.896282488339679, 40.900245714605042 ], [ -73.896290150994872, 40.900243688195829 ], [ -73.896297904729622, 40.900241855471947 ], [ -73.896305734104615, 40.900240223623427 ], [ -73.896313629622881, 40.900238794442728 ], [ -73.89632158417642, 40.900237559819082 ], [ -73.896329588247156, 40.900236535052109 ], [ -73.896337635916794, 40.900235710231229 ], [ -73.896345716493059, 40.900235092550666 ], [ -73.896353818108238, 40.900234681999777 ], [ -73.896361934832797, 40.900234475871763 ], [ -73.896370048859339, 40.900234477752562 ], [ -73.896376180719642, 40.900234633637432 ], [ -73.896386270015626, 40.900235099238408 ], [ -73.896394347473162, 40.900235720617779 ], [ -73.896427303236479, 40.900237237788133 ], [ -73.896460176963345, 40.900239613036838 ], [ -73.896492923561595, 40.900242843622117 ], [ -73.896525505058378, 40.900246927709013 ], [ -73.896557878750315, 40.900251852652659 ], [ -73.896592364035882, 40.900258108593114 ], [ -73.896594714295148, 40.900258595158697 ], [ -73.896621866250229, 40.900264221386735 ], [ -73.896646091867936, 40.900268151178075 ], [ -73.896683852943596, 40.90027577155567 ], [ -73.896732162304303, 40.900286351342693 ], [ -73.896763813316568, 40.900293544802004 ], [ -73.896790463115636, 40.900301576634725 ], [ -73.896828108523579, 40.900313396719433 ], [ -73.896826124814581, 40.900322189074139 ], [ -73.896724585867901, 40.900772125089212 ], [ -73.896710764941417, 40.900780999601373 ], [ -73.896688416327834, 40.900787958355394 ], [ -73.896648975380756, 40.900801881456523 ], [ -73.896622076356039, 40.900807465587377 ], [ -73.896620598315593, 40.900807776731817 ], [ -73.896596398924046, 40.900812800471584 ], [ -73.896596352943007, 40.900811842315406 ], [ -73.896588974325667, 40.900812816333492 ], [ -73.896578298572024, 40.900813935977311 ], [ -73.89656960782176, 40.900814614360399 ], [ -73.896556830890106, 40.900815327802434 ], [ -73.896546057952207, 40.900815599100305 ], [ -73.896535281891204, 40.900815589443347 ], [ -73.896524511023145, 40.900815293436125 ], [ -73.896513767891634, 40.900814714700743 ], [ -73.896503051307164, 40.900813855037207 ], [ -73.896492376698262, 40.900812714459278 ], [ -73.896481766619559, 40.900811289385302 ], [ -73.896471229361921, 40.900809590628505 ], [ -73.896460773240094, 40.900807613693956 ], [ -73.89645041249004, 40.900805362196365 ] ] ], [ [ [ -73.887985834242173, 40.90069326832328 ], [ -73.888001485020411, 40.900692928716673 ], [ -73.888044246650821, 40.900691996769211 ], [ -73.888102579555067, 40.900689307746518 ], [ -73.888160764097677, 40.900685212894928 ], [ -73.888218748060908, 40.900679709462636 ], [ -73.888276470890744, 40.900672811799083 ], [ -73.888333879184117, 40.900664516251062 ], [ -73.888390900514821, 40.900654839858269 ], [ -73.888446363104762, 40.900644736002207 ], [ -73.888501345022505, 40.900633220596589 ], [ -73.888555785728016, 40.900620299887109 ], [ -73.888609616345263, 40.900605997220666 ], [ -73.888662782259516, 40.900590324251702 ], [ -73.888715219352846, 40.900573298028483 ], [ -73.888766913369068, 40.900554925742235 ], [ -73.88883240365999, 40.900532357855518 ], [ -73.888897933089936, 40.900509778262872 ], [ -73.888963466035719, 40.900487198636441 ], [ -73.889028993004587, 40.900464618066486 ], [ -73.88908972028652, 40.900447183617693 ], [ -73.889150448723385, 40.90042974913807 ], [ -73.88921492741197, 40.90041300169279 ], [ -73.889217002105127, 40.900417158517556 ], [ -73.889164123627225, 40.900449933112483 ], [ -73.889112381753165, 40.900481456201291 ], [ -73.889060636271196, 40.900512978362826 ], [ -73.889008888362028, 40.900544503200145 ], [ -73.888957148723307, 40.9005760208182 ], [ -73.888905405470638, 40.900607541110908 ], [ -73.888853659792332, 40.900639063178915 ], [ -73.888798015110211, 40.900673631407777 ], [ -73.88876671419726, 40.900693083227765 ], [ -73.888742375111306, 40.900708203216091 ], [ -73.88868673743417, 40.900742771397709 ], [ -73.888631094955016, 40.900777337746739 ], [ -73.888575452414969, 40.90081190586973 ], [ -73.8885206604416, 40.900845948904291 ], [ -73.888464170720056, 40.90088104293843 ], [ -73.888443143350926, 40.900895746437094 ], [ -73.888412818392837, 40.900916950545138 ], [ -73.888361462455805, 40.900952854523339 ], [ -73.888310107644074, 40.90098876208156 ], [ -73.888258752782846, 40.901024666014749 ], [ -73.888207399045399, 40.901060574428406 ], [ -73.888163607327698, 40.901095190746176 ], [ -73.888119811999502, 40.901129809745122 ], [ -73.88807602018754, 40.90116442783016 ], [ -73.888049438474695, 40.901185441866694 ], [ -73.88803223070515, 40.901199045000233 ], [ -73.887988438797393, 40.901233665753061 ], [ -73.887983586632231, 40.901237498908216 ], [ -73.887945008121264, 40.901267995983382 ], [ -73.88792912206867, 40.90128039103412 ], [ -73.887915798250589, 40.90125974710994 ], [ -73.88788620303842, 40.901215401952463 ], [ -73.887805275675163, 40.901119480315543 ], [ -73.887792061575226, 40.901104889536796 ], [ -73.887720255371363, 40.901025614946974 ], [ -73.887695625930974, 40.901000243264861 ], [ -73.887808808833995, 40.900688453532005 ], [ -73.887868999949376, 40.900691575456207 ], [ -73.887927401657052, 40.900693131471002 ], [ -73.887985834242173, 40.90069326832328 ] ] ], [ [ [ -73.896472123603075, 40.901253412959164 ], [ -73.896457228700285, 40.901224822744069 ], [ -73.896428522901829, 40.90117270309932 ], [ -73.896397469625299, 40.901121368363327 ], [ -73.896369595799797, 40.901079184488864 ], [ -73.896363678032301, 40.901068783089521 ], [ -73.896363559503499, 40.901063358467802 ], [ -73.896364687043999, 40.901058738196284 ], [ -73.896367021043886, 40.901054446783945 ], [ -73.896370664002632, 40.901050205172602 ], [ -73.896375314383704, 40.901047593440914 ], [ -73.896378109769259, 40.901045763465071 ], [ -73.896381015640316, 40.901043860649168 ], [ -73.896387823583368, 40.901042031572999 ], [ -73.896395024932033, 40.901041355468948 ], [ -73.896412642517532, 40.901043902538177 ], [ -73.896412083027826, 40.901041944384041 ], [ -73.896467258940689, 40.901049969464417 ], [ -73.896567104742928, 40.901061025955286 ], [ -73.896657288403375, 40.901074668005485 ], [ -73.896568608693045, 40.901479530804984 ], [ -73.896557306581286, 40.901446852924536 ], [ -73.89653505240004, 40.901392995752289 ], [ -73.896518039436558, 40.901348115694773 ], [ -73.896498334458812, 40.901303474550701 ], [ -73.89649783278054, 40.901305543412981 ], [ -73.896484525381254, 40.901277218466724 ], [ -73.896472123603075, 40.901253412959164 ] ] ], [ [ [ -73.88975905600401, 40.900512861270826 ], [ -73.889679199360188, 40.900575844991373 ], [ -73.88960205000798, 40.900640745674188 ], [ -73.889527694698032, 40.90070749497086 ], [ -73.889456207137826, 40.900776018217066 ], [ -73.889387651520678, 40.900846253346202 ], [ -73.889321694878333, 40.900918602560573 ], [ -73.889258846047525, 40.900992534166591 ], [ -73.889183602931013, 40.901087362180213 ], [ -73.889112062060107, 40.901183824475901 ], [ -73.889044297152054, 40.9012818463911 ], [ -73.888980355845746, 40.901381335228358 ], [ -73.888920303563665, 40.901482210013256 ], [ -73.88889257409356, 40.901530355620729 ], [ -73.888864497543651, 40.901578085763937 ], [ -73.888850653260732, 40.901601617390256 ], [ -73.888836416204782, 40.9016258167958 ], [ -73.888808340764086, 40.901673545124652 ], [ -73.888780259344529, 40.901721276141977 ], [ -73.888764944680219, 40.901750400147158 ], [ -73.888755461557992, 40.901768434906906 ], [ -73.88873066255546, 40.901815590063045 ], [ -73.88870643499267, 40.901861666984566 ], [ -73.888681067997751, 40.901909904863871 ], [ -73.888656270074975, 40.901957060904351 ], [ -73.888631473296272, 40.902004221442638 ], [ -73.888606808640048, 40.902049714406566 ], [ -73.888582148686737, 40.902095213672794 ], [ -73.888557485142229, 40.902140711128958 ], [ -73.888532819194836, 40.902186205875694 ], [ -73.888508160331625, 40.902231702424615 ], [ -73.88848349549896, 40.902277199862631 ], [ -73.888456658345646, 40.902327890087527 ], [ -73.888429815218728, 40.902378579399468 ], [ -73.888402977980505, 40.902429271411854 ], [ -73.888376138332163, 40.902479960713819 ], [ -73.888349312375652, 40.902530246605529 ], [ -73.888344680732658, 40.90253417093713 ], [ -73.888338919374263, 40.902535185613225 ], [ -73.88833371466167, 40.902534065780351 ], [ -73.888329736206146, 40.902530667108344 ], [ -73.888321326563513, 40.902476169797936 ], [ -73.888314151270706, 40.902423766404908 ], [ -73.888306978364355, 40.902371362112753 ], [ -73.888300041972926, 40.902318763543882 ], [ -73.888291456118452, 40.902261100857885 ], [ -73.888282871458145, 40.902203442674193 ], [ -73.888261364861947, 40.902088540830221 ], [ -73.888235544593741, 40.901974154383012 ], [ -73.888215299962013, 40.901898632809186 ], [ -73.888191929613654, 40.901823640389615 ], [ -73.88816544057056, 40.901749241964104 ], [ -73.888150595369865, 40.901712214991328 ], [ -73.888135876623792, 40.901675515014539 ], [ -73.88810276832686, 40.901601446039102 ], [ -73.888101235999613, 40.901593786838234 ], [ -73.888103456671331, 40.901585939471829 ], [ -73.888106685849749, 40.901580372207746 ], [ -73.888102942547093, 40.901568456977728 ], [ -73.888079554349972, 40.901526056630473 ], [ -73.88806748105462, 40.901504165866335 ], [ -73.888054083761887, 40.901481292289461 ], [ -73.888036794817424, 40.90145285985114 ], [ -73.88810400205162, 40.901398752792339 ], [ -73.8881270307254, 40.901381157140328 ], [ -73.888171696508721, 40.901347025244711 ], [ -73.888216364612148, 40.901312897836242 ], [ -73.88826103148142, 40.901278771309613 ], [ -73.888305699491596, 40.901244644766656 ], [ -73.888354825436522, 40.901209596819776 ], [ -73.888403957263606, 40.901174548857462 ], [ -73.888453081918087, 40.901139500867167 ], [ -73.888502212451726, 40.901104454662395 ], [ -73.888551344123428, 40.901069406636701 ], [ -73.888600469812317, 40.901034356783164 ], [ -73.888654791899057, 40.901001039949257 ], [ -73.888709116309471, 40.900967720390419 ], [ -73.888732479811225, 40.900953393696469 ], [ -73.888764875780538, 40.900933524216569 ], [ -73.888817763771016, 40.900901086597173 ], [ -73.888872086828243, 40.900867768760826 ], [ -73.888908529638499, 40.900845793301485 ], [ -73.88912358642493, 40.900720362699637 ], [ -73.889343035587075, 40.900599391500563 ], [ -73.889519759239519, 40.900506501122905 ], [ -73.889697098395715, 40.90041429182763 ], [ -73.889847584528965, 40.900340918181861 ], [ -73.890000911672431, 40.900271018412688 ], [ -73.890156950381041, 40.900204653618594 ], [ -73.890185154736912, 40.900192865197397 ], [ -73.890020847791646, 40.900334525141631 ], [ -73.889949466949489, 40.900379284121748 ], [ -73.889841533203452, 40.900451854756689 ], [ -73.88975905600401, 40.900512861270826 ] ] ], [ [ [ -73.889076586436133, 40.901438298692995 ], [ -73.889106239686129, 40.901390778023426 ], [ -73.889135895264275, 40.901343259149073 ], [ -73.889165550804535, 40.901295737565206 ], [ -73.889194192162108, 40.901252142911233 ], [ -73.889243222978052, 40.901181318265373 ], [ -73.889295127317922, 40.901111684091717 ], [ -73.889349864710454, 40.901043308784537 ], [ -73.889407372142173, 40.900976257114237 ], [ -73.889467602025533, 40.90091059566705 ], [ -73.889530494910488, 40.900846388316239 ], [ -73.889591150081017, 40.900788191322796 ], [ -73.889653991339117, 40.900731348913496 ], [ -73.889718964025121, 40.900675900653987 ], [ -73.88978602058107, 40.90062189782288 ], [ -73.889865651661694, 40.900557498252809 ], [ -73.889947999404086, 40.900495091286835 ], [ -73.890032966372559, 40.900434748865123 ], [ -73.89012047533015, 40.900376529439889 ], [ -73.890210426486362, 40.900320495043985 ], [ -73.890302729544402, 40.900266708619853 ], [ -73.890445539073511, 40.90019014999087 ], [ -73.89059151118316, 40.900117110572396 ], [ -73.890624229701302, 40.900101858557143 ], [ -73.890740714156721, 40.900047932601183 ], [ -73.890747912700903, 40.900044600418219 ], [ -73.890837078826706, 40.900007827046217 ], [ -73.890935167294757, 40.89997017956005 ], [ -73.891034682095736, 40.899934741323989 ], [ -73.891135528239275, 40.899901546463106 ], [ -73.891231662661923, 40.89987277655684 ], [ -73.891328772901858, 40.899845957037385 ], [ -73.891426792474874, 40.899821107650354 ], [ -73.891525643029368, 40.899798248130494 ], [ -73.891637841292038, 40.899774581614714 ], [ -73.891733935984178, 40.899713127276662 ], [ -73.891766779996331, 40.899750251720377 ], [ -73.891826913038827, 40.899739789524048 ], [ -73.891917150211654, 40.899725395154526 ], [ -73.892007748305716, 40.899712349977506 ], [ -73.892150140602155, 40.899693503581311 ], [ -73.892293169938753, 40.899677694937147 ], [ -73.892436728310841, 40.899664941051334 ], [ -73.892572536478468, 40.899654717339942 ], [ -73.892708659234671, 40.899647350097233 ], [ -73.892845000459758, 40.899642844635721 ], [ -73.892981456907904, 40.899641209863745 ], [ -73.893134475664041, 40.899639742444819 ], [ -73.893287480542796, 40.899641739873502 ], [ -73.893440337454493, 40.899647207429105 ], [ -73.893642174407546, 40.899660359624839 ], [ -73.893843874345151, 40.899674640548788 ], [ -73.89388608613605, 40.899677932805361 ], [ -73.894004355706429, 40.899688722096705 ], [ -73.894116971298573, 40.89970114676359 ], [ -73.89422915758459, 40.899715642941437 ], [ -73.89429530307018, 40.899727144176005 ], [ -73.894361443834455, 40.899738643567375 ], [ -73.894420980860602, 40.899748996868645 ], [ -73.894427585805502, 40.899750144722859 ], [ -73.894493726615536, 40.899761644038364 ], [ -73.894559867447043, 40.899773144216446 ], [ -73.894626839581946, 40.899789544649813 ], [ -73.894693015003952, 40.899807708366097 ], [ -73.894758310686385, 40.899827608276347 ], [ -73.894822657830531, 40.899849225409213 ], [ -73.894885969851643, 40.899872530871939 ], [ -73.894948169648629, 40.899897502083924 ], [ -73.895009187266339, 40.899924100262538 ], [ -73.895028599108826, 40.8999332839429 ], [ -73.895093375626729, 40.899965699920699 ], [ -73.895156725574992, 40.899999700318993 ], [ -73.895218586110659, 40.900035250864576 ], [ -73.895278878972206, 40.90007231096714 ], [ -73.895338690007733, 40.900113931553172 ], [ -73.895396583234799, 40.900157089297544 ], [ -73.895452478033363, 40.900201732802479 ], [ -73.895506317518439, 40.900247810691759 ], [ -73.895558037689284, 40.900295267980859 ], [ -73.895711396609386, 40.900437955049028 ], [ -73.895858872498621, 40.900584169201267 ], [ -73.895981204216412, 40.900716911779575 ], [ -73.896098013408306, 40.900852485779005 ], [ -73.896198069338325, 40.900976497688546 ], [ -73.896240615139135, 40.901030234494598 ], [ -73.89626961072635, 40.901069918764684 ], [ -73.896309470100334, 40.901119617161541 ], [ -73.896351429670986, 40.901176483480818 ], [ -73.896393364446894, 40.901249301834646 ], [ -73.896423489944326, 40.901311142584383 ], [ -73.896444436799698, 40.901360013527608 ], [ -73.896465397296623, 40.901400908892896 ], [ -73.89647979234104, 40.901438807860174 ], [ -73.896490255346279, 40.90147072138565 ], [ -73.896505936268568, 40.901526566344714 ], [ -73.896518989995684, 40.901581413011094 ], [ -73.896526820800034, 40.901616314679863 ], [ -73.896531072668623, 40.901645579713474 ], [ -73.896532306248986, 40.901645266550148 ], [ -73.896531537668565, 40.9016487759474 ], [ -73.896532061372412, 40.901652381053601 ], [ -73.896530653146428, 40.901652812924254 ], [ -73.896425356966745, 40.902133525535305 ], [ -73.896328944199212, 40.902573677393747 ], [ -73.896238956831908, 40.902977350015895 ], [ -73.896193770468827, 40.903317865090401 ], [ -73.896229049728262, 40.904130873120948 ], [ -73.896241546020406, 40.904445651027515 ], [ -73.896406719507311, 40.908751746994341 ], [ -73.896483209155747, 40.911328799949899 ], [ -73.887639332270183, 40.90872341952214 ], [ -73.886829817500612, 40.908484894259026 ], [ -73.886205636518511, 40.908300973094086 ], [ -73.886334756620002, 40.908039856691452 ], [ -73.886456975852056, 40.907776835128239 ], [ -73.886572243069196, 40.907512013732372 ], [ -73.886680514249974, 40.907245497837629 ], [ -73.886781746559279, 40.906977394578774 ], [ -73.886875897164487, 40.906707811089618 ], [ -73.886962931544787, 40.906436853610359 ], [ -73.887457024537284, 40.904981056726307 ], [ -73.888127319493648, 40.903352354357857 ], [ -73.888356539967234, 40.902858174667756 ], [ -73.888453969762679, 40.902625153405367 ], [ -73.888546390538309, 40.902423244334649 ], [ -73.888566840100296, 40.902380396541808 ], [ -73.888585824700996, 40.902340618881659 ], [ -73.888718082780485, 40.902089658222572 ], [ -73.888831782140045, 40.901861139401966 ], [ -73.888837052423071, 40.901851412046511 ], [ -73.888862000227064, 40.901805370009271 ], [ -73.888886946808128, 40.90175932886563 ], [ -73.888911893357644, 40.901713285915207 ], [ -73.888936838679797, 40.901667246559761 ], [ -73.888964360572288, 40.901621889542014 ], [ -73.888991884800859, 40.901576532519648 ], [ -73.889019406615233, 40.90153117728898 ], [ -73.889046930770178, 40.901485819352196 ], [ -73.889076586436133, 40.901438298692995 ] ] ], [ [ [ -73.887206352969315, 40.884416857850802 ], [ -73.887430305606188, 40.884369451540699 ], [ -73.887443871022157, 40.884370751566131 ], [ -73.88745064015896, 40.884379768438784 ], [ -73.887450620546616, 40.88439135318329 ], [ -73.887435336642625, 40.884402922141618 ], [ -73.887362252728025, 40.884495527149632 ], [ -73.887358763312164, 40.884496177497752 ], [ -73.887284941282644, 40.884589423782188 ], [ -73.887275511692351, 40.884600885875095 ], [ -73.887180504595051, 40.88471218687107 ], [ -73.887172919901289, 40.884711114181101 ], [ -73.887169628130565, 40.884707857504353 ], [ -73.887172326780586, 40.884453061085935 ], [ -73.887172088204196, 40.884447521057531 ], [ -73.887172846386363, 40.884442622249594 ], [ -73.887174352910236, 40.884438622859115 ], [ -73.887174887839123, 40.884438730539948 ], [ -73.887174093919242, 40.884437421356516 ], [ -73.887184290174176, 40.884425846559552 ], [ -73.887206352969315, 40.884416857850802 ] ] ], [ [ [ -73.88688101997927, 40.884439548702339 ], [ -73.886910377179163, 40.884441165929431 ], [ -73.886922139485563, 40.884441552956702 ], [ -73.886943002180914, 40.88444267829157 ], [ -73.886950089001871, 40.884445555084746 ], [ -73.886950499957322, 40.884446002128733 ], [ -73.886954309885596, 40.884450144498025 ], [ -73.886955768574865, 40.884455444391449 ], [ -73.886954085409627, 40.884466326927708 ], [ -73.886951317723415, 40.884484221393357 ], [ -73.88694912708759, 40.884498384806562 ], [ -73.886937254429469, 40.884590785640505 ], [ -73.886927447220202, 40.884700060016392 ], [ -73.886922985562762, 40.884780515943966 ], [ -73.886921623186169, 40.88480508799389 ], [ -73.886921380766907, 40.884809492037419 ], [ -73.886919757268871, 40.884885735565113 ], [ -73.886919589970091, 40.884893409349701 ], [ -73.886917951339342, 40.884921348048543 ], [ -73.886910970112481, 40.884921932828405 ], [ -73.8868537006054, 40.884660665287235 ], [ -73.886847286504448, 40.884633394959288 ], [ -73.886804454482828, 40.884453855313637 ], [ -73.886803466100901, 40.884447599562485 ], [ -73.886803481598918, 40.884447556354345 ], [ -73.886811136624175, 40.8844379619701 ], [ -73.886825272966917, 40.884434951997399 ], [ -73.886831770452304, 40.884435525675052 ], [ -73.886851735064923, 40.884437288591037 ], [ -73.886873481946267, 40.884438966803707 ], [ -73.88688101997927, 40.884439548702339 ] ] ], [ [ [ -73.887043998597306, 40.884640816747556 ], [ -73.887042528954524, 40.88469223580892 ], [ -73.887041055746963, 40.884743656667283 ], [ -73.887039589656126, 40.88479507753209 ], [ -73.887038155566373, 40.884823473880566 ], [ -73.88703682938413, 40.884849812722187 ], [ -73.887035632682498, 40.884880251606766 ], [ -73.887035729258329, 40.884910699861287 ], [ -73.887037112041924, 40.884941129563799 ], [ -73.887039775149802, 40.884971512793285 ], [ -73.88704372220144, 40.885001815334853 ], [ -73.887048950886751, 40.885032001166529 ], [ -73.887055454120528, 40.885062051370987 ], [ -73.887063217739737, 40.885091922710835 ], [ -73.887072247721505, 40.885121589978063 ], [ -73.887087551948653, 40.885167350578229 ], [ -73.887096479870593, 40.885195644500982 ], [ -73.88710426010779, 40.885224134506863 ], [ -73.887110890336274, 40.885252790877857 ], [ -73.887121315327548, 40.885302245899588 ], [ -73.887128787659535, 40.88533739109949 ], [ -73.887131686910479, 40.885351020099719 ], [ -73.887142054942899, 40.885399797896909 ], [ -73.887152424181679, 40.885448572992438 ], [ -73.887162073871991, 40.885494166864177 ], [ -73.887171724762027, 40.885539760735838 ], [ -73.8871813744788, 40.885585354605155 ], [ -73.8871910277729, 40.88563094577534 ], [ -73.887200676325065, 40.88567654234258 ], [ -73.887210116978792, 40.885722298091594 ], [ -73.887219556452919, 40.885768057440252 ], [ -73.887228998314569, 40.885813815889563 ], [ -73.887238436626575, 40.885859576135211 ], [ -73.887247876141203, 40.885905334579888 ], [ -73.887257318040312, 40.885951093926231 ], [ -73.887266956185869, 40.885997283895634 ], [ -73.887276593149153, 40.886043479265616 ], [ -73.887286233689991, 40.886089671936425 ], [ -73.887295871869625, 40.886135865504208 ], [ -73.887305505318025, 40.886182058165616 ], [ -73.887315144709476, 40.886228252632662 ], [ -73.887326081026345, 40.88628072925826 ], [ -73.887337014982805, 40.886333208581455 ], [ -73.887347948961107, 40.886385685201681 ], [ -73.887358880580521, 40.886438163618998 ], [ -73.887364060430642, 40.88646300859488 ], [ -73.887369819336485, 40.886490642041728 ], [ -73.887379576130314, 40.8865369275643 ], [ -73.88738933649735, 40.88658321308916 ], [ -73.887399094507927, 40.886629496809533 ], [ -73.887408853715556, 40.886675782330755 ], [ -73.887418611754882, 40.886722065148206 ], [ -73.887428367425557, 40.886768353365021 ], [ -73.887438436190678, 40.886815440617411 ], [ -73.887448500233049, 40.886862522461001 ], [ -73.887458565465565, 40.886909610607788 ], [ -73.887468628342305, 40.886956696950037 ], [ -73.887478694795931, 40.88700378149354 ], [ -73.887488757704247, 40.887050866032233 ], [ -73.887499072094144, 40.887099400597926 ], [ -73.887503667814272, 40.887121006845902 ], [ -73.887509390066327, 40.887147930663254 ], [ -73.887519706864055, 40.887196462527086 ], [ -73.887523841119702, 40.887215911659204 ], [ -73.887530021302197, 40.887244995287688 ], [ -73.88754033812998, 40.887293527148771 ], [ -73.887551127608262, 40.887341829844928 ], [ -73.887618389993477, 40.88767434771097 ], [ -73.887669827941522, 40.888008214354429 ], [ -73.887708652906852, 40.888676605604978 ], [ -73.88768903524651, 40.889048141501796 ], [ -73.887686490810694, 40.889075068062603 ], [ -73.887683773137979, 40.88910199085278 ], [ -73.887680679999164, 40.889130616096537 ], [ -73.887660080820908, 40.889145408145808 ], [ -73.887639952078175, 40.88916057255009 ], [ -73.887608776614712, 40.889185329879261 ], [ -73.887593926509581, 40.889197957342894 ], [ -73.887578727039241, 40.889210882525191 ], [ -73.887549847305777, 40.889237200815508 ], [ -73.887522167144937, 40.889264246059184 ], [ -73.887495722188348, 40.889291998481148 ], [ -73.887470537428115, 40.889320414883151 ], [ -73.887446641384358, 40.889349470980804 ], [ -73.887424074476741, 40.889379122690428 ], [ -73.887402849793943, 40.889409349314413 ], [ -73.887388503086711, 40.889431562916045 ], [ -73.887365417193536, 40.889469849768538 ], [ -73.88734748848924, 40.889503062908226 ], [ -73.887331879004449, 40.88953519952647 ], [ -73.887317728369041, 40.889567715770696 ], [ -73.887305041381609, 40.889600581930111 ], [ -73.887291792180008, 40.889636103972634 ], [ -73.88728555849822, 40.889637803406224 ], [ -73.887280436588142, 40.889634643101722 ], [ -73.88731536188989, 40.889371958603689 ], [ -73.887342923929879, 40.889111512708581 ], [ -73.887362142473009, 40.888850628220602 ], [ -73.887371222658558, 40.888655644910003 ], [ -73.887376199773158, 40.888460573843147 ], [ -73.887377065450849, 40.888265471742869 ], [ -73.887373051479088, 40.887995018486862 ], [ -73.887363811805642, 40.887724641161583 ], [ -73.887349355895111, 40.887454393804148 ], [ -73.887329676592501, 40.887184334937224 ], [ -73.887324225241571, 40.887120831816226 ], [ -73.887302985656859, 40.886906872611718 ], [ -73.887277355536668, 40.886693191859806 ], [ -73.887247337216635, 40.886479836385107 ], [ -73.88721293300776, 40.886266867419501 ], [ -73.887203999860006, 40.88621496544998 ], [ -73.887195013306481, 40.886163078735379 ], [ -73.887186027950406, 40.886111193821691 ], [ -73.887177036669627, 40.88605931250293 ], [ -73.887172082862435, 40.886030676689082 ], [ -73.887168057283432, 40.886007422189721 ], [ -73.887159064853364, 40.885955535464497 ], [ -73.887150079547268, 40.885903654147938 ], [ -73.887141094264436, 40.885851767427319 ], [ -73.887132108998628, 40.885799878904514 ], [ -73.887123124928806, 40.885747993083086 ], [ -73.887114139683405, 40.885696109060341 ], [ -73.887109057917215, 40.885671588340699 ], [ -73.887103292408, 40.885643756762924 ], [ -73.887092447507399, 40.885591413471197 ], [ -73.88708160382113, 40.885539063875726 ], [ -73.887070762521887, 40.885486716082042 ], [ -73.887059921241288, 40.88543436738631 ], [ -73.887049079973139, 40.885382021390498 ], [ -73.88703859203244, 40.88532983512512 ], [ -73.887024661961917, 40.885251853748109 ], [ -73.887013895656438, 40.885173585508532 ], [ -73.887006297722493, 40.885095106052795 ], [ -73.887001878720255, 40.88501647842584 ], [ -73.887000633744108, 40.884937789970493 ], [ -73.887002573341874, 40.884859110935153 ], [ -73.887007691450421, 40.884780511551696 ], [ -73.887011754580371, 40.884734820325676 ], [ -73.887016456208059, 40.884688334594273 ], [ -73.887021159014125, 40.884641849763909 ], [ -73.887025859436037, 40.884595367632123 ], [ -73.887030524858346, 40.884549229451423 ], [ -73.887036449604253, 40.884499333870579 ], [ -73.887041677325399, 40.884496542975214 ], [ -73.88704882027065, 40.884499214506214 ], [ -73.887048167973589, 40.884550030142172 ], [ -73.887046114073897, 40.884594761617365 ], [ -73.887043998597306, 40.884640816747556 ] ] ], [ [ [ -73.878923020080322, 40.889290110671716 ], [ -73.878746687238589, 40.88888876707297 ], [ -73.878365026839703, 40.888020070683034 ], [ -73.87827104986998, 40.887806167322559 ], [ -73.878229410216633, 40.887699758843681 ], [ -73.878095455965337, 40.887237799349727 ], [ -73.879362059593248, 40.885512158793496 ], [ -73.881309712562881, 40.882858444690001 ], [ -73.882046967880697, 40.883213952823056 ], [ -73.882312642812465, 40.883342060782766 ], [ -73.88250299513733, 40.883431760437873 ], [ -73.882577422897015, 40.883453417255986 ], [ -73.882635461689688, 40.883464390191733 ], [ -73.882694686869456, 40.883470721392555 ], [ -73.882774402368568, 40.883471815431882 ], [ -73.882836080778475, 40.883466276129511 ], [ -73.883696765842984, 40.88325761498313 ], [ -73.883841124123464, 40.883236260328289 ], [ -73.883945592535895, 40.883231428049378 ], [ -73.884023952753765, 40.883236634188854 ], [ -73.884124766189629, 40.883251892444939 ], [ -73.884198617076919, 40.883270469773926 ], [ -73.884292295541655, 40.883303888952256 ], [ -73.884621747832114, 40.883460457772237 ], [ -73.886326026947827, 40.88426698342726 ], [ -73.886360279855609, 40.88422885452173 ], [ -73.886570971539001, 40.884322302688702 ], [ -73.886691495723511, 40.884377479541271 ], [ -73.886722035189479, 40.884408023416576 ], [ -73.886743841715642, 40.88443457946321 ], [ -73.886760394839897, 40.884465773261837 ], [ -73.88676908606476, 40.884494969269397 ], [ -73.886777458419303, 40.884535837974482 ], [ -73.886786430561401, 40.884582628868564 ], [ -73.886794492650552, 40.884620371677585 ], [ -73.886805064995173, 40.884672981283849 ], [ -73.886815048354507, 40.884723791138377 ], [ -73.886816383673818, 40.884756949273175 ], [ -73.88682820773586, 40.884806821723032 ], [ -73.88684053258207, 40.884855264689129 ], [ -73.886852853895931, 40.884903702247058 ], [ -73.886865174038107, 40.884952141603101 ], [ -73.886868874948533, 40.884966673684474 ], [ -73.886877497759386, 40.885000580060328 ], [ -73.886889819124022, 40.885049019414012 ], [ -73.886899822640302, 40.885092934250196 ], [ -73.886909822616332, 40.8851368454797 ], [ -73.886919822599509, 40.885180760309915 ], [ -73.886929827338861, 40.885224676944574 ], [ -73.886939823796524, 40.885268587266395 ], [ -73.886949709159907, 40.885315038651768 ], [ -73.886959592168651, 40.885361487332112 ], [ -73.886969479935743, 40.88540793691633 ], [ -73.886979361781016, 40.885454388294484 ], [ -73.886989247201186, 40.885500838774377 ], [ -73.886999131451674, 40.885547287450898 ], [ -73.887043091201207, 40.885767042924016 ], [ -73.887053025326395, 40.885821195305567 ], [ -73.887054887534219, 40.88583134741323 ], [ -73.887083485054745, 40.885987192897758 ], [ -73.887120303548016, 40.886207700446839 ], [ -73.887153545506948, 40.886428537658283 ], [ -73.887160528731727, 40.886480694362042 ], [ -73.887167506039319, 40.886532848357632 ], [ -73.887174491657518, 40.886585005962367 ], [ -73.887181472542096, 40.886637162661046 ], [ -73.887188452254136, 40.886689317556645 ], [ -73.88719543671715, 40.886741476057928 ], [ -73.887202418825652, 40.886793630053518 ], [ -73.887209400943647, 40.886845784948704 ], [ -73.887214542561679, 40.886898745780847 ], [ -73.887219687753699, 40.886951703013828 ], [ -73.887224828203159, 40.887004662942864 ], [ -73.887229975786155, 40.887057619276163 ], [ -73.887235122187775, 40.887110577408485 ], [ -73.887236106386283, 40.88712074576226 ], [ -73.88723788948667, 40.88713909941746 ], [ -73.887240262664804, 40.88716353553432 ], [ -73.887245406711273, 40.887216492762377 ], [ -73.887248160661571, 40.887252190733612 ], [ -73.887249327495496, 40.887267313741546 ], [ -73.887253129834065, 40.887316615483833 ], [ -73.887257171456625, 40.88736895479979 ], [ -73.887264412860631, 40.887462788050321 ], [ -73.887265017808687, 40.887470599459881 ], [ -73.887268938622896, 40.887521420435995 ], [ -73.887272460490792, 40.887583596154663 ], [ -73.887276569907954, 40.887656152352207 ], [ -73.887282231210847, 40.887756084848235 ], [ -73.887290371612536, 40.887990879290811 ], [ -73.887293368170887, 40.888225749743761 ], [ -73.887291217400033, 40.888460620563286 ], [ -73.887284706226083, 40.888716320762406 ], [ -73.887269969964365, 40.888971818411505 ], [ -73.88724702774536, 40.889226972149928 ], [ -73.887215885675232, 40.889481624393838 ], [ -73.887208173119774, 40.889528314261987 ], [ -73.887200289098715, 40.889576048525434 ], [ -73.887192491385591, 40.889623261490883 ], [ -73.887184692476367, 40.889670473553764 ], [ -73.887176894744158, 40.889717684716331 ], [ -73.887164635496134, 40.889770433107586 ], [ -73.887152377429075, 40.889823173393758 ], [ -73.887151562225185, 40.889826675487242 ], [ -73.887150750594799, 40.889830169479794 ], [ -73.886989036957516, 40.889937372607072 ], [ -73.8868317389243, 40.890048296140797 ], [ -73.886679006182064, 40.890162834888933 ], [ -73.886530983679506, 40.890280880953497 ], [ -73.886530183492837, 40.890280429023463 ], [ -73.886459825934864, 40.89034029978275 ], [ -73.886419645708571, 40.890374664217447 ], [ -73.886419516177909, 40.890374775750217 ], [ -73.886072550904899, 40.890676887216287 ], [ -73.885731973567616, 40.890983156989755 ], [ -73.885397872132373, 40.891293508672518 ], [ -73.885070331018852, 40.891607861360413 ], [ -73.884749432274404, 40.891926136848149 ], [ -73.884435259144752, 40.892248253329605 ], [ -73.884127890132987, 40.892574129894093 ], [ -73.883827404938799, 40.892903682930218 ], [ -73.883691618882978, 40.893039265568405 ], [ -73.883442659097099, 40.893299021528591 ], [ -73.88322390873445, 40.893507377182146 ], [ -73.883095674576765, 40.893630107814481 ], [ -73.882941071689686, 40.893758526045829 ], [ -73.882707283441789, 40.893952580155982 ], [ -73.882496147631358, 40.894110940898322 ], [ -73.882447379015218, 40.894145785052004 ], [ -73.882396210753271, 40.894181378645477 ], [ -73.882344119138153, 40.894217009095357 ], [ -73.882323710913312, 40.894230966526358 ], [ -73.882292022717266, 40.894252641317607 ], [ -73.882239928610758, 40.894288275319532 ], [ -73.882202883142057, 40.894313614098493 ], [ -73.882187838016364, 40.894323904798924 ], [ -73.882135742614579, 40.894359536951121 ], [ -73.88211070338474, 40.894375114991632 ], [ -73.882086671565744, 40.894390061915018 ], [ -73.882037599296311, 40.894420580553287 ], [ -73.881988535280612, 40.894451103681391 ], [ -73.881939460539698, 40.894481626777576 ], [ -73.88189039524876, 40.894512148961972 ], [ -73.881841322799119, 40.894542667516092 ], [ -73.881793147621025, 40.894571747092115 ], [ -73.881731568803914, 40.894607510725585 ], [ -73.881676339304121, 40.894639586143342 ], [ -73.881587141755162, 40.894686529726656 ], [ -73.881514757609594, 40.894712505591549 ], [ -73.881124309627808, 40.894891295331441 ], [ -73.880930740420908, 40.89497365502028 ], [ -73.880692846760041, 40.895055968582426 ], [ -73.880631359990446, 40.895068971058677 ], [ -73.880568409475345, 40.895076986001349 ], [ -73.880504696726206, 40.895079922284758 ], [ -73.880462742880439, 40.895081016161747 ], [ -73.880425294434716, 40.895076429927457 ], [ -73.880392349352661, 40.895067299996441 ], [ -73.880360913296641, 40.895052487757454 ], [ -73.880336975812114, 40.895033135832918 ], [ -73.880325964887646, 40.895009203029431 ], [ -73.880330457889201, 40.894977454778228 ], [ -73.880354534732149, 40.894807294333383 ], [ -73.880573274090125, 40.893230714248674 ], [ -73.88058383500865, 40.893024808452118 ], [ -73.880580172902441, 40.892862370580012 ], [ -73.880548458607038, 40.892619286805264 ], [ -73.880519731721549, 40.892490854131403 ], [ -73.880438667018083, 40.892251530073558 ], [ -73.880297398999645, 40.89195088889366 ], [ -73.880150058186913, 40.891685631208432 ], [ -73.879842566870536, 40.891138098023028 ], [ -73.87965151162625, 40.890797889025905 ], [ -73.879356386850461, 40.890263516235727 ], [ -73.879263509845259, 40.890065065468335 ], [ -73.87909297268105, 40.889676925146638 ], [ -73.878923020080322, 40.889290110671716 ] ] ], [ [ [ -73.888753462324701, 40.889056876836129 ], [ -73.88872067353212, 40.889066772189004 ], [ -73.888699068168165, 40.889076022762808 ], [ -73.888492678265195, 40.889152654840508 ], [ -73.888289720401161, 40.889234394725541 ], [ -73.888090411835719, 40.889321154398822 ], [ -73.887894971029425, 40.889412839540149 ], [ -73.887703606960329, 40.889509352219278 ], [ -73.887713425771395, 40.889456098023047 ], [ -73.887713431756012, 40.889456067412368 ], [ -73.887723255350906, 40.889402781702458 ], [ -73.887744912803356, 40.889267965787006 ], [ -73.887757051007625, 40.889179758772116 ], [ -73.887758681900465, 40.889166797861002 ], [ -73.887784760896125, 40.889149786920981 ], [ -73.887811455958982, 40.889133334875169 ], [ -73.88783874808415, 40.889117453410975 ], [ -73.887866617058961, 40.889102166821566 ], [ -73.887895032038799, 40.889087471474504 ], [ -73.887928054569912, 40.889071331711996 ], [ -73.887961776891146, 40.889056060687842 ], [ -73.887996178799696, 40.889041677292077 ], [ -73.888031205689515, 40.889028195878815 ], [ -73.88806682430706, 40.889015634425022 ], [ -73.888102988355641, 40.88900400549209 ], [ -73.888122582496052, 40.888998296493142 ], [ -73.888139650347625, 40.88899332434174 ], [ -73.888176780593994, 40.888983606253056 ], [ -73.888214331622379, 40.888974857482907 ], [ -73.888252246455892, 40.888967091483096 ], [ -73.888290493044678, 40.888960316326617 ], [ -73.888295963373679, 40.888959496775357 ], [ -73.888329026277717, 40.888954545476793 ], [ -73.888367793960853, 40.888949770778424 ], [ -73.888406753341116, 40.888946014702206 ], [ -73.888445865273667, 40.888943270906616 ], [ -73.888510703997397, 40.888940913044564 ], [ -73.888575540340369, 40.888938556944765 ], [ -73.888640379056397, 40.88893619810937 ], [ -73.888673316979947, 40.888934999817707 ], [ -73.888705222511106, 40.888933841043091 ], [ -73.8887700600268, 40.888931484835176 ], [ -73.888786395490285, 40.888930889145371 ], [ -73.888834899915651, 40.888929125891664 ], [ -73.888893874237453, 40.888927653647634 ], [ -73.888952846183528, 40.888926181371218 ], [ -73.889011818128481, 40.888924708164168 ], [ -73.88907079126345, 40.888923231326181 ], [ -73.889107228143118, 40.888922897137967 ], [ -73.889147223259016, 40.888923465040598 ], [ -73.889153195589088, 40.888928995258283 ], [ -73.888952020723366, 40.888990581541478 ], [ -73.888753462324701, 40.889056876836129 ] ] ], [ [ [ -73.887623317415944, 40.889493245429499 ], [ -73.887622836426658, 40.889495599732186 ], [ -73.887609501641833, 40.889559396088671 ], [ -73.887485685773498, 40.889627964538064 ], [ -73.887363881021258, 40.889698578019207 ], [ -73.887371399820708, 40.889672346995027 ], [ -73.887382595245626, 40.889638777894966 ], [ -73.887395267459681, 40.88960550829519 ], [ -73.887409398585575, 40.889572583201996 ], [ -73.887424985008337, 40.889540034128451 ], [ -73.88744199580762, 40.889507900665109 ], [ -73.887460415495084, 40.889476218815737 ], [ -73.887480229770617, 40.889445023684694 ], [ -73.887501407726546, 40.889414347658622 ], [ -73.887523932680693, 40.889384231242396 ], [ -73.887547772537559, 40.889354707721978 ], [ -73.887572903523306, 40.889325801386541 ], [ -73.887599298273898, 40.889297554531396 ], [ -73.8876269282663, 40.889269993242038 ], [ -73.887647068896314, 40.889252029240737 ], [ -73.887667809257408, 40.889234462033308 ], [ -73.887665327592529, 40.88925232075924 ], [ -73.887637622545014, 40.889423284387341 ], [ -73.887623725412936, 40.889491252150648 ], [ -73.887623317415944, 40.889493245429499 ] ] ], [ [ [ -73.889094714515849, 40.889272796892001 ], [ -73.889040108671111, 40.889300711708287 ], [ -73.888970311583407, 40.889338873826127 ], [ -73.888907580618834, 40.889374864426792 ], [ -73.88884597262043, 40.889411962771895 ], [ -73.888785529174839, 40.889450134684758 ], [ -73.888709198462223, 40.889501027723277 ], [ -73.888634928224803, 40.889553646229061 ], [ -73.888562783802556, 40.889607943443878 ], [ -73.888492831732066, 40.889663867207773 ], [ -73.888425138542999, 40.889721369863224 ], [ -73.888384003190524, 40.889758633625888 ], [ -73.888342867785809, 40.889795900975528 ], [ -73.888301733523136, 40.889833167410934 ], [ -73.888260599217404, 40.88987043203047 ], [ -73.888219464862487, 40.889907698436033 ], [ -73.888177009138914, 40.889951692878086 ], [ -73.888134550985953, 40.889995687301848 ], [ -73.888092097520186, 40.890039683515198 ], [ -73.888049644005832, 40.890083675210164 ], [ -73.888007183309583, 40.890127670484183 ], [ -73.887964980980158, 40.890169705635209 ], [ -73.887919854324537, 40.890214841906037 ], [ -73.887838647075, 40.890301150240298 ], [ -73.887801835245412, 40.890343204976034 ], [ -73.887787734911555, 40.890359312668259 ], [ -73.887775245527109, 40.890373581331851 ], [ -73.887763909368005, 40.890386533704529 ], [ -73.887725979879789, 40.890429863317223 ], [ -73.887688047970457, 40.890473192014348 ], [ -73.887650123126761, 40.89051652340703 ], [ -73.887612193496295, 40.890559849379336 ], [ -73.887574719981899, 40.890604980356784 ], [ -73.887537242855288, 40.890650112218673 ], [ -73.887499772801974, 40.890695241373543 ], [ -73.887462296764753, 40.890740370510052 ], [ -73.887425098262938, 40.890785547630443 ], [ -73.887344785285947, 40.890886726203426 ], [ -73.887323674704561, 40.890915137536915 ], [ -73.887266621328749, 40.890991226008218 ], [ -73.887262293501436, 40.890993463090552 ], [ -73.88725619402517, 40.890993618320223 ], [ -73.887249472059125, 40.890989990000776 ], [ -73.887247639796357, 40.890985167010207 ], [ -73.88733009070917, 40.890768133189589 ], [ -73.887410772638972, 40.890552734659593 ], [ -73.887489997417873, 40.890337026678665 ], [ -73.887497799227361, 40.890310455541496 ], [ -73.887525197975791, 40.890217159485985 ], [ -73.887529162720654, 40.890203655160143 ], [ -73.887529068889293, 40.890203708197419 ], [ -73.887598732472455, 40.889948680098307 ], [ -73.887747040637095, 40.889861578137577 ], [ -73.887897963986703, 40.889777102541231 ], [ -73.888051422947171, 40.889695300947722 ], [ -73.888051191927957, 40.889694378626004 ], [ -73.888387613896697, 40.889543141816318 ], [ -73.888727852711654, 40.889396905400247 ], [ -73.889071780177119, 40.889255726852333 ], [ -73.889094714515849, 40.889272796892001 ] ], [ [ -73.888050716879235, 40.889696736538049 ], [ -73.888051655154513, 40.889696222370048 ], [ -73.888051422947171, 40.889695300947722 ], [ -73.888050716879235, 40.889696736538049 ] ] ], [ [ [ -73.887220687778381, 40.890818231136961 ], [ -73.88711206538018, 40.891061239011584 ], [ -73.886992780551282, 40.891301354781454 ], [ -73.886967109975245, 40.891350418725906 ], [ -73.886941176981509, 40.89139956255044 ], [ -73.886915245131362, 40.891448709071334 ], [ -73.886889317994019, 40.89149785288916 ], [ -73.886863388437405, 40.89154700120077 ], [ -73.886837452913937, 40.891596146798811 ], [ -73.886811524473373, 40.891645291497113 ], [ -73.886785593616651, 40.891694438888265 ], [ -73.88675990542194, 40.891742521236736 ], [ -73.886734216006474, 40.89179060177689 ], [ -73.886708526549242, 40.89183868501231 ], [ -73.886682839429653, 40.891886767343493 ], [ -73.886657148706888, 40.891934853266925 ], [ -73.886631459136666, 40.891982937384412 ], [ -73.886605769533858, 40.892031018794306 ], [ -73.88658008107592, 40.892079102900695 ], [ -73.88655439139724, 40.892127185198781 ], [ -73.88653980008813, 40.892153845942438 ], [ -73.886528898853754, 40.892173765674578 ], [ -73.886503402705358, 40.892220351543727 ], [ -73.886477912457494, 40.892266935611751 ], [ -73.886452418623279, 40.892313514267272 ], [ -73.88642692711737, 40.892360098322051 ], [ -73.886401436757708, 40.892406685073382 ], [ -73.886375940433709, 40.892453269111435 ], [ -73.886350451200073, 40.892499849548472 ], [ -73.886335265335333, 40.892527829791014 ], [ -73.886324936270455, 40.892546863087738 ], [ -73.886299428427705, 40.892593874827035 ], [ -73.886273915799222, 40.89264088835656 ], [ -73.886248405507914, 40.892687901882354 ], [ -73.886222893992354, 40.892734916301436 ], [ -73.886197384818644, 40.892781928015353 ], [ -73.886171873230907, 40.892828942422319 ], [ -73.886146361611708, 40.892875954121806 ], [ -73.886120848768201, 40.892922966714529 ], [ -73.886095337069122, 40.892969982904347 ], [ -73.88606759295746, 40.893020624940633 ], [ -73.886039853559382, 40.893071261571571 ], [ -73.886012105806316, 40.893121901789108 ], [ -73.885984360382693, 40.893172542902334 ], [ -73.885956619669642, 40.893223180411169 ], [ -73.885928871792771, 40.893273818806293 ], [ -73.885901128618769, 40.8933244580994 ], [ -73.885873385400927, 40.893375098285915 ], [ -73.885867181093076, 40.893386418457041 ], [ -73.885845637394212, 40.893425738460564 ], [ -73.885819923829317, 40.893473297378499 ], [ -73.885792844797706, 40.893523375397933 ], [ -73.885766449040005, 40.893572190705804 ], [ -73.885740050865607, 40.893621008706305 ], [ -73.885713655025768, 40.893669826702627 ], [ -73.885692541188845, 40.893708872453232 ], [ -73.885687257952725, 40.893718649193723 ], [ -73.885660858478445, 40.893767465372612 ], [ -73.885634462523797, 40.893816282449066 ], [ -73.885608065339127, 40.893865102219259 ], [ -73.885596135761148, 40.89388716489394 ], [ -73.885581665746912, 40.893913919279186 ], [ -73.885555570452851, 40.893961728090829 ], [ -73.885545155438166, 40.893980798147801 ], [ -73.885529476315611, 40.89400953239489 ], [ -73.885503376202848, 40.894057339388191 ], [ -73.885477280806981, 40.894105141877446 ], [ -73.88545118298785, 40.894152951561892 ], [ -73.88542508632554, 40.894200756738762 ], [ -73.885398991996013, 40.894248563712644 ], [ -73.885372897630447, 40.89429636977971 ], [ -73.88534680085715, 40.894344174037137 ], [ -73.885320705232957, 40.894391978289399 ], [ -73.885294603628552, 40.894439787932342 ], [ -73.885268507927748, 40.894487593072441 ], [ -73.885242413373007, 40.894535400008358 ], [ -73.885217726416968, 40.894582385294115 ], [ -73.885091009047031, 40.894836355432624 ], [ -73.884973434547078, 40.895092844183516 ], [ -73.884865086408766, 40.895351660754713 ], [ -73.884842312987104, 40.895411681482862 ], [ -73.88479774243028, 40.895529124197729 ], [ -73.884783206634083, 40.895567421727378 ], [ -73.884766051671193, 40.89561262426114 ], [ -73.884705325144409, 40.895791607062293 ], [ -73.884652067424994, 40.895971954319783 ], [ -73.884606323970289, 40.896153490494584 ], [ -73.884568145012679, 40.896336024742837 ], [ -73.884549575384426, 40.896447361936957 ], [ -73.88453756058253, 40.89651938330843 ], [ -73.884514611405976, 40.896703384339972 ], [ -73.88450353617732, 40.896837685075845 ], [ -73.884497791330688, 40.896972180242386 ], [ -73.884497383049421, 40.89710674467922 ], [ -73.88450231632423, 40.897241256825808 ], [ -73.884512581896956, 40.897375599609212 ], [ -73.884528172907949, 40.897509641550414 ], [ -73.884535464599793, 40.897556548788693 ], [ -73.884475820095048, 40.897573174198683 ], [ -73.884468721593421, 40.89752779797405 ], [ -73.884452133584389, 40.897382982528427 ], [ -73.884441540372876, 40.897237846201442 ], [ -73.884439294171571, 40.897166698452686 ], [ -73.884436949984178, 40.897092528577886 ], [ -73.884437666015899, 40.897019925007065 ], [ -73.884438378747319, 40.896947171050989 ], [ -73.884448251045072, 40.896762208743553 ], [ -73.884466424921371, 40.896577614030939 ], [ -73.884492883342944, 40.896393588600816 ], [ -73.884505090304884, 40.896329145005033 ], [ -73.884514352138297, 40.89628023092537 ], [ -73.884527591429631, 40.896210361135928 ], [ -73.884570503669522, 40.89602813329212 ], [ -73.884621578079532, 40.895847125637246 ], [ -73.884680752535857, 40.895667540707755 ], [ -73.884771930626627, 40.895420923166675 ], [ -73.884871042759116, 40.895176074804723 ], [ -73.884978028077015, 40.894933143220719 ], [ -73.88509282454379, 40.894692274209923 ], [ -73.885116129207532, 40.894645938626866 ], [ -73.885141789130429, 40.894597699955504 ], [ -73.885151824260717, 40.894578837571039 ], [ -73.885181930836723, 40.89452223150311 ], [ -73.885193110065103, 40.894501214491186 ], [ -73.885218769887089, 40.894452969497998 ], [ -73.885244430852353, 40.894404728101811 ], [ -73.885270091789664, 40.894356481296562 ], [ -73.885295750313261, 40.894308236283798 ], [ -73.885319125460398, 40.8942655954177 ], [ -73.885342495830869, 40.89422295454181 ], [ -73.885365872109361, 40.894180310965289 ], [ -73.885389245982921, 40.8941376682818 ], [ -73.885412615079886, 40.894095025588555 ], [ -73.885435988898138, 40.894052380193493 ], [ -73.88546110251427, 40.894006194010529 ], [ -73.885475299729819, 40.893980089520525 ], [ -73.885490908815086, 40.89395137862374 ], [ -73.885511330820677, 40.893913826130579 ], [ -73.885536444330555, 40.893867640830543 ], [ -73.885561555430641, 40.893821456422721 ], [ -73.885586667682489, 40.893775272010238 ], [ -73.885611784647622, 40.893729086696091 ], [ -73.885636896834313, 40.893682899570436 ], [ -73.885663442538686, 40.893633916951316 ], [ -73.885689985830538, 40.893584934323307 ], [ -73.885716531455074, 40.893535952591563 ], [ -73.885743075855402, 40.893486969951589 ], [ -73.885754075490553, 40.893466675793611 ], [ -73.88576962495857, 40.89343799001125 ], [ -73.885784431600413, 40.893410664125057 ], [ -73.885796163350477, 40.893389005551363 ], [ -73.885822712378499, 40.893340023796895 ], [ -73.885846409727449, 40.893297319201189 ], [ -73.885870105867042, 40.89325461009669 ], [ -73.88589380315824, 40.893211903689604 ], [ -73.885917505160904, 40.893169199983461 ], [ -73.885941198834331, 40.89312649176145 ], [ -73.885964909129001, 40.893083761038582 ], [ -73.886066299691024, 40.89289658899601 ], [ -73.886165429108345, 40.892708729359136 ], [ -73.886262305689698, 40.892520190246259 ], [ -73.886378631470066, 40.892293059171401 ], [ -73.88649127020993, 40.892064861771978 ], [ -73.886600208836711, 40.89183562866225 ], [ -73.886695031605754, 40.891627376409367 ], [ -73.886787162512519, 40.891418428957479 ], [ -73.886876583742009, 40.891208808807669 ], [ -73.88697204573775, 40.890992056345297 ], [ -73.887060977505925, 40.890773713452248 ], [ -73.887102153358285, 40.890663803512432 ], [ -73.887152816493781, 40.890539632831882 ], [ -73.887197176155766, 40.890414080024186 ], [ -73.887235165612651, 40.890287330531415 ], [ -73.887266731187381, 40.890159569807317 ], [ -73.887382165553319, 40.89008363194894 ], [ -73.887499464547204, 40.890009358088676 ], [ -73.887422498135166, 40.890270704916702 ], [ -73.887412742879206, 40.890301638798732 ], [ -73.88740549413896, 40.890324622033489 ], [ -73.887318539406351, 40.890572603028204 ], [ -73.887220687778381, 40.890818231136961 ] ] ], [ [ [ -73.880427392692155, 40.896166779966762 ], [ -73.880377566984833, 40.896042435301815 ], [ -73.880348172146768, 40.895942280808782 ], [ -73.880325580365081, 40.895854216067498 ], [ -73.880314407869022, 40.895741995941854 ], [ -73.880310066327468, 40.895626330435583 ], [ -73.880321751643081, 40.895453713252955 ], [ -73.880330829211715, 40.895222061155714 ], [ -73.880477629406869, 40.895196789844753 ], [ -73.88047755624261, 40.895199201268255 ], [ -73.880483543935682, 40.895198080060212 ], [ -73.88055227633798, 40.895183351726416 ], [ -73.880620329458637, 40.895166899120632 ], [ -73.880687620189008, 40.895148741968768 ], [ -73.880754077300679, 40.895128892805452 ], [ -73.880819634273266, 40.895107385781806 ], [ -73.88088420801688, 40.895084230718965 ], [ -73.881006096071133, 40.895036772087273 ], [ -73.881126079429606, 40.894986595501948 ], [ -73.881244058303778, 40.894933754895312 ], [ -73.881359918696603, 40.894878287076189 ], [ -73.881541497166808, 40.894785746984653 ], [ -73.881719229437834, 40.89468901000636 ], [ -73.881892949199298, 40.89458816513676 ], [ -73.881941352582999, 40.894558863332733 ], [ -73.881990835023004, 40.894527995767056 ], [ -73.88204031504533, 40.894497127277077 ], [ -73.882089799765126, 40.894466260571548 ], [ -73.882143234590799, 40.894430879242606 ], [ -73.882196670541461, 40.894395500591315 ], [ -73.882250104063445, 40.894360121012141 ], [ -73.882303539900349, 40.894324742310907 ], [ -73.882356974496886, 40.894289361782548 ], [ -73.882399560876891, 40.894259775606912 ], [ -73.882442149590688, 40.894230190318325 ], [ -73.882484737079949, 40.894200605012649 ], [ -73.882496002963947, 40.894192778656745 ], [ -73.882513972603434, 40.894181462538292 ], [ -73.882642267072981, 40.894083586018702 ], [ -73.88273728485548, 40.894021183494388 ], [ -73.882846638562114, 40.893929863747893 ], [ -73.882967328086949, 40.893815697469414 ], [ -73.88312193990204, 40.893687647511747 ], [ -73.88232596394154, 40.894532207260127 ], [ -73.88160168672853, 40.89528291616886 ], [ -73.880541152294214, 40.896406902201278 ], [ -73.880535570869483, 40.89639650933151 ], [ -73.880522923586383, 40.89637036416925 ], [ -73.880522085020758, 40.896371439380886 ], [ -73.880481754098383, 40.896299760451527 ], [ -73.880427392692155, 40.896166779966762 ] ] ], [ [ [ -73.88019360618307, 40.896808677891514 ], [ -73.88013942280098, 40.896900188352575 ], [ -73.879663743516915, 40.897669305441006 ], [ -73.879870609432544, 40.896430298847754 ], [ -73.87996044981854, 40.89585325975515 ], [ -73.879995483249417, 40.895695098061907 ], [ -73.880271938286413, 40.896539110752904 ], [ -73.880311592327317, 40.896631426364038 ], [ -73.880236511603229, 40.896741767757305 ], [ -73.88019360618307, 40.896808677891514 ] ] ], [ [ [ -73.880572988295157, 40.897046240698081 ], [ -73.880599121344744, 40.897096355398467 ], [ -73.880624612234911, 40.897145248370997 ], [ -73.88065011147134, 40.897194140445563 ], [ -73.880675604803585, 40.897243037010377 ], [ -73.880701104115033, 40.897291929072736 ], [ -73.880726978845786, 40.897341273560293 ], [ -73.880749930813693, 40.89738724450784 ], [ -73.880770815695229, 40.897433782421899 ], [ -73.880789606290278, 40.897480832345948 ], [ -73.880806277781659, 40.897528333922871 ], [ -73.880820819565344, 40.89757624211839 ], [ -73.880833205640116, 40.897624494773076 ], [ -73.880843431345113, 40.897673041455548 ], [ -73.880851475424137, 40.897721820911542 ], [ -73.880857337966106, 40.897770780913504 ], [ -73.880861000083399, 40.897819862910794 ], [ -73.880862472551925, 40.897869011084602 ], [ -73.88086174122266, 40.897918171391389 ], [ -73.880860476356716, 40.897940570543213 ], [ -73.880858264545878, 40.897962927295346 ], [ -73.880856829479654, 40.897973022949088 ], [ -73.880855098709191, 40.89798521912833 ], [ -73.880850982454277, 40.898007419031238 ], [ -73.88084591937276, 40.898029508998029 ], [ -73.880839923744944, 40.898051466531214 ], [ -73.880832995632929, 40.898073256511701 ], [ -73.88082513386037, 40.898094872634893 ], [ -73.8808163657813, 40.89811628161074 ], [ -73.880806681938054, 40.898137462718275 ], [ -73.880796101353354, 40.89815839616616 ], [ -73.880788939443917, 40.898168928043098 ], [ -73.88078130199213, 40.898179267625295 ], [ -73.880773196153783, 40.898189395109355 ], [ -73.880764629062085, 40.898199303298654 ], [ -73.880760309290835, 40.898203942636258 ], [ -73.880755616159178, 40.898208984104684 ], [ -73.880746161040776, 40.898218417720379 ], [ -73.880736282705968, 40.898227597861862 ], [ -73.880725988302586, 40.898236509228234 ], [ -73.880718937111595, 40.898242205612625 ], [ -73.880715294451591, 40.898245148234572 ], [ -73.88070420830887, 40.898253495077476 ], [ -73.880692750052376, 40.898261547976794 ], [ -73.880680925641684, 40.898269292530763 ], [ -73.880668757641217, 40.898276719757753 ], [ -73.880656254372724, 40.898283821561883 ], [ -73.880643439579345, 40.898290593465227 ], [ -73.880630314475425, 40.89829702016069 ], [ -73.880616903987502, 40.898303098972427 ], [ -73.880603225936369, 40.898308819113005 ], [ -73.88058929457442, 40.898314174293688 ], [ -73.880575126522771, 40.898319160929596 ], [ -73.88056073723034, 40.898323767330339 ], [ -73.880546142120153, 40.89832799621329 ], [ -73.880531368513516, 40.898331833198881 ], [ -73.880516428269942, 40.898335282801682 ], [ -73.880501334458529, 40.898338336930905 ], [ -73.88048611082742, 40.898340988407078 ], [ -73.88047077399608, 40.898343234545976 ], [ -73.880455347693356, 40.89834507897401 ], [ -73.880439844988203, 40.898346513600373 ], [ -73.880424284864091, 40.898347541146101 ], [ -73.880408686322113, 40.898348154427048 ], [ -73.880393069527585, 40.89834835886694 ], [ -73.880377453480065, 40.898348148182123 ], [ -73.880361859529899, 40.898347528698011 ], [ -73.880346298358191, 40.898346500425774 ], [ -73.880330796088145, 40.898345055288097 ], [ -73.880315368118573, 40.898343209509733 ], [ -73.880300035825869, 40.898340955008493 ], [ -73.880284811066346, 40.898338298100043 ], [ -73.880269724692397, 40.898335240617492 ], [ -73.880254781443242, 40.898331787068166 ], [ -73.880240008606066, 40.898327941982885 ], [ -73.880225421595895, 40.898323712581579 ], [ -73.880211038220637, 40.898319095280833 ], [ -73.880205179405451, 40.898317030693462 ], [ -73.880197024499864, 40.898314159590299 ], [ -73.880183247607519, 40.898308855845691 ], [ -73.880169717019911, 40.898303193962207 ], [ -73.880156457640879, 40.898297183871072 ], [ -73.880143471831175, 40.898290832778841 ], [ -73.880130782132511, 40.898284144310779 ], [ -73.880118408705087, 40.898277126592383 ], [ -73.8801133646312, 40.898274057005082 ], [ -73.880106356271568, 40.898269793135931 ], [ -73.880094648560473, 40.898262147568012 ], [ -73.880083287925814, 40.89825420069711 ], [ -73.880072300454813, 40.898245964256695 ], [ -73.880061688516236, 40.898237440950737 ], [ -73.880051469880215, 40.898228647907061 ], [ -73.880041663520117, 40.898219593249799 ], [ -73.88003226467255, 40.898210285979012 ], [ -73.880023298228323, 40.898200743229822 ], [ -73.880014770112808, 40.898190969510921 ], [ -73.880006688610422, 40.898180977437825 ], [ -73.879999067939167, 40.898170779632146 ], [ -73.879991912818284, 40.898160391407202 ], [ -73.879985232725218, 40.898149821777714 ], [ -73.879979038316165, 40.898139084262098 ], [ -73.87997333194329, 40.898128190569217 ], [ -73.879968123074249, 40.898117155116736 ], [ -73.879963423561676, 40.898105986021392 ], [ -73.879959228617651, 40.898094705790406 ], [ -73.879958755370339, 40.898093245612642 ], [ -73.880011218198035, 40.897744590152513 ], [ -73.880012617191611, 40.897741397587232 ], [ -73.880026456170071, 40.897712889116114 ], [ -73.880041485994212, 40.897684727666721 ], [ -73.880057685239805, 40.897656947434804 ], [ -73.880083390068719, 40.897612809863965 ], [ -73.880109094855428, 40.897568676789426 ], [ -73.880134798422873, 40.897524542807055 ], [ -73.880160503149398, 40.897480405217927 ], [ -73.880186206648602, 40.897436271223434 ], [ -73.880211916052133, 40.897392134527507 ], [ -73.880237619483083, 40.897348000520807 ], [ -73.88026570376023, 40.897304358841168 ], [ -73.88029379038052, 40.89726071355485 ], [ -73.880321878144159, 40.897217071864517 ], [ -73.880349958752163, 40.897173429259112 ], [ -73.88037804406693, 40.897129788452432 ], [ -73.880406132906614, 40.897086146741749 ], [ -73.880434216969022, 40.897042501417062 ], [ -73.88048440800253, 40.896972726192679 ], [ -73.880513800342129, 40.896932703952324 ], [ -73.88054893556081, 40.897000117291668 ], [ -73.880559179674052, 40.897019759361335 ], [ -73.880565709083228, 40.897032281055147 ], [ -73.880572988295157, 40.897046240698081 ] ] ], [ [ [ -73.879746667617965, 40.898497937709536 ], [ -73.879751321650659, 40.898469955495592 ], [ -73.879772262962618, 40.898344039128794 ], [ -73.879786015014119, 40.898261358343191 ], [ -73.879797573829961, 40.898191854764626 ], [ -73.879807812836489, 40.898130295686634 ], [ -73.879816054188794, 40.898080741590121 ], [ -73.879822269088294, 40.898043372542816 ], [ -73.879841987454128, 40.898011515910099 ], [ -73.879859384792042, 40.898013000906161 ], [ -73.87987387629498, 40.898018150550037 ], [ -73.879879658664336, 40.898027691799172 ], [ -73.879879613594724, 40.8980526306756 ], [ -73.879880531880232, 40.898079038344399 ], [ -73.879883389859643, 40.898102513351674 ], [ -73.879889136450061, 40.898131858922319 ], [ -73.879896829365421, 40.898154605064313 ], [ -73.879906864517707, 40.898176261354372 ], [ -73.879918982163005, 40.898199371390895 ], [ -73.879933443373545, 40.898220658581089 ], [ -73.879948843038974, 40.898241438871921 ], [ -73.879952240170169, 40.898245671980987 ], [ -73.879961554548501, 40.898256406438598 ], [ -73.879971347641813, 40.898266890157934 ], [ -73.879981615907838, 40.898277113229888 ], [ -73.879992338008009, 40.8982870630253 ], [ -73.880003038826359, 40.898296313121051 ], [ -73.880015112959782, 40.898306085123224 ], [ -73.880027142115551, 40.898315135789197 ], [ -73.880039569419594, 40.898323862693147 ], [ -73.880052387757928, 40.898332262225608 ], [ -73.880065582915563, 40.898340319963971 ], [ -73.880079137102598, 40.898348029586195 ], [ -73.880093036105549, 40.898355375769164 ], [ -73.880107262132938, 40.898362353091379 ], [ -73.880115627790431, 40.898366154620362 ], [ -73.880121787902411, 40.898368954320517 ], [ -73.880136615801888, 40.898375171354594 ], [ -73.880151713805247, 40.898380995155343 ], [ -73.880168444392297, 40.898387033163161 ], [ -73.880185438057069, 40.898392625701661 ], [ -73.88020268056151, 40.898397770955036 ], [ -73.880211410811128, 40.898400116771718 ], [ -73.880220142246387, 40.89840246348944 ], [ -73.880237802948116, 40.898406696980508 ], [ -73.880255653186907, 40.898410463313979 ], [ -73.880273662106973, 40.898413762457722 ], [ -73.880291808356262, 40.898416588986628 ], [ -73.880310070582695, 40.89841893747564 ], [ -73.880328430986225, 40.898420807005671 ], [ -73.880346865833147, 40.898422196651616 ], [ -73.880365352579801, 40.898423103688692 ], [ -73.880383866307213, 40.898423526289989 ], [ -73.880402392777299, 40.898423462639848 ], [ -73.880420905871517, 40.898422918114136 ], [ -73.880439377118734, 40.898421886379907 ], [ -73.880457795829884, 40.898420371928559 ], [ -73.880476134704381, 40.89841837743333 ], [ -73.88049437000042, 40.898415906471612 ], [ -73.880512480359471, 40.89841295722038 ], [ -73.88053045152715, 40.898409536868797 ], [ -73.880548250266159, 40.898405649884957 ], [ -73.880565869450749, 40.89840129896303 ], [ -73.88058327347008, 40.898396488568736 ], [ -73.880600453998866, 40.898391228598832 ], [ -73.880617377807866, 40.898385519019023 ], [ -73.880634042499011, 40.898379373334301 ], [ -73.880650410088066, 40.898372796007877 ], [ -73.880666469882811, 40.898365793332225 ], [ -73.880682202880536, 40.898358373392163 ], [ -73.88069759481904, 40.898350547879424 ], [ -73.880712616026301, 40.898342318564474 ], [ -73.880727260523201, 40.898333710654818 ], [ -73.880741498647438, 40.898324720517998 ], [ -73.880755322067415, 40.898315361652827 ], [ -73.880768710581066, 40.898305649346852 ], [ -73.880781655868162, 40.898295590795513 ], [ -73.880794127044254, 40.898285202175749 ], [ -73.880806125281566, 40.898274491593334 ], [ -73.880817628002973, 40.898263475233776 ], [ -73.880828626885162, 40.898252162093534 ], [ -73.880839099347838, 40.898240570159068 ], [ -73.880849044185055, 40.898228710235145 ], [ -73.880858441198086, 40.898216595808279 ], [ -73.880867284425946, 40.898204242180775 ], [ -73.880875563157517, 40.898191666450806 ], [ -73.880883259567625, 40.898178882107423 ], [ -73.880890373626002, 40.898165906259948 ], [ -73.88089689938451, 40.898152747006606 ], [ -73.880907531662871, 40.898124801528844 ], [ -73.880917068980821, 40.89809662529688 ], [ -73.880924724534097, 40.898070864924378 ], [ -73.880944891640041, 40.898056522093185 ], [ -73.880934362131157, 40.898103298615986 ], [ -73.880920883506661, 40.89815274653489 ], [ -73.880905155486218, 40.898201806723868 ], [ -73.880887185287193, 40.898250422458865 ], [ -73.880867013349643, 40.898298540652085 ], [ -73.880844644540531, 40.898346091970005 ], [ -73.880820118102292, 40.898393029626789 ], [ -73.880801547015253, 40.898425256807144 ], [ -73.880793459056179, 40.898439296015759 ], [ -73.880764700743697, 40.898484826335093 ], [ -73.880733876469819, 40.898529576493949 ], [ -73.880701024322121, 40.898573482595566 ], [ -73.880666182344982, 40.898616505056253 ], [ -73.880629398120959, 40.898658579989068 ], [ -73.880612517575869, 40.898676503787804 ], [ -73.880590707336196, 40.898699659703389 ], [ -73.880567245085189, 40.898722833716327 ], [ -73.880550163470431, 40.898739701029349 ], [ -73.880507815282769, 40.898778646384571 ], [ -73.880463710321777, 40.898816451692554 ], [ -73.880417897314857, 40.89885307738043 ], [ -73.880393884330289, 40.898870955037594 ], [ -73.880375458957545, 40.898884672838257 ], [ -73.880358860309087, 40.89889689952571 ], [ -73.880331968294186, 40.898916711128365 ], [ -73.880295305763241, 40.898943721873302 ], [ -73.880288481149165, 40.898948749405676 ], [ -73.880244983271652, 40.898980793058165 ], [ -73.880197389038926, 40.899016573956395 ], [ -73.880149792386334, 40.899052352130859 ], [ -73.880102198054374, 40.899088131188407 ], [ -73.880054603671169, 40.899123910226116 ], [ -73.880005938713282, 40.899159724150614 ], [ -73.879932016366297, 40.899215594393603 ], [ -73.879860615981897, 40.899273317708861 ], [ -73.879791819550022, 40.899332837455958 ], [ -73.879769056020052, 40.899353922908027 ], [ -73.879769352713254, 40.899351953857483 ], [ -73.879748660945154, 40.899370592145338 ], [ -73.879707991505882, 40.899408691596186 ], [ -73.87966925673085, 40.899445326159807 ], [ -73.87963729535673, 40.899479033993963 ], [ -73.879606306622165, 40.899509075160331 ], [ -73.879581114794917, 40.899541322248375 ], [ -73.879571169655804, 40.899553115424439 ], [ -73.879597698071066, 40.899393619573651 ], [ -73.879613641460182, 40.899297760718653 ], [ -73.87967615355133, 40.898921905124404 ], [ -73.879679276673144, 40.898903129674878 ], [ -73.879701299290659, 40.898770712959347 ], [ -73.879746667617965, 40.898497937709536 ] ] ], [ [ [ -73.88697684067067, 40.890558066499075 ], [ -73.886960668934734, 40.890607278423772 ], [ -73.886944495989781, 40.890656489444119 ], [ -73.886936410103942, 40.890681093603128 ], [ -73.886928324212079, 40.890705697761447 ], [ -73.886912155964197, 40.890754909681483 ], [ -73.886895981757718, 40.890804122493492 ], [ -73.886885476865771, 40.890836082147523 ], [ -73.886879809905167, 40.890853332603612 ], [ -73.886863635652304, 40.890902544509707 ], [ -73.886847462563694, 40.890951755513754 ], [ -73.88683129300793, 40.891000968319503 ], [ -73.886815119871414, 40.8910501793181 ], [ -73.886795901310478, 40.891098311246914 ], [ -73.886776685084129, 40.891146449477795 ], [ -73.886757462906161, 40.891194582296343 ], [ -73.886738245439076, 40.891242719618333 ], [ -73.886719025577094, 40.8912908533324 ], [ -73.886699806873878, 40.891338987044001 ], [ -73.886680588138233, 40.89138712345347 ], [ -73.886661369379354, 40.891435257157809 ], [ -73.886642148214818, 40.891483393557635 ], [ -73.886622821796067, 40.891528522228271 ], [ -73.886603490610668, 40.89157364728873 ], [ -73.886584160577996, 40.891618776849107 ], [ -73.88656483052678, 40.891663901903463 ], [ -73.886545505191194, 40.891709029660355 ], [ -73.886526175081343, 40.891754158309411 ], [ -73.886506846134935, 40.891799285155059 ], [ -73.886484022093583, 40.891849531422899 ], [ -73.886461199205939, 40.891899776786445 ], [ -73.886438373908916, 40.891950023043186 ], [ -73.886415552135801, 40.89200027019892 ], [ -73.886392726769827, 40.892050516445671 ], [ -73.886369902554478, 40.892100763589099 ], [ -73.886345278662716, 40.892150725302677 ], [ -73.88632064998896, 40.892200686105411 ], [ -73.88629602483816, 40.892250646905879 ], [ -73.886271397276971, 40.892300607698338 ], [ -73.886246773240302, 40.892350567588082 ], [ -73.886222147975303, 40.892400530172381 ], [ -73.886199898617178, 40.892445474886372 ], [ -73.886177649232053, 40.892490417794782 ], [ -73.886155402188621, 40.892535361601304 ], [ -73.886133152743383, 40.892580304500363 ], [ -73.886110905639768, 40.892625248297541 ], [ -73.886088656134291, 40.892670191187278 ], [ -73.886066406594125, 40.892715136773766 ], [ -73.886040670223153, 40.892764484088467 ], [ -73.886014931434516, 40.892813834996559 ], [ -73.885989194987118, 40.892863182298811 ], [ -73.88596346087175, 40.892912531398274 ], [ -73.885937723164389, 40.892961876886027 ], [ -73.885911988967948, 40.893011228674517 ], [ -73.88588624881082, 40.893060574147576 ], [ -73.88586051216933, 40.893109923219832 ], [ -73.88583477548957, 40.893159272285935 ], [ -73.885809180583053, 40.89320550940851 ], [ -73.885783583267596, 40.893251746522644 ], [ -73.885757985921174, 40.893297980929248 ], [ -73.885732390909382, 40.893344217133141 ], [ -73.885706789927113, 40.893390454225546 ], [ -73.885681196029211, 40.893436691318904 ], [ -73.885655599725496, 40.893482926602907 ], [ -73.885629998637953, 40.893529162776616 ], [ -73.88560281086383, 40.893579583728254 ], [ -73.885575623049988, 40.893630003772579 ], [ -73.885563118396689, 40.893653197784872 ], [ -73.885548437569824, 40.893680422911906 ], [ -73.885521244923765, 40.893730844738741 ], [ -73.885494060544659, 40.893781265666469 ], [ -73.885466871379194, 40.893831685682073 ], [ -73.885439682174052, 40.89388210479035 ], [ -73.885414969686025, 40.893927601596118 ], [ -73.885390260727235, 40.893973096598792 ], [ -73.885385437015373, 40.893981983201364 ], [ -73.885365552918216, 40.894018593397902 ], [ -73.885356815004471, 40.894034680894947 ], [ -73.88534084270357, 40.894064089288513 ], [ -73.885316133641751, 40.894109585174675 ], [ -73.885291423359462, 40.894155081053938 ], [ -73.885266711856673, 40.89420057692633 ], [ -73.885241566070192, 40.894245342968297 ], [ -73.885116101064781, 40.894474091803765 ], [ -73.884997747979682, 40.894705012345668 ], [ -73.884886573545415, 40.894937981315486 ], [ -73.884782640955919, 40.895172863723964 ], [ -73.884688233845665, 40.895407398052079 ], [ -73.88460355094648, 40.895644059054554 ], [ -73.884528677005648, 40.895882619014614 ], [ -73.884463682552919, 40.896122839392937 ], [ -73.884427724933488, 40.896282060463847 ], [ -73.88439884682731, 40.896442109850746 ], [ -73.884377072333578, 40.896602806585463 ], [ -73.884362424368945, 40.896763967896518 ], [ -73.884354928224013, 40.896925411013363 ], [ -73.884354585458738, 40.89708695133956 ], [ -73.884359302446185, 40.897233748589983 ], [ -73.884368188427047, 40.897357360729089 ], [ -73.884370568212177, 40.897380330876473 ], [ -73.884379697409145, 40.897468527190931 ], [ -73.884386196849206, 40.897526690605027 ], [ -73.88439660868525, 40.897595250429923 ], [ -73.884408348706259, 40.897672563393549 ], [ -73.884436278691084, 40.897817870150213 ], [ -73.88446995860491, 40.89796246946662 ], [ -73.884509362593349, 40.898106236144457 ], [ -73.884557094885764, 40.898255048444057 ], [ -73.884582990354801, 40.898325068102103 ], [ -73.884611633371748, 40.898402510492431 ], [ -73.884636764528892, 40.898462365603315 ], [ -73.884641881678093, 40.898462434651165 ], [ -73.884702960202929, 40.898612247146382 ], [ -73.884740839583102, 40.898692664920247 ], [ -73.884815352535341, 40.898835003232598 ], [ -73.884896358563452, 40.898975289459301 ], [ -73.884932129202625, 40.899031891750759 ], [ -73.884953038437203, 40.899064978378505 ], [ -73.885013568468281, 40.89915321141789 ], [ -73.885077859818239, 40.899239897534088 ], [ -73.885145855703712, 40.899324937611063 ], [ -73.885217480323973, 40.899408248722459 ], [ -73.885292659085479, 40.899489735336097 ], [ -73.885326366196594, 40.899523840449319 ], [ -73.885371309065732, 40.899569313617754 ], [ -73.885412331741236, 40.899608105785916 ], [ -73.885453354463067, 40.899646898839677 ], [ -73.885538690998075, 40.899722402643853 ], [ -73.885627245224228, 40.899795749309618 ], [ -73.885718911656994, 40.899866859482593 ], [ -73.885813591924617, 40.899935657417565 ], [ -73.885900937447033, 40.899996539071537 ], [ -73.88599073028098, 40.900055337553908 ], [ -73.886082879136609, 40.900111997839417 ], [ -73.886107409214603, 40.900126238887012 ], [ -73.886132949435719, 40.90014106624043 ], [ -73.886181755931901, 40.900169397677963 ], [ -73.886233030897444, 40.900196388004723 ], [ -73.886284303532634, 40.900223377405744 ], [ -73.886310577780677, 40.900237207705999 ], [ -73.88633557857996, 40.900250368587194 ], [ -73.886353064328432, 40.900259570740573 ], [ -73.886386903478325, 40.900277380505862 ], [ -73.886534054277945, 40.900354323920524 ], [ -73.886585698594146, 40.900381328860213 ], [ -73.886856215562503, 40.900533993138012 ], [ -73.886934010518885, 40.900581527570708 ], [ -73.887009918027431, 40.900630789933196 ], [ -73.887083871704789, 40.900681736040553 ], [ -73.887155799235828, 40.900734319901105 ], [ -73.887225644912277, 40.900788500041934 ], [ -73.887293342359229, 40.90084422597478 ], [ -73.887305975975892, 40.900855305257338 ], [ -73.887372384578157, 40.900913904230173 ], [ -73.887435728873442, 40.900973273692159 ], [ -73.887492842938371, 40.901030339912438 ], [ -73.887547685798481, 40.901088674474565 ], [ -73.887600202945194, 40.901148226001006 ], [ -73.887629969820551, 40.901184267135861 ], [ -73.887650351731054, 40.901208946727841 ], [ -73.887663848146275, 40.901226424748998 ], [ -73.887698088347165, 40.901270773581508 ], [ -73.887717777461575, 40.901298118820421 ], [ -73.887785445802976, 40.901394129383327 ], [ -73.887756992197083, 40.901416620127073 ], [ -73.887709277127954, 40.901454339125983 ], [ -73.887662209670552, 40.901491550862133 ], [ -73.887619134951095, 40.901527135689051 ], [ -73.887463522836541, 40.901661348024412 ], [ -73.887407366927647, 40.901713028777138 ], [ -73.887369097944486, 40.901748244495423 ], [ -73.887244430535233, 40.90186729465124 ], [ -73.887169669619141, 40.901940760531701 ], [ -73.88703172455007, 40.902085671081082 ], [ -73.886899960187264, 40.902233857174153 ], [ -73.886774515669458, 40.902385166786551 ], [ -73.886655508784699, 40.902539443369996 ], [ -73.886543070381691, 40.902696529488004 ], [ -73.88649292301082, 40.902772511645047 ], [ -73.886446036088032, 40.902849682022868 ], [ -73.886402451293549, 40.902927963224769 ], [ -73.886362218636066, 40.90300726615574 ], [ -73.886325380976402, 40.90308751792233 ], [ -73.886291971721519, 40.903168622208796 ], [ -73.886262027796235, 40.903250507916269 ], [ -73.88623558379075, 40.903333081431114 ], [ -73.886209826259091, 40.903425733828705 ], [ -73.886187831168925, 40.90351894642685 ], [ -73.886169620057615, 40.903612626499161 ], [ -73.886155206144011, 40.903706687613926 ], [ -73.88614461334133, 40.903801036145886 ], [ -73.886137837058698, 40.903895590147492 ], [ -73.886134896456227, 40.903990259589925 ], [ -73.886135788157844, 40.904084946317433 ], [ -73.886137439070438, 40.904139673033235 ], [ -73.886139119934683, 40.904194237690888 ], [ -73.886140799613315, 40.904248803247306 ], [ -73.886142478106322, 40.904303369702411 ], [ -73.886143971834485, 40.904318916222671 ], [ -73.886147215711262, 40.904352746985687 ], [ -73.886151773825517, 40.904400210563772 ], [ -73.886156695691241, 40.904451500654396 ], [ -73.886161432135097, 40.904500875233033 ], [ -73.886166175694754, 40.904550257021931 ], [ -73.886171006766688, 40.904599827097421 ], [ -73.886192085662557, 40.904775723103882 ], [ -73.886220807969906, 40.904950996294716 ], [ -73.886257137282243, 40.905125455725937 ], [ -73.886267624065852, 40.905170075103001 ], [ -73.886278919137354, 40.905215379642215 ], [ -73.886290215411108, 40.905260684181115 ], [ -73.886301512888664, 40.905305987819204 ], [ -73.886312808004789, 40.905351293254412 ], [ -73.88632409435219, 40.90540034649112 ], [ -73.886335384272257, 40.905449402431266 ], [ -73.886346671833749, 40.905498459267982 ], [ -73.886357957042733, 40.905547513399334 ], [ -73.886369247011274, 40.905596570235211 ], [ -73.886372751930423, 40.905611802658285 ], [ -73.886380534625786, 40.905645625266253 ], [ -73.88639181869938, 40.905694678491294 ], [ -73.886403109904819, 40.905743735323696 ], [ -73.886414394010202, 40.905792789446075 ], [ -73.886426431084857, 40.905845736196191 ], [ -73.886438466994917, 40.905898681142411 ], [ -73.886450502921065, 40.905951627887838 ], [ -73.886462538867931, 40.906004573730947 ], [ -73.886474612749694, 40.906057557429854 ], [ -73.886485945599588, 40.906112184680737 ], [ -73.886495094186813, 40.906167050211693 ], [ -73.886502056229105, 40.906222097290438 ], [ -73.886506811622468, 40.906277279973047 ], [ -73.88650936994263, 40.906332547842155 ], [ -73.886509717030663, 40.906387848655925 ], [ -73.886511818864449, 40.906492195108449 ], [ -73.886509681115101, 40.906596540093084 ], [ -73.886503314612312, 40.906700785467571 ], [ -73.886492725433854, 40.906804835786012 ], [ -73.886477914925138, 40.906908586592607 ], [ -73.886458904592487, 40.907011943356103 ], [ -73.886437988891174, 40.90710507235503 ], [ -73.886413283073495, 40.907197661832598 ], [ -73.886384802701713, 40.907289625355389 ], [ -73.886352574014637, 40.907380880101975 ], [ -73.886316637517609, 40.907471329757563 ], [ -73.886296355360102, 40.907519321737318 ], [ -73.886275492041705, 40.907567740870093 ], [ -73.886254632250569, 40.907616161803084 ], [ -73.88624811393197, 40.907631292499964 ], [ -73.886233773622109, 40.907664579131136 ], [ -73.886216413665778, 40.907704867641428 ], [ -73.886212910207917, 40.907713000952704 ], [ -73.886192047954879, 40.907761420069782 ], [ -73.885972548257698, 40.908232291131874 ], [ -73.885954960986084, 40.908227108592037 ], [ -73.884896277516177, 40.907915143811351 ], [ -73.884665689831266, 40.907844065510822 ], [ -73.884139943776304, 40.907687153169142 ], [ -73.883576784543109, 40.90751907073723 ], [ -73.883441357509057, 40.907478650993724 ], [ -73.882706184724412, 40.907259222377654 ], [ -73.882619198192657, 40.907233258595667 ], [ -73.881665392421624, 40.906948565265438 ], [ -73.881595685926115, 40.90692775837681 ], [ -73.880774931723494, 40.906682769370143 ], [ -73.879904933894437, 40.906423072438159 ], [ -73.879390772677269, 40.906269589400729 ], [ -73.878739994415824, 40.906075320952105 ], [ -73.878498274423094, 40.906003162336901 ], [ -73.879420019999429, 40.900461880449029 ], [ -73.879421398658565, 40.900453589329217 ], [ -73.87952969818474, 40.899802462214119 ], [ -73.879534691958156, 40.899772438071565 ], [ -73.879542030535745, 40.89976154536528 ], [ -73.879557672194167, 40.899735361190729 ], [ -73.879601241453173, 40.89966567762702 ], [ -73.8796336249262, 40.899621760551632 ], [ -73.879659307642711, 40.899587133983928 ], [ -73.879686657053924, 40.89955420025705 ], [ -73.879707866236231, 40.899529711172171 ], [ -73.879729236919516, 40.899503846311276 ], [ -73.879801407224548, 40.899428109689595 ], [ -73.879841508996876, 40.899391517026203 ], [ -73.879882997603985, 40.899355830778504 ], [ -73.879923336942397, 40.899322355810675 ], [ -73.879965828499436, 40.899287861916946 ], [ -73.880008324759444, 40.899253368012289 ], [ -73.880033915543535, 40.899233982863962 ], [ -73.880055846070988, 40.899217372802248 ], [ -73.880103370893039, 40.899181376675593 ], [ -73.880150894475136, 40.899145381428404 ], [ -73.880198418004184, 40.899109387061891 ], [ -73.880243931889808, 40.899075593176029 ], [ -73.880289440985294, 40.899041797466154 ], [ -73.880334952406358, 40.899008002641047 ], [ -73.880380464967942, 40.898974207799007 ], [ -73.880425973921362, 40.898940413835625 ], [ -73.880471434148816, 40.898906632410473 ], [ -73.880517642809764, 40.898871073284873 ], [ -73.880562211071748, 40.898834332808761 ], [ -73.880605091397044, 40.898796448755121 ], [ -73.880646227913459, 40.898757474196714 ], [ -73.880685577834313, 40.898717445110435 ], [ -73.880723086473353, 40.898676415470774 ], [ -73.880758714593526, 40.898634427561674 ], [ -73.88079242292433, 40.8985915425773 ], [ -73.880824165120245, 40.898547796490803 ], [ -73.880853904281679, 40.898503252299612 ], [ -73.880881654345998, 40.898458081111791 ], [ -73.880907458094228, 40.898412252356295 ], [ -73.880930301259482, 40.898365542568683 ], [ -73.880952152785866, 40.898318545399462 ], [ -73.880972993609873, 40.898271304052848 ], [ -73.880990797643122, 40.898223331079421 ], [ -73.881006550503088, 40.898174947168656 ], [ -73.881020235486162, 40.898126204532147 ], [ -73.881031837085189, 40.898077149979905 ], [ -73.88103895748678, 40.898035410848358 ], [ -73.881044460591028, 40.897993536777776 ], [ -73.881048341607297, 40.897951553877597 ], [ -73.88105059809422, 40.897909501766748 ], [ -73.881051227608864, 40.897867420964602 ], [ -73.881050230097983, 40.897825342988114 ], [ -73.881047215456718, 40.897777778980995 ], [ -73.881042166566544, 40.89773031823389 ], [ -73.881035085727945, 40.897683003972183 ], [ -73.881025985900862, 40.897635891138421 ], [ -73.881014864632377, 40.89758902655484 ], [ -73.881001751502922, 40.897542461578965 ], [ -73.880986645242757, 40.89749624483499 ], [ -73.880969567133093, 40.897450423169261 ], [ -73.880950537263388, 40.897405046128355 ], [ -73.880929574532999, 40.89736016505838 ], [ -73.880905441480479, 40.897310979097711 ], [ -73.880881576162125, 40.89726207345862 ], [ -73.880857712073706, 40.897213163312884 ], [ -73.880833845643735, 40.897164254960281 ], [ -73.880809981619066, 40.897115348405762 ], [ -73.880787436871813, 40.897070633164134 ], [ -73.880764889783094, 40.897025917014751 ], [ -73.880742346286482, 40.896981199963854 ], [ -73.880719800445135, 40.896936483806151 ], [ -73.880709344642966, 40.896915751945031 ], [ -73.880696351192782, 40.896889976546085 ], [ -73.880627572770848, 40.896783330359447 ], [ -73.880635586284015, 40.896772986671245 ], [ -73.880688342366781, 40.896706641252848 ], [ -73.88079053019041, 40.896582569952322 ], [ -73.880896050587438, 40.896460117467178 ], [ -73.880923979226878, 40.896427385735947 ], [ -73.880928755096747, 40.896421789645778 ], [ -73.880961458388114, 40.896383458211659 ], [ -73.880965106885171, 40.89637918106834 ], [ -73.880994159271481, 40.896345124964569 ], [ -73.881026866041097, 40.896306797116985 ], [ -73.881071976915024, 40.896241585453751 ], [ -73.881119572022058, 40.896177400181905 ], [ -73.881169615660951, 40.896114294390259 ], [ -73.881210711690613, 40.896070963024954 ], [ -73.881251807666629, 40.896027631644635 ], [ -73.881292900032221, 40.895984298444702 ], [ -73.881333997089442, 40.8959409661352 ], [ -73.881375092901507, 40.895897636510902 ], [ -73.881416186289826, 40.895854305068262 ], [ -73.881457283184702, 40.895810973614239 ], [ -73.881523633336698, 40.895744183415509 ], [ -73.881592517854727, 40.895678890582722 ], [ -73.881607698554788, 40.895665329539412 ], [ -73.8821715158807, 40.895072005857159 ], [ -73.882171468481133, 40.895071298027467 ], [ -73.882174138693443, 40.895066521878206 ], [ -73.88221198588532, 40.89502495448555 ], [ -73.882248138047245, 40.894984947692969 ], [ -73.882284285420525, 40.894944939983475 ], [ -73.882320439871989, 40.894904931369133 ], [ -73.882362501945678, 40.894860707288963 ], [ -73.882404571088216, 40.894816480498868 ], [ -73.882446635421687, 40.894772257290242 ], [ -73.882488700885901, 40.894728034067121 ], [ -73.882530768665887, 40.894683811731156 ], [ -73.88257283402605, 40.894639583974218 ], [ -73.882611113593924, 40.89459951349415 ], [ -73.88343918431049, 40.893780994724516 ], [ -73.884262657590767, 40.892959815171807 ], [ -73.885081519238611, 40.892135991127645 ], [ -73.885895756251898, 40.891309536183307 ], [ -73.886137951594151, 40.891084585463176 ], [ -73.886384759821027, 40.890862541033229 ], [ -73.886636120304814, 40.890643459535298 ], [ -73.886891973616642, 40.890427392209538 ], [ -73.887049716910269, 40.890310485307715 ], [ -73.886993359865016, 40.890507572619974 ], [ -73.886993302852815, 40.890507604981657 ], [ -73.886993158215631, 40.890508227075784 ], [ -73.886992225151729, 40.890511248192837 ], [ -73.88697684067067, 40.890558066499075 ] ] ], [ [ [ -73.871490935142248, 40.900084994258009 ], [ -73.871747247065713, 40.899962244290855 ], [ -73.87200170033077, 40.899842170633448 ], [ -73.87219498328227, 40.899761352869803 ], [ -73.872457299521898, 40.899656217843713 ], [ -73.872653100178951, 40.899579488491625 ], [ -73.872847816050879, 40.899503183541363 ], [ -73.872847926504562, 40.899503139539249 ], [ -73.873147002242092, 40.899384199374595 ], [ -73.873199579137918, 40.899363289351577 ], [ -73.873675731626818, 40.899160866444092 ], [ -73.874054471000065, 40.898987765874637 ], [ -73.874545365046473, 40.898724866297989 ], [ -73.874605075270921, 40.898692888324234 ], [ -73.874610745381034, 40.898689851745267 ], [ -73.874797184464001, 40.89857651198303 ], [ -73.87515557125181, 40.898336804776108 ], [ -73.875453007090798, 40.898114588358979 ], [ -73.875692002241053, 40.89791332646999 ], [ -73.876029194962257, 40.897570781751945 ], [ -73.876392003884604, 40.897159007169591 ], [ -73.876401117009536, 40.897148664952738 ], [ -73.876414026178892, 40.897134012575933 ], [ -73.876432674595009, 40.897112846830396 ], [ -73.876454751571458, 40.897082678101057 ], [ -73.87648785510369, 40.897037439844134 ], [ -73.876504462771948, 40.897014743780332 ], [ -73.876531178495185, 40.896978236982449 ], [ -73.876560675814019, 40.896937925902272 ], [ -73.876591910117838, 40.89689524209237 ], [ -73.876621764279832, 40.896854446016114 ], [ -73.876650682087742, 40.896814925819008 ], [ -73.876671363303402, 40.896786664583509 ], [ -73.87672001519374, 40.896720178815727 ], [ -73.876747662883815, 40.896676932831312 ], [ -73.876793366593006, 40.896605442590158 ], [ -73.876827987374128, 40.89655128924916 ], [ -73.876865479965687, 40.896492643739442 ], [ -73.876894389040785, 40.896447423399579 ], [ -73.87692183060588, 40.896404499525268 ], [ -73.876953645573423, 40.89634982087199 ], [ -73.876969825265164, 40.89631773942758 ], [ -73.876991451755018, 40.896274861566411 ], [ -73.877009708655024, 40.896238661709923 ], [ -73.877033724402182, 40.89619104443149 ], [ -73.877052255201519, 40.896154302767485 ], [ -73.877075839716298, 40.89610754138166 ], [ -73.877094919555105, 40.89606971070797 ], [ -73.877116237769314, 40.89601953946481 ], [ -73.877133684964278, 40.89597062567691 ], [ -73.877157202730686, 40.895904692874467 ], [ -73.877177422128597, 40.895848006340096 ], [ -73.877179166128258, 40.895843114959618 ], [ -73.877189897304319, 40.89581302946295 ], [ -73.877291709396701, 40.895527588494602 ], [ -73.87749812918517, 40.895514322062056 ], [ -73.879777540596351, 40.895367805197331 ], [ -73.879742164630215, 40.89550192982847 ], [ -73.879709432826516, 40.895626032100289 ], [ -73.879683188027826, 40.895725538968456 ], [ -73.879643801563105, 40.895874872175398 ], [ -73.87956860449934, 40.896159975560323 ], [ -73.879431389788536, 40.896680209987153 ], [ -73.879334727240519, 40.897046687385966 ], [ -73.879215989033781, 40.897496861457014 ], [ -73.879100825806205, 40.897933472410756 ], [ -73.87895274656708, 40.898581222256226 ], [ -73.878888114960176, 40.898907443256547 ], [ -73.878823342686275, 40.899313727930668 ], [ -73.878733272453943, 40.899878675632401 ], [ -73.878619829810162, 40.900590217285881 ], [ -73.878633716043325, 40.900554030616057 ], [ -73.878485230715725, 40.901434440816175 ], [ -73.878391043709357, 40.901867661791634 ], [ -73.8784151229261, 40.90187415172781 ], [ -73.878194326830183, 40.903258941627904 ], [ -73.877788446853344, 40.905804384269288 ], [ -73.875600134370444, 40.905158926408838 ], [ -73.872139788099688, 40.904138161513124 ], [ -73.868005061996044, 40.902918285599618 ], [ -73.86801691713741, 40.902904594686341 ], [ -73.868020908103048, 40.90289998696943 ], [ -73.868031022699725, 40.902889609647211 ], [ -73.868045412020066, 40.902878154828066 ], [ -73.868053746447487, 40.902873714161359 ], [ -73.868061848007216, 40.902869398395218 ], [ -73.868070728950201, 40.902864667495535 ], [ -73.868080845503741, 40.902859277051682 ], [ -73.868091852820839, 40.90285356254995 ], [ -73.868101219432589, 40.902848700732122 ], [ -73.868116455656491, 40.902841072127821 ], [ -73.868127136765807, 40.902835866924043 ], [ -73.868144257897356, 40.902827524584211 ], [ -73.868163956936172, 40.902817925408392 ], [ -73.868189728359113, 40.902803249029219 ], [ -73.868198616210734, 40.902796820715118 ], [ -73.868218739267277, 40.902782263048366 ], [ -73.868239357575533, 40.902765731181724 ], [ -73.868263500060706, 40.902744158821015 ], [ -73.868281008287681, 40.90272851397679 ], [ -73.868292545687936, 40.902718204890455 ], [ -73.868311670364804, 40.902696567363144 ], [ -73.868324314337016, 40.902679436568008 ], [ -73.868336084830389, 40.902663488011335 ], [ -73.868346983034826, 40.90264872079436 ], [ -73.86835788123436, 40.902633953576299 ], [ -73.868371084492779, 40.902616064305477 ], [ -73.868377998500947, 40.902606695447382 ], [ -73.868383910510317, 40.902598685177537 ], [ -73.868395121665671, 40.902583495085111 ], [ -73.868403962305621, 40.902571515216778 ], [ -73.868412426892405, 40.902560047294578 ], [ -73.868417347613118, 40.902553378514902 ], [ -73.868424324641282, 40.902542144823187 ], [ -73.868429296086589, 40.902529635560995 ], [ -73.868434086231289, 40.902517581736888 ], [ -73.868440799113131, 40.902500688200575 ], [ -73.868446714030682, 40.902485803635095 ], [ -73.868452807859668, 40.902470469031037 ], [ -73.868460757604083, 40.902447476122944 ], [ -73.868464813447787, 40.902429246841272 ], [ -73.868466056199793, 40.902420775602181 ], [ -73.868468687277073, 40.902402838254815 ], [ -73.868470690622303, 40.902381852953965 ], [ -73.868469245555019, 40.902351025034854 ], [ -73.868464953120494, 40.90231849285702 ], [ -73.868474560818115, 40.902282911267172 ], [ -73.868480393967133, 40.902275748257658 ], [ -73.868538077259288, 40.902214982649468 ], [ -73.868590538257408, 40.902159717528434 ], [ -73.868662271640673, 40.902084150381562 ], [ -73.868730564247358, 40.902012208228314 ], [ -73.868788607437679, 40.901951061996812 ], [ -73.86886141072695, 40.90187436673255 ], [ -73.868922200890282, 40.901819366656056 ], [ -73.868971295442137, 40.90177494837112 ], [ -73.869048314297913, 40.901705265339388 ], [ -73.869145487657562, 40.901617346882723 ], [ -73.869240071287919, 40.901531771171435 ], [ -73.869298733847714, 40.901478694619833 ], [ -73.869415113103273, 40.901391718870094 ], [ -73.869494172903131, 40.901332632943451 ], [ -73.869516307195155, 40.901316091752975 ], [ -73.869614432239828, 40.901242757315167 ], [ -73.869715586659083, 40.901167157891948 ], [ -73.869854910718615, 40.901063033549022 ], [ -73.869967847715372, 40.900978627841134 ], [ -73.870154830002718, 40.900857624994785 ], [ -73.870344576766342, 40.900734831183485 ], [ -73.870514964411726, 40.900630669781449 ], [ -73.870768696294945, 40.900481225141782 ], [ -73.871095118726899, 40.900288964751319 ], [ -73.871331131550363, 40.900164749567388 ], [ -73.871359730070395, 40.900149697422535 ], [ -73.871490935142248, 40.900084994258009 ] ] ], [ [ [ -73.88800673121537, 40.901854018807661 ], [ -73.888033391676075, 40.90193859740512 ], [ -73.888056426648561, 40.90202378480874 ], [ -73.88807581846747, 40.902109491855676 ], [ -73.888091543528347, 40.902195632078374 ], [ -73.888101129139159, 40.902263490126863 ], [ -73.888107919481627, 40.902331542670588 ], [ -73.888111902791223, 40.902399723062764 ], [ -73.888113082727443, 40.902467967372928 ], [ -73.888111453468866, 40.902536203556842 ], [ -73.888107011556968, 40.902604365875753 ], [ -73.888099770139732, 40.902672394009606 ], [ -73.888089732892013, 40.902740215022305 ], [ -73.888076909410543, 40.902807763187063 ], [ -73.888063430806881, 40.902869653875534 ], [ -73.888047294299597, 40.902931175487538 ], [ -73.888028516609424, 40.902992261402375 ], [ -73.888007123935424, 40.903052854913746 ], [ -73.887983130638801, 40.903112881294 ], [ -73.887956566484135, 40.903172281138531 ], [ -73.887927461243947, 40.903230990540123 ], [ -73.887895841121548, 40.903288950990891 ], [ -73.887880127933087, 40.903315370331313 ], [ -73.887863279610897, 40.90334138515027 ], [ -73.88784531757176, 40.903366963050658 ], [ -73.887826252525031, 40.903392086933188 ], [ -73.887812685062826, 40.903408678669059 ], [ -73.887806113022492, 40.903416716303276 ], [ -73.887784916902348, 40.903440829566165 ], [ -73.887762686754925, 40.903464402430096 ], [ -73.887739447548995, 40.903487407904322 ], [ -73.887715224244161, 40.903509824400885 ], [ -73.887690046561232, 40.90353162223208 ], [ -73.887663935895148, 40.903552782508044 ], [ -73.887636924337528, 40.903573277344307 ], [ -73.887609036841013, 40.903593089655367 ], [ -73.887580306678316, 40.903612195159951 ], [ -73.887550769488385, 40.903630574081483 ], [ -73.887533945038527, 40.903639552624604 ], [ -73.887516722556796, 40.903648086838999 ], [ -73.887499128167576, 40.903656168645647 ], [ -73.887481173757877, 40.903663787250188 ], [ -73.887462890201036, 40.903670933677645 ], [ -73.887444294120698, 40.903677603441658 ], [ -73.887425408091644, 40.903683782156456 ], [ -73.88740624873914, 40.903689464435097 ], [ -73.887386848118965, 40.903694644005341 ], [ -73.887367221668029, 40.903699316379743 ], [ -73.887347397878614, 40.90370347708361 ], [ -73.887327394570619, 40.903707116228823 ], [ -73.887307239038734, 40.903710235642947 ], [ -73.88728695978142, 40.903712827249386 ], [ -73.887266571045771, 40.903714888360469 ], [ -73.88724610012973, 40.903716419002897 ], [ -73.887225573151881, 40.903717414699614 ], [ -73.887205012662804, 40.903717875472708 ], [ -73.887184444774988, 40.903717800447154 ], [ -73.887163893225832, 40.90371718964613 ], [ -73.887143378190572, 40.90371604398986 ], [ -73.887122929340805, 40.903714363507405 ], [ -73.887102568024886, 40.90371215722449 ], [ -73.887082321555923, 40.903709416163025 ], [ -73.887062202968295, 40.903706152942647 ], [ -73.887040559927812, 40.90370181485072 ], [ -73.887019131473849, 40.903696916863943 ], [ -73.886997931839915, 40.903691464399195 ], [ -73.886976994248727, 40.903685462892078 ], [ -73.886956337676551, 40.903678920465666 ], [ -73.886935987028991, 40.903671847950257 ], [ -73.886915969603862, 40.903664245372752 ], [ -73.886896304355744, 40.903656133463095 ], [ -73.886877017395477, 40.903647512246934 ], [ -73.886858133622439, 40.903638396156666 ], [ -73.88683967557462, 40.903628792418438 ], [ -73.886821656279892, 40.903618717253863 ], [ -73.886804101835139, 40.903608178793192 ], [ -73.886787034764467, 40.903597192366853 ], [ -73.886770470482901, 40.903585766094594 ], [ -73.886754439822468, 40.903573915315057 ], [ -73.886738948686599, 40.90356165804392 ], [ -73.886724020795128, 40.903549004210007 ], [ -73.886709670361086, 40.90353597093668 ], [ -73.886695918727341, 40.90352256995137 ], [ -73.886682783665776, 40.903508819281377 ], [ -73.886670269895845, 40.903494735140306 ], [ -73.88665840112337, 40.903480335561262 ], [ -73.886647195124652, 40.90346563587012 ], [ -73.886636651865601, 40.903450655877677 ], [ -73.886626797436293, 40.90343540731606 ], [ -73.886617628235939, 40.903419913594391 ], [ -73.886609171536861, 40.903404189147466 ], [ -73.886601428488575, 40.903388255588112 ], [ -73.886594408553108, 40.903372131835916 ], [ -73.886588118826367, 40.903355832305742 ], [ -73.886582569955607, 40.903339376818842 ], [ -73.88657890991982, 40.903317021417074 ], [ -73.886576263586448, 40.903294583265996 ], [ -73.886574633283644, 40.903272088481977 ], [ -73.886574016581278, 40.903249569480131 ], [ -73.886574415827468, 40.90322704067048 ], [ -73.886575834520258, 40.903204538075812 ], [ -73.886578264309207, 40.903182086000967 ], [ -73.886581703960402, 40.903159711459153 ], [ -73.88658615224297, 40.90313743966265 ], [ -73.88659160437021, 40.903115293118674 ], [ -73.886598053164775, 40.903093304237501 ], [ -73.88660548672064, 40.90307149461885 ], [ -73.886613902617029, 40.903049891274726 ], [ -73.886623286566675, 40.903028520304879 ], [ -73.886633631413886, 40.903007401512689 ], [ -73.88664492286216, 40.902986566400756 ], [ -73.886657149007164, 40.902966035668335 ], [ -73.886695612837826, 40.902893041488646 ], [ -73.88673725081911, 40.902821055349101 ], [ -73.886782009405096, 40.902750153734914 ], [ -73.886829843349119, 40.902680418542204 ], [ -73.886880702667199, 40.902611926259382 ], [ -73.886934529066778, 40.902544754266962 ], [ -73.886971393820033, 40.902500999835496 ], [ -73.887008256141897, 40.902457250792423 ], [ -73.88704511961123, 40.902413496335519 ], [ -73.887081985404137, 40.902369742769274 ], [ -73.887118847581888, 40.902325992789386 ], [ -73.88715208934812, 40.902288866819823 ], [ -73.887185331077148, 40.902251740840505 ], [ -73.887218573952794, 40.902214616653502 ], [ -73.88725181442075, 40.902177490653358 ], [ -73.88728505722365, 40.902140365546167 ], [ -73.88732730930812, 40.902097521243952 ], [ -73.887369560151299, 40.902054676924799 ], [ -73.887411810939966, 40.902011832589814 ], [ -73.887454064047816, 40.901968988241329 ], [ -73.887492790285535, 40.901931521732116 ], [ -73.88753151528968, 40.901894057009429 ], [ -73.887570242623823, 40.901856592275841 ], [ -73.887608968728983, 40.901819126627331 ], [ -73.88764394308231, 40.901785290767194 ], [ -73.887647693603682, 40.901781660964417 ], [ -73.887671383542823, 40.901761280850998 ], [ -73.887695247002966, 40.901740746018241 ], [ -73.887742800343688, 40.901699831052142 ], [ -73.887790355991882, 40.901658920570895 ], [ -73.887839023102686, 40.901618316413625 ], [ -73.887863624640076, 40.901597789466521 ], [ -73.887889238742773, 40.90157641974389 ], [ -73.887905318334035, 40.901604832119332 ], [ -73.887942662634771, 40.901687049240032 ], [ -73.887976475980238, 40.90177014179352 ], [ -73.88800673121537, 40.901854018807661 ] ] ], [ [ [ -73.886340978883268, 40.903381457465755 ], [ -73.886370517191239, 40.903286195555779 ], [ -73.88640407984262, 40.903191703907929 ], [ -73.886426005232252, 40.903143205614732 ], [ -73.886475434078051, 40.903081616117284 ], [ -73.886460840946114, 40.903132233265687 ], [ -73.886460713085981, 40.903207078645409 ], [ -73.886466605621692, 40.903259941032907 ], [ -73.886467128223316, 40.903271521767259 ], [ -73.886469147567055, 40.903294136699714 ], [ -73.886472166347545, 40.903316682377067 ], [ -73.886476178656125, 40.903339144385718 ], [ -73.886481184555407, 40.903361486706288 ], [ -73.886487173390918, 40.903383694019873 ], [ -73.886494039595647, 40.903402256137262 ], [ -73.886501736910063, 40.903420631770565 ], [ -73.886510259449906, 40.903438792098449 ], [ -73.886519598923158, 40.903456728107635 ], [ -73.886529739960082, 40.903474405564523 ], [ -73.886540673090934, 40.90349181005184 ], [ -73.886552381735868, 40.903508920841944 ], [ -73.886564858811212, 40.903525716316011 ], [ -73.886578084168733, 40.903542180245346 ], [ -73.886592045975661, 40.90355829190694 ], [ -73.886606724097675, 40.90357402696764 ], [ -73.886622105491952, 40.903589378210519 ], [ -73.886638166472594, 40.903604315896125 ], [ -73.886654896376712, 40.903618829207879 ], [ -73.886672271495158, 40.903632901913518 ], [ -73.88669026575586, 40.903646511475088 ], [ -73.88670886849421, 40.903659647976468 ], [ -73.886728051256611, 40.903672293379834 ], [ -73.886747792702835, 40.903684434156645 ], [ -73.886768066755948, 40.903696050470494 ], [ -73.886788859173691, 40.903707142307084 ], [ -73.88681013320965, 40.903717682615614 ], [ -73.886831875819084, 40.903727665079657 ], [ -73.886853874720757, 40.903736993139141 ], [ -73.886876268619901, 40.903745757878703 ], [ -73.886899040915736, 40.903753950277007 ], [ -73.88692215957677, 40.903761562198127 ], [ -73.886945599692595, 40.903768585513056 ], [ -73.886969332804497, 40.903775004885581 ], [ -73.886993339916231, 40.903780823898835 ], [ -73.887017590196947, 40.903786026313753 ], [ -73.887042052778796, 40.903790617502963 ], [ -73.887066707515487, 40.903794579436862 ], [ -73.887091521160883, 40.903797920187237 ], [ -73.887116466442976, 40.903800624419041 ], [ -73.887141519614914, 40.903802697511928 ], [ -73.887166648637404, 40.903804135832573 ], [ -73.887191823849307, 40.903804933048534 ], [ -73.887217023877469, 40.903805094541859 ], [ -73.887242216684129, 40.903804615778739 ], [ -73.887267376160978, 40.903803494932816 ], [ -73.887292470245683, 40.903801741878041 ], [ -73.887317471646242, 40.903799352985985 ], [ -73.887342358994204, 40.903796330937176 ], [ -73.887367091928539, 40.903792680194897 ], [ -73.887391656203391, 40.903788402546184 ], [ -73.887419232255439, 40.903782279136244 ], [ -73.887446530536394, 40.903775480986774 ], [ -73.887473521380485, 40.903768004466983 ], [ -73.8875001774515, 40.903759872062651 ], [ -73.887526469082232, 40.903751081043602 ], [ -73.887552377261272, 40.903741643998309 ], [ -73.887577861606445, 40.903731577996986 ], [ -73.887602899565707, 40.903720883918325 ], [ -73.887627466184313, 40.90370957974811 ], [ -73.887640088148842, 40.903703335472372 ], [ -73.887686052346766, 40.903725753611539 ], [ -73.887677353536958, 40.903747775480397 ], [ -73.887657868821449, 40.903797091317578 ], [ -73.887638382885626, 40.90384640985129 ], [ -73.887618900481414, 40.903895728384718 ], [ -73.887599419232089, 40.903945048716487 ], [ -73.887579934399369, 40.903994365439175 ], [ -73.887560451906921, 40.904043684861819 ], [ -73.887539938912269, 40.904093874945033 ], [ -73.887519428263431, 40.904144063225523 ], [ -73.887498911652372, 40.904194249695109 ], [ -73.887478399751643, 40.904244439767133 ], [ -73.887457880706407, 40.904294625325697 ], [ -73.887437368745225, 40.904344814488972 ], [ -73.887416857943009, 40.904395001848322 ], [ -73.887398218381321, 40.904444726379111 ], [ -73.887379576425644, 40.904494446401699 ], [ -73.887360941560161, 40.904544168228739 ], [ -73.887342304291607, 40.904593890950423 ], [ -73.887323665809788, 40.904643612767032 ], [ -73.887305027298538, 40.904693335480651 ], [ -73.887286392324626, 40.904743055492759 ], [ -73.887267753754571, 40.904792780000385 ], [ -73.887250309203282, 40.904841069399481 ], [ -73.887232866998886, 40.904889359698323 ], [ -73.887215422401482, 40.904937646389847 ], [ -73.887197980144848, 40.904985937583007 ], [ -73.887180539052778, 40.905034226973292 ], [ -73.887163096746974, 40.905082517259835 ], [ -73.887145654420422, 40.905130804841825 ], [ -73.887128210875545, 40.905179096021499 ], [ -73.887110768499781, 40.905227382696879 ], [ -73.887093323715817, 40.90527567476969 ], [ -73.887076144421144, 40.905326963907733 ], [ -73.887058963905503, 40.905378257543923 ], [ -73.887041784554725, 40.905429548476796 ], [ -73.887024605180557, 40.90548083760563 ], [ -73.887007423396923, 40.905532132131988 ], [ -73.886990243966594, 40.905583423055688 ], [ -73.886973064511338, 40.905634713075855 ], [ -73.886955881464345, 40.905686005790912 ], [ -73.88693873475971, 40.9057375479724 ], [ -73.886921589221473, 40.905789086550065 ], [ -73.886904443650494, 40.905840628726608 ], [ -73.886887294496944, 40.905892168195123 ], [ -73.88687015006272, 40.905943708565758 ], [ -73.886853003229703, 40.905995248030536 ], [ -73.886835857550878, 40.906046791095307 ], [ -73.886818709476273, 40.906098331453272 ], [ -73.886801563745735, 40.906149873611533 ], [ -73.88678441561639, 40.906201414863858 ], [ -73.886767271024141, 40.90625295431569 ], [ -73.886751103758044, 40.906299996809629 ], [ -73.886734935275967, 40.90634704290165 ], [ -73.886718762028082, 40.906394086284863 ], [ -73.886702593507906, 40.906441127869101 ], [ -73.886686427334041, 40.906488172154432 ], [ -73.886670258761953, 40.906535217335225 ], [ -73.886653063041464, 40.906583228623873 ], [ -73.8866482628504, 40.906586237828407 ], [ -73.886642289368552, 40.906587533161947 ], [ -73.886636922114036, 40.906586902956946 ], [ -73.886630439229151, 40.906583459447418 ], [ -73.886627349439905, 40.906578764896359 ], [ -73.886628762838143, 40.906473122502398 ], [ -73.886627815867342, 40.906433364340764 ], [ -73.886626336580633, 40.906370991822357 ], [ -73.886619575316104, 40.906265670973809 ], [ -73.886617422544234, 40.906245351257517 ], [ -73.886426345908205, 40.905341347497917 ], [ -73.886421497281944, 40.90532065772522 ], [ -73.886409177255615, 40.905268047471544 ], [ -73.886396861999287, 40.905215435419755 ], [ -73.886384542013516, 40.905162824261907 ], [ -73.886372223232499, 40.905110214003898 ], [ -73.886359904474119, 40.905057601943078 ], [ -73.88635032488547, 40.905010624199974 ], [ -73.886340747684073, 40.904963646457993 ], [ -73.886331169312498, 40.904916666912641 ], [ -73.886321589759859, 40.904869691867333 ], [ -73.886292242470859, 40.904677345817568 ], [ -73.886270724887808, 40.90448440414211 ], [ -73.886257066301425, 40.904291049672352 ], [ -73.886251439380189, 40.904166945790323 ], [ -73.886250607478132, 40.904042770088303 ], [ -73.886254560885661, 40.903918632415753 ], [ -73.886263305337536, 40.903794633632145 ], [ -73.886276831127461, 40.903670881784805 ], [ -73.886294114893659, 40.903573900510885 ], [ -73.886315503080297, 40.90347739242624 ], [ -73.886340978883268, 40.903381457465755 ] ] ] ] } }
]
}
