{
"type": "FeatureCollection",
"name": "hvi",
"crs": { "type": "name", "properties": { "name": "urn:ogc:def:crs:OGC:1.3:CRS84" } },
"features": [
{ "type": "Feature", "properties": { "modzcta": "10034", "label": "10034", "zcta": "10034", "pop_est": "42910", "zcta20": "10034", "hvi": 1.0, "hvi_2018": 1.0 }, "geometry": { "type": "MultiPolygon", "coordinates": [ [ [ [ -73.943178893094299, 40.84980104621642 ], [ -73.943814955974034, 40.849922124770224 ], [ -73.943966745205003, 40.849949645645516 ], [ -73.944096847064699, 40.849977155813257 ], [ -73.94471845494175, 40.850098222374271 ], [ -73.944769050077326, 40.850109225427374 ], [ -73.944913610946998, 40.850136741594532 ], [ -73.945896623567478, 40.850329336130443 ], [ -73.946923012849936, 40.850527431655181 ], [ -73.946872360041226, 40.850587791834784 ], [ -73.94681447790191, 40.850648148658848 ], [ -73.946800010643528, 40.850659120805297 ], [ -73.946517823116693, 40.850966397201489 ], [ -73.946503355740163, 40.850977369310094 ], [ -73.946488892775065, 40.850982852010574 ], [ -73.946474434224967, 40.850982845302994 ], [ -73.946459971256289, 40.850988327999858 ], [ -73.946438283429373, 40.850988317932305 ], [ -73.946423824878082, 40.85098831121838 ], [ -73.946409370749564, 40.850982815096323 ], [ -73.946394912199494, 40.850982808378745 ], [ -73.946387687349002, 40.85097731561298 ], [ -73.946373233225856, 40.850971819486439 ], [ -73.946337104571541, 40.850949845052547 ], [ -73.946322668178198, 40.850922391294311 ], [ -73.946329910734605, 40.850905926438848 ], [ -73.946351607389673, 40.850894957714026 ], [ -73.946351629527285, 40.850867510682129 ], [ -73.946337184288396, 40.850851035738131 ], [ -73.946329959456989, 40.850845542968671 ], [ -73.946315505367238, 40.850840046834705 ], [ -73.946293822020976, 40.850834547333598 ], [ -73.94627212981014, 40.850840026641251 ], [ -73.946243177280365, 40.850883928421005 ], [ -73.946199783934475, 40.850905865825787 ], [ -73.946170826885847, 40.850955256993188 ], [ -73.946192501379983, 40.8509717353299 ], [ -73.946199681813098, 40.851032122170359 ], [ -73.946185223252328, 40.851032115426506 ], [ -73.946170746921737, 40.851054066305693 ], [ -73.946156292799841, 40.85104857015201 ], [ -73.946149076850404, 40.851032098558946 ], [ -73.946141865349375, 40.851010137559122 ], [ -73.946134658298547, 40.850982687152531 ], [ -73.946120213088378, 40.850966212181667 ], [ -73.946098525268724, 40.85096620205028 ], [ -73.946084053373468, 40.850982663512582 ], [ -73.946084031125423, 40.851010110543839 ], [ -73.946098471887737, 40.851032074925314 ], [ -73.94614179867672, 40.851092478652198 ], [ -73.946134520489835, 40.851152858744371 ], [ -73.946120044116228, 40.85117480961673 ], [ -73.946047737799475, 40.851191244047641 ], [ -73.94596823336181, 40.851169249205036 ], [ -73.945932069036758, 40.851191189893719 ], [ -73.945895927013595, 40.851185683540777 ], [ -73.94583810604685, 40.851169188183988 ], [ -73.945765813094212, 40.851169154220017 ], [ -73.945722414925342, 40.851196580850171 ], [ -73.945729617350352, 40.851229520687539 ], [ -73.945679016720675, 40.851224007463941 ], [ -73.945650108486674, 40.851213015031838 ], [ -73.945613939544472, 40.851240445026647 ], [ -73.945556037722483, 40.851322758836162 ], [ -73.945527120474708, 40.851322745185293 ], [ -73.945519859689412, 40.851361167612787 ], [ -73.945483704110472, 40.851372129348462 ], [ -73.945447512502298, 40.85142700631954 ], [ -73.945425824532492, 40.851426996061662 ], [ -73.945396916252108, 40.851416003566527 ], [ -73.945375219269621, 40.851426972110787 ], [ -73.945389655381433, 40.851454425985175 ], [ -73.945324577908295, 40.851470863384073 ], [ -73.945310105711684, 40.851487324747801 ], [ -73.945281183876531, 40.851492800441008 ], [ -73.945252266554874, 40.851492786721273 ], [ -73.945245014630032, 40.851520230318918 ], [ -73.9452739093811, 40.851547691069015 ], [ -73.945266661976305, 40.851569645262025 ], [ -73.945194350496408, 40.851591568562647 ], [ -73.945150978976216, 40.851586058541976 ], [ -73.945064181551615, 40.851640911319294 ], [ -73.945042470834053, 40.851668348017249 ], [ -73.945006296855084, 40.851701267224989 ], [ -73.944977352196901, 40.85173418986939 ], [ -73.944933980601704, 40.851728679767319 ], [ -73.944876123006736, 40.851756099173976 ], [ -73.944774880076778, 40.851794476605988 ], [ -73.944767646155299, 40.851799962550366 ], [ -73.944717026921467, 40.851816406527064 ], [ -73.94469533426053, 40.851821885537312 ], [ -73.944688091199765, 40.851838350287515 ], [ -73.944695302310592, 40.85186031137502 ], [ -73.944688059245649, 40.851876776125152 ], [ -73.944680802480661, 40.851909709090741 ], [ -73.944666334595937, 40.85192068096719 ], [ -73.944630196850838, 40.851909684813116 ], [ -73.944586806876998, 40.851926132201868 ], [ -73.944579563778021, 40.85194259694503 ], [ -73.944507256246013, 40.851959030408217 ], [ -73.944485595592425, 40.851926083541834 ], [ -73.944500077249344, 40.851898643472161 ], [ -73.944507315783412, 40.851887668139248 ], [ -73.944485627663553, 40.851887657704594 ], [ -73.944463930376941, 40.851898626076562 ], [ -73.944456701002466, 40.851898622596096 ], [ -73.944420549543125, 40.851904094592257 ], [ -73.944398870595407, 40.851893105330653 ], [ -73.944406132086314, 40.85185468297729 ], [ -73.944370008193445, 40.851827218525422 ], [ -73.944326636587888, 40.851821708195054 ], [ -73.944319379649968, 40.851854641138246 ], [ -73.944290439182765, 40.851882074204163 ], [ -73.944247030737827, 40.851920479086502 ], [ -73.944210874645094, 40.851931440422248 ], [ -73.944225296576576, 40.851975362655658 ], [ -73.944196346807104, 40.85201377450781 ], [ -73.944131273102627, 40.852024721826716 ], [ -73.944073447228561, 40.852013714993106 ], [ -73.944015625993998, 40.851997218725202 ], [ -73.943993900861088, 40.852041123439705 ], [ -73.943957689159063, 40.852117957557418 ], [ -73.943878119460521, 40.852172812949 ], [ -73.943798572822303, 40.85220022126019 ], [ -73.943603350901029, 40.852233062432539 ], [ -73.943480408936708, 40.85228240693057 ], [ -73.943060830248243, 40.852600586215083 ], [ -73.943024659483712, 40.852628015391446 ], [ -73.942800352870393, 40.852852970072725 ], [ -73.942612201725154, 40.853066963487876 ], [ -73.942474750994421, 40.853171193754143 ], [ -73.94205501841958, 40.853654051440337 ], [ -73.941866862610254, 40.853868043609879 ], [ -73.941830609049646, 40.853988792261269 ], [ -73.941729288825641, 40.854109508052517 ], [ -73.94158448922245, 40.854345479257553 ], [ -73.941533804534487, 40.854433284066694 ], [ -73.941504828001911, 40.854499142240535 ], [ -73.941497588688193, 40.854510117380023 ], [ -73.941410678052577, 40.854685734237378 ], [ -73.941316595381764, 40.854795474517942 ], [ -73.941265856674391, 40.854943662627818 ], [ -73.941236879654156, 40.855009520728494 ], [ -73.941034184906485, 40.855305845152706 ], [ -73.940997987486597, 40.855360720690058 ], [ -73.941012398302973, 40.855415622102385 ], [ -73.940954467658315, 40.855519891148901 ], [ -73.940853158156628, 40.855624137933482 ], [ -73.940766239474897, 40.855805243672485 ], [ -73.940744510953152, 40.855849147745744 ], [ -73.940693897432595, 40.855854611142703 ], [ -73.940621462167911, 40.856008277191279 ], [ -73.940491148574651, 40.856205828579498 ], [ -73.940404242903256, 40.856370465824661 ], [ -73.940353505884516, 40.85651316409156 ], [ -73.940295553539954, 40.85663939038956 ], [ -73.940150782859746, 40.856831444487142 ], [ -73.940085693885635, 40.856853368315569 ], [ -73.940020535562169, 40.856952143711652 ], [ -73.939948132241554, 40.857067383506767 ], [ -73.939781689636504, 40.857237468235041 ], [ -73.939687655425871, 40.857286823738896 ], [ -73.939608026176259, 40.857396570134121 ], [ -73.93940534190294, 40.857665444574387 ], [ -73.939361891828355, 40.85774227337614 ], [ -73.939282251472946, 40.8578629983365 ], [ -73.939224381195388, 40.857895904278436 ], [ -73.939108570107109, 40.858038567663861 ], [ -73.939043348796829, 40.858203215276241 ], [ -73.938913021173349, 40.858406254204333 ], [ -73.93865966454581, 40.858735483862915 ], [ -73.93865240404736, 40.858768416409575 ], [ -73.938500348161256, 40.859009869103716 ], [ -73.938435215859357, 40.859075707178022 ], [ -73.938413444064139, 40.859163525971717 ], [ -73.93831201810444, 40.859383047814113 ], [ -73.93785609567837, 40.859832933976655 ], [ -73.937733089145794, 40.859931676859738 ], [ -73.93755942405717, 40.860079796805202 ], [ -73.937530487534872, 40.860096249341289 ], [ -73.937530472066186, 40.860112717532623 ], [ -73.937552152558268, 40.860123708069004 ], [ -73.937588278141888, 40.860151174615702 ], [ -73.937581001502153, 40.86020057527783 ], [ -73.93735656820617, 40.860513349422867 ], [ -73.937132174312453, 40.860782207942627 ], [ -73.937095887617758, 40.860924912544178 ], [ -73.937045150418527, 40.861056630448971 ], [ -73.936965533106303, 40.861144417362944 ], [ -73.93681358561993, 40.861259611626579 ], [ -73.936806334363936, 40.861281565250479 ], [ -73.936820763862556, 40.861314509545387 ], [ -73.936813486525423, 40.86136391014891 ], [ -73.936473117495751, 40.861929131288129 ], [ -73.935966393016798, 40.862543663745463 ], [ -73.935597226595988, 40.862966141878715 ], [ -73.934851498439713, 40.863964793436786 ], [ -73.934757370276188, 40.864096485760506 ], [ -73.934619814279856, 40.864272068573229 ], [ -73.934431588266776, 40.864502516392335 ], [ -73.934359053255164, 40.864733029768487 ], [ -73.934228817974073, 40.86481529653873 ], [ -73.934192598898278, 40.864881148632968 ], [ -73.934084039180405, 40.864979895784003 ], [ -73.934018907552115, 40.865034752511001 ], [ -73.934018749603894, 40.865193944881071 ], [ -73.933953519578054, 40.865347610623125 ], [ -73.933859458654709, 40.865407940089192 ], [ -73.933787128367356, 40.86542985618572 ], [ -73.933627770361966, 40.865709723763068 ], [ -73.933569868523733, 40.865764584388543 ], [ -73.933577022642794, 40.865841440030529 ], [ -73.933490147653998, 40.865945688482469 ], [ -73.933439492886819, 40.865984085034391 ], [ -73.933439426954152, 40.866049957728265 ], [ -73.933403184434638, 40.866137767124378 ], [ -73.933323545223331, 40.866236530227603 ], [ -73.933258461321088, 40.866241981994897 ], [ -73.93312811684109, 40.866428545925764 ], [ -73.93307737310802, 40.866554772565898 ], [ -73.932831087742926, 40.86698280216563 ], [ -73.93266451874068, 40.867235217175839 ], [ -73.93259936147706, 40.867312030638864 ], [ -73.932548638338318, 40.867416299467585 ], [ -73.932519719665621, 40.867410793166535 ], [ -73.932425554115468, 40.867569930454877 ], [ -73.932389270360233, 40.867696165235017 ], [ -73.932367409595869, 40.867860834203462 ], [ -73.932352824524301, 40.867981592289176 ], [ -73.932352796603027, 40.868009039234963 ], [ -73.932367230938155, 40.868036494658142 ], [ -73.932374434153999, 40.868063945841747 ], [ -73.932272779002218, 40.868475590634127 ], [ -73.932279954275089, 40.868530488764712 ], [ -73.932265458362167, 40.868563416607934 ], [ -73.932323291086021, 40.86857991871657 ], [ -73.93231603754937, 40.868601872029629 ], [ -73.932308778419966, 40.868629314730597 ], [ -73.932301530461672, 40.868645778654013 ], [ -73.932250917693153, 40.86864025955753 ], [ -73.932250872951357, 40.868684174665518 ], [ -73.932279769794206, 40.868711638586582 ], [ -73.932286833302967, 40.868876324481249 ], [ -73.932315707894588, 40.868925745945347 ], [ -73.93235907290881, 40.868947728939247 ], [ -73.932460293364755, 40.868964256402776 ], [ -73.93253983131612, 40.868969792320591 ], [ -73.932568745101946, 40.868980788003292 ], [ -73.932568678303738, 40.869046660661304 ], [ -73.93250351358256, 40.869128963433333 ], [ -73.932387752234192, 40.86918927896749 ], [ -73.932293734759355, 40.869200202624079 ], [ -73.932192329264737, 40.869364824815669 ], [ -73.932134428661982, 40.869414195297139 ], [ -73.932112673181749, 40.86947456580139 ], [ -73.932076449472532, 40.869540417176381 ], [ -73.932061942021889, 40.869584323763299 ], [ -73.93205469389838, 40.869600787668354 ], [ -73.932047423332875, 40.869639209123072 ], [ -73.932069055554337, 40.869699605158495 ], [ -73.932097919130683, 40.86976000544464 ], [ -73.932177402014844, 40.869820435485238 ], [ -73.93219907359304, 40.869842405783125 ], [ -73.932206047477422, 40.870094921843311 ], [ -73.93212621124178, 40.870380323204436 ], [ -73.932046458467369, 40.870583383697294 ], [ -73.932031816105962, 40.870759035547778 ], [ -73.931915736739796, 40.871126756218288 ], [ -73.931785356391771, 40.871335276012069 ], [ -73.931604315134578, 40.871582191358335 ], [ -73.931466695722804, 40.871796195874033 ], [ -73.931379594378356, 40.872109039261353 ], [ -73.931220267013828, 40.872334009329862 ], [ -73.931060824745188, 40.872668766859888 ], [ -73.930843647419465, 40.872888212425636 ], [ -73.930684270595137, 40.873157096794444 ], [ -73.92997432254711, 40.874336886351493 ], [ -73.929865758496888, 40.874419161217709 ], [ -73.929322438239822, 40.875297131469146 ], [ -73.929177525077478, 40.875555043733804 ], [ -73.929010996921079, 40.875736091122597 ], [ -73.928591153830993, 40.876098131495063 ], [ -73.928330523562281, 40.876355971001921 ], [ -73.928149544784702, 40.876520539996385 ], [ -73.928033766617716, 40.876580851082004 ], [ -73.927968636474574, 40.876619236137891 ], [ -73.927527379016723, 40.876712279410455 ], [ -73.926897633551107, 40.877216905536748 ], [ -73.926608027356167, 40.877507659049918 ], [ -73.92652838869644, 40.877584459742806 ], [ -73.926484959281879, 40.877617368385536 ], [ -73.926412643659233, 40.877611832914518 ], [ -73.926405399337852, 40.877622807061435 ], [ -73.926347578459854, 40.877589833875973 ], [ -73.926296983717378, 40.877562354659531 ], [ -73.926311460212702, 40.877551385137252 ], [ -73.926304246303388, 40.877534912381158 ], [ -73.926297026312611, 40.877523929003914 ], [ -73.92629704456769, 40.877507460865672 ], [ -73.926297062822769, 40.877490992727402 ], [ -73.926297087162865, 40.877469035209636 ], [ -73.926311569721676, 40.877452576307704 ], [ -73.926318814040016, 40.877441602166286 ], [ -73.926333296587472, 40.87742514326159 ], [ -73.926355005194637, 40.877414178349753 ], [ -73.926369481648138, 40.877403208819885 ], [ -73.926391184164927, 40.877397733280738 ], [ -73.926420149197739, 40.87736481545096 ], [ -73.926441882063102, 40.877331893004317 ], [ -73.926456388843619, 40.87729347656532 ], [ -73.926456425274722, 40.877260540287402 ], [ -73.926442009596997, 40.877216616031617 ], [ -73.926413117544627, 40.877183661311207 ], [ -73.926384231598675, 40.877145217203626 ], [ -73.926340869294862, 40.877117742617216 ], [ -73.926297500941914, 40.877095757394201 ], [ -73.926246900506982, 40.877073767533183 ], [ -73.926196287918913, 40.877062756409636 ], [ -73.926138437141248, 40.877057230015346 ], [ -73.9260805741675, 40.877062682351706 ], [ -73.925972098637601, 40.877057123437197 ], [ -73.925870849113906, 40.877057058446184 ], [ -73.925762361352454, 40.877062478094189 ], [ -73.925653861297135, 40.877078876399835 ], [ -73.925552587154826, 40.877100768648816 ], [ -73.925451300636183, 40.877133639568271 ], [ -73.925357246138077, 40.877166515076496 ], [ -73.925263179206254, 40.877210369267154 ], [ -73.925176344280587, 40.877254228069923 ], [ -73.925169081259696, 40.877281670278748 ], [ -73.925154586096625, 40.877309107796918 ], [ -73.925140084741074, 40.877342034692724 ], [ -73.925111125267364, 40.877369462821846 ], [ -73.925082165769766, 40.877396890943594 ], [ -73.925074939809946, 40.877391396869093 ], [ -73.925024339554369, 40.87736940647325 ], [ -73.924959225487839, 40.877391321686851 ], [ -73.924894111378393, 40.877413236863653 ], [ -73.924829009638472, 40.877424173244769 ], [ -73.924742211427514, 40.87743509544282 ], [ -73.924655425629155, 40.877435038816806 ], [ -73.924568646058674, 40.877429492746131 ], [ -73.924489104885581, 40.877418461963003 ], [ -73.924402344074949, 40.877396447628989 ], [ -73.924004663906132, 40.87731933507358 ], [ -73.923860077737714, 40.877269835320782 ], [ -73.923816691236553, 40.877264317304729 ], [ -73.923773304742568, 40.877258799272362 ], [ -73.923737144089458, 40.877258775382536 ], [ -73.923693738705893, 40.877269725458817 ], [ -73.923650333308032, 40.87728067551874 ], [ -73.923614153723548, 40.877297119728858 ], [ -73.923549058198674, 40.877302566008737 ], [ -73.923295977790886, 40.877263972393784 ], [ -73.923187552899265, 40.877214495825974 ], [ -73.923151404959881, 40.877203492993516 ], [ -73.923122495502923, 40.877187005588006 ], [ -73.923100824530152, 40.877165033614851 ], [ -73.923071921453712, 40.877143056816919 ], [ -73.922999651131775, 40.877099093549432 ], [ -73.922999657488987, 40.877093604169779 ], [ -73.922970767196276, 40.877060648586898 ], [ -73.922920174252127, 40.87703316788749 ], [ -73.922905716405069, 40.87702766884626 ], [ -73.922862342878219, 40.877011171711736 ], [ -73.922833420834678, 40.877005662992694 ], [ -73.922811724525616, 40.877005648483461 ], [ -73.922804486049273, 40.877011133025881 ], [ -73.922797260319584, 40.877005638808363 ], [ -73.92280451154258, 40.876989175506971 ], [ -73.922811756389265, 40.876978201584755 ], [ -73.922797292189202, 40.876978191909672 ], [ -73.922775602264821, 40.876972688013907 ], [ -73.922753925099045, 40.876956205354489 ], [ -73.922717790132808, 40.876934223626122 ], [ -73.922674416713548, 40.876917726420707 ], [ -73.922645488339782, 40.876917707034302 ], [ -73.922623772894738, 40.876934160629105 ], [ -73.922616559966016, 40.876917687640642 ], [ -73.92260933426202, 40.876912193411286 ], [ -73.922594857295095, 40.876923162470433 ], [ -73.922587637983511, 40.876912178859925 ], [ -73.9225804122825, 40.876906684628729 ], [ -73.92258042506613, 40.876895705869082 ], [ -73.922580444241575, 40.87687923772959 ], [ -73.922594921201323, 40.876868268672162 ], [ -73.922566005635105, 40.8768572705061 ], [ -73.922537058101483, 40.876873719232087 ], [ -73.922493697564505, 40.876846243198834 ], [ -73.922479252593689, 40.876829765344254 ], [ -73.922421427947498, 40.876802279566832 ], [ -73.922414215083222, 40.876785806565309 ], [ -73.922399757331803, 40.876780307460471 ], [ -73.922385312398589, 40.876763829593948 ], [ -73.922378086730419, 40.876758335349933 ], [ -73.922378099547444, 40.87674735659003 ], [ -73.922378323844569, 40.876555228288048 ], [ -73.922378548140401, 40.876363099979287 ], [ -73.922393230052137, 40.87617647077191 ], [ -73.922415150279335, 40.875984357037773 ], [ -73.92244430235084, 40.875792248153125 ], [ -73.922437128011723, 40.875742838864284 ], [ -73.922444417603785, 40.875693439295702 ], [ -73.922458945541635, 40.875638555204553 ], [ -73.922473467054971, 40.875589160492154 ], [ -73.922502446035722, 40.875545264872521 ], [ -73.922553197523527, 40.875435511232219 ], [ -73.922596716923508, 40.875325752717103 ], [ -73.922625778751026, 40.875210495105257 ], [ -73.92265484047779, 40.87509523748367 ], [ -73.922669438338431, 40.874979970161228 ], [ -73.922676804278339, 40.874864697989231 ], [ -73.922669706477492, 40.874749416123251 ], [ -73.922662608701245, 40.874634134254471 ], [ -73.922641047284571, 40.87451884268814 ], [ -73.922612247733738, 40.874409035648313 ], [ -73.922576222861323, 40.874293734365096 ], [ -73.922532959922862, 40.874183917596362 ], [ -73.922475227158785, 40.874079580476398 ], [ -73.922410269208129, 40.873969749080878 ], [ -73.922345298650157, 40.873870896412257 ], [ -73.922265864782844, 40.873772033963576 ], [ -73.922179199411232, 40.873673166581959 ], [ -73.922085289702835, 40.87358527301727 ], [ -73.921984148521318, 40.873497374486078 ], [ -73.921875769445762, 40.873414960352527 ], [ -73.921760152476224, 40.873338030596543 ], [ -73.921644529305482, 40.873266590107043 ], [ -73.92152166821586, 40.873200633966512 ], [ -73.921391569198477, 40.873140162152026 ], [ -73.921254232240898, 40.873085174639321 ], [ -73.921116888998199, 40.873035676346184 ], [ -73.921087962313806, 40.873035656569328 ], [ -73.92105903562944, 40.873035636785247 ], [ -73.921030108945089, 40.873035616993903 ], [ -73.920972275149055, 40.873019109238697 ], [ -73.920914434852762, 40.87300809083807 ], [ -73.920856588041872, 40.873002561792056 ], [ -73.920791503034593, 40.873002517137152 ], [ -73.920733643150982, 40.873007966796692 ], [ -73.920726411482917, 40.873007961829124 ], [ -73.920726404938421, 40.873013451212707 ], [ -73.920719173269759, 40.873013446244713 ], [ -73.920711935055408, 40.873018930659832 ], [ -73.920704709932465, 40.873013436307339 ], [ -73.920690246595157, 40.873013426368175 ], [ -73.920683028022694, 40.873002442630714 ], [ -73.920661326470452, 40.873007917100814 ], [ -73.920639644569661, 40.872996923416004 ], [ -73.920603492790079, 40.872991409160683 ], [ -73.92056732790121, 40.872996873661229 ], [ -73.920552864567554, 40.87299686370487 ], [ -73.920523911655323, 40.873018801320946 ], [ -73.920487740180818, 40.873029755180092 ], [ -73.920458793799384, 40.873046203396193 ], [ -73.920422622299256, 40.873057157234889 ], [ -73.920386444214614, 40.8730736004457 ], [ -73.920357510938985, 40.873079069869242 ], [ -73.920328571081228, 40.873090028669047 ], [ -73.920299624634197, 40.873106476845052 ], [ -73.920292399535796, 40.873100982466838 ], [ -73.920277929597987, 40.873106461859443 ], [ -73.920256214811786, 40.873122915020204 ], [ -73.92022725516108, 40.873150341944758 ], [ -73.920191076977432, 40.873166785094071 ], [ -73.920169381921582, 40.873166770088062 ], [ -73.920147667088827, 40.873183223228217 ], [ -73.920133190527693, 40.873194191985945 ], [ -73.920125939057129, 40.873210655130869 ], [ -73.920104230795189, 40.873221618879313 ], [ -73.920082522526087, 40.873232582623679 ], [ -73.92006080105088, 40.873254525130562 ], [ -73.920053536355667, 40.873281967037329 ], [ -73.920017325042096, 40.87332585704803 ], [ -73.91998836520446, 40.873353283911712 ], [ -73.919981100468547, 40.873380725813405 ], [ -73.919973848940003, 40.873397188948211 ], [ -73.919959372303623, 40.87340815768377 ], [ -73.91995208772434, 40.873452067732728 ], [ -73.919966524727812, 40.873474035296816 ], [ -73.91995927979336, 40.873485009047364 ], [ -73.919959246753933, 40.873512455962683 ], [ -73.919966452047632, 40.873534418510467 ], [ -73.919951981988632, 40.873539897861818 ], [ -73.919951962163154, 40.873556366010831 ], [ -73.919944703999121, 40.873578318526256 ], [ -73.919930227318488, 40.873589287257786 ], [ -73.91993022070821, 40.873594776640758 ], [ -73.919908525512753, 40.873594761585707 ], [ -73.919908505676503, 40.8736112297346 ], [ -73.91987235362356, 40.873605715250825 ], [ -73.919828956606892, 40.873611174497874 ], [ -73.919792804560586, 40.873605659989202 ], [ -73.919792758209084, 40.873644085669667 ], [ -73.919828903657631, 40.873655089561254 ], [ -73.919872300702949, 40.873649630314254 ], [ -73.91990122765408, 40.873649650395826 ], [ -73.919922916256539, 40.873655154835149 ], [ -73.919944591644352, 40.873671638036228 ], [ -73.919959048516787, 40.873677137451729 ], [ -73.919951790341941, 40.873699089967104 ], [ -73.919951763907846, 40.873721047498513 ], [ -73.919951750690785, 40.873732026264214 ], [ -73.919958969221668, 40.873743010045928 ], [ -73.919958956005786, 40.873753988811522 ], [ -73.919966167932913, 40.873770461975603 ], [ -73.919973366650098, 40.873797913904717 ], [ -73.919980571979394, 40.87381987645044 ], [ -73.919973327009572, 40.87383085020118 ], [ -73.919987777313438, 40.873841838995666 ], [ -73.920002234226459, 40.873847338405625 ], [ -73.920132313583025, 40.873924279926641 ], [ -73.920146796895708, 40.87390782178776 ], [ -73.920168479012048, 40.873918815563329 ], [ -73.920153995702336, 40.873935273704852 ], [ -73.920197353374206, 40.873962750631712 ], [ -73.920211836679158, 40.873946292484781 ], [ -73.920240744005383, 40.873962780629121 ], [ -73.920219028930333, 40.873979233780318 ], [ -73.920291300603267, 40.874017709431435 ], [ -73.920349115371536, 40.874050685672543 ], [ -73.920406930197174, 40.874083661884505 ], [ -73.92044306285031, 40.874105644347836 ], [ -73.92047195060627, 40.874138600581119 ], [ -73.92050085151736, 40.874160578042186 ], [ -73.920544261956735, 40.874144139778124 ], [ -73.920580375018105, 40.874182590345448 ], [ -73.920609275984148, 40.874204567779174 ], [ -73.920623700261928, 40.874237514022795 ], [ -73.920659806869821, 40.874281453946921 ], [ -73.920667019027775, 40.874297927065591 ], [ -73.920688681714097, 40.874325388889524 ], [ -73.920695887336819, 40.874347351388522 ], [ -73.920710305142535, 40.874385787002687 ], [ -73.920703066778046, 40.874391271415902 ], [ -73.920717510778942, 40.874407749500101 ], [ -73.920724716420111, 40.87442971199696 ], [ -73.9207463857162, 40.874451684427235 ], [ -73.920760829740942, 40.874468162505856 ], [ -73.920753571744442, 40.874490115068504 ], [ -73.920768009238103, 40.874512082528206 ], [ -73.920782453281319, 40.874528560603935 ], [ -73.920782440201265, 40.874539539368094 ], [ -73.920789665496471, 40.874545033714178 ], [ -73.920789645878173, 40.874561501860349 ], [ -73.920804089937491, 40.8745779799332 ], [ -73.920796845020988, 40.874588953734147 ], [ -73.920811295625711, 40.874599942423991 ], [ -73.920818507855742, 40.874616415532238 ], [ -73.920818501318678, 40.874621904914228 ], [ -73.920832958470015, 40.874627404219332 ], [ -73.920840170708388, 40.874643877326143 ], [ -73.920840157637855, 40.874654856090068 ], [ -73.920840144567293, 40.874665834854028 ], [ -73.920854608264051, 40.874665844774384 ], [ -73.920869058895022, 40.874676833456839 ], [ -73.920883509530782, 40.874687822137474 ], [ -73.92088348993569, 40.874704290283283 ], [ -73.920890702194924, 40.874720763386676 ], [ -73.920905146313885, 40.874737241446404 ], [ -73.920919590440008, 40.87475371950427 ], [ -73.920919583911285, 40.87475920888614 ], [ -73.920912325935433, 40.874781161457641 ], [ -73.920912306347446, 40.874797629603144 ], [ -73.920926770072882, 40.87479763951449 ], [ -73.920926750488448, 40.874814107659937 ], [ -73.920941201163572, 40.874825096333119 ], [ -73.920948413450219, 40.874841569432583 ], [ -73.920970109052718, 40.874841584292113 ], [ -73.920984546694228, 40.87486355172328 ], [ -73.920984527124091, 40.874880019868542 ], [ -73.920998971300918, 40.874896497916041 ], [ -73.921013428526877, 40.874901997198265 ], [ -73.921035085033864, 40.87493494833582 ], [ -73.921056748079735, 40.874962410087505 ], [ -73.921078424174794, 40.874978893071656 ], [ -73.921114544511099, 40.875011854084399 ], [ -73.921143426483326, 40.875050299525768 ], [ -73.921157857718342, 40.875077756316031 ], [ -73.921165070086062, 40.875094229401221 ], [ -73.921172288965266, 40.875105213104341 ], [ -73.921172275949445, 40.875116191867392 ], [ -73.921179481817617, 40.875138154333079 ], [ -73.921172243409927, 40.875143638774944 ], [ -73.921172230394106, 40.875154617537909 ], [ -73.921172217378285, 40.87516559630086 ], [ -73.921172204362463, 40.875176575063797 ], [ -73.92117219785456, 40.875182064445255 ], [ -73.921157727536354, 40.875187543946147 ], [ -73.921157714518131, 40.875198522709034 ], [ -73.92114324419515, 40.875204002208065 ], [ -73.921136005777313, 40.875209486647655 ], [ -73.92112876084677, 40.875220460468128 ], [ -73.921128741312245, 40.875236928612367 ], [ -73.921114277491228, 40.875236918726323 ], [ -73.921107026040829, 40.875253381926811 ], [ -73.921114238415001, 40.875269855014629 ], [ -73.9211069999876, 40.875275339452287 ], [ -73.921106986960993, 40.875286318214982 ], [ -73.921078052781752, 40.875291787817027 ], [ -73.921063569398129, 40.875308246068634 ], [ -73.921056324444876, 40.875319219884403 ], [ -73.921034602609353, 40.875341162566279 ], [ -73.921027338088066, 40.875368604523956 ], [ -73.921012861196232, 40.875379573387754 ], [ -73.920991158895305, 40.87538504791749 ], [ -73.920976675469859, 40.875401506157957 ], [ -73.920969423967421, 40.875417969349257 ], [ -73.920954947055279, 40.875428938205665 ], [ -73.920933238205805, 40.875439902105697 ], [ -73.920925999744966, 40.875445386531808 ], [ -73.92091876128292, 40.875450870957536 ], [ -73.920911509760771, 40.875467334145043 ], [ -73.920904277825215, 40.875467329188623 ], [ -73.92089705895097, 40.875456345469473 ], [ -73.92087535661544, 40.875461819977396 ], [ -73.920810275738717, 40.875456285951905 ], [ -73.920665709099282, 40.875395803417945 ], [ -73.920600602084122, 40.875412226798964 ], [ -73.920528289349861, 40.875406687638552 ], [ -73.920477705238994, 40.875373716478897 ], [ -73.920477744630588, 40.875340780191443 ], [ -73.919704346642646, 40.87499441335072 ], [ -73.919552530211163, 40.874950392529968 ], [ -73.919407952508692, 40.87490088717815 ], [ -73.919270613554815, 40.87484589732226 ], [ -73.919133274828113, 40.874790907302383 ], [ -73.91900318155831, 40.874724943430991 ], [ -73.918873095244308, 40.874653490030283 ], [ -73.918865870095686, 40.874647995564267 ], [ -73.918858644948273, 40.874642501097824 ], [ -73.918858651647128, 40.874637011715947 ], [ -73.918851426501504, 40.874631517249036 ], [ -73.918851439900408, 40.874620538485296 ], [ -73.918851446599874, 40.874615049103376 ], [ -73.918851453299325, 40.874609559721492 ], [ -73.918851466698229, 40.874598580957745 ], [ -73.918858705237994, 40.874593096660867 ], [ -73.918858711936863, 40.874587607278954 ], [ -73.918865950474839, 40.8745821229816 ], [ -73.918873189011606, 40.874576638683806 ], [ -73.918945574313753, 40.874521795680621 ], [ -73.919003502530146, 40.874461453098903 ], [ -73.919061430641406, 40.874401110487405 ], [ -73.919112133512513, 40.874335273395261 ], [ -73.919155611152405, 40.874263941831842 ], [ -73.919191856902245, 40.87419260518741 ], [ -73.919220870785267, 40.874121263468787 ], [ -73.919242652824764, 40.874049916681422 ], [ -73.919257263037011, 40.873929160386226 ], [ -73.91927187319618, 40.873808404086624 ], [ -73.919272019818536, 40.873687637665583 ], [ -73.919272026483171, 40.873682148282732 ], [ -73.91927203314782, 40.873676658899889 ], [ -73.919272039812455, 40.87367116951706 ], [ -73.919279278216578, 40.87366568519289 ], [ -73.919279284880616, 40.873660195809997 ], [ -73.919286523282935, 40.873654711485372 ], [ -73.919293761684074, 40.873649227160264 ], [ -73.919279318200793, 40.873632748895602 ], [ -73.919272079800265, 40.873638233219786 ], [ -73.919264848063762, 40.873638228160637 ], [ -73.919257609661457, 40.873643712483975 ], [ -73.919250377924357, 40.873643707423916 ], [ -73.919221457644824, 40.873638197796332 ], [ -73.919199769105973, 40.873632693225154 ], [ -73.919178080570703, 40.873627188649898 ], [ -73.919170855508412, 40.873621694202001 ], [ -73.919163637120889, 40.87361071037072 ], [ -73.919149180328674, 40.873605210855509 ], [ -73.919149193678209, 40.873594232089651 ], [ -73.919141968621886, 40.873588737639849 ], [ -73.919141981972615, 40.873577758874021 ], [ -73.919141995323344, 40.873566780108135 ], [ -73.919142022024786, 40.873544822576335 ], [ -73.919134810326327, 40.873528349360114 ], [ -73.919127605307978, 40.873506386760369 ], [ -73.919113161896917, 40.873489908474447 ], [ -73.919098725171921, 40.873467940803692 ], [ -73.919091493453962, 40.873467935733707 ], [ -73.91909150013349, 40.873462446350658 ], [ -73.919084268416114, 40.873462441280218 ], [ -73.919084261736003, 40.873467930663246 ], [ -73.919077030018045, 40.873467925592351 ], [ -73.9190697983001, 40.87346792052098 ], [ -73.919062566582127, 40.873467915449169 ], [ -73.919055334864183, 40.873467910376903 ], [ -73.919055341546681, 40.87346242099386 ], [ -73.919055348229179, 40.873456931610775 ], [ -73.919048116512428, 40.87345692653809 ], [ -73.919040884795677, 40.873456921464914 ], [ -73.919033653078912, 40.873456916391277 ], [ -73.919026421362162, 40.873456911317199 ], [ -73.919019189645397, 40.873456906242673 ], [ -73.919019196330893, 40.873451416859609 ], [ -73.919011971300833, 40.873445922401572 ], [ -73.919004739585276, 40.873445917326137 ], [ -73.918997514556992, 40.873440422867205 ], [ -73.918990289529916, 40.873434928407782 ], [ -73.918983064504005, 40.87342943394794 ], [ -73.918975839479316, 40.873423939487616 ], [ -73.918968614455807, 40.873418445026829 ], [ -73.918961382743248, 40.873418439948658 ], [ -73.918946919318117, 40.873418429790995 ], [ -73.918939694297606, 40.873412935328361 ], [ -73.91893246258563, 40.873412930248406 ], [ -73.918925237566924, 40.873407435784891 ], [ -73.918918005855545, 40.87340743070402 ], [ -73.918918012549398, 40.873401941320935 ], [ -73.918918019243222, 40.873396451937829 ], [ -73.918918032630899, 40.873385473171609 ], [ -73.918918039324723, 40.873379983788482 ], [ -73.918918046018561, 40.873374494405368 ], [ -73.918925291112814, 40.873363520719998 ], [ -73.918932529512048, 40.873358036417279 ], [ -73.918939767910075, 40.873352552114056 ], [ -73.918946999615471, 40.873352557193577 ], [ -73.918954238011708, 40.873347072889473 ], [ -73.918954244702562, 40.87334158350631 ], [ -73.918954251393401, 40.873336094123133 ], [ -73.918947026381218, 40.873330599660932 ], [ -73.918939794678209, 40.873330594581446 ], [ -73.918939801370243, 40.873325105198255 ], [ -73.918932569667831, 40.873325100118286 ], [ -73.918932576360461, 40.873319610735116 ], [ -73.918925351351859, 40.873314116271516 ], [ -73.918918106263007, 40.873325089957014 ], [ -73.918896411155785, 40.873325074711673 ], [ -73.918881947750975, 40.873325064545831 ], [ -73.918874716048563, 40.873325059462317 ], [ -73.918867470950161, 40.873336033144568 ], [ -73.918860232547971, 40.873341517443258 ], [ -73.91884576913958, 40.873341507272897 ], [ -73.918838530734988, 40.873346991570216 ], [ -73.918831299030202, 40.873346986483895 ], [ -73.918824067325417, 40.873346981397134 ], [ -73.918809603915847, 40.873346971222254 ], [ -73.918802372211076, 40.873346966134143 ], [ -73.918787908801505, 40.873346955956549 ], [ -73.918773445391963, 40.873346945777115 ], [ -73.918766227099908, 40.873335961920432 ], [ -73.918759002103286, 40.873330467446443 ], [ -73.918744552113623, 40.873319478497081 ], [ -73.918737320411836, 40.873319473404884 ], [ -73.918722863718216, 40.873313973835963 ], [ -73.918722870428155, 40.873308484452814 ], [ -73.918715645438098, 40.87330298997604 ], [ -73.918715652148634, 40.873297500592891 ], [ -73.918715658859171, 40.873292011209671 ], [ -73.91870844058262, 40.873281027349243 ], [ -73.918693977187431, 40.873281017159883 ], [ -73.918701222308471, 40.87327004348839 ], [ -73.918708460716005, 40.873264559199605 ], [ -73.918715699122345, 40.873259074910386 ], [ -73.918722937527477, 40.873253590620671 ], [ -73.918722944237402, 40.8732481012375 ], [ -73.918715712543388, 40.873248096143953 ], [ -73.918708480849375, 40.873248091049952 ], [ -73.918694010749007, 40.873253570243818 ], [ -73.918672315665177, 40.873253554956342 ], [ -73.918657845560659, 40.873259034145669 ], [ -73.918650600433651, 40.87327000781444 ], [ -73.918650587001849, 40.873280986580887 ], [ -73.918643355304255, 40.8732809814828 ], [ -73.918628885191367, 40.873286460668467 ], [ -73.918614421795013, 40.873286450469145 ], [ -73.91859995839863, 40.873286440267975 ], [ -73.918585508444835, 40.873275451298611 ], [ -73.918571058495786, 40.87326446232742 ], [ -73.918563840246136, 40.873253478457912 ], [ -73.918563853692248, 40.873242499691472 ], [ -73.918563860415304, 40.873237010308237 ], [ -73.918549417202456, 40.873220531950956 ], [ -73.91852772885548, 40.873215027253075 ], [ -73.918513265474658, 40.873215017041048 ], [ -73.918506047239902, 40.873204033167831 ], [ -73.918506053967732, 40.873198543784589 ], [ -73.918498829007547, 40.873193049294095 ], [ -73.918484365631514, 40.873193039078487 ], [ -73.918440968770241, 40.873198497803969 ], [ -73.918412042015831, 40.873198477356347 ], [ -73.918390333475259, 40.873209440782453 ], [ -73.918397538217903, 40.873231403429365 ], [ -73.91841918614945, 40.873269844451009 ], [ -73.918448092737052, 40.873286333046423 ], [ -73.918491449280808, 40.873313810617447 ], [ -73.918534826036819, 40.87332482002256 ], [ -73.918592639331521, 40.873357797147811 ], [ -73.918614321011532, 40.873368791216492 ], [ -73.918628737401804, 40.873407227097495 ], [ -73.918628697095471, 40.873440163395863 ], [ -73.918614193352127, 40.873473089494645 ], [ -73.918599703034658, 40.873495036825481 ], [ -73.918570776151199, 40.87349501641765 ], [ -73.918563524260989, 40.873511479463495 ], [ -73.918527345469428, 40.873527922090133 ], [ -73.918498391657693, 40.873549859195968 ], [ -73.918469437826872, 40.873571796294392 ], [ -73.918454981100538, 40.873566296692189 ], [ -73.91844053110988, 40.873555307705246 ], [ -73.918411610935905, 40.873549797874574 ], [ -73.918404365736563, 40.873560771527352 ], [ -73.918426027248231, 40.87358823377965 ], [ -73.918426013779282, 40.873599212545436 ], [ -73.918418755106813, 40.873621164964717 ], [ -73.918411503165203, 40.873637628000644 ], [ -73.918389801218652, 40.873643102042905 ], [ -73.918375324267402, 40.873654070579256 ], [ -73.918353608831595, 40.873670523380333 ], [ -73.918324654900459, 40.873692460441958 ], [ -73.91829570095021, 40.873714397496244 ], [ -73.918245051739603, 40.873736319175457 ], [ -73.918201640998078, 40.873752756575783 ], [ -73.918179925487053, 40.873769209343877 ], [ -73.918165434961736, 40.873791156618978 ], [ -73.918143699155792, 40.873824077528056 ], [ -73.918121990366743, 40.873835040902414 ], [ -73.918107513329531, 40.873846009404772 ], [ -73.91805688425157, 40.873851462853047 ], [ -73.917926678700454, 40.873878817261399 ], [ -73.917868790697497, 40.873906223013883 ], [ -73.917847061489383, 40.873933654483892 ], [ -73.917810889076236, 40.873944607502189 ], [ -73.917810875505651, 40.873955586267193 ], [ -73.917796411963863, 40.873955575965304 ], [ -73.917774709862897, 40.873961049891577 ], [ -73.917781921271327, 40.873977523191527 ], [ -73.917767437358108, 40.873993981033365 ], [ -73.917738496675284, 40.874004939181809 ], [ -73.917709555982924, 40.874015897322955 ], [ -73.917644456387833, 40.874026829657993 ], [ -73.917593820330978, 40.874037772285355 ], [ -73.917550395618036, 40.87406518820454 ], [ -73.917492520920916, 40.874081615002673 ], [ -73.917427387140975, 40.874119994126666 ], [ -73.917398412250435, 40.874158399100942 ], [ -73.917268178506887, 40.874207710293675 ], [ -73.917188587705724, 40.874240589529983 ], [ -73.917116249159307, 40.874257005759034 ], [ -73.91703664452551, 40.874300863654462 ], [ -73.916978755788278, 40.874328268958372 ], [ -73.91685580126682, 40.874339159212404 ], [ -73.916711144387833, 40.874355523061261 ], [ -73.916653248587949, 40.874388417583589 ], [ -73.916580868427189, 40.874437769768306 ], [ -73.916450619734874, 40.874498058799695 ], [ -73.916342107755071, 40.874525427122144 ], [ -73.916211962434986, 40.874503375155989 ], [ -73.916096260076401, 40.874497801705324 ], [ -73.916016689148947, 40.874514211986202 ], [ -73.915893741069709, 40.874519611833037 ], [ -73.915763561137851, 40.874525006270282 ], [ -73.915684010978566, 40.874524948176351 ], [ -73.915575540458747, 40.87451937948714 ], [ -73.915401997442743, 40.874502784237855 ], [ -73.915221222684949, 40.87448618341503 ], [ -73.915069403370495, 40.874447646074451 ], [ -73.914982649555526, 40.874425624647138 ], [ -73.914635648965259, 40.874326559521123 ], [ -73.914223598614683, 40.874199998080698 ], [ -73.914194685593628, 40.874188997811885 ], [ -73.913999505201843, 40.874128469262665 ], [ -73.913905534586107, 40.874095462870621 ], [ -73.913587428753786, 40.87402386307501 ], [ -73.91350069026484, 40.873990861767595 ], [ -73.91334164846262, 40.87394682734751 ], [ -73.913291040392409, 40.873935810558116 ], [ -73.913247671268152, 40.873919309800982 ], [ -73.913197091899207, 40.873886335441227 ], [ -73.913139273650074, 40.87385884499848 ], [ -73.913095897439135, 40.873847833566344 ], [ -73.913038064906686, 40.873831321837301 ], [ -73.912980203666606, 40.873836767608523 ], [ -73.912893436958129, 40.873825723372903 ], [ -73.912734381544311, 40.873792666879304 ], [ -73.912611485034475, 40.873759637553484 ], [ -73.912503059361342, 40.873721129681314 ], [ -73.912286230115924, 40.873627645483147 ], [ -73.912076647722103, 40.873523187620869 ], [ -73.911635804398045, 40.873303275372777 ], [ -73.911577994601188, 40.873270294762079 ], [ -73.911512953169407, 40.87323730857733 ], [ -73.911426245985368, 40.873182348174602 ], [ -73.911361233985559, 40.873127404372156 ], [ -73.911303424477808, 40.873094423622845 ], [ -73.911274541719891, 40.873061465088455 ], [ -73.911223963981982, 40.873028489858747 ], [ -73.911187864290085, 40.872984546972667 ], [ -73.911180625292758, 40.872990030789957 ], [ -73.911173400960578, 40.872984535840715 ], [ -73.911180647290436, 40.872973562640794 ], [ -73.911166205964577, 40.872957083358756 ], [ -73.911151764645879, 40.872940604074891 ], [ -73.911101216417237, 40.87288567125826 ], [ -73.911101238434554, 40.872869203108813 ], [ -73.911101260451858, 40.872852734959302 ], [ -73.911086833852494, 40.872825276900585 ], [ -73.911057936633497, 40.872803297076786 ], [ -73.911036285765164, 40.872770344054388 ], [ -73.911036315142979, 40.872748386521316 ], [ -73.911014656957008, 40.872720922877825 ], [ -73.910993006136934, 40.872687969846837 ], [ -73.910978579618018, 40.872660511773759 ], [ -73.910964138410222, 40.872644032465502 ], [ -73.910964175162192, 40.872616585548627 ], [ -73.910942494992412, 40.872605590041154 ], [ -73.91091361262572, 40.872572631413448 ], [ -73.910834138417769, 40.87251767614169 ], [ -73.910761910683263, 40.872451747640042 ], [ -73.910696944181311, 40.872363867154398 ], [ -73.910668076790927, 40.872319929696488 ], [ -73.910646411520034, 40.872297955365411 ], [ -73.910646463156112, 40.872259529679482 ], [ -73.910603176963136, 40.87218264470193 ], [ -73.910567107673174, 40.872116744079463 ], [ -73.910538262632357, 40.872056338435343 ], [ -73.910538292174294, 40.872034380899557 ], [ -73.910552777449908, 40.872017923959277 ], [ -73.910545590199618, 40.871984982049895 ], [ -73.910516767397255, 40.871908108246743 ], [ -73.910495183589831, 40.871825750660342 ], [ -73.910488040726491, 40.871759872441039 ], [ -73.910480846145958, 40.87173241991028 ], [ -73.910473666352956, 40.871693988610424 ], [ -73.910459269832018, 40.871644572930272 ], [ -73.910452127023717, 40.871578694706535 ], [ -73.910444999015837, 40.871501837712671 ], [ -73.910445013802089, 40.871490858943737 ], [ -73.910423326690278, 40.87148535272101 ], [ -73.910430587769184, 40.871463400796245 ], [ -73.910445050767692, 40.871463412021306 ], [ -73.910452319229549, 40.871435970710536 ], [ -73.910452356192124, 40.871408523787807 ], [ -73.91044514687816, 40.871392050022251 ], [ -73.910430698683754, 40.871381060028064 ], [ -73.910445183843649, 40.871364603099359 ], [ -73.910466885700501, 40.871359130548853 ], [ -73.910474154141937, 40.871331689236243 ], [ -73.910495863374592, 40.871320727295618 ], [ -73.910510333729789, 40.871315249127818 ], [ -73.910517587374301, 40.871298786581541 ], [ -73.910546528069204, 40.871287830238707 ], [ -73.910561027947182, 40.871260394525727 ], [ -73.910553818622347, 40.871243920766538 ], [ -73.910561064864766, 40.871232947602074 ], [ -73.910575601636353, 40.871178064963082 ], [ -73.910590079335051, 40.871167097400367 ], [ -73.910604571788809, 40.871145151066131 ], [ -73.910619064233018, 40.87112320472999 ], [ -73.910648071221672, 40.871062843897306 ], [ -73.910655310053087, 40.871057360111493 ], [ -73.910662563633565, 40.871040897555389 ], [ -73.910684265366882, 40.871035424963729 ], [ -73.910691518937796, 40.871018962405721 ], [ -73.910706011325786, 40.870997016058141 ], [ -73.910713279628979, 40.870969574728711 ], [ -73.910720540555843, 40.870947622783625 ], [ -73.910713345967224, 40.870920170263389 ], [ -73.91069890520312, 40.870903690916769 ], [ -73.910677255131219, 40.870870737815672 ], [ -73.910677284626757, 40.870848780275203 ], [ -73.910691776982361, 40.870826833928767 ], [ -73.910691799100405, 40.870810365773288 ], [ -73.910713515497832, 40.870793914405589 ], [ -73.910720776405441, 40.870771962459784 ], [ -73.910728037308246, 40.870750010513518 ], [ -73.910735320313478, 40.870711590410849 ], [ -73.910742610678781, 40.87066768092221 ], [ -73.910728177331933, 40.870645712193152 ], [ -73.910749930505887, 40.870601813891263 ], [ -73.910749945241577, 40.870590835120474 ], [ -73.910757198747731, 40.870574372557009 ], [ -73.910749989448675, 40.870557898808066 ], [ -73.910764481716896, 40.870535952451363 ], [ -73.910764525916747, 40.870503016138564 ], [ -73.910750122069686, 40.870459089869598 ], [ -73.910757368194197, 40.870448116691271 ], [ -73.910771860436057, 40.870426170333232 ], [ -73.910757419764749, 40.870409690992432 ], [ -73.91076472481555, 40.870354802728762 ], [ -73.910764769015174, 40.870321866414933 ], [ -73.910764820581335, 40.870283440715205 ], [ -73.910750379942755, 40.870266961373147 ], [ -73.910772118246186, 40.870234041835594 ], [ -73.910772155076074, 40.870206594906776 ], [ -73.910779430630939, 40.87017366418344 ], [ -73.910779460092428, 40.870151706640158 ], [ -73.910801227798046, 40.870096829552942 ], [ -73.910801286706516, 40.870052914465717 ], [ -73.910801316160729, 40.87003095692198 ], [ -73.910808562230145, 40.870019983739589 ], [ -73.910801360342006, 40.869998020606232 ], [ -73.910815874558267, 40.869959606082851 ], [ -73.91081590400762, 40.869937648538759 ], [ -73.910808672674264, 40.869937642949658 ], [ -73.910823172149648, 40.869910207197059 ], [ -73.910830425563447, 40.869893744626978 ], [ -73.910830447646816, 40.869877276468749 ], [ -73.910852171064562, 40.869855335686005 ], [ -73.910852200501878, 40.86983337814145 ], [ -73.910844983899707, 40.869822393782385 ], [ -73.910837759939398, 40.869816898808999 ], [ -73.91085225201715, 40.869794952438369 ], [ -73.910859512769875, 40.869773000479881 ], [ -73.910874026903429, 40.869734585947626 ], [ -73.910859564280855, 40.869734574776366 ], [ -73.910874056333469, 40.869712628402603 ], [ -73.91088132442691, 40.869685187056177 ], [ -73.910881361211423, 40.869657740124637 ], [ -73.910852450718309, 40.869646739009426 ], [ -73.910874151980991, 40.869641266380704 ], [ -73.91089586795151, 40.869624814975218 ], [ -73.910910367322728, 40.869597379210077 ], [ -73.910924851975366, 40.869580922215846 ], [ -73.910917635388586, 40.869569937860845 ], [ -73.91091766480416, 40.869547980315126 ], [ -73.910924910801739, 40.869537007124492 ], [ -73.910917694219719, 40.869526022769357 ], [ -73.910939439550177, 40.869487613809383 ], [ -73.910946714943535, 40.869454683071218 ], [ -73.910925043160802, 40.869438198167714 ], [ -73.910954005031442, 40.869410773559252 ], [ -73.910990168759739, 40.86940531206789 ], [ -73.9110118405479, 40.869421796959301 ], [ -73.911040765657035, 40.869421819261902 ], [ -73.911055242896651, 40.869410851637326 ], [ -73.911134742918037, 40.869443849241478 ], [ -73.911192571162033, 40.869460361937378 ], [ -73.911257616066408, 40.869487858938719 ], [ -73.911300974484377, 40.869509849843475 ], [ -73.911344340249698, 40.869526351345343 ], [ -73.91138050400879, 40.869520889731774 ], [ -73.911438390868042, 40.869493487212367 ], [ -73.911467337934027, 40.869477041248452 ], [ -73.91147459844899, 40.869455089250067 ], [ -73.911474656912191, 40.869411174157435 ], [ -73.911460238214374, 40.869378226741766 ], [ -73.911424103787681, 40.869361730833887 ], [ -73.911416879829559, 40.869356235896298 ], [ -73.911402424603054, 40.869350735406407 ], [ -73.911395200647917, 40.869345240467439 ], [ -73.911359058937848, 40.869334233925819 ], [ -73.911351856942161, 40.869312270824111 ], [ -73.911120588518045, 40.869213283863189 ], [ -73.911113401289597, 40.869180341972488 ], [ -73.911098938787532, 40.869180330831199 ], [ -73.911062797216147, 40.869169324196463 ], [ -73.911033894249584, 40.869152833738916 ], [ -73.911055639390895, 40.869114424754478 ], [ -73.911077384507095, 40.869076015765664 ], [ -73.911077406529046, 40.869059547604927 ], [ -73.911077428550996, 40.869043079444126 ], [ -73.911091905702108, 40.869032111814228 ], [ -73.911091920381011, 40.869021133040349 ], [ -73.911120867327071, 40.869004687161933 ], [ -73.911135373806076, 40.868971761978479 ], [ -73.911120940697572, 40.868949793291904 ], [ -73.911142656381216, 40.86893334183786 ], [ -73.911128208605746, 40.868922351926123 ], [ -73.911142707727933, 40.868894916128404 ], [ -73.91114996095186, 40.86887845353521 ], [ -73.911164423388286, 40.868878464670104 ], [ -73.911200601470725, 40.868862024338029 ], [ -73.911251219985729, 40.868862063280012 ], [ -73.911280166823133, 40.868845617361167 ], [ -73.911301889755464, 40.868823676489733 ], [ -73.911330843883349, 40.86880174117092 ], [ -73.911338097050532, 40.868785278565625 ], [ -73.911338111688735, 40.868774299791234 ], [ -73.911330902440909, 40.868757826073193 ], [ -73.911330924399977, 40.868741357911453 ], [ -73.911323722477789, 40.86871939480563 ], [ -73.911330975637753, 40.86870293220057 ], [ -73.911323781039982, 40.868675479707264 ], [ -73.911338265389503, 40.86865902265842 ], [ -73.911352742413996, 40.868648054995013 ], [ -73.911345540494708, 40.868626091890135 ], [ -73.911360032145353, 40.868604145451037 ], [ -73.911367292600431, 40.868582193455964 ], [ -73.911389008103072, 40.868565741954491 ], [ -73.911410774786518, 40.868510864736642 ], [ -73.911418035214666, 40.86848891273798 ], [ -73.911439743363616, 40.868477950614228 ], [ -73.911483225403828, 40.868406621866278 ], [ -73.911490500409613, 40.86837369108742 ], [ -73.911490522329032, 40.868357222924516 ], [ -73.911505057704844, 40.86830234014004 ], [ -73.911512318079104, 40.868280388134686 ], [ -73.91152680229591, 40.868263931060945 ], [ -73.91153403344731, 40.868263936605011 ], [ -73.911541286505539, 40.868247473985377 ], [ -73.911577500647908, 40.86820358659439 ], [ -73.911599215974917, 40.868187135052246 ], [ -73.911628155137379, 40.868176178431995 ], [ -73.911649877736195, 40.868154237492391 ], [ -73.911664361891482, 40.868137780401014 ], [ -73.911715030870852, 40.868099393424345 ], [ -73.911729529571488, 40.868071957548793 ], [ -73.911729544144904, 40.868060978772903 ], [ -73.911729573291709, 40.868039021221101 ], [ -73.911736818990903, 40.868028047976516 ], [ -73.911722356739347, 40.868028036913365 ], [ -73.91172236402663, 40.868022547525349 ], [ -73.911722385888524, 40.868006079361372 ], [ -73.911736869993589, 40.867989622260524 ], [ -73.911736884565769, 40.867978643484477 ], [ -73.911758592495602, 40.867967681299703 ], [ -73.911751405085724, 40.867934739441367 ], [ -73.911765896451769, 40.867912792948559 ], [ -73.911780380525741, 40.867896335841927 ], [ -73.911794842748677, 40.867896346897794 ], [ -73.911809326811905, 40.867879889787517 ], [ -73.911794879155153, 40.86786889995718 ], [ -73.911794930124159, 40.867830474240058 ], [ -73.911802190351196, 40.86780852221456 ], [ -73.911823912772505, 40.86778658124075 ], [ -73.911845620625286, 40.867775619039243 ], [ -73.911874566842755, 40.8677591729681 ], [ -73.911889043582889, 40.867748205235685 ], [ -73.911889072676885, 40.867726247682583 ], [ -73.911910802314367, 40.867698817303754 ], [ -73.911845758889839, 40.867671320661813 ], [ -73.911990598583444, 40.867506749404264 ], [ -73.912099238767368, 40.867375086755672 ], [ -73.912229607869264, 40.867215993560443 ], [ -73.912454131372897, 40.866941694402307 ], [ -73.912620711432226, 40.866738713063853 ], [ -73.912729349113832, 40.866607049803889 ], [ -73.912548675895636, 40.8665300614866 ], [ -73.912548697552396, 40.866513593318103 ], [ -73.91283117275276, 40.866156996371757 ], [ -73.913120897322159, 40.865783935985021 ], [ -73.913519266866729, 40.86526823202945 ], [ -73.913845201635894, 40.864845792335572 ], [ -73.913917637338457, 40.864747037259704 ], [ -73.913932105981374, 40.864741558656391 ], [ -73.91404061008393, 40.864708703160545 ], [ -73.914170820533315, 40.864664884917481 ], [ -73.914250387209478, 40.864642986488832 ], [ -73.914315485249304, 40.864626566658515 ], [ -73.914387792810615, 40.864626620331158 ], [ -73.914922924949863, 40.864583100968176 ], [ -73.91493016974556, 40.864572127516276 ], [ -73.914539913809307, 40.864412646623919 ], [ -73.91447496428772, 40.864313789354902 ], [ -73.914410071479409, 40.864171016912358 ], [ -73.915046037063888, 40.864434977963306 ], [ -73.915074945984983, 40.864445978038077 ], [ -73.915089407458083, 40.864445988681062 ], [ -73.915168952562667, 40.864440557793273 ], [ -73.915255728389624, 40.86443513216151 ], [ -73.915429286981976, 40.864418791310399 ], [ -73.915429300943799, 40.864407812526885 ], [ -73.915436559597467, 40.864385860259333 ], [ -73.915458251787612, 40.864385876155126 ], [ -73.915451083869527, 40.864336466330634 ], [ -73.91563188680766, 40.864309151688985 ], [ -73.915639068784287, 40.864347582718736 ], [ -73.915667991687897, 40.864347603861454 ], [ -73.915711383000954, 40.864342146170102 ], [ -73.915761998078167, 40.864342183133388 ], [ -73.915819850829436, 40.864336735958091 ], [ -73.915863249068011, 40.864325788817759 ], [ -73.915899423512045, 40.864309346999185 ], [ -73.915921150378821, 40.864281915848423 ], [ -73.91593566039009, 40.864243500641798 ], [ -73.915928478253292, 40.864205069629762 ], [ -73.915928519891352, 40.864172133277748 ], [ -73.915899631774295, 40.864144665240147 ], [ -73.915870729792218, 40.864128175979346 ], [ -73.915856275333738, 40.864122676042214 ], [ -73.915834597124203, 40.864111681437095 ], [ -73.915791226824638, 40.864100670998781 ], [ -73.915740618886389, 40.86409514465624 ], [ -73.915726157489487, 40.864095134094889 ], [ -73.915668325824171, 40.864084113047177 ], [ -73.915617724874068, 40.864073097258618 ], [ -73.915581571393815, 40.864073070813333 ], [ -73.915538194189438, 40.86406754967193 ], [ -73.91549481001681, 40.864067517906363 ], [ -73.915436950492875, 40.86407845431097 ], [ -73.915408020723774, 40.864083922502424 ], [ -73.91538633561656, 40.864078417205114 ], [ -73.915371874223354, 40.864078406599361 ], [ -73.915357412830133, 40.864078395991783 ], [ -73.91534295842493, 40.864072895990326 ], [ -73.915335734717516, 40.864067401292871 ], [ -73.915321280316491, 40.864061901288679 ], [ -73.915314063602452, 40.864050917197751 ], [ -73.915306839899813, 40.864045422498471 ], [ -73.915299623189938, 40.864034438406591 ], [ -73.915292399490298, 40.864028943706387 ], [ -73.915277945101195, 40.864023443696752 ], [ -73.915270721404539, 40.864017948995162 ], [ -73.91524182662981, 40.863995970184298 ], [ -73.915212931874166, 40.86397399136608 ], [ -73.915198505503255, 40.863946533777678 ], [ -73.915191337825533, 40.863897123933249 ], [ -73.915184128151921, 40.863880650441629 ], [ -73.915184156156272, 40.863858692872526 ], [ -73.915184177159546, 40.863842224695645 ], [ -73.915177016505368, 40.863787325457068 ], [ -73.915177072518674, 40.863743410318094 ], [ -73.915177079520333, 40.863737920925658 ], [ -73.915177114528618, 40.863710473963579 ], [ -73.915177149536859, 40.8636830270014 ], [ -73.915198883496799, 40.863650106591095 ], [ -73.915220589442981, 40.863639143746596 ], [ -73.915256770667469, 40.863617212734944 ], [ -73.91530017552067, 40.86360077641244 ], [ -73.91530742014713, 40.863589802934932 ], [ -73.915343608304013, 40.863562382503289 ], [ -73.915365321183828, 40.863545930238786 ], [ -73.915372572779049, 40.863529467364444 ], [ -73.915416061329267, 40.863447158286121 ], [ -73.915430543527336, 40.863430700708207 ], [ -73.915466780390858, 40.863364854487799 ], [ -73.915474031941201, 40.863348391606543 ], [ -73.915488555958859, 40.863298997664096 ], [ -73.915474115666385, 40.863282518892582 ], [ -73.915459689337638, 40.863255061333483 ], [ -73.915452486646032, 40.863233098463795 ], [ -73.915452514561508, 40.863211140892112 ], [ -73.915423613095996, 40.863194651516558 ], [ -73.915409151894949, 40.863194640915495 ], [ -73.915344111429363, 40.863167146223347 ], [ -73.915409277578775, 40.863095831841555 ], [ -73.915387599777873, 40.863084837150502 ], [ -73.915452772778806, 40.863008033349921 ], [ -73.915496246938332, 40.862936703020125 ], [ -73.915517973522952, 40.862909271938612 ], [ -73.91556855963249, 40.86293126655967 ], [ -73.915575811110372, 40.862914803670741 ], [ -73.915561356940017, 40.862909303695538 ], [ -73.915583062584673, 40.862898340781371 ], [ -73.915590286185534, 40.862903835464486 ], [ -73.915597530688188, 40.862892861967403 ], [ -73.915597537655032, 40.862887372574193 ], [ -73.915604775188442, 40.862881888469843 ], [ -73.915619243286585, 40.862876409653154 ], [ -73.915669822443718, 40.862903893623162 ], [ -73.915684297500988, 40.862892925405099 ], [ -73.915691541986931, 40.862881951902068 ], [ -73.915720499036695, 40.862854526065213 ], [ -73.915778426968402, 40.862788695582609 ], [ -73.915821858945279, 40.862750301487871 ], [ -73.915836340891175, 40.862733843856994 ], [ -73.915858053378585, 40.862717391497377 ], [ -73.915865297816737, 40.862706417983112 ], [ -73.915872528364204, 40.862706423255275 ], [ -73.915930449077081, 40.862646082088119 ], [ -73.915952161512536, 40.862629629710497 ], [ -73.916104182885036, 40.862487015983049 ], [ -73.91616931295485, 40.862443148132037 ], [ -73.916205493215784, 40.862421216818255 ], [ -73.916227205509784, 40.862404764388216 ], [ -73.916277867487366, 40.862366375368694 ], [ -73.916393672974706, 40.862273139560003 ], [ -73.916400910375614, 40.862267655405198 ], [ -73.916422622571133, 40.862251202937905 ], [ -73.916494996478647, 40.86219636135052 ], [ -73.916523939117909, 40.862179914096707 ], [ -73.916531176497912, 40.862174429933617 ], [ -73.916567349606595, 40.862157987899309 ], [ -73.916596285326918, 40.862147030021283 ], [ -73.916603522697386, 40.862141545853611 ], [ -73.916617997434727, 40.862130577516901 ], [ -73.916639709531808, 40.862114125008404 ], [ -73.916646946895099, 40.862108640837981 ], [ -73.916661428497093, 40.86209218310168 ], [ -73.916726564686243, 40.862042825538865 ], [ -73.916733802034628, 40.862037341362935 ], [ -73.916748283599588, 40.862020883615507 ], [ -73.916755520943795, 40.862015399438143 ], [ -73.916762758286794, 40.862009915260394 ], [ -73.916784477177458, 40.861987973330081 ], [ -73.916798951851533, 40.861977004970399 ], [ -73.91684957885613, 40.861966062668145 ], [ -73.916878514446438, 40.861955104718959 ], [ -73.916921924671485, 40.861933178387289 ], [ -73.916958076988948, 40.861933204412608 ], [ -73.91698700569502, 40.861927735830449 ], [ -73.917008717634573, 40.861911283251906 ], [ -73.91701594809571, 40.861911288452411 ], [ -73.917052120941392, 40.861894846265365 ], [ -73.917066602396559, 40.861878388477564 ], [ -73.917088314300315, 40.861861935883908 ], [ -73.917153449947122, 40.861812578078109 ], [ -73.91723308054604, 40.861735783637123 ], [ -73.917269280557605, 40.86169738380341 ], [ -73.917298222788219, 40.861680936353963 ], [ -73.917341687278068, 40.86161509470665 ], [ -73.917377893980984, 40.861571205443404 ], [ -73.91740686339935, 40.861532800387593 ], [ -73.917406917938308, 40.861488885229967 ], [ -73.917457605789934, 40.86142853810712 ], [ -73.917479331072855, 40.861401106648927 ], [ -73.917501069957027, 40.861362696396796 ], [ -73.91751554437684, 40.861351727945966 ], [ -73.917530025599049, 40.861335270098415 ], [ -73.917544500008106, 40.861324301643911 ], [ -73.917566211612751, 40.861307848958702 ], [ -73.917573462419099, 40.861291385939523 ], [ -73.917595174005839, 40.861274933248758 ], [ -73.917616885581808, 40.861258480553872 ], [ -73.917653085111951, 40.861220080596532 ], [ -73.917689271012236, 40.861192659417668 ], [ -73.917732714424503, 40.861143285802612 ], [ -73.917783388144571, 40.861093917323224 ], [ -73.917805119968264, 40.861060996406941 ], [ -73.917826831422474, 40.861044543671923 ], [ -73.917819628188539, 40.861022580941388 ], [ -73.917834122827955, 40.860995144264251 ], [ -73.91782691281432, 40.860978670929256 ], [ -73.917819716370744, 40.860951218803244 ], [ -73.917841434566938, 40.860929276669864 ], [ -73.917863159528466, 40.860901845136986 ], [ -73.917863179867396, 40.860885376950989 ], [ -73.917877640566687, 40.860885387244501 ], [ -73.917884884472045, 40.860874413599852 ], [ -73.91790660262167, 40.860852471453896 ], [ -73.917899385828903, 40.860841487518421 ], [ -73.917921097188113, 40.860825034765028 ], [ -73.917921110737822, 40.860814055974203 ], [ -73.917884972584034, 40.860803051459783 ], [ -73.91792842237075, 40.860748188372163 ], [ -73.917950133692329, 40.860731735613051 ], [ -73.91805149363546, 40.860622019642193 ], [ -73.918261442815592, 40.860402592549384 ], [ -73.918435192117073, 40.860221565287205 ], [ -73.918362923033527, 40.860194067170738 ], [ -73.918377410531107, 40.860172119817335 ], [ -73.918384687958948, 40.860133699159562 ], [ -73.918399195642152, 40.860095283614825 ], [ -73.918391985586112, 40.860078810312515 ], [ -73.918413710042728, 40.860051378671834 ], [ -73.918428163827841, 40.860056878292546 ], [ -73.918428177293691, 40.860045899500172 ], [ -73.918435441213731, 40.860018457630716 ], [ -73.918449935380266, 40.859991020871355 ], [ -73.918464395885181, 40.85999103109129 ], [ -73.91849334380521, 40.859969093940812 ], [ -73.918500594236107, 40.85995263085951 ], [ -73.918529555576555, 40.859919714907065 ], [ -73.918558489999739, 40.85990875653264 ], [ -73.918587431133133, 40.859892308754539 ], [ -73.918609155448209, 40.859864877076149 ], [ -73.91860195880227, 40.859837424993501 ], [ -73.918609222627836, 40.859809983112093 ], [ -73.918623716677232, 40.859782546329917 ], [ -73.918645427511564, 40.859766093437123 ], [ -73.918667151761497, 40.85973866174718 ], [ -73.918681598787614, 40.85974965073293 ], [ -73.918696079372452, 40.859733192734339 ], [ -73.91869608608323, 40.85972770333786 ], [ -73.918703329727435, 40.859716729639629 ], [ -73.91868888270487, 40.859705740656523 ], [ -73.91873956132703, 40.859650882348056 ], [ -73.91871788409847, 40.859639888275893 ], [ -73.918804747197271, 40.859557608417376 ], [ -73.918775839784146, 40.859546609267497 ], [ -73.918884426751148, 40.85943689763171 ], [ -73.918906137408143, 40.859420444688872 ], [ -73.919000263597113, 40.859310722777018 ], [ -73.91913780384661, 40.859173584213039 ], [ -73.919231915971039, 40.859074840901734 ], [ -73.919340501415434, 40.858965128827542 ], [ -73.919398422376261, 40.858899296482178 ], [ -73.919441856372472, 40.858855411601006 ], [ -73.919478060187075, 40.858811521657302 ], [ -73.919499777137432, 40.858789579203481 ], [ -73.919521474145768, 40.858784104937925 ], [ -73.919543157869015, 40.858789609463258 ], [ -73.919543144587465, 40.858800588258219 ], [ -73.919810526769893, 40.858910562448337 ], [ -73.92008513338763, 40.859026030422108 ], [ -73.920273025099888, 40.859103012037799 ], [ -73.92026578836267, 40.859108496438573 ], [ -73.920345280638372, 40.859141487757505 ], [ -73.920395865478454, 40.85916348027682 ], [ -73.920410345511428, 40.859147022061379 ], [ -73.920432068831175, 40.859119590036144 ], [ -73.92044652258069, 40.859125089404905 ], [ -73.920461009157805, 40.85910314178583 ], [ -73.92032370853245, 40.85904266363039 ], [ -73.92027312380813, 40.859020671079001 ], [ -73.920244216385555, 40.859009672295969 ], [ -73.920208085413748, 40.858993179108367 ], [ -73.920200861856145, 40.858987684710577 ], [ -73.920099692605831, 40.858943699477351 ], [ -73.920070778648167, 40.858938190048114 ], [ -73.919955155899288, 40.858888705271717 ], [ -73.919933472109633, 40.858883200823939 ], [ -73.919911801544288, 40.858866717577243 ], [ -73.919846756834104, 40.858844714799623 ], [ -73.919774508528107, 40.8588007493682 ], [ -73.919774515149797, 40.858795259970755 ], [ -73.919839546555082, 40.858828241584163 ], [ -73.919911808154637, 40.858861228179833 ], [ -73.919962399244383, 40.858877731492811 ], [ -73.920070791842647, 40.858927211253423 ], [ -73.920475469469991, 40.859103151753729 ], [ -73.920432029426564, 40.859152526419294 ], [ -73.920439246454322, 40.859163510199664 ], [ -73.920432003156805, 40.859174484007966 ], [ -73.920511495593828, 40.859207475212024 ], [ -73.920511489032947, 40.859212964609121 ], [ -73.920619889138024, 40.859256954453826 ], [ -73.920656033453184, 40.859262468717546 ], [ -73.920670461061178, 40.859289925646394 ], [ -73.920699342494487, 40.859322881910174 ], [ -73.920692079584541, 40.859350323925561 ], [ -73.920749862177374, 40.85939976824335 ], [ -73.920814790083483, 40.859520579653619 ], [ -73.920822000679109, 40.859537052806132 ], [ -73.920966343810079, 40.859756727820482 ], [ -73.921074582240635, 40.859937952146488 ], [ -73.921204538075969, 40.860097233595525 ], [ -73.921269499981037, 40.860190597754013 ], [ -73.921320085924677, 40.860212589864005 ], [ -73.921341770262529, 40.860218094049863 ], [ -73.921349007031765, 40.860212609582696 ], [ -73.921363467585294, 40.860212619439366 ], [ -73.921392414645481, 40.860190681562322 ], [ -73.921428585473294, 40.860174237998166 ], [ -73.921457519529497, 40.860163278897211 ], [ -73.921515400569561, 40.860130381880836 ], [ -73.921515407047679, 40.860124892484556 ], [ -73.921544360495275, 40.860097465172771 ], [ -73.921558821023822, 40.860097475004935 ], [ -73.921587767969442, 40.860075537078458 ], [ -73.921631278911647, 40.85996577862511 ], [ -73.921660290437416, 40.859888946714904 ], [ -73.921689269577499, 40.859839561779339 ], [ -73.921703820525451, 40.859762720040671 ], [ -73.921718339133179, 40.85971332528274 ], [ -73.921703904538191, 40.859691357883669 ], [ -73.921711154144077, 40.859674894599806 ], [ -73.921740075017439, 40.859674914220484 ], [ -73.921740107315031, 40.859647467236734 ], [ -73.921725659805745, 40.859636478633732 ], [ -73.921703975625775, 40.85963097451944 ], [ -73.921689508734943, 40.859636454102258 ], [ -73.921696771264578, 40.859609012025473 ], [ -73.921682310842243, 40.859609002210618 ], [ -73.921667869816318, 40.859592524203521 ], [ -73.921667882747272, 40.859581545409881 ], [ -73.921667895678226, 40.859570566616206 ], [ -73.921646205057257, 40.859570551887806 ], [ -73.921646230926299, 40.859548594300392 ], [ -73.921689612153941, 40.859548623753113 ], [ -73.921732986921512, 40.859554142586369 ], [ -73.921718513588502, 40.859565111569765 ], [ -73.921754658162214, 40.859570625489027 ], [ -73.921740184829204, 40.859581594475102 ], [ -73.921761875453797, 40.859581609185817 ], [ -73.921769131490464, 40.859559656501098 ], [ -73.921805282519557, 40.859559681007653 ], [ -73.921805295427816, 40.859548702213921 ], [ -73.921819762289999, 40.859543222616544 ], [ -73.921812512725367, 40.85955968590762 ], [ -73.921834209794582, 40.859554211207879 ], [ -73.921834229149809, 40.859537743017306 ], [ -73.921841478706668, 40.859521279724767 ], [ -73.921827031208039, 40.859510291134207 ], [ -73.921798129770409, 40.85949380334457 ], [ -73.921783662917164, 40.859499282939346 ], [ -73.921783688740803, 40.859477325351641 ], [ -73.921790918937674, 40.859477330252943 ], [ -73.921790931848292, 40.859466351459083 ], [ -73.921783708108521, 40.859460857160805 ], [ -73.921776503739437, 40.859438894671193 ], [ -73.921754845452796, 40.859411432978291 ], [ -73.921747615263101, 40.859411428074736 ], [ -73.921725944076002, 40.85939494517028 ], [ -73.921740410911283, 40.85938946558268 ], [ -73.921740423830229, 40.859378486788621 ], [ -73.921783804946941, 40.859378516205915 ], [ -73.921798258864499, 40.859384015405091 ], [ -73.92181270633094, 40.85939500399946 ], [ -73.921848870171587, 40.859384049698306 ], [ -73.921827192516005, 40.859373056209854 ], [ -73.921791067409501, 40.859351074121982 ], [ -73.921805553592137, 40.85932912633492 ], [ -73.921834480766861, 40.859323656534848 ], [ -73.921841736751432, 40.859301703844579 ], [ -73.921856210006794, 40.859290734845217 ], [ -73.921856235806388, 40.859268777256688 ], [ -73.921863498227083, 40.859241335167667 ], [ -73.921870779987856, 40.859197424886467 ], [ -73.921863569169275, 40.859180951798471 ], [ -73.921849128191397, 40.859164473812825 ], [ -73.921813003190934, 40.859142491730978 ], [ -73.92182748286865, 40.859126033337645 ], [ -73.921820265615679, 40.859115049644075 ], [ -73.921798588052525, 40.859104056149754 ], [ -73.921755220031258, 40.859093047943389 ], [ -73.921711832638948, 40.85909850791262 ], [ -73.921697391716577, 40.859082029907725 ], [ -73.921682937873001, 40.859076530695646 ], [ -73.921668490497183, 40.859065542084394 ], [ -73.921654017259854, 40.85907651106065 ], [ -73.921639563421067, 40.859071011843128 ], [ -73.921625122522556, 40.859054533829088 ], [ -73.92157451146636, 40.859054499437711 ], [ -73.92156007058756, 40.859038021415522 ], [ -73.921538393092504, 40.859027027872123 ], [ -73.921516722082515, 40.859010544927266 ], [ -73.921495038123908, 40.859005040773063 ], [ -73.921480584313798, 40.858999541535532 ], [ -73.921458919809751, 40.858977569182379 ], [ -73.921437242351132, 40.858966575619853 ], [ -73.921415571385921, 40.858950092655803 ], [ -73.921408354220063, 40.858939108936141 ], [ -73.921393893943417, 40.858939099085127 ], [ -73.921386670293728, 40.858933604761518 ], [ -73.921364999351781, 40.858917121787925 ], [ -73.921343315436175, 40.858911617605109 ], [ -73.921321631524179, 40.858906113418207 ], [ -73.921307177749895, 40.858900614158863 ], [ -73.92129274346712, 40.85887864670525 ], [ -73.921314440356937, 40.858873172102605 ], [ -73.921343347897164, 40.858884170617706 ], [ -73.921372255446954, 40.858895169125553 ], [ -73.92138671571405, 40.858895178979289 ], [ -73.921372274916365, 40.858878700933097 ], [ -73.921336137243188, 40.85886769749591 ], [ -73.921307223216132, 40.858862188376477 ], [ -73.921278296198764, 40.858867658044794 ], [ -73.921256631804511, 40.858845685653073 ], [ -73.921242210551412, 40.858812739397834 ], [ -73.921242230053011, 40.858796271205208 ], [ -73.921249473175678, 40.85878529734525 ], [ -73.921256729294598, 40.858763344689713 ], [ -73.921263991907466, 40.858735902635978 ], [ -73.921256787788536, 40.858713940111087 ], [ -73.921242353562903, 40.858691972650433 ], [ -73.921213439620033, 40.85868646350729 ], [ -73.921191775306227, 40.858664491102765 ], [ -73.921170104500277, 40.858648008091748 ], [ -73.921133966985892, 40.858637004590804 ], [ -73.921105072611383, 40.858615027227287 ], [ -73.921112322248163, 40.858598563977864 ], [ -73.921119565370716, 40.858587590125715 ], [ -73.921105124706031, 40.85857111204519 ], [ -73.921090671022455, 40.858565612758419 ], [ -73.921083453951965, 40.858554629017689 ], [ -73.921068993758979, 40.858554619125911 ], [ -73.921105196336029, 40.85851072866933 ], [ -73.921112472006257, 40.858472307828173 ], [ -73.921119734646865, 40.858444865782097 ], [ -73.921090820821576, 40.858439356608024 ], [ -73.921083597251183, 40.858433862264931 ], [ -73.921069156628775, 40.858417384179504 ], [ -73.921069182687887, 40.85839542658772 ], [ -73.921061978670167, 40.858373464049379 ], [ -73.921076471394642, 40.858346026952084 ], [ -73.921076490937139, 40.858329558758079 ], [ -73.921062043823795, 40.858318570069457 ], [ -73.921076510479637, 40.858313090564039 ], [ -73.921090983646067, 40.858302121658767 ], [ -73.92106207640056, 40.85829112307929 ], [ -73.920996992748442, 40.858302057336267 ], [ -73.920989775722035, 40.858291073589101 ], [ -73.920939171772631, 40.858285549520986 ], [ -73.920931980861923, 40.858252608177942 ], [ -73.920917559898257, 40.858219661878678 ], [ -73.920939367536988, 40.858120867577298 ], [ -73.921142485823466, 40.85755010868089 ], [ -73.921222048194295, 40.857522716018408 ], [ -73.921301701436519, 40.857418471716791 ], [ -73.921366790663996, 40.857402047887284 ], [ -73.921402953494422, 40.857391093722093 ], [ -73.92146081918419, 40.857369175514918 ], [ -73.921518684835831, 40.857347257278619 ], [ -73.921554867035198, 40.857319834868683 ], [ -73.921583819245384, 40.857292407533357 ], [ -73.921591081562667, 40.857264965451982 ], [ -73.921583890439422, 40.857232024143606 ], [ -73.921576686377747, 40.857210061632927 ], [ -73.921555061272187, 40.857155152895906 ], [ -73.92155513896671, 40.857089280105427 ], [ -73.921591314539157, 40.85706734708203 ], [ -73.921620247216936, 40.857056387934229 ], [ -73.921649179885193, 40.857045428779138 ], [ -73.921663652681318, 40.857034459799593 ], [ -73.921699815262969, 40.85702350554061 ], [ -73.921743207761637, 40.857012556174567 ], [ -73.921801060101473, 40.857001616593934 ], [ -73.921837222642637, 40.856990662291828 ], [ -73.921866142348819, 40.856990681880887 ], [ -73.921887838575543, 40.856985207168592 ], [ -73.921902311319201, 40.856974238159019 ], [ -73.921916796947443, 40.856952290348765 ], [ -73.921938506043219, 40.856935836828093 ], [ -73.921967457928062, 40.85690840939472 ], [ -73.922047051361062, 40.856853569162809 ], [ -73.922632699751048, 40.856832005765689 ], [ -73.922777304312007, 40.856826613242092 ], [ -73.922827881826166, 40.856854094103589 ], [ -73.922955705592088, 40.858852322161432 ], [ -73.922955635641827, 40.858912705534799 ], [ -73.924139405543769, 40.860642651232325 ], [ -73.924615748240114, 40.861400500594833 ], [ -73.924680709990099, 40.861499352206195 ], [ -73.924724024144112, 40.861559763864072 ], [ -73.924738447717758, 40.861592709668052 ], [ -73.924767325957134, 40.861631154295061 ], [ -73.925373616540156, 40.862581213980775 ], [ -73.926008798137488, 40.86357520401635 ], [ -73.926622354926252, 40.864525261448307 ], [ -73.924387099501175, 40.865363695877576 ], [ -73.925000624858626, 40.866335719191277 ], [ -73.925875917711949, 40.866023389300558 ], [ -73.927272017455081, 40.865535721555162 ], [ -73.927756771050753, 40.865272535105873 ], [ -73.928111289287955, 40.865080627685252 ], [ -73.928892662489972, 40.86466391778616 ], [ -73.929037394868431, 40.864554218969779 ], [ -73.929167665294528, 40.864444511092984 ], [ -73.929305171851823, 40.864329318104758 ], [ -73.929428216507972, 40.86421411610629 ], [ -73.929544041669502, 40.864087930773536 ], [ -73.929652635706518, 40.86396174091351 ], [ -73.92976123512922, 40.863830061555355 ], [ -73.929855372809186, 40.863698373301354 ], [ -73.929942285257141, 40.863561191184019 ], [ -73.930029197346514, 40.863424008997882 ], [ -73.930050981608076, 40.863336191853129 ], [ -73.929957810350047, 40.862551151488532 ], [ -73.930001667324973, 40.862101047458786 ], [ -73.930037941009957, 40.861985792093364 ], [ -73.930074214569203, 40.861870536714193 ], [ -73.930124948892924, 40.861755290079763 ], [ -73.93017567727739, 40.861645532815949 ], [ -73.930769618536218, 40.860641330664791 ], [ -73.931226145069672, 40.859659001062163 ], [ -73.931313247838574, 40.859329688901951 ], [ -73.931978228032577, 40.859522211897655 ], [ -73.9320216036364, 40.859527726862993 ], [ -73.932064979247414, 40.859533241812017 ], [ -73.932108360469343, 40.859533267347281 ], [ -73.932151752891585, 40.859522314071391 ], [ -73.932187915098254, 40.85951135652985 ], [ -73.932224082887174, 40.859494909579496 ], [ -73.932260256249378, 40.859472973220271 ], [ -73.932281974787657, 40.85944553896573 ], [ -73.933995563510109, 40.859413595598291 ], [ -73.933843685820378, 40.859457423817766 ], [ -73.93369903813074, 40.859501255992058 ], [ -73.933554379281716, 40.85955606677966 ], [ -73.933416944910704, 40.859616370955422 ], [ -73.933279510290447, 40.859676674966884 ], [ -73.933149294611212, 40.859747961798014 ], [ -73.933019078652805, 40.859819248481308 ], [ -73.932939474113098, 40.859890564444918 ], [ -73.932867099652981, 40.85996188455988 ], [ -73.932801949749162, 40.860038698236792 ], [ -73.932736794142969, 40.860121001272759 ], [ -73.932686098928556, 40.860203312708308 ], [ -73.932635403588677, 40.860285624120358 ], [ -73.932591932853867, 40.860373429129965 ], [ -73.932548400761988, 40.860521617483535 ], [ -73.932512098803372, 40.860669810046176 ], [ -73.932475796682965, 40.860818002593561 ], [ -73.93245396627033, 40.860955224800151 ], [ -73.932439371717336, 40.861086961837302 ], [ -73.932432007493432, 40.861218703104022 ], [ -73.932424637662578, 40.861355933762873 ], [ -73.932431717480426, 40.861504151678417 ], [ -73.932453258197953, 40.861652378056235 ], [ -73.932474799011516, 40.861800604426278 ], [ -73.932510800853677, 40.861948839247809 ], [ -73.932546802856336, 40.862097074054226 ], [ -73.932597271580164, 40.862239827899387 ], [ -73.932741509576104, 40.86260770172732 ], [ -73.932755904045649, 40.862673582889215 ], [ -73.932763062441467, 40.862744949229636 ], [ -73.932762995841983, 40.862810821961169 ], [ -73.932755698675194, 40.862876690478217 ], [ -73.932741170919584, 40.862942554779437 ], [ -73.93329064501539, 40.86299227834764 ], [ -73.933644932472092, 40.863003461432939 ], [ -73.933717254696106, 40.862987034810196 ], [ -73.933760665509766, 40.86295961275345 ], [ -73.933804081751646, 40.862926701286 ], [ -73.93390543524994, 40.862800503249019 ], [ -73.934129800064468, 40.862581055652441 ], [ -73.934209411978756, 40.862504249506983 ], [ -73.934738070020785, 40.861659182427459 ], [ -73.934839489734983, 40.861461621398277 ], [ -73.934919196183188, 40.861286005623398 ], [ -73.934926458805151, 40.861253073326338 ], [ -73.934998961228331, 40.861050006431384 ], [ -73.935049782890857, 40.860835948482453 ], [ -73.93507890790103, 40.860627367696416 ], [ -73.935122466553707, 40.860446242010987 ], [ -73.935194946102769, 40.860265132551291 ], [ -73.935289110707032, 40.860089524604923 ], [ -73.935412185132904, 40.859924911564214 ], [ -73.935412190463964, 40.859919422167025 ], [ -73.935549714086918, 40.85976579586341 ], [ -73.935708922405382, 40.859617670877952 ], [ -73.935889804730749, 40.859486025916567 ], [ -73.936085130882546, 40.859370856873369 ], [ -73.936287665496621, 40.859277649081491 ], [ -73.93646131558981, 40.859145999223365 ], [ -73.936627745309323, 40.85900336633344 ], [ -73.936729056136969, 40.858910102117989 ], [ -73.936779719271385, 40.85885523587887 ], [ -73.936917242741686, 40.858696118517919 ], [ -73.937040305362615, 40.858536993098532 ], [ -73.937141687535956, 40.858366876930653 ], [ -73.93770627111401, 40.857686497308613 ], [ -73.938661694710106, 40.856534234637728 ], [ -73.938712359498822, 40.85647387812633 ], [ -73.939009116467901, 40.85611173475538 ], [ -73.939718406222426, 40.855266739314118 ], [ -73.939798017833908, 40.855173461007539 ], [ -73.939971784030647, 40.854893591911718 ], [ -73.940123864698691, 40.854608221883289 ], [ -73.940261494647018, 40.85431186534813 ], [ -73.940377434555842, 40.854015497426424 ], [ -73.940428100785581, 40.8539496507317 ], [ -73.94134013870287, 40.852693044034737 ], [ -73.941499375133318, 40.852479038019759 ], [ -73.941593468686932, 40.852352829331345 ], [ -73.942042061270314, 40.8519303712038 ], [ -73.942215680791946, 40.851798712515269 ], [ -73.942389309135393, 40.851656074751475 ], [ -73.942476142017497, 40.851562798148016 ], [ -73.942541258220714, 40.851502447111386 ], [ -73.942678757436212, 40.851337833272147 ], [ -73.942801797380014, 40.851173212096377 ], [ -73.942903158306081, 40.850997601240287 ], [ -73.942990064887084, 40.850816493739153 ], [ -73.943098870023718, 40.850388373569302 ], [ -73.943120689090065, 40.850234680874493 ], [ -73.943149802916281, 40.850004140035502 ], [ -73.943164322229791, 40.849932784867249 ], [ -73.943171626428807, 40.849844957913511 ], [ -73.943178893094299, 40.84980104621642 ] ] ] ] } },
{ "type": "Feature", "properties": { "modzcta": "10453", "label": "10453", "zcta": "10453", "pop_est": "79606", "zcta20": "10453", "hvi": 5.0, "hvi_2018": 5.0 }, "geometry": { "type": "MultiPolygon", "coordinates": [ [ [ [ -73.92808196805349, 40.845390113500734 ], [ -73.928045741593706, 40.845466942711198 ], [ -73.927872110554972, 40.845598580217022 ], [ -73.927669235728047, 40.846032116897476 ], [ -73.927633103992349, 40.846021115407922 ], [ -73.927589695731328, 40.846054024650755 ], [ -73.927546287427347, 40.846086933877025 ], [ -73.927459422800652, 40.846196667560122 ], [ -73.927423213150306, 40.846257028334612 ], [ -73.927394208234617, 40.846339351286673 ], [ -73.927365221229238, 40.846405206000988 ], [ -73.927343468945864, 40.846465575850914 ], [ -73.927300048252675, 40.846509463801574 ], [ -73.927278319880941, 40.846547875999619 ], [ -73.927227670294357, 40.846591759364948 ], [ -73.927155316202473, 40.846652097243634 ], [ -73.927017788259349, 40.846816692711883 ], [ -73.926938150640893, 40.846926430561858 ], [ -73.92688019326043, 40.847041671512493 ], [ -73.926880126885067, 40.84710205501284 ], [ -73.926858337717988, 40.847195361218084 ], [ -73.926851078673081, 40.847222803679323 ], [ -73.926829319617383, 40.847288662832661 ], [ -73.926771446336502, 40.847327051997603 ], [ -73.926756976494758, 40.847338021636482 ], [ -73.92669912732552, 40.847354453129483 ], [ -73.926626796144873, 40.847392833033503 ], [ -73.926568837818607, 40.847508073818368 ], [ -73.926518174904757, 40.847562935682177 ], [ -73.926460246586274, 40.847650729366421 ], [ -73.926416782029776, 40.847733042835017 ], [ -73.926300967249929, 40.847870204207808 ], [ -73.92619243576155, 40.847957965412512 ], [ -73.92611285029291, 40.848018297997555 ], [ -73.926033270784018, 40.848073141118974 ], [ -73.925982570348339, 40.848160939190542 ], [ -73.925939074307905, 40.848270699511659 ], [ -73.92586668051365, 40.848363973011658 ], [ -73.925772636272328, 40.848424296065481 ], [ -73.925222492074113, 40.849082670130393 ], [ -73.924650599822201, 40.849784942584265 ], [ -73.924455063815032, 40.850092221679191 ], [ -73.924223186085143, 40.85056964826628 ], [ -73.924085636521383, 40.850739729532265 ], [ -73.923846562292596, 40.851184214120799 ], [ -73.923947728494866, 40.851222706723306 ], [ -73.923520492893843, 40.851837238070765 ], [ -73.923317735218461, 40.852128042122807 ], [ -73.922564644409249, 40.853186994797774 ], [ -73.921739259174245, 40.854223935731852 ], [ -73.921544182306391, 40.854119504511182 ], [ -73.92134151939527, 40.854316985142084 ], [ -73.92149313440855, 40.85449274941459 ], [ -73.921514803940696, 40.854509232376984 ], [ -73.920798028577337, 40.855381558037358 ], [ -73.920371722975275, 40.855172667179133 ], [ -73.92029934017323, 40.855243979469037 ], [ -73.92056651918503, 40.855513144598085 ], [ -73.920551935066868, 40.855617433253954 ], [ -73.920522930683546, 40.855688775542752 ], [ -73.920443337387781, 40.855743614734386 ], [ -73.920349297514974, 40.855787465087772 ], [ -73.920291386784029, 40.855847808546272 ], [ -73.92030575430293, 40.855924670140027 ], [ -73.920023375838795, 40.856270307230389 ], [ -73.919567205003091, 40.856840888147502 ], [ -73.919024286725843, 40.857394938146371 ], [ -73.918872537701944, 40.857328958697124 ], [ -73.917882432652021, 40.857004383404089 ], [ -73.917528302332002, 40.856894342722875 ], [ -73.917405196070362, 40.857053447372131 ], [ -73.917419894490877, 40.856861328753645 ], [ -73.91737665822518, 40.856746020310815 ], [ -73.917449413717378, 40.856378282298081 ], [ -73.917449515917269, 40.856295941302214 ], [ -73.917435165247952, 40.856208100558085 ], [ -73.917391895290166, 40.85612023910744 ], [ -73.917341381980236, 40.856043351259579 ], [ -73.91726916568615, 40.855977426637388 ], [ -73.917189712891627, 40.855916986180155 ], [ -73.917210254371483, 40.856839220891423 ], [ -73.917144980028667, 40.857003856154165 ], [ -73.917079705362696, 40.857168491375234 ], [ -73.91700720726007, 40.857327631955279 ], [ -73.91693470881053, 40.857486772485217 ], [ -73.916847750019244, 40.857645902544405 ], [ -73.916760790811821, 40.857805032533591 ], [ -73.916666608034419, 40.857958667832641 ], [ -73.91656519477381, 40.858112297822338 ], [ -73.916159460925655, 40.858787200218501 ], [ -73.915081654181307, 40.859192627725271 ], [ -73.91542206533785, 40.858726278585571 ], [ -73.913280784732592, 40.859619461547553 ], [ -73.913078152270501, 40.859762033509014 ], [ -73.912861072839206, 40.859893615398576 ], [ -73.912629546460593, 40.860014207135386 ], [ -73.912383573170857, 40.860123808633261 ], [ -73.912137620826883, 40.86021694141769 ], [ -73.911877221768151, 40.860299083841447 ], [ -73.911609613659138, 40.860364751951046 ], [ -73.911450496061207, 40.860403055749273 ], [ -73.91129858661651, 40.860457833072658 ], [ -73.911146662253586, 40.860523588986105 ], [ -73.91101641385147, 40.860600340220024 ], [ -73.910871851629693, 40.860567292232652 ], [ -73.910741772275614, 40.86051778706608 ], [ -73.910618945551533, 40.860451819167871 ], [ -73.910510594433575, 40.860374883564234 ], [ -73.91042394920909, 40.860286985909127 ], [ -73.910337282011341, 40.860215556374186 ], [ -73.910236132235553, 40.860160583710574 ], [ -73.910127737526651, 40.860116584117264 ], [ -73.910012097845353, 40.8600835575741 ], [ -73.909889213145206, 40.860061504059459 ], [ -73.909831281759651, 40.860127331617029 ], [ -73.90975890460895, 40.860182169044492 ], [ -73.909672074237591, 40.860231505710409 ], [ -73.909578020917579, 40.860275347248944 ], [ -73.909483982416006, 40.860308209919722 ], [ -73.909411672076715, 40.86031364256938 ], [ -73.909339369208766, 40.860313585778307 ], [ -73.909267073830037, 40.860308039546624 ], [ -73.909194785958462, 40.860297003874187 ], [ -73.90912250561189, 40.860280478761069 ], [ -73.909050225301257, 40.860263953602647 ], [ -73.908609487418744, 40.860038539876015 ], [ -73.907901423974693, 40.859675676325914 ], [ -73.907771371413148, 40.859609699614793 ], [ -73.907258386273895, 40.859351286504847 ], [ -73.907070386201866, 40.859362114037786 ], [ -73.906795623856965, 40.859372871207654 ], [ -73.905726093502523, 40.858993233470351 ], [ -73.904866138374061, 40.858690610426159 ], [ -73.903905001719878, 40.858365939106029 ], [ -73.903694828782633, 40.858711596272926 ], [ -73.90277706997928, 40.858392441156916 ], [ -73.901909897897852, 40.858095279350451 ], [ -73.900941570621498, 40.857759598367309 ], [ -73.900132221829764, 40.85748443040314 ], [ -73.899958793176296, 40.8574238966997 ], [ -73.900031290920182, 40.85729221382676 ], [ -73.900277726779649, 40.85688072172259 ], [ -73.90051691329991, 40.856480201625239 ], [ -73.900669125875609, 40.856222330709265 ], [ -73.900777835552461, 40.856046763266058 ], [ -73.900857527250722, 40.855937043655878 ], [ -73.901169061651856, 40.855498158450303 ], [ -73.901299482494352, 40.855306140872358 ], [ -73.901538527177436, 40.854993448946502 ], [ -73.901857233725138, 40.854587504382316 ], [ -73.902414908472139, 40.853912780314268 ], [ -73.902726350862082, 40.853523295361235 ], [ -73.903052288622149, 40.853106374683016 ], [ -73.903349224699625, 40.852744322853177 ], [ -73.903573728015743, 40.852475529676248 ], [ -73.903617192120976, 40.852415182495768 ], [ -73.903638928120344, 40.852382264197836 ], [ -73.903660656147309, 40.8523548352983 ], [ -73.903696866836441, 40.852310950257227 ], [ -73.903747560132203, 40.852250609060711 ], [ -73.904232776287486, 40.851663646043058 ], [ -73.904334200304177, 40.85151551612487 ], [ -73.904544205379395, 40.851268666625792 ], [ -73.904674576716928, 40.851098602706294 ], [ -73.905138065139028, 40.850528086053465 ], [ -73.905282915365575, 40.850341565098908 ], [ -73.905623279824567, 40.849924648795984 ], [ -73.905949174031335, 40.849513209077358 ], [ -73.905978129277969, 40.849485785621283 ], [ -73.905999863151692, 40.849452866861689 ], [ -73.906021589248184, 40.84942543750352 ], [ -73.906086759679809, 40.849348638809325 ], [ -73.9061519377059, 40.849266350671513 ], [ -73.906781883636882, 40.848542258998762 ], [ -73.907534707636472, 40.847818262366651 ], [ -73.907896572104235, 40.847516634115181 ], [ -73.908214991942529, 40.847264374880638 ], [ -73.908424848281115, 40.847105348663703 ], [ -73.908750470380255, 40.846869561896291 ], [ -73.909054366245783, 40.846661204146891 ], [ -73.909459560262292, 40.846381562754281 ], [ -73.909741757979432, 40.846178675561745 ], [ -73.910624535852364, 40.845531611941752 ], [ -73.911000897264486, 40.845180580344326 ], [ -73.911044320502313, 40.845142187929675 ], [ -73.91128285823352, 40.845147861052908 ], [ -73.911412973727877, 40.845147961052184 ], [ -73.911947878454185, 40.845159349438568 ], [ -73.912583984339832, 40.845170812081577 ], [ -73.913249005014535, 40.845182292965923 ], [ -73.913386342074162, 40.845187885585545 ], [ -73.913516457649933, 40.845187983212092 ], [ -73.913798381845538, 40.84518270482269 ], [ -73.914159821058547, 40.84517748494391 ], [ -73.914123614068728, 40.845226862733263 ], [ -73.913978778473279, 40.845429863182744 ], [ -73.914816854249807, 40.845781807679337 ], [ -73.915084176288417, 40.845891793072624 ], [ -73.915185336369973, 40.845924803984865 ], [ -73.91530096099531, 40.845952336015166 ], [ -73.915423835383962, 40.845963405001271 ], [ -73.915546723752072, 40.845963495037374 ], [ -73.915669639957073, 40.845941627304349 ], [ -73.915785348207194, 40.845903285934241 ], [ -73.915893841488355, 40.845853960358099 ], [ -73.915980662344552, 40.845793640066518 ], [ -73.916053032565628, 40.845727819778752 ], [ -73.916147109487113, 40.845645546981579 ], [ -73.916248401037322, 40.845574258175084 ], [ -73.916378593279504, 40.845513969063404 ], [ -73.916508771506017, 40.845464658624337 ], [ -73.916537693087136, 40.845459190139046 ], [ -73.916653386241975, 40.845431826715249 ], [ -73.916805208905359, 40.845415468068857 ], [ -73.916949775413954, 40.845421061658918 ], [ -73.917087099593331, 40.84543762869243 ], [ -73.917108457268043, 40.845701135958087 ], [ -73.917158709514368, 40.845981132205779 ], [ -73.916861734715411, 40.846458497594028 ], [ -73.917534174722149, 40.84632723434153 ], [ -73.918177643045354, 40.84623986193531 ], [ -73.919182613789104, 40.846097845635924 ], [ -73.91971758048247, 40.846065282713759 ], [ -73.920577557919827, 40.846268986353913 ], [ -73.921011029372607, 40.846483371135172 ], [ -73.921083278142618, 40.846516357068204 ], [ -73.92146673443186, 40.846236658656061 ], [ -73.921676536455209, 40.846094076534051 ], [ -73.921864670742721, 40.845935011109844 ], [ -73.922045581855784, 40.84577045107946 ], [ -73.922197596578229, 40.845589403031035 ], [ -73.922335159546734, 40.845402855633097 ], [ -73.922451042202511, 40.845210804077361 ], [ -73.922501757841275, 40.84511202869173 ], [ -73.92253076188355, 40.845035196363327 ], [ -73.922596017539973, 40.844865068299512 ], [ -73.922625008595602, 40.844799214766248 ], [ -73.922733437619215, 40.844799287447586 ], [ -73.923543085167964, 40.844761401035477 ], [ -73.923875625782514, 40.844739663310811 ], [ -73.924786416370608, 40.84475123961392 ], [ -73.925118900914782, 40.84477890300591 ], [ -73.925263454403762, 40.844795464999663 ], [ -73.92596452487814, 40.844889237156131 ], [ -73.926622165045842, 40.845037871579002 ], [ -73.926687210596214, 40.845048891767703 ], [ -73.926766701341904, 40.845070899921211 ], [ -73.926961826171976, 40.845114938954545 ], [ -73.927063003003184, 40.845136960632729 ], [ -73.927402653164336, 40.845225005530679 ], [ -73.927785670211932, 40.84531856599871 ], [ -73.927966339116722, 40.845362594279202 ], [ -73.92808196805349, 40.845390113500734 ] ] ] ] } },
{ "type": "Feature", "properties": { "modzcta": "10458", "label": "10458", "zcta": "10458", "pop_est": "83960", "zcta20": "10458", "hvi": 5.0, "hvi_2018": 5.0 }, "geometry": { "type": "MultiPolygon", "coordinates": [ [ [ [ -73.899958793176296, 40.8574238966997 ], [ -73.899212201110331, 40.858680320450766 ], [ -73.898835283585839, 40.859305782542506 ], [ -73.898806271004119, 40.859366140531982 ], [ -73.898588754481878, 40.859766675946169 ], [ -73.898291450520375, 40.860331822678994 ], [ -73.898226201521524, 40.86044704258255 ], [ -73.898023180744374, 40.860820142637991 ], [ -73.897740378715753, 40.861352364264093 ], [ -73.897145796572403, 40.862444226469968 ], [ -73.895790911505728, 40.864216086691613 ], [ -73.895305460118607, 40.864846928020036 ], [ -73.895044588962108, 40.865203501872358 ], [ -73.894928661710722, 40.865351610096752 ], [ -73.894435936810908, 40.865998909220885 ], [ -73.894392472931145, 40.86604827401959 ], [ -73.894377976238076, 40.866070218337505 ], [ -73.894363479535443, 40.866092162653423 ], [ -73.894319998093735, 40.866152506201296 ], [ -73.894088127795428, 40.86645421041176 ], [ -73.893972196233477, 40.866602317642112 ], [ -73.893762059643336, 40.866876594164751 ], [ -73.893682351904786, 40.866980819272761 ], [ -73.893001188404099, 40.867880450503598 ], [ -73.89243596327016, 40.868620993283628 ], [ -73.892211315935725, 40.868917210943785 ], [ -73.891914211309597, 40.869301190606308 ], [ -73.891747552692479, 40.869509631338119 ], [ -73.891573715427555, 40.869685128717514 ], [ -73.891392663853381, 40.86984964025423 ], [ -73.891189926346314, 40.870008641663283 ], [ -73.890987196868977, 40.870162153327215 ], [ -73.890429848795819, 40.870485499632665 ], [ -73.889915929298027, 40.870781437708338 ], [ -73.889503336818962, 40.871022576631468 ], [ -73.888844641773176, 40.871400712075086 ], [ -73.888685392764032, 40.871493878230702 ], [ -73.888337921233102, 40.871707628805105 ], [ -73.887932410059022, 40.872031109804254 ], [ -73.887852724037387, 40.872113373259566 ], [ -73.887780260131024, 40.872201133073375 ], [ -73.887635350297032, 40.872365673796409 ], [ -73.887504893684991, 40.872535717814543 ], [ -73.887381658740622, 40.872711258119168 ], [ -73.887091284203365, 40.873364211831124 ], [ -73.886808145082696, 40.87401168244859 ], [ -73.886539576541594, 40.874593293960992 ], [ -73.886496026216378, 40.874686570745446 ], [ -73.886452466394701, 40.874785336891357 ], [ -73.886183891617435, 40.875366947494364 ], [ -73.886125791811253, 40.875509614268928 ], [ -73.885973328057162, 40.875855295159134 ], [ -73.885900725712304, 40.876019905028379 ], [ -73.885857173556445, 40.876113181547552 ], [ -73.885639354294241, 40.876612500138762 ], [ -73.885552220004016, 40.876815521073858 ], [ -73.885428839544574, 40.877067910436843 ], [ -73.885312671344806, 40.877331285597187 ], [ -73.885174739372559, 40.877633064678804 ], [ -73.884993308497201, 40.877995183482831 ], [ -73.884913507171419, 40.878137827955676 ], [ -73.884768415569269, 40.878395684289366 ], [ -73.88469631201643, 40.878269356412659 ], [ -73.884609782398556, 40.878121056523007 ], [ -73.883931994787091, 40.876951137604742 ], [ -73.883838246102513, 40.87679734044989 ], [ -73.883549914836252, 40.876253600539648 ], [ -73.883499463841815, 40.876154740645745 ], [ -73.883456244993539, 40.876055888031544 ], [ -73.883427499868688, 40.875951560632522 ], [ -73.883420450754286, 40.875847255143242 ], [ -73.883427865586171, 40.875742964262692 ], [ -73.883435723073518, 40.875386161969118 ], [ -73.883451226110537, 40.874793323654977 ], [ -73.883402085519208, 40.873947908056131 ], [ -73.883351790575958, 40.873761217973282 ], [ -73.883279800736474, 40.873574505920992 ], [ -73.883193338246357, 40.873393268559326 ], [ -73.883085171515233, 40.873217498529897 ], [ -73.882955291025795, 40.873052685153098 ], [ -73.882832594467473, 40.872915325873102 ], [ -73.882717139737963, 40.872772484427934 ], [ -73.882623399754792, 40.872618686169638 ], [ -73.882551364717628, 40.872459420531719 ], [ -73.882501034488257, 40.872294687554351 ], [ -73.882472399215331, 40.872129976647109 ], [ -73.881756083425842, 40.872348820554748 ], [ -73.881691360469489, 40.872145646728491 ], [ -73.881626637908667, 40.871942472858478 ], [ -73.881432286623138, 40.87143724925199 ], [ -73.881295427219897, 40.871135191958643 ], [ -73.881144086580477, 40.870844098356763 ], [ -73.881035998158794, 40.870629900643898 ], [ -73.880848670151138, 40.87024544982836 ], [ -73.880762376109217, 40.869976380396899 ], [ -73.880711943869102, 40.869872029788304 ], [ -73.880647147691477, 40.869712770357964 ], [ -73.880517457632791, 40.869449145217295 ], [ -73.880380497854929, 40.869207469960514 ], [ -73.880380507729669, 40.869201980576022 ], [ -73.88037328635464, 40.869196483695191 ], [ -73.879911993210527, 40.868361616487682 ], [ -73.87973899141268, 40.86805951954836 ], [ -73.879666769553481, 40.868010039692408 ], [ -73.879572824632277, 40.867977005309619 ], [ -73.879543910107643, 40.867971485733491 ], [ -73.879536688935389, 40.867965988799071 ], [ -73.879471628791819, 40.867954942068643 ], [ -73.879370393186804, 40.867954836281399 ], [ -73.879261906533713, 40.867965701610593 ], [ -73.879175073299876, 40.867998547097073 ], [ -73.879095451141922, 40.86804237886593 ], [ -73.879544377455431, 40.867713484602874 ], [ -73.880029484302071, 40.867368158011175 ], [ -73.880210359460406, 40.86731345195907 ], [ -73.880384032904544, 40.867242269967939 ], [ -73.880543273500777, 40.86715460458408 ], [ -73.880593949835884, 40.867121720655092 ], [ -73.880666358585998, 40.867066901593788 ], [ -73.880767750320473, 40.866979176057356 ], [ -73.880847458625752, 40.86688593864514 ], [ -73.880898242753801, 40.8667926713253 ], [ -73.881057511050955, 40.866688537063709 ], [ -73.881231211368586, 40.866600885628266 ], [ -73.881419353567381, 40.866524227567261 ], [ -73.881621937690682, 40.8664585628106 ], [ -73.881824482393441, 40.866414855247008 ], [ -73.882034228559277, 40.866387622882399 ], [ -73.882135490970967, 40.866371258170361 ], [ -73.882229541835187, 40.866343907214535 ], [ -73.882323612049859, 40.866305577406862 ], [ -73.882613159556186, 40.866130211614156 ], [ -73.882678305597736, 40.86609185208745 ], [ -73.882736230335667, 40.866047995787682 ], [ -73.883199500149047, 40.865768506376064 ], [ -73.883438388512047, 40.865615044801565 ], [ -73.883561466929478, 40.865527338698982 ], [ -73.883670112146916, 40.865423149719284 ], [ -73.88376430496173, 40.865313456679544 ], [ -73.883844045422066, 40.865198259614843 ], [ -73.883902112364368, 40.865072061890729 ], [ -73.883945717510372, 40.864945849590107 ], [ -73.883967630168172, 40.864819615458231 ], [ -73.883975100376432, 40.864682388000077 ], [ -73.883960868742221, 40.864550628114266 ], [ -73.883924944972435, 40.864418846403701 ], [ -73.883867319609877, 40.864292532237677 ], [ -73.883795223467786, 40.864171692866428 ], [ -73.882005778295579, 40.862045478799608 ], [ -73.881579786457166, 40.861704699459303 ], [ -73.88103826972187, 40.861275969028831 ], [ -73.880922789908766, 40.861160572452896 ], [ -73.88082901142343, 40.861039708772651 ], [ -73.880749703821522, 40.860913370567772 ], [ -73.880742503003205, 40.860896894916642 ], [ -73.880684876888466, 40.860776068475012 ], [ -73.880641741181037, 40.860638788783803 ], [ -73.880620306418436, 40.860496042125355 ], [ -73.880606092181324, 40.860358792334658 ], [ -73.880774071625012, 40.859420277987823 ], [ -73.880963618682259, 40.858547658361381 ], [ -73.880992696212218, 40.858459857876014 ], [ -73.881007500125619, 40.858267743960745 ], [ -73.881007843872112, 40.858075615124299 ], [ -73.880986497557188, 40.857883463909026 ], [ -73.880943451542322, 40.857696779698529 ], [ -73.880878715831514, 40.857510073073243 ], [ -73.880806514417912, 40.85745510444184 ], [ -73.880712642913096, 40.857389134548754 ], [ -73.879196094960079, 40.856426910375731 ], [ -73.878582488733272, 40.855915751334159 ], [ -73.878445292978753, 40.855822286930668 ], [ -73.878351385959718, 40.855778272687175 ], [ -73.877946840040551, 40.855602184354467 ], [ -73.877643351218126, 40.8555140323515 ], [ -73.87736869111778, 40.855475314870539 ], [ -73.877383251833692, 40.855420436262946 ], [ -73.877686820644456, 40.855464673770534 ], [ -73.87803364763036, 40.855574829117579 ], [ -73.878387605173572, 40.855739885015844 ], [ -73.878467052579808, 40.855783883999045 ], [ -73.878618747961241, 40.855855406001865 ], [ -73.879355380929482, 40.856300820684154 ], [ -73.880648183973634, 40.857048724687239 ], [ -73.88073485452891, 40.857098218974002 ], [ -73.880792644809674, 40.857125725732438 ], [ -73.880771112448627, 40.857037872977827 ], [ -73.880728146339237, 40.856807273486375 ], [ -73.880728382599514, 40.85667552796594 ], [ -73.881033962428162, 40.855599919618108 ], [ -73.881666956840746, 40.853349912934256 ], [ -73.882736394578927, 40.853652922466033 ], [ -73.883280528575767, 40.852561081648929 ], [ -73.883817367443456, 40.851496677786663 ], [ -73.884713347168585, 40.851761068409644 ], [ -73.885544316794721, 40.851997940518984 ], [ -73.885950555155475, 40.851185909963526 ], [ -73.886030039748078, 40.851207946163704 ], [ -73.886116763089163, 40.8512245000435 ], [ -73.886196257175044, 40.851241046726614 ], [ -73.886282989985588, 40.851252111078985 ], [ -73.886369741580552, 40.851252196561198 ], [ -73.886456493175729, 40.851252281978198 ], [ -73.886536024835578, 40.851246870817377 ], [ -73.886615565839975, 40.851235970199248 ], [ -73.886702345465295, 40.851219587223952 ], [ -73.886774675803608, 40.851197700590866 ], [ -73.88685423538567, 40.851175821003018 ], [ -73.886926574958224, 40.851148444871953 ], [ -73.887158051877563, 40.851066330349539 ], [ -73.887707653201346, 40.850962567815159 ], [ -73.88800403471528, 40.850973834755436 ], [ -73.88723517291821, 40.852482673824028 ], [ -73.888073362287074, 40.852736002956171 ], [ -73.888911576377183, 40.852978347185143 ], [ -73.889634206330896, 40.853171170104311 ], [ -73.889611770745788, 40.853621280205836 ], [ -73.890030095793094, 40.854220025284555 ], [ -73.890390807984531, 40.854686968262023 ], [ -73.89068777492794, 40.854352396124462 ], [ -73.8909050512069, 40.854116557229602 ], [ -73.891800719335762, 40.85461144747233 ], [ -73.892501411310533, 40.854974403413649 ], [ -73.893137193170674, 40.855243975039507 ], [ -73.894430453017577, 40.855788616989479 ], [ -73.894618305882375, 40.855865640425144 ], [ -73.894777257310196, 40.855931658384591 ], [ -73.895579274882721, 40.856245283234216 ], [ -73.895753212718319, 40.855976459625516 ], [ -73.89600684844163, 40.855597919475919 ], [ -73.896158596539209, 40.85564746082138 ], [ -73.896194719728371, 40.855663961549411 ], [ -73.896238072717381, 40.855680468768746 ], [ -73.896259753501042, 40.855685977672771 ], [ -73.896274204505147, 40.855691480072863 ], [ -73.896324787316757, 40.855707993759445 ], [ -73.896476527358033, 40.855763024084588 ], [ -73.897516974428399, 40.856181147884456 ], [ -73.897306800623994, 40.856510325352019 ], [ -73.898173923068455, 40.856813011236937 ], [ -73.89906996482793, 40.857121205289573 ], [ -73.899778134873316, 40.85736335645457 ], [ -73.899958793176296, 40.8574238966997 ] ] ] ] } },
{ "type": "Feature", "properties": { "modzcta": "10463", "label": "10463", "zcta": "10463", "pop_est": "71360", "zcta20": "10463", "hvi": 1.0, "hvi_2018": 1.0 }, "geometry": { "type": "MultiPolygon", "coordinates": [ [ [ [ -73.908332154494374, 40.867158069220451 ], [ -73.908310310024504, 40.867267839756202 ], [ -73.908201321509281, 40.867646521311158 ], [ -73.908077877090562, 40.868019701829745 ], [ -73.907925514226562, 40.868387369727721 ], [ -73.907628052815525, 40.869095263702867 ], [ -73.907823030010292, 40.869287548360262 ], [ -73.90788084208684, 40.869315041489209 ], [ -73.907177256146312, 40.870856996768502 ], [ -73.906110956897166, 40.873178146088314 ], [ -73.906081937113541, 40.873243995139845 ], [ -73.906146999101935, 40.873260516238204 ], [ -73.906363864899845, 40.873321075683229 ], [ -73.906392884437892, 40.873255226561739 ], [ -73.908430939842461, 40.868936711229054 ], [ -73.90840144782976, 40.869348392272272 ], [ -73.908386410516712, 40.869765574146598 ], [ -73.908393074656786, 40.870177283826045 ], [ -73.908421425531273, 40.870594500078489 ], [ -73.908464247218049, 40.871006238381092 ], [ -73.908528763917616, 40.871417993835756 ], [ -73.908614983577266, 40.871824277022036 ], [ -73.908722899038167, 40.872230577276078 ], [ -73.908932712667237, 40.872159380977308 ], [ -73.908976011942499, 40.872225287814473 ], [ -73.909012079714458, 40.872291188932948 ], [ -73.909062633272583, 40.872340633287052 ], [ -73.909091514621011, 40.872373592379397 ], [ -73.909098716201683, 40.872395555610083 ], [ -73.909098693688577, 40.872412023760518 ], [ -73.909142015795283, 40.872461462382134 ], [ -73.909178143842482, 40.872483448378773 ], [ -73.909192569579488, 40.872510906677789 ], [ -73.909206957851183, 40.872565811891619 ], [ -73.909243063499119, 40.872604266017404 ], [ -73.909264720915374, 40.872631729993998 ], [ -73.909271907600996, 40.872664671979301 ], [ -73.90935854498268, 40.872769038454322 ], [ -73.909437936030983, 40.872884377953476 ], [ -73.909510125570321, 40.872977754193435 ], [ -73.90954623161727, 40.873016208221507 ], [ -73.909582330241463, 40.873060151620926 ], [ -73.909589554450378, 40.873065646669687 ], [ -73.909596756270517, 40.873087609866545 ], [ -73.9096401164865, 40.873109601381103 ], [ -73.909654557467263, 40.873126080853652 ], [ -73.909676222680218, 40.873148055367572 ], [ -73.909712336369509, 40.873181019959809 ], [ -73.909719538242683, 40.873202983148502 ], [ -73.909748442643775, 40.873219473923193 ], [ -73.909784563855496, 40.873246949109671 ], [ -73.909842328084025, 40.873312866914794 ], [ -73.909907316696874, 40.873384279718785 ], [ -73.909965103465268, 40.873433729313305 ], [ -73.910015658600742, 40.873483173239713 ], [ -73.910073438111638, 40.873538112161484 ], [ -73.910095133286248, 40.873538129065523 ], [ -73.910109574472855, 40.87355460847985 ], [ -73.910102335324538, 40.873560092228956 ], [ -73.910167346707127, 40.873615036736261 ], [ -73.910181810173611, 40.873615047994285 ], [ -73.910181795343433, 40.873626026759034 ], [ -73.910189004834365, 40.873642500534352 ], [ -73.910275696781099, 40.873708440626665 ], [ -73.910355149748369, 40.873779864417756 ], [ -73.910441849432601, 40.873840315001466 ], [ -73.91050688353458, 40.873878791168437 ], [ -73.910586359098943, 40.873933746652028 ], [ -73.910651385999557, 40.873977712118936 ], [ -73.91070918858027, 40.874016182571573 ], [ -73.910810337734986, 40.874087622829819 ], [ -73.910853699004477, 40.874109613884357 ], [ -73.91091873360817, 40.874148089817368 ], [ -73.910991007430951, 40.874181081909683 ], [ -73.911070505782135, 40.874219568911485 ], [ -73.911113867223705, 40.874241559867691 ], [ -73.911157228693966, 40.874263550807619 ], [ -73.911193365718319, 40.874280046784463 ], [ -73.911251183529174, 40.874307538200036 ], [ -73.911265625169406, 40.874324017467444 ], [ -73.911272864304948, 40.874318533646118 ], [ -73.911280081465804, 40.874329517969528 ], [ -73.911308986743634, 40.874346008349988 ], [ -73.911482455250777, 40.874417503571429 ], [ -73.911511375227875, 40.874423015137666 ], [ -73.911547527031601, 40.874428532239847 ], [ -73.911569215196479, 40.874434038248381 ], [ -73.911598135187973, 40.874439549792847 ], [ -73.911598127889718, 40.874445039174475 ], [ -73.911619816064146, 40.874450545173474 ], [ -73.911627040592521, 40.874456040093307 ], [ -73.911641504242183, 40.874456051168416 ], [ -73.911648714184778, 40.87447252485007 ], [ -73.91167040237238, 40.874478030839526 ], [ -73.91167038778778, 40.874489009602719 ], [ -73.911684851444633, 40.874489020672328 ], [ -73.911692083273053, 40.874489026206483 ], [ -73.911699307811574, 40.874494521121768 ], [ -73.911735459669785, 40.874500038165003 ], [ -73.911742684213067, 40.874505533077553 ], [ -73.911771596966105, 40.874516533960069 ], [ -73.91179328517822, 40.874522039926362 ], [ -73.911807748842278, 40.874522050980651 ], [ -73.91183666161325, 40.874533051846804 ], [ -73.911858349836137, 40.874538557800868 ], [ -73.911880030787643, 40.87454955313239 ], [ -73.911894487183901, 40.874555053557309 ], [ -73.911916182690774, 40.874555070118966 ], [ -73.911923407254974, 40.874560565020147 ], [ -73.91193063909121, 40.874560570539337 ], [ -73.911930631820383, 40.874566059920852 ], [ -73.911945095494048, 40.87456607095789 ], [ -73.911945080954794, 40.874577049720941 ], [ -73.911952312792806, 40.874577055238788 ], [ -73.911959544630832, 40.874577060756181 ], [ -73.911966783736702, 40.874571576891569 ], [ -73.911966798272346, 40.874560598128511 ], [ -73.912031855748651, 40.874582605286584 ], [ -73.912082464102525, 40.874593622626904 ], [ -73.912154753491649, 40.874615635224743 ], [ -73.912176441767826, 40.874621141118972 ], [ -73.91221257923938, 40.874637636775589 ], [ -73.912212571991816, 40.874643126157054 ], [ -73.912227028435922, 40.874648626540207 ], [ -73.912227013943209, 40.87465960530308 ], [ -73.912241484882415, 40.874654126921513 ], [ -73.912255948575279, 40.874654137919613 ], [ -73.912277644114582, 40.874654154413328 ], [ -73.912270397782592, 40.874665127678746 ], [ -73.912284854236262, 40.874670628054631 ], [ -73.912292078843493, 40.87467612293262 ], [ -73.912306542541145, 40.874676133924346 ], [ -73.912313781629166, 40.874670650038084 ], [ -73.912321006238798, 40.874676144914261 ], [ -73.912335469936465, 40.874676155902371 ], [ -73.912342694548485, 40.874681650777177 ], [ -73.912335448224226, 40.874692624046645 ], [ -73.912342680074858, 40.874692629540014 ], [ -73.912349919161699, 40.874687145651528 ], [ -73.912357143776106, 40.874692640525431 ], [ -73.912349904689265, 40.87469812441438 ], [ -73.912357129304866, 40.874703619288276 ], [ -73.912364368391707, 40.87469813539888 ], [ -73.912371593008501, 40.874703630271867 ], [ -73.912378824860326, 40.87470363576297 ], [ -73.912386049478911, 40.874709130635033 ], [ -73.912393281331333, 40.874709136125212 ], [ -73.912407745036191, 40.874709147104262 ], [ -73.912422194280538, 40.874720136844289 ], [ -73.912429433363812, 40.874714652950857 ], [ -73.912436657987783, 40.874720147819687 ], [ -73.912451121695042, 40.874720158793345 ], [ -73.912458346321401, 40.874725653660853 ], [ -73.912480041884066, 40.874725670116504 ], [ -73.912487266513423, 40.874731164982201 ], [ -73.91248725928854, 40.874736654363595 ], [ -73.912501715775704, 40.874742154712216 ], [ -73.912508954854815, 40.874736670813824 ], [ -73.912516186710249, 40.874736676296301 ], [ -73.912523411343784, 40.87474217115976 ], [ -73.912530635978499, 40.874747666022742 ], [ -73.912552324328871, 40.874753171846194 ], [ -73.912552317109359, 40.874758661227581 ], [ -73.912588469181955, 40.874764178003325 ], [ -73.912617374973237, 40.874780668054754 ], [ -73.912646295202364, 40.874786179336198 ], [ -73.912675215436309, 40.874791690610401 ], [ -73.912696911020589, 40.874791707025295 ], [ -73.91270412846805, 40.874802691258694 ], [ -73.912725824055926, 40.874802707668138 ], [ -73.912740287781176, 40.874802718605515 ], [ -73.912754737100826, 40.874813708303726 ], [ -73.912769200828478, 40.874813719237515 ], [ -73.912790889220148, 40.874819225016026 ], [ -73.912798113885358, 40.874824719862211 ], [ -73.912805338551763, 40.874830214707906 ], [ -73.912819802283011, 40.874830225635279 ], [ -73.912848715355423, 40.87484122624727 ], [ -73.912855940027796, 40.874846721089774 ], [ -73.912870403762653, 40.874846732010823 ], [ -73.912877621244746, 40.874857716233301 ], [ -73.91288486749751, 40.874846742930089 ], [ -73.912892092173479, 40.87485223777032 ], [ -73.912906548719235, 40.874857738068144 ], [ -73.912921012456508, 40.874857748982862 ], [ -73.912935476193766, 40.874857759895775 ], [ -73.912942722436995, 40.87484678658894 ], [ -73.913499354851879, 40.875017376141358 ], [ -73.913492101539973, 40.875033838863914 ], [ -73.913499333427808, 40.87503384428485 ], [ -73.913506565315629, 40.875033849705233 ], [ -73.913506551034104, 40.87504482846753 ], [ -73.913535478590219, 40.875044850144775 ], [ -73.913549928093914, 40.875055839742934 ], [ -73.913571630899995, 40.87505036661225 ], [ -73.913578848520046, 40.875061350790411 ], [ -73.913586073276662, 40.875066845587021 ], [ -73.913600537059509, 40.875066856416574 ], [ -73.913622232733815, 40.875066872657484 ], [ -73.913629471755868, 40.875061388689097 ], [ -73.913643928408121, 40.875066888894352 ], [ -73.913651174557202, 40.875055915543442 ], [ -73.913774066860753, 40.875094433135381 ], [ -73.913860814036539, 40.875121944849674 ], [ -73.913875277831423, 40.875121955644765 ], [ -73.913882502619131, 40.875127450422745 ], [ -73.914077692930505, 40.875182489777842 ], [ -73.914070425555323, 40.875209931298315 ], [ -73.915349983916315, 40.875595133985207 ], [ -73.915386143661479, 40.875595160502925 ], [ -73.915400600575097, 40.875600660487628 ], [ -73.915422289441338, 40.875606165770847 ], [ -73.915458428253487, 40.875622660408077 ], [ -73.915465646247341, 40.875633644467079 ], [ -73.915487335129725, 40.875639149738035 ], [ -73.915509024015719, 40.875644655004905 ], [ -73.915530719879001, 40.875644670887084 ], [ -73.91555240179845, 40.875655665526423 ], [ -73.915574097665342, 40.87565568140041 ], [ -73.915581322651434, 40.875661176071496 ], [ -73.915617461532946, 40.875677670658746 ], [ -73.9156753102354, 40.875683202328304 ], [ -73.915711456110998, 40.875694207505447 ], [ -73.915718667196231, 40.875710680929096 ], [ -73.915740363081099, 40.875710696771833 ], [ -73.915783747898075, 40.875716217825648 ], [ -73.917258952089725, 40.875810604478474 ], [ -73.917331285466091, 40.87579967754521 ], [ -73.917403618818696, 40.875788750566592 ], [ -73.917475972586914, 40.875761355400662 ], [ -73.917685801575459, 40.875679164471777 ], [ -73.917758141528523, 40.875662747889947 ], [ -73.917787048992508, 40.875679236643762 ], [ -73.917837598085214, 40.875739655884587 ], [ -73.917917102262692, 40.875778138158829 ], [ -73.917989388100395, 40.8758056364777 ], [ -73.918083417264171, 40.875794724488863 ], [ -73.918249725599352, 40.875816799959814 ], [ -73.918256923829432, 40.875844251985775 ], [ -73.918278606264749, 40.87585524611255 ], [ -73.918300308942477, 40.875849772093389 ], [ -73.918329250335702, 40.875838813807718 ], [ -73.919081101916106, 40.876064408231407 ], [ -73.919782175476925, 40.876421707695016 ], [ -73.919774850710041, 40.8764985539893 ], [ -73.919876086146957, 40.876509603088607 ], [ -73.919919438771217, 40.876542569487064 ], [ -73.91994112831884, 40.876548073920084 ], [ -73.919970056530985, 40.87654809398439 ], [ -73.920027860135136, 40.876592049131261 ], [ -73.920071212888402, 40.8766250154722 ], [ -73.920056709164669, 40.876657941733285 ], [ -73.920056702564523, 40.87666343111318 ], [ -73.920071146898806, 40.876679909271502 ], [ -73.920078378966195, 40.876679914280082 ], [ -73.920114539303128, 40.876679939316304 ], [ -73.920150646900893, 40.876723879380272 ], [ -73.920258851477811, 40.876954508336595 ], [ -73.921573701086302, 40.878135626807953 ], [ -73.921609836327235, 40.878157608889722 ], [ -73.921631500660524, 40.878185070517375 ], [ -73.921645952184775, 40.878196059095522 ], [ -73.921689280924127, 40.878250982332716 ], [ -73.921819345029292, 40.878349879403807 ], [ -73.922064977686347, 40.878575110224673 ], [ -73.922137261851802, 40.878608095309495 ], [ -73.922231236510783, 40.878646584349383 ], [ -73.922404766420897, 40.878685126828358 ], [ -73.922404753607907, 40.878696105584382 ], [ -73.922426450468507, 40.878696120170105 ], [ -73.922491528251726, 40.878707142658897 ], [ -73.922491483456383, 40.878745568304822 ], [ -73.922534851626892, 40.878767554951445 ], [ -73.922585464906291, 40.878778567677301 ], [ -73.922679382611179, 40.878866460751922 ], [ -73.922737196401116, 40.878904925145335 ], [ -73.922795023006529, 40.878932410754025 ], [ -73.922874559342006, 40.878948932079481 ], [ -73.922954108439356, 40.878954474594536 ], [ -73.923040921635561, 40.878932574988752 ], [ -73.923091579573097, 40.878905161847563 ], [ -73.923120489769474, 40.878921649255652 ], [ -73.923163870950532, 40.878932656909591 ], [ -73.923185561546433, 40.878938160730442 ], [ -73.923243426389789, 40.87893270984744 ], [ -73.923257903687272, 40.878921740710936 ], [ -73.92326514233423, 40.878916256141999 ], [ -73.923301316553619, 40.878905301424005 ], [ -73.923590552164484, 40.878954897718415 ], [ -73.923626701128754, 40.878965900409803 ], [ -73.923749631619614, 40.878982449840052 ], [ -73.9237930129445, 40.878993457257387 ], [ -73.923829187118926, 40.878982502374107 ], [ -73.923901516583157, 40.878977060706923 ], [ -73.923944904209037, 40.878982578689374 ], [ -73.923966582330749, 40.878999061119003 ], [ -73.923988260463204, 40.879015543544469 ], [ -73.924038880443732, 40.879021066254651 ], [ -73.924060577410742, 40.879021080533178 ], [ -73.924067828540743, 40.879004617158472 ], [ -73.924183545669621, 40.879004693234457 ], [ -73.924313708693177, 40.879021246814609 ], [ -73.924487253257496, 40.879048807404232 ], [ -73.924516170094648, 40.879059805084509 ], [ -73.924537879535208, 40.879048840517768 ], [ -73.924537910687249, 40.879021393628818 ], [ -73.924581323302164, 40.879004953860758 ], [ -73.924617466233784, 40.879021445619465 ], [ -73.924653634066729, 40.879015979855687 ], [ -73.924682625538608, 40.878961104960219 ], [ -73.92472605672296, 40.878928197003852 ], [ -73.92477670775169, 40.878906272500942 ], [ -73.924899675621702, 40.87888988443877 ], [ -73.923805948909887, 40.880327385448339 ], [ -73.921826567917194, 40.884508968211243 ], [ -73.921391469872916, 40.885458334756294 ], [ -73.921065156108597, 40.886155262710872 ], [ -73.920586545402728, 40.887181447417092 ], [ -73.920398541103424, 40.88713191355005 ], [ -73.918699040184237, 40.886883707158105 ], [ -73.918634942655174, 40.886065745164011 ], [ -73.918635043432346, 40.885983404607927 ], [ -73.918649617067345, 40.885895584876742 ], [ -73.918664183947797, 40.885813254512918 ], [ -73.91869321689596, 40.885730934337317 ], [ -73.918722249772216, 40.885648614153084 ], [ -73.918758508902329, 40.885571788422538 ], [ -73.916307339516365, 40.884911311972701 ], [ -73.915866198273406, 40.884856097489411 ], [ -73.91397642913013, 40.886375261612407 ], [ -73.916688196293279, 40.88689874139407 ], [ -73.916846440480612, 40.887606984750306 ], [ -73.916882256728201, 40.88788696859536 ], [ -73.916903592920548, 40.888177920737284 ], [ -73.91690323611239, 40.888463367871708 ], [ -73.916881179160811, 40.888748799366894 ], [ -73.916728398026052, 40.889451328880881 ], [ -73.91634271752099, 40.891284499867581 ], [ -73.91454253930138, 40.8905036905823 ], [ -73.914014438926245, 40.890541723998133 ], [ -73.913052244224701, 40.890639811913225 ], [ -73.912697892252567, 40.890568182634361 ], [ -73.912901504097164, 40.88975042012936 ], [ -73.911469434172943, 40.889628564479935 ], [ -73.909748053377172, 40.889489997095311 ], [ -73.90953107945451, 40.889467869754142 ], [ -73.909183918478973, 40.889434660906296 ], [ -73.909002991956058, 40.889500390883313 ], [ -73.908872895002943, 40.889423437038047 ], [ -73.908815072558312, 40.889390455140877 ], [ -73.908778935442726, 40.889368469098649 ], [ -73.908583753158368, 40.8892804847262 ], [ -73.908583783353563, 40.889258527260246 ], [ -73.908576580116218, 40.889236564065314 ], [ -73.908569369333648, 40.889220090236392 ], [ -73.908562158554673, 40.889203616406924 ], [ -73.908547721903886, 40.889181647479695 ], [ -73.908533277709694, 40.889165167917177 ], [ -73.908482673965096, 40.889143170316686 ], [ -73.908432062692683, 40.889126662060569 ], [ -73.908374210460579, 40.889115637407251 ], [ -73.908316343105938, 40.889115591458172 ], [ -73.907962262765295, 40.88885730915063 ], [ -73.907594275471226, 40.888198290350608 ], [ -73.907385036896258, 40.887819355859179 ], [ -73.906264227097864, 40.887571429266373 ], [ -73.9058572216003, 40.888943441442493 ], [ -73.90562477085814, 40.889634912574401 ], [ -73.905508543673619, 40.889980647931438 ], [ -73.905450417916526, 40.890161749605795 ], [ -73.905399814433494, 40.890139750657902 ], [ -73.905392580902969, 40.890139744729488 ], [ -73.905269673465028, 40.890095728953426 ], [ -73.905262439939321, 40.890095723016834 ], [ -73.905125042123629, 40.89006816330825 ], [ -73.904980395209307, 40.890051576212613 ], [ -73.904835716933604, 40.890056946397443 ], [ -73.904691022893871, 40.890073295131735 ], [ -73.904553530781158, 40.890111607127487 ], [ -73.904430497681162, 40.890155420303373 ], [ -73.904358715205277, 40.889771104806663 ], [ -73.903939426605689, 40.889595096719702 ], [ -73.903483757778048, 40.889567269747921 ], [ -73.902912482166755, 40.889451513835773 ], [ -73.902919819836981, 40.889380158162275 ], [ -73.902919932068102, 40.889303307037856 ], [ -73.902898335987956, 40.889231927025634 ], [ -73.902862265085489, 40.88916602420106 ], [ -73.902761061381852, 40.889122024005623 ], [ -73.902776050064176, 40.888765227374307 ], [ -73.902488574861181, 40.887496939475653 ], [ -73.902365964464863, 40.88725530333739 ], [ -73.901447736610734, 40.886991032980241 ], [ -73.900507816580983, 40.88672673660318 ], [ -73.900059550549173, 40.886600093698924 ], [ -73.899907712361411, 40.886561536498284 ], [ -73.899784798620587, 40.886528493590284 ], [ -73.899726950083803, 40.886517464597759 ], [ -73.898924272318908, 40.886385019464569 ], [ -73.897384075055228, 40.886087234122215 ], [ -73.897159917236351, 40.886043119606278 ], [ -73.89688512816079, 40.885998959433145 ], [ -73.89668265313145, 40.885965842111084 ], [ -73.896617572524619, 40.885954805084253 ], [ -73.896523568191128, 40.885938252717523 ], [ -73.895959560354939, 40.88582795817004 ], [ -73.895084654592253, 40.885640527405265 ], [ -73.894679795677064, 40.885519392391636 ], [ -73.894535013224356, 40.88559611147074 ], [ -73.892915273189089, 40.885309172465533 ], [ -73.892886411930178, 40.885265230664267 ], [ -73.891765645656434, 40.885050099390654 ], [ -73.890803957480259, 40.884868044096926 ], [ -73.889849507506867, 40.884685987687192 ], [ -73.888895062761065, 40.884503923378759 ], [ -73.888403371929783, 40.884415618961846 ], [ -73.887745390670318, 40.884288725183815 ], [ -73.887586322734933, 40.884255634093748 ], [ -73.887050930441191, 40.88434843084741 ], [ -73.887051126291141, 40.884233154078082 ], [ -73.887044219841044, 40.884041019045462 ], [ -73.887088027248225, 40.88379952921305 ], [ -73.887102614110162, 40.88372818154707 ], [ -73.887109940153707, 40.88367329491598 ], [ -73.887125207321958, 40.883201223171845 ], [ -73.887132523969498, 40.883151825905131 ], [ -73.88714704541492, 40.883118903823281 ], [ -73.88718326512975, 40.883086002950797 ], [ -73.887233950324088, 40.883053116200841 ], [ -73.887212643183162, 40.88282254140239 ], [ -73.887198298797642, 40.882751165436055 ], [ -73.887350120910554, 40.88278973938246 ], [ -73.887516427241266, 40.882817348484622 ], [ -73.887675519523853, 40.882833971565312 ], [ -73.887841863143095, 40.882839622712389 ], [ -73.888000992550559, 40.882834287858472 ], [ -73.888037248665924, 40.882779429229998 ], [ -73.888363578664212, 40.882269232920244 ], [ -73.88997260241797, 40.880234217340622 ], [ -73.890182660853696, 40.880042289000528 ], [ -73.890399941437181, 40.87985585651451 ], [ -73.8906316675222, 40.879680416071174 ], [ -73.890848909616238, 40.879515940227918 ], [ -73.891051694919824, 40.879345960941656 ], [ -73.891232809118151, 40.879159492721392 ], [ -73.891406698952139, 40.878967528029968 ], [ -73.892131408720786, 40.878056969828762 ], [ -73.892312596397701, 40.877821095478396 ], [ -73.894073577795083, 40.875588545042461 ], [ -73.897327121693294, 40.871446996743671 ], [ -73.897796831463737, 40.871666989345918 ], [ -73.897818078940261, 40.871957945872431 ], [ -73.897868252936945, 40.872248927984266 ], [ -73.897925658987944, 40.872539916455764 ], [ -73.898012000548547, 40.872825441069558 ], [ -73.89811280620529, 40.873110978374704 ], [ -73.898235316254343, 40.873391045328894 ], [ -73.898372307592069, 40.87366014611402 ], [ -73.898437242301469, 40.873759012279415 ], [ -73.898516657477487, 40.873846912363931 ], [ -73.898617768164414, 40.873934831454172 ], [ -73.898733367752683, 40.874006295003767 ], [ -73.898863447853671, 40.874066792350973 ], [ -73.899000784993959, 40.874110827737113 ], [ -73.899145370759697, 40.874143890517715 ], [ -73.899289989926643, 40.874154995592747 ], [ -73.899434625746721, 40.874155121724307 ], [ -73.899572029776309, 40.874155241381438 ], [ -73.899716649039192, 40.874166345921687 ], [ -73.899861235281634, 40.874199407805065 ], [ -73.899991333299496, 40.874248925116795 ], [ -73.900114174965495, 40.874314904165111 ], [ -73.900215304952368, 40.874391843086386 ], [ -73.900301963292009, 40.874474258804284 ], [ -73.900359636924705, 40.874595075148335 ], [ -73.90040283884025, 40.874721368359666 ], [ -73.900431568966852, 40.874853138454164 ], [ -73.900431371681861, 40.87498488358365 ], [ -73.900416710604745, 40.875116616229896 ], [ -73.900380353739479, 40.875248330144807 ], [ -73.900329549338892, 40.875369052794198 ], [ -73.900257048945022, 40.875489756669147 ], [ -73.900104840146938, 40.875714689875828 ], [ -73.899814527814769, 40.876400611513361 ], [ -73.899575555590985, 40.876609000477323 ], [ -73.900211317606747, 40.87704870280313 ], [ -73.900971669829559, 40.876390631472518 ], [ -73.901029599643138, 40.87634127669287 ], [ -73.901326536448366, 40.876056082880353 ], [ -73.901695059936756, 40.876264994060115 ], [ -73.902151678960038, 40.87558469820582 ], [ -73.902747067187988, 40.873965832181348 ], [ -73.902320650768687, 40.873789811608788 ], [ -73.902531377402596, 40.873103816181846 ], [ -73.902756603032998, 40.872390385558326 ], [ -73.903061626656211, 40.871501360968821 ], [ -73.903127190015425, 40.871172052574771 ], [ -73.903373769831191, 40.870683703488808 ], [ -73.903533139663196, 40.870491708121662 ], [ -73.903649510087192, 40.870030696426703 ], [ -73.904032890094811, 40.869948675017014 ], [ -73.904380025701414, 40.869927005619566 ], [ -73.904821215506246, 40.869872476440406 ], [ -73.905682366169145, 40.869434032128211 ], [ -73.906608810127395, 40.868836441829437 ], [ -73.907426777851228, 40.868233267673745 ], [ -73.907854199052821, 40.86766820221289 ], [ -73.908332154494374, 40.867158069220451 ] ] ] ] } },
{ "type": "Feature", "properties": { "modzcta": "10466", "label": "10466", "zcta": "10466", "pop_est": "72479", "zcta20": "10466", "hvi": 5.0, "hvi_2018": 5.0 }, "geometry": { "type": "MultiPolygon", "coordinates": [ [ [ [ -73.855674787114893, 40.884242099647388 ], [ -73.858558792353932, 40.885145928422254 ], [ -73.861001864685747, 40.885950345900717 ], [ -73.861638911797002, 40.885693110458064 ], [ -73.864501339261494, 40.886607743221333 ], [ -73.86538322678588, 40.886883244047823 ], [ -73.86459915967545, 40.888298586400843 ], [ -73.863807825698274, 40.889713914521543 ], [ -73.8630381928551, 40.891112794512374 ], [ -73.862769505911842, 40.891617497811609 ], [ -73.862754970537182, 40.891650416773253 ], [ -73.862740117773839, 40.891837037818085 ], [ -73.862253730173492, 40.892670843163032 ], [ -73.862159349270087, 40.892835411682078 ], [ -73.86198506516854, 40.893159076413447 ], [ -73.861926920681256, 40.893290751814732 ], [ -73.861490829683746, 40.894278316287732 ], [ -73.861403472581415, 40.894541701249551 ], [ -73.861359816669221, 40.894662414986627 ], [ -73.861764659106157, 40.894789156016763 ], [ -73.861822485715223, 40.894811182731303 ], [ -73.86190200306757, 40.894838724737895 ], [ -73.862089962753359, 40.894899332515919 ], [ -73.862140566904827, 40.894915861071361 ], [ -73.862191171081463, 40.894932389604534 ], [ -73.862877952627059, 40.895152782244196 ], [ -73.862326412294948, 40.895997488735141 ], [ -73.862232072358026, 40.896140099788539 ], [ -73.861636961453129, 40.897056112631823 ], [ -73.861549864262386, 40.897193242415256 ], [ -73.861484595470813, 40.897270015274025 ], [ -73.861165380401971, 40.897703291883708 ], [ -73.861107345022575, 40.89778007322181 ], [ -73.861049332460084, 40.897845875822156 ], [ -73.860236994468707, 40.898838470664636 ], [ -73.860135376875192, 40.898997539227089 ], [ -73.85936561731512, 40.900368945538851 ], [ -73.859127025491063, 40.900297292901023 ], [ -73.858628174568253, 40.900137491514293 ], [ -73.857804109802345, 40.899818096250186 ], [ -73.856994510232994, 40.899504202360333 ], [ -73.856192152820498, 40.899190311786455 ], [ -73.857041294239991, 40.89793430132174 ], [ -73.85623894368463, 40.897625900333601 ], [ -73.855389802986366, 40.898876415617572 ], [ -73.854298323739371, 40.898452361947243 ], [ -73.85343093062032, 40.898116412516266 ], [ -73.852233863261034, 40.899640930635535 ], [ -73.851718764541317, 40.900288015411427 ], [ -73.850666709367303, 40.90163704324619 ], [ -73.849549360497292, 40.903046359133107 ], [ -73.848096670491756, 40.902374754546273 ], [ -73.847619660869398, 40.902160040732156 ], [ -73.847482337625948, 40.902099476391719 ], [ -73.847359509484079, 40.902027952322868 ], [ -73.847243954265579, 40.901939969651053 ], [ -73.847135646776735, 40.901846507093488 ], [ -73.847056304006728, 40.901742104077229 ], [ -73.846984208898846, 40.901632221245087 ], [ -73.846933818316813, 40.901522367143777 ], [ -73.846803529328767, 40.901549641156123 ], [ -73.846575551513894, 40.903152232821377 ], [ -73.846459843201941, 40.903130121544919 ], [ -73.846344109585104, 40.903118988845904 ], [ -73.846221115669834, 40.903118825087866 ], [ -73.846098083621385, 40.903135129238883 ], [ -73.845982261010576, 40.903162421603973 ], [ -73.846097308230071, 40.903469979376595 ], [ -73.846067630929355, 40.903788322873382 ], [ -73.846052423431715, 40.904106685638659 ], [ -73.84542981391624, 40.904276024009604 ], [ -73.845616765166767, 40.904775806111381 ], [ -73.844929685273783, 40.904665098085104 ], [ -73.844894611495036, 40.904192965803368 ], [ -73.844409914358351, 40.904170356177161 ], [ -73.843397007326175, 40.904168986708981 ], [ -73.842376865286084, 40.904167598476974 ], [ -73.841385650385988, 40.904171730338639 ], [ -73.841134024453993, 40.903501682032015 ], [ -73.841062357300515, 40.903216136468032 ], [ -73.841019906166196, 40.902815354423865 ], [ -73.840863025298518, 40.901859988769068 ], [ -73.840841504935909, 40.901783107985047 ], [ -73.840812749841476, 40.901706217220493 ], [ -73.840776760040356, 40.901629316470014 ], [ -73.840740770322526, 40.901552415707201 ], [ -73.840697545931476, 40.901475504949488 ], [ -73.840654308479941, 40.901404083522323 ], [ -73.840041349735401, 40.900574341528646 ], [ -73.839248126258184, 40.899502813068345 ], [ -73.839219373993572, 40.899425921873785 ], [ -73.839197856320268, 40.899349040747929 ], [ -73.839176338696745, 40.89927215961697 ], [ -73.839169290139083, 40.899195298638972 ], [ -73.83916224159772, 40.899118437659489 ], [ -73.839162427563991, 40.899041586757626 ], [ -73.839177082495723, 40.898964756011793 ], [ -73.839191737393591, 40.898887925263004 ], [ -73.839206392257566, 40.898811094511224 ], [ -73.839235516003427, 40.898734283906286 ], [ -73.839664401496634, 40.89788402810666 ], [ -73.839651270277088, 40.897329583487711 ], [ -73.838968213786444, 40.895593991354382 ], [ -73.838393194732021, 40.89406714207545 ], [ -73.83804577790093, 40.894143506417642 ], [ -73.837380790946497, 40.893922996584813 ], [ -73.836303732393304, 40.89359760117879 ], [ -73.835255320530962, 40.893393002826095 ], [ -73.833571284346249, 40.892808713358882 ], [ -73.83267480292082, 40.892604310456896 ], [ -73.831843542005757, 40.892356080593075 ], [ -73.830954612851485, 40.892030909009556 ], [ -73.830079949299432, 40.891788092207413 ], [ -73.828908979950199, 40.891440531784369 ], [ -73.828663219361445, 40.891368805350311 ], [ -73.827969370976021, 40.89114270887999 ], [ -73.827224906341584, 40.890911043093716 ], [ -73.825208217453252, 40.890342600898116 ], [ -73.823914387628164, 40.889972846009499 ], [ -73.823668637854951, 40.889901108922224 ], [ -73.822678395960793, 40.889619633577681 ], [ -73.822489050649153, 40.890096918622973 ], [ -73.82326332867909, 40.889988319134659 ], [ -73.823368943272285, 40.891075377905004 ], [ -73.822855005048083, 40.891206335433054 ], [ -73.820614163039522, 40.890615511231665 ], [ -73.819573333351499, 40.890317462515632 ], [ -73.819848639241059, 40.890158700490183 ], [ -73.819899363124776, 40.890125843362682 ], [ -73.819848862386635, 40.890076360135204 ], [ -73.820189327470302, 40.889895741446914 ], [ -73.820587747382191, 40.889682275562116 ], [ -73.821399046376527, 40.88925536202683 ], [ -73.82191342826107, 40.888954240824411 ], [ -73.822739366830888, 40.88845597846386 ], [ -73.823369658931014, 40.888083666728321 ], [ -73.823681200254953, 40.88789201467592 ], [ -73.823869556295847, 40.887782514605021 ], [ -73.824028920586741, 40.887694927558563 ], [ -73.824492573473236, 40.887421164374082 ], [ -73.825296629895618, 40.886977744184563 ], [ -73.826114797252089, 40.886666084824832 ], [ -73.826730186669295, 40.886447434946319 ], [ -73.826969108193367, 40.886359963230881 ], [ -73.827772793954807, 40.886048270395804 ], [ -73.827910378698675, 40.885988092392964 ], [ -73.829532345703484, 40.885304326330299 ], [ -73.830336062722381, 40.884970658132865 ], [ -73.830654620534176, 40.884850359509151 ], [ -73.831305933885162, 40.88471407867528 ], [ -73.832333425435124, 40.884550894318636 ], [ -73.832564961615333, 40.884518294125044 ], [ -73.832782059370146, 40.884474693781208 ], [ -73.833006417318018, 40.884420124764873 ], [ -73.833216336653507, 40.884354555680453 ], [ -73.833419050198998, 40.884277997045402 ], [ -73.833614571617275, 40.884184959532654 ], [ -73.834049037338644, 40.883987967183778 ], [ -73.834345926238612, 40.883851159054615 ], [ -73.834758934751392, 40.883555324299401 ], [ -73.835606679694749, 40.882947213116097 ], [ -73.836215595676236, 40.882393650851128 ], [ -73.836642998157728, 40.882119787269865 ], [ -73.836990609494023, 40.88193912899964 ], [ -73.837830411366056, 40.881605459480809 ], [ -73.83874254369924, 40.881266395538944 ], [ -73.839654666728848, 40.880927324367434 ], [ -73.840465446653155, 40.880621042262028 ], [ -73.841276206002235, 40.88032024381328 ], [ -73.842014985983312, 40.87987112768235 ], [ -73.84273927828535, 40.87942747644712 ], [ -73.843265881636128, 40.88000457853569 ], [ -73.844255758837704, 40.880417622632322 ], [ -73.844480697176991, 40.880105030884067 ], [ -73.847269717351509, 40.881283484133363 ], [ -73.847545360245576, 40.880932527860914 ], [ -73.848744809989725, 40.881439129528509 ], [ -73.85065252111437, 40.882193659636314 ], [ -73.85323999576832, 40.883020386399608 ], [ -73.853014991660388, 40.883376909992784 ], [ -73.855674787114893, 40.884242099647388 ] ] ] ] } },
{ "type": "Feature", "properties": { "modzcta": "10467", "label": "10467", "zcta": "10467", "pop_est": "103732", "zcta20": "10467", "hvi": 4.0, "hvi_2018": 4.0 }, "geometry": { "type": "MultiPolygon", "coordinates": [ [ [ [ -73.879911993210527, 40.868361616487682 ], [ -73.88037328635464, 40.869196483695191 ], [ -73.880380507729669, 40.869201980576022 ], [ -73.880380497854929, 40.869207469960514 ], [ -73.880517457632791, 40.869449145217295 ], [ -73.880647147691477, 40.869712770357964 ], [ -73.880711943869102, 40.869872029788304 ], [ -73.880762376109217, 40.869976380396899 ], [ -73.880848670151138, 40.87024544982836 ], [ -73.881035998158794, 40.870629900643898 ], [ -73.881144086580477, 40.870844098356763 ], [ -73.881295427219897, 40.871135191958643 ], [ -73.881432286623138, 40.87143724925199 ], [ -73.881626637908667, 40.871942472858478 ], [ -73.881691360469489, 40.872145646728491 ], [ -73.881756083425842, 40.872348820554748 ], [ -73.882472399215331, 40.872129976647109 ], [ -73.882501034488257, 40.872294687554351 ], [ -73.882551364717628, 40.872459420531719 ], [ -73.882623399754792, 40.872618686169638 ], [ -73.882717139737963, 40.872772484427934 ], [ -73.882832594467473, 40.872915325873102 ], [ -73.882955291025795, 40.873052685153098 ], [ -73.883085171515233, 40.873217498529897 ], [ -73.883193338246357, 40.873393268559326 ], [ -73.883279800736474, 40.873574505920992 ], [ -73.883351790575958, 40.873761217973282 ], [ -73.883402085519208, 40.873947908056131 ], [ -73.883451226110537, 40.874793323654977 ], [ -73.883435723073518, 40.875386161969118 ], [ -73.883427865586171, 40.875742964262692 ], [ -73.883420450754286, 40.875847255143242 ], [ -73.883427499868688, 40.875951560632522 ], [ -73.883456244993539, 40.876055888031544 ], [ -73.883499463841815, 40.876154740645745 ], [ -73.883549914836252, 40.876253600539648 ], [ -73.883838246102513, 40.87679734044989 ], [ -73.883931994787091, 40.876951137604742 ], [ -73.884609782398556, 40.878121056523007 ], [ -73.88469631201643, 40.878269356412659 ], [ -73.884768415569269, 40.878395684289366 ], [ -73.884891002692029, 40.878604403256524 ], [ -73.885056842010741, 40.878895505941131 ], [ -73.885273252306135, 40.879219594959103 ], [ -73.885410874914541, 40.879098965227286 ], [ -73.885671625713016, 40.878874159061198 ], [ -73.885757658771098, 40.879313395010641 ], [ -73.885786069527811, 40.879615339253697 ], [ -73.885828964228338, 40.879906319034646 ], [ -73.885950888898947, 40.880504782364156 ], [ -73.88706857597704, 40.882476569540323 ], [ -73.887162433310237, 40.882575470194347 ], [ -73.887198298797642, 40.882751165436055 ], [ -73.887212643183162, 40.88282254140239 ], [ -73.887233950324088, 40.883053116200841 ], [ -73.88718326512975, 40.883086002950797 ], [ -73.88714704541492, 40.883118903823281 ], [ -73.887132523969498, 40.883151825905131 ], [ -73.887125207321958, 40.883201223171845 ], [ -73.887109940153707, 40.88367329491598 ], [ -73.887102614110162, 40.88372818154707 ], [ -73.887088027248225, 40.88379952921305 ], [ -73.887044219841044, 40.884041019045462 ], [ -73.887051126291141, 40.884233154078082 ], [ -73.887050930441191, 40.88434843084741 ], [ -73.887586322734933, 40.884255634093748 ], [ -73.887745390670318, 40.884288725183815 ], [ -73.888403371929783, 40.884415618961846 ], [ -73.888895062761065, 40.884503923378759 ], [ -73.889849507506867, 40.884685987687192 ], [ -73.890803957480259, 40.884868044096926 ], [ -73.891765645656434, 40.885050099390654 ], [ -73.892886411930178, 40.885265230664267 ], [ -73.892915273189089, 40.885309172465533 ], [ -73.894535013224356, 40.88559611147074 ], [ -73.894679795677064, 40.885519392391636 ], [ -73.895084654592253, 40.885640527405265 ], [ -73.895959560354939, 40.88582795817004 ], [ -73.895554474473812, 40.885849549826595 ], [ -73.895286816566511, 40.885871264820452 ], [ -73.895120412768691, 40.885898560620376 ], [ -73.894946715042039, 40.885964275179582 ], [ -73.894823613809805, 40.886051993099784 ], [ -73.894736625573103, 40.886172680087171 ], [ -73.894721968130398, 40.886293433002535 ], [ -73.894757872982495, 40.886458147037388 ], [ -73.894974624028492, 40.886612046999289 ], [ -73.895097570181136, 40.886623137556157 ], [ -73.895256699413338, 40.886623282070516 ], [ -73.895379714744166, 40.886590457380777 ], [ -73.89548828093352, 40.886546640725349 ], [ -73.89571273212475, 40.886404119957874 ], [ -73.896031135488542, 40.886311087805275 ], [ -73.896233799745914, 40.886223440157593 ], [ -73.895343151504193, 40.886842935529501 ], [ -73.894633639536224, 40.887259482576653 ], [ -73.894416442530513, 40.887385539737728 ], [ -73.894199288383007, 40.887484149650788 ], [ -73.89303391524976, 40.887993587453856 ], [ -73.89183980520319, 40.888371241547112 ], [ -73.890443174153205, 40.888732223107304 ], [ -73.889828091573577, 40.888879850774579 ], [ -73.889459033412109, 40.888972817292043 ], [ -73.889227436489378, 40.889049446505709 ], [ -73.888966877852269, 40.889142515520831 ], [ -73.888091033330099, 40.889498479005482 ], [ -73.887729026626147, 40.889695744921234 ], [ -73.887620422340035, 40.889756022346013 ], [ -73.88760587183576, 40.889805412540269 ], [ -73.887474888448253, 40.890266392277134 ], [ -73.887227839824135, 40.890919386529369 ], [ -73.887213335342139, 40.890941329847379 ], [ -73.886893935430351, 40.891599741963866 ], [ -73.886494826615063, 40.892334925965862 ], [ -73.88571839753277, 40.893739438691583 ], [ -73.885239442458115, 40.894617262598388 ], [ -73.884992555154923, 40.895154975003308 ], [ -73.88486909098954, 40.895434809704263 ], [ -73.884789125741406, 40.895659794003961 ], [ -73.884607195666987, 40.896279910802953 ], [ -73.884570405056195, 40.896636682867737 ], [ -73.884548454450297, 40.89677938444904 ], [ -73.884547605863233, 40.897267937199253 ], [ -73.884569032319177, 40.897427150237888 ], [ -73.884640632420883, 40.897855392327934 ], [ -73.884726940276977, 40.898146414899117 ], [ -73.884827660681097, 40.898470387957204 ], [ -73.88499341631514, 40.898838340628195 ], [ -73.885303740945517, 40.899277798485713 ], [ -73.885534820274927, 40.899525049201301 ], [ -73.885621483732294, 40.899612964912578 ], [ -73.885896001199129, 40.899843789825461 ], [ -73.886069443043368, 40.899953748382963 ], [ -73.886127253984071, 40.89999223096163 ], [ -73.886358507801958, 40.900140671630432 ], [ -73.886539242039291, 40.900217700475793 ], [ -73.886662137066892, 40.900272714818044 ], [ -73.886654846268527, 40.900305643836596 ], [ -73.886640339549032, 40.900327587043961 ], [ -73.886633067459783, 40.900349537353897 ], [ -73.885869150859847, 40.902840954768649 ], [ -73.886462216635763, 40.902956816083858 ], [ -73.886295080876209, 40.903384821659657 ], [ -73.886251314048238, 40.90359337420545 ], [ -73.886222082758508, 40.90376351553823 ], [ -73.886199606986438, 40.904213620816932 ], [ -73.886242228102844, 40.904674768927478 ], [ -73.886292366724746, 40.904971243651424 ], [ -73.886328232609131, 40.905152427775185 ], [ -73.886378522130329, 40.905361072864011 ], [ -73.886500704691059, 40.905838767116023 ], [ -73.886565184712111, 40.906212106743176 ], [ -73.886579186856281, 40.906486588319332 ], [ -73.886571586161182, 40.906700665742413 ], [ -73.88657157679225, 40.906706155089218 ], [ -73.886382059862655, 40.907523882736939 ], [ -73.886389173289928, 40.907595251353577 ], [ -73.886055110642403, 40.908314027633502 ], [ -73.885997254837989, 40.908297502460151 ], [ -73.885613971489718, 40.908181846939684 ], [ -73.884796798588724, 40.907928524168518 ], [ -73.884695549703736, 40.907900976326907 ], [ -73.884051938401754, 40.907702715011972 ], [ -73.88303238869041, 40.907333899841412 ], [ -73.881477560964825, 40.906893165762256 ], [ -73.878360742173982, 40.906006137710499 ], [ -73.878165480866969, 40.905956527612567 ], [ -73.878114854256964, 40.905945495463605 ], [ -73.87819533738579, 40.905457027555791 ], [ -73.878305041339516, 40.904814888309616 ], [ -73.878392867258498, 40.904266044949431 ], [ -73.878466041032269, 40.903815994520023 ], [ -73.878627075983772, 40.902795142915174 ], [ -73.878831855006837, 40.901587698505963 ], [ -73.879022057389435, 40.9004351318234 ], [ -73.879255789949923, 40.899211248381611 ], [ -73.879394082432356, 40.898750286304278 ], [ -73.879430463866342, 40.898635047641683 ], [ -73.879474099521929, 40.898508837808699 ], [ -73.880033271565992, 40.897334695972155 ], [ -73.880069552071248, 40.897274350638746 ], [ -73.8801275750032, 40.897192070406298 ], [ -73.880439459378039, 40.896742265770008 ], [ -73.880403406668663, 40.896676356021842 ], [ -73.880165696116322, 40.89611070467857 ], [ -73.880050741749514, 40.895671435865367 ], [ -73.880014977362734, 40.895446334603214 ], [ -73.880029693263623, 40.895309115688711 ], [ -73.880044319946549, 40.895221300993008 ], [ -73.880131148716288, 40.895210412449529 ], [ -73.880145884121006, 40.895062214797399 ], [ -73.880160619460028, 40.894914017139186 ], [ -73.880175433897051, 40.894721904605206 ], [ -73.880204676687782, 40.894551764513224 ], [ -73.880248664210015, 40.894227937360817 ], [ -73.880351214461982, 40.893519914983848 ], [ -73.880394993168451, 40.893311364278873 ], [ -73.880417060173684, 40.893108280430347 ], [ -73.880417435432506, 40.89289968472994 ], [ -73.880388875466494, 40.892691059042875 ], [ -73.880338614331038, 40.892482410846576 ], [ -73.880266642342988, 40.892279229473921 ], [ -73.880180183528211, 40.892087011755287 ], [ -73.87919239348598, 40.890307425440028 ], [ -73.878191064705561, 40.88805024004759 ], [ -73.878155089368292, 40.887945903931808 ], [ -73.878054407358519, 40.887627413781352 ], [ -73.878004107010085, 40.887446211202167 ], [ -73.878004308483128, 40.887336423880917 ], [ -73.878018976376993, 40.887226651846511 ], [ -73.878033644222398, 40.887116879807962 ], [ -73.877990365926678, 40.887050961544411 ], [ -73.877831750191291, 40.886770835532509 ], [ -73.877604422623122, 40.884525438885731 ], [ -73.877729350911977, 40.883455142160983 ], [ -73.878122307137616, 40.882154574399536 ], [ -73.877167890289229, 40.881994370518242 ], [ -73.876256873783731, 40.881834205275005 ], [ -73.875338629061403, 40.881674025024239 ], [ -73.874702387310293, 40.881552569634138 ], [ -73.874791959346581, 40.880076022640473 ], [ -73.874944077907514, 40.879949931728063 ], [ -73.874068788895087, 40.880036810132438 ], [ -73.873070525199594, 40.880134525487648 ], [ -73.871913134114791, 40.880237545101622 ], [ -73.871869559572659, 40.880330816269094 ], [ -73.870835072556858, 40.880455918993292 ], [ -73.870014111175351, 40.882343345211872 ], [ -73.869209350841729, 40.883325035455854 ], [ -73.868984258259488, 40.88376942005852 ], [ -73.868766373878032, 40.884224791146835 ], [ -73.86857018530938, 40.884680186496176 ], [ -73.868388449149791, 40.88514108733736 ], [ -73.868221176535869, 40.885602004370178 ], [ -73.868075579064737, 40.886073924657914 ], [ -73.867937147233221, 40.886578789192825 ], [ -73.867784246911171, 40.887083636944617 ], [ -73.867609644520229, 40.887588459559531 ], [ -73.867427817120813, 40.888087784191171 ], [ -73.867224297881478, 40.88858159416673 ], [ -73.867006308797372, 40.889075387070733 ], [ -73.866563704447287, 40.889755558848748 ], [ -73.863682634454236, 40.894324840320749 ], [ -73.863557493363487, 40.895378651595379 ], [ -73.863304480623341, 40.895290522352269 ], [ -73.862877952627059, 40.895152782244196 ], [ -73.862191171081463, 40.894932389604534 ], [ -73.862140566904827, 40.894915861071361 ], [ -73.862089962753359, 40.894899332515919 ], [ -73.86190200306757, 40.894838724737895 ], [ -73.861822485715223, 40.894811182731303 ], [ -73.861764659106157, 40.894789156016763 ], [ -73.861359816669221, 40.894662414986627 ], [ -73.861403472581415, 40.894541701249551 ], [ -73.861490829683746, 40.894278316287732 ], [ -73.861926920681256, 40.893290751814732 ], [ -73.86198506516854, 40.893159076413447 ], [ -73.862159349270087, 40.892835411682078 ], [ -73.862253730173492, 40.892670843163032 ], [ -73.862740117773839, 40.891837037818085 ], [ -73.862754970537182, 40.891650416773253 ], [ -73.862769505911842, 40.891617497811609 ], [ -73.8630381928551, 40.891112794512374 ], [ -73.863807825698274, 40.889713914521543 ], [ -73.86459915967545, 40.888298586400843 ], [ -73.86538322678588, 40.886883244047823 ], [ -73.864501339261494, 40.886607743221333 ], [ -73.861638911797002, 40.885693110458064 ], [ -73.861001864685747, 40.885950345900717 ], [ -73.858558792353932, 40.885145928422254 ], [ -73.855674787114893, 40.884242099647388 ], [ -73.855885361796098, 40.883863595394573 ], [ -73.856277466123828, 40.883155953949654 ], [ -73.856459020074439, 40.88281583812531 ], [ -73.8566695621045, 40.882448311080516 ], [ -73.85705440532459, 40.881746147199529 ], [ -73.857446484721365, 40.881038501507739 ], [ -73.857831311575708, 40.880336334854647 ], [ -73.858230583361134, 40.879639673969329 ], [ -73.858571871554517, 40.878997834453884 ], [ -73.858615417184538, 40.878926525776478 ], [ -73.858920362106161, 40.878366981441808 ], [ -73.859276101457482, 40.877725157375664 ], [ -73.859748022373751, 40.876858408451909 ], [ -73.860074690546853, 40.876276929719218 ], [ -73.86032875671745, 40.875827107523598 ], [ -73.860510258416681, 40.875492474247622 ], [ -73.860706245080181, 40.875146879371243 ], [ -73.861076482429468, 40.874472130572023 ], [ -73.861308759460186, 40.874060705597465 ], [ -73.861302340668601, 40.873670951060291 ], [ -73.861317949050274, 40.873122030585037 ], [ -73.861348123421649, 40.872523723016847 ], [ -73.86136405161713, 40.871821099779623 ], [ -73.861379521731465, 40.871338051680411 ], [ -73.861433756872756, 40.869603467926964 ], [ -73.862446103666358, 40.869621147312429 ], [ -73.86247693610548, 40.868698965463985 ], [ -73.86169061991545, 40.867792275092327 ], [ -73.861495403223529, 40.867781062141013 ], [ -73.861503114496188, 40.867550516681355 ], [ -73.861542172949981, 40.866156256264787 ], [ -73.861565134146161, 40.865546960441023 ], [ -73.862107470714008, 40.865536631033478 ], [ -73.862153643605581, 40.864191783038891 ], [ -73.862169367884078, 40.86358247824284 ], [ -73.861642524972709, 40.863104269709403 ], [ -73.861657762652953, 40.862731008601926 ], [ -73.861657876844873, 40.862676114710524 ], [ -73.861673160012288, 40.862280896014433 ], [ -73.86167327419075, 40.862226002118611 ], [ -73.861688545746716, 40.861836272778817 ], [ -73.861688659911692, 40.861781378878703 ], [ -73.861696301323846, 40.861583769500946 ], [ -73.861696438313601, 40.861517896817709 ], [ -73.861704239484084, 40.861243435962777 ], [ -73.861758172665205, 40.859646083734454 ], [ -73.861758788823266, 40.859349656551927 ], [ -73.861766144506561, 40.859289281897865 ], [ -73.861766669349223, 40.859036769838497 ], [ -73.861766829083152, 40.858959918339927 ], [ -73.861774584027643, 40.85870741492819 ], [ -73.861774732342781, 40.858636052818227 ], [ -73.86178260130103, 40.858328655457733 ], [ -73.86178277242297, 40.858246314556062 ], [ -73.861790550038577, 40.857982832323962 ], [ -73.862875122209076, 40.85795119002583 ], [ -73.862961882508984, 40.857951293110588 ], [ -73.863186024577203, 40.857946069716995 ], [ -73.8632655661321, 40.857940674605636 ], [ -73.863872921851865, 40.857924924591543 ], [ -73.863959682119031, 40.857925026925962 ], [ -73.864552577490201, 40.857909256282738 ], [ -73.864668268990542, 40.857903902638604 ], [ -73.865644366074065, 40.857883085833748 ], [ -73.866584323479245, 40.857856729578643 ], [ -73.86758935025135, 40.857830440363124 ], [ -73.868023151001736, 40.857830937409069 ], [ -73.868080958437645, 40.857847471742097 ], [ -73.868131514118033, 40.857874976571537 ], [ -73.868174807178477, 40.8579189413012 ], [ -73.868196399336654, 40.857968370631738 ], [ -73.868203531461134, 40.858017783440339 ], [ -73.868188984360756, 40.858061682075451 ], [ -73.868413669429373, 40.85778197880493 ], [ -73.868898101563104, 40.85777155148309 ], [ -73.869548888265854, 40.857728373901452 ], [ -73.870851141346577, 40.857290686437558 ], [ -73.870880082477498, 40.857279740016494 ], [ -73.87088732308699, 40.857274258712472 ], [ -73.870945184009656, 40.857263344635498 ], [ -73.871003002325565, 40.857274388110817 ], [ -73.871046328823311, 40.857301883581719 ], [ -73.871046318179935, 40.857307372977054 ], [ -73.871075174158065, 40.857340341669264 ], [ -73.871082329634817, 40.857378775514846 ], [ -73.871030889604953, 40.857806891762294 ], [ -73.870979512807068, 40.858202071588082 ], [ -73.870884179345296, 40.858893630093597 ], [ -73.870582862461148, 40.861401950337694 ], [ -73.870441848906665, 40.863268188880063 ], [ -73.870412413051397, 40.863531647087108 ], [ -73.870390218322726, 40.86378962400768 ], [ -73.870382474100055, 40.864053106547054 ], [ -73.870374729816007, 40.864316589073532 ], [ -73.870374226917221, 40.864574590322349 ], [ -73.870380944089106, 40.864838089070176 ], [ -73.870394892117545, 40.865101595927285 ], [ -73.870423312616566, 40.865359629624081 ], [ -73.870456985925472, 40.866633207947302 ], [ -73.870490574996637, 40.867950701049381 ], [ -73.870497367803637, 40.868175773939093 ], [ -73.870497239518357, 40.868241646554146 ], [ -73.870510889419265, 40.868658855994937 ], [ -73.870517810633658, 40.868818056247321 ], [ -73.870517703745108, 40.86887295008696 ], [ -73.870524197463965, 40.869251725679696 ], [ -73.87053122565024, 40.869356032079978 ], [ -73.870530915702588, 40.869515224198054 ], [ -73.870538018738387, 40.869581104910445 ], [ -73.870537837054044, 40.869674424424744 ], [ -73.870563182701815, 40.87151339992355 ], [ -73.870378938847836, 40.873286266879795 ], [ -73.870309849289754, 40.875339221325369 ], [ -73.870316535174339, 40.875619187698021 ], [ -73.870316310336278, 40.875734464618589 ], [ -73.870316224683478, 40.875778379635342 ], [ -73.870301439519807, 40.875943044690402 ], [ -73.870272200992773, 40.876102204103752 ], [ -73.870221266274953, 40.876261339108929 ], [ -73.870199473777248, 40.876310719097638 ], [ -73.87017769196531, 40.876354609705324 ], [ -73.870155877964805, 40.876414968437814 ], [ -73.870046893200055, 40.87667284701952 ], [ -73.869487438414566, 40.877989668719948 ], [ -73.869436543490991, 40.878126845825562 ], [ -73.869501601146084, 40.878143387568244 ], [ -73.869573891056902, 40.878159937447791 ], [ -73.869783518025542, 40.878215068028936 ], [ -73.869971459371058, 40.878264684411164 ], [ -73.870058192547347, 40.878292229031857 ], [ -73.870152179477429, 40.878308802975447 ], [ -73.87034013206808, 40.878352929381983 ], [ -73.870947342270682, 40.878507312791932 ], [ -73.871608541559112, 40.876921617405245 ], [ -73.8725520591926, 40.875177037642239 ], [ -73.874364711961093, 40.872703310098267 ], [ -73.875191240395623, 40.871573392171875 ], [ -73.876191232653653, 40.870476590730078 ], [ -73.876944262132639, 40.869955903773409 ], [ -73.877725982854614, 40.869556008954717 ], [ -73.879810657769227, 40.868416404939218 ], [ -73.879911993210527, 40.868361616487682 ] ] ] ] } },
{ "type": "Feature", "properties": { "modzcta": "10468", "label": "10468", "zcta": "10468", "pop_est": "78647", "zcta20": "10468", "hvi": 4.0, "hvi_2018": 4.0 }, "geometry": { "type": "MultiPolygon", "coordinates": [ [ [ [ -73.899958793176296, 40.8574238966997 ], [ -73.900132221829764, 40.85748443040314 ], [ -73.900941570621498, 40.857759598367309 ], [ -73.901909897897852, 40.858095279350451 ], [ -73.90277706997928, 40.858392441156916 ], [ -73.903694828782633, 40.858711596272926 ], [ -73.903905001719878, 40.858365939106029 ], [ -73.904866138374061, 40.858690610426159 ], [ -73.905726093502523, 40.858993233470351 ], [ -73.906795623856965, 40.859372871207654 ], [ -73.907070386201866, 40.859362114037786 ], [ -73.907258386273895, 40.859351286504847 ], [ -73.907771371413148, 40.859609699614793 ], [ -73.907901423974693, 40.859675676325914 ], [ -73.908609487418744, 40.860038539876015 ], [ -73.909050225301257, 40.860263953602647 ], [ -73.90912250561189, 40.860280478761069 ], [ -73.909194785958462, 40.860297003874187 ], [ -73.909267073830037, 40.860308039546624 ], [ -73.909339369208766, 40.860313585778307 ], [ -73.909411672076715, 40.86031364256938 ], [ -73.909483982416006, 40.860308209919722 ], [ -73.909578020917579, 40.860275347248944 ], [ -73.909672074237591, 40.860231505710409 ], [ -73.90975890460895, 40.860182169044492 ], [ -73.909831281759651, 40.860127331617029 ], [ -73.909889213145206, 40.860061504059459 ], [ -73.910012097845353, 40.8600835575741 ], [ -73.910127737526651, 40.860116584117264 ], [ -73.910236132235553, 40.860160583710574 ], [ -73.910337282011341, 40.860215556374186 ], [ -73.91042394920909, 40.860286985909127 ], [ -73.910510594433575, 40.860374883564234 ], [ -73.910618945551533, 40.860451819167871 ], [ -73.910741772275614, 40.86051778706608 ], [ -73.910871851629693, 40.860567292232652 ], [ -73.91101641385147, 40.860600340220024 ], [ -73.911146662253586, 40.860523588986105 ], [ -73.91129858661651, 40.860457833072658 ], [ -73.911450496061207, 40.860403055749273 ], [ -73.911609613659138, 40.860364751951046 ], [ -73.911877221768151, 40.860299083841447 ], [ -73.912137620826883, 40.86021694141769 ], [ -73.912383573170857, 40.860123808633261 ], [ -73.912629546460593, 40.860014207135386 ], [ -73.912861072839206, 40.859893615398576 ], [ -73.913078152270501, 40.859762033509014 ], [ -73.913280784732592, 40.859619461547553 ], [ -73.91542206533785, 40.858726278585571 ], [ -73.915081654181307, 40.859192627725271 ], [ -73.916159460925655, 40.858787200218501 ], [ -73.91656519477381, 40.858112297822338 ], [ -73.916666608034419, 40.857958667832641 ], [ -73.916760790811821, 40.857805032533591 ], [ -73.916847750019244, 40.857645902544405 ], [ -73.91693470881053, 40.857486772485217 ], [ -73.91700720726007, 40.857327631955279 ], [ -73.917079705362696, 40.857168491375234 ], [ -73.917144980028667, 40.857003856154165 ], [ -73.917210254371483, 40.856839220891423 ], [ -73.917189712891627, 40.855916986180155 ], [ -73.91726916568615, 40.855977426637388 ], [ -73.917341381980236, 40.856043351259579 ], [ -73.917391895290166, 40.85612023910744 ], [ -73.917435165247952, 40.856208100558085 ], [ -73.917449515917269, 40.856295941302214 ], [ -73.917449413717378, 40.856378282298081 ], [ -73.91737665822518, 40.856746020310815 ], [ -73.917419894490877, 40.856861328753645 ], [ -73.917405196070362, 40.857053447372131 ], [ -73.917528302332002, 40.856894342722875 ], [ -73.917882432652021, 40.857004383404089 ], [ -73.918872537701944, 40.857328958697124 ], [ -73.919024286725843, 40.857394938146371 ], [ -73.918293122344508, 40.858157449691248 ], [ -73.918112181770155, 40.858311024684923 ], [ -73.917757419607398, 40.858706009322489 ], [ -73.917207650870097, 40.858930681611739 ], [ -73.916910790050977, 40.859270811126137 ], [ -73.915803051490556, 40.860472186936995 ], [ -73.915759454112603, 40.860642326532648 ], [ -73.914876012707282, 40.861690153541446 ], [ -73.914810910648498, 40.861712063090913 ], [ -73.914723962367191, 40.861854723247795 ], [ -73.914817902030663, 40.861898707834214 ], [ -73.914774455960938, 40.861948080345101 ], [ -73.914745555212448, 40.861931590796004 ], [ -73.914702144270933, 40.861953516308851 ], [ -73.914673187193515, 40.861980941894551 ], [ -73.914636985528631, 40.862019340911729 ], [ -73.914608021347235, 40.862052255874723 ], [ -73.914607993153425, 40.86207421345074 ], [ -73.914622425921635, 40.862096181728162 ], [ -73.914289399310093, 40.86242529876246 ], [ -73.914231470220955, 40.862491128501752 ], [ -73.913413277484807, 40.863368821150061 ], [ -73.912762968207758, 40.863027988616302 ], [ -73.912270492056294, 40.863631449013141 ], [ -73.912256009032475, 40.863647906193783 ], [ -73.91252334810774, 40.863796322922347 ], [ -73.912674896551437, 40.864021503016332 ], [ -73.910915272503601, 40.865935957291505 ], [ -73.910553070454782, 40.866424233279915 ], [ -73.910509647810954, 40.866451646587251 ], [ -73.910473441308156, 40.866490044267465 ], [ -73.91044446572613, 40.86652844754839 ], [ -73.910415490110637, 40.866566850821791 ], [ -73.91040096900737, 40.866610754707523 ], [ -73.910379216908609, 40.866654652975079 ], [ -73.910357464781129, 40.866698551238223 ], [ -73.910350174596658, 40.866742460733875 ], [ -73.910342884402567, 40.866786370228674 ], [ -73.910350056189685, 40.866830290959655 ], [ -73.910357227986282, 40.866874211689868 ], [ -73.910176022922371, 40.867192455662583 ], [ -73.909864069064994, 40.867944259398421 ], [ -73.909668187629876, 40.868416194066285 ], [ -73.909494071785119, 40.868833251508541 ], [ -73.909276154290197, 40.86955219080896 ], [ -73.908934276394262, 40.871017589046431 ], [ -73.908651744565404, 40.871385154910222 ], [ -73.908932712667237, 40.872159380977308 ], [ -73.908722899038167, 40.872230577276078 ], [ -73.908614983577266, 40.871824277022036 ], [ -73.908528763917616, 40.871417993835756 ], [ -73.908464247218049, 40.871006238381092 ], [ -73.908421425531273, 40.870594500078489 ], [ -73.908393074656786, 40.870177283826045 ], [ -73.908386410516712, 40.869765574146598 ], [ -73.90840144782976, 40.869348392272272 ], [ -73.908430939842461, 40.868936711229054 ], [ -73.906392884437892, 40.873255226561739 ], [ -73.906363864899845, 40.873321075683229 ], [ -73.906146999101935, 40.873260516238204 ], [ -73.906081937113541, 40.873243995139845 ], [ -73.906110956897166, 40.873178146088314 ], [ -73.907177256146312, 40.870856996768502 ], [ -73.90788084208684, 40.869315041489209 ], [ -73.907823030010292, 40.869287548360262 ], [ -73.907628052815525, 40.869095263702867 ], [ -73.907925514226562, 40.868387369727721 ], [ -73.908077877090562, 40.868019701829745 ], [ -73.908201321509281, 40.867646521311158 ], [ -73.908310310024504, 40.867267839756202 ], [ -73.908390380854087, 40.866883645724037 ], [ -73.908332154494374, 40.867158069220451 ], [ -73.907854199052821, 40.86766820221289 ], [ -73.907426777851228, 40.868233267673745 ], [ -73.906608810127395, 40.868836441829437 ], [ -73.905682366169145, 40.869434032128211 ], [ -73.904821215506246, 40.869872476440406 ], [ -73.904380025701414, 40.869927005619566 ], [ -73.904032890094811, 40.869948675017014 ], [ -73.903649510087192, 40.870030696426703 ], [ -73.903533139663196, 40.870491708121662 ], [ -73.903373769831191, 40.870683703488808 ], [ -73.903127190015425, 40.871172052574771 ], [ -73.903061626656211, 40.871501360968821 ], [ -73.902756603032998, 40.872390385558326 ], [ -73.902531377402596, 40.873103816181846 ], [ -73.902320650768687, 40.873789811608788 ], [ -73.902747067187988, 40.873965832181348 ], [ -73.902151678960038, 40.87558469820582 ], [ -73.901695059936756, 40.876264994060115 ], [ -73.901326536448366, 40.876056082880353 ], [ -73.901029599643138, 40.87634127669287 ], [ -73.900971669829559, 40.876390631472518 ], [ -73.900211317606747, 40.87704870280313 ], [ -73.899575555590985, 40.876609000477323 ], [ -73.899814527814769, 40.876400611513361 ], [ -73.900104840146938, 40.875714689875828 ], [ -73.900257048945022, 40.875489756669147 ], [ -73.900329549338892, 40.875369052794198 ], [ -73.900380353739479, 40.875248330144807 ], [ -73.900416710604745, 40.875116616229896 ], [ -73.900431371681861, 40.87498488358365 ], [ -73.900431568966852, 40.874853138454164 ], [ -73.90040283884025, 40.874721368359666 ], [ -73.900359636924705, 40.874595075148335 ], [ -73.900301963292009, 40.874474258804284 ], [ -73.900215304952368, 40.874391843086386 ], [ -73.900114174965495, 40.874314904165111 ], [ -73.899991333299496, 40.874248925116795 ], [ -73.899861235281634, 40.874199407805065 ], [ -73.899716649039192, 40.874166345921687 ], [ -73.899572029776309, 40.874155241381438 ], [ -73.899434625746721, 40.874155121724307 ], [ -73.899289989926643, 40.874154995592747 ], [ -73.899145370759697, 40.874143890517715 ], [ -73.899000784993959, 40.874110827737113 ], [ -73.898863447853671, 40.874066792350973 ], [ -73.898733367752683, 40.874006295003767 ], [ -73.898617768164414, 40.873934831454172 ], [ -73.898516657477487, 40.873846912363931 ], [ -73.898437242301469, 40.873759012279415 ], [ -73.898372307592069, 40.87366014611402 ], [ -73.898235316254343, 40.873391045328894 ], [ -73.89811280620529, 40.873110978374704 ], [ -73.898012000548547, 40.872825441069558 ], [ -73.897925658987944, 40.872539916455764 ], [ -73.897868252936945, 40.872248927984266 ], [ -73.897818078940261, 40.871957945872431 ], [ -73.897796831463737, 40.871666989345918 ], [ -73.897327121693294, 40.871446996743671 ], [ -73.894073577795083, 40.875588545042461 ], [ -73.892312596397701, 40.877821095478396 ], [ -73.892131408720786, 40.878056969828762 ], [ -73.891406698952139, 40.878967528029968 ], [ -73.891232809118151, 40.879159492721392 ], [ -73.891051694919824, 40.879345960941656 ], [ -73.890848909616238, 40.879515940227918 ], [ -73.8906316675222, 40.879680416071174 ], [ -73.890399941437181, 40.87985585651451 ], [ -73.890182660853696, 40.880042289000528 ], [ -73.88997260241797, 40.880234217340622 ], [ -73.888363578664212, 40.882269232920244 ], [ -73.888037248665924, 40.882779429229998 ], [ -73.888000992550559, 40.882834287858472 ], [ -73.887841863143095, 40.882839622712389 ], [ -73.887675519523853, 40.882833971565312 ], [ -73.887516427241266, 40.882817348484622 ], [ -73.887350120910554, 40.88278973938246 ], [ -73.887198298797642, 40.882751165436055 ], [ -73.887162433310237, 40.882575470194347 ], [ -73.88706857597704, 40.882476569540323 ], [ -73.885950888898947, 40.880504782364156 ], [ -73.885828964228338, 40.879906319034646 ], [ -73.885786069527811, 40.879615339253697 ], [ -73.885757658771098, 40.879313395010641 ], [ -73.885671625713016, 40.878874159061198 ], [ -73.885410874914541, 40.879098965227286 ], [ -73.885273252306135, 40.879219594959103 ], [ -73.885056842010741, 40.878895505941131 ], [ -73.884891002692029, 40.878604403256524 ], [ -73.884768415569269, 40.878395684289366 ], [ -73.884913507171419, 40.878137827955676 ], [ -73.884993308497201, 40.877995183482831 ], [ -73.885174739372559, 40.877633064678804 ], [ -73.885312671344806, 40.877331285597187 ], [ -73.885428839544574, 40.877067910436843 ], [ -73.885552220004016, 40.876815521073858 ], [ -73.885639354294241, 40.876612500138762 ], [ -73.885857173556445, 40.876113181547552 ], [ -73.885900725712304, 40.876019905028379 ], [ -73.885973328057162, 40.875855295159134 ], [ -73.886125791811253, 40.875509614268928 ], [ -73.886183891617435, 40.875366947494364 ], [ -73.886452466394701, 40.874785336891357 ], [ -73.886496026216378, 40.874686570745446 ], [ -73.886539576541594, 40.874593293960992 ], [ -73.886808145082696, 40.87401168244859 ], [ -73.887091284203365, 40.873364211831124 ], [ -73.887381658740622, 40.872711258119168 ], [ -73.887504893684991, 40.872535717814543 ], [ -73.887635350297032, 40.872365673796409 ], [ -73.887780260131024, 40.872201133073375 ], [ -73.887852724037387, 40.872113373259566 ], [ -73.887932410059022, 40.872031109804254 ], [ -73.888337921233102, 40.871707628805105 ], [ -73.888685392764032, 40.871493878230702 ], [ -73.888844641773176, 40.871400712075086 ], [ -73.889503336818962, 40.871022576631468 ], [ -73.889915929298027, 40.870781437708338 ], [ -73.890429848795819, 40.870485499632665 ], [ -73.890987196868977, 40.870162153327215 ], [ -73.891189926346314, 40.870008641663283 ], [ -73.891392663853381, 40.86984964025423 ], [ -73.891573715427555, 40.869685128717514 ], [ -73.891747552692479, 40.869509631338119 ], [ -73.891914211309597, 40.869301190606308 ], [ -73.892211315935725, 40.868917210943785 ], [ -73.89243596327016, 40.868620993283628 ], [ -73.893001188404099, 40.867880450503598 ], [ -73.893682351904786, 40.866980819272761 ], [ -73.893762059643336, 40.866876594164751 ], [ -73.893972196233477, 40.866602317642112 ], [ -73.894088127795428, 40.86645421041176 ], [ -73.894319998093735, 40.866152506201296 ], [ -73.894363479535443, 40.866092162653423 ], [ -73.894377976238076, 40.866070218337505 ], [ -73.894392472931145, 40.86604827401959 ], [ -73.894435936810908, 40.865998909220885 ], [ -73.894928661710722, 40.865351610096752 ], [ -73.895044588962108, 40.865203501872358 ], [ -73.895305460118607, 40.864846928020036 ], [ -73.895790911505728, 40.864216086691613 ], [ -73.897145796572403, 40.862444226469968 ], [ -73.897740378715753, 40.861352364264093 ], [ -73.898023180744374, 40.860820142637991 ], [ -73.898226201521524, 40.86044704258255 ], [ -73.898291450520375, 40.860331822678994 ], [ -73.898588754481878, 40.859766675946169 ], [ -73.898806271004119, 40.859366140531982 ], [ -73.898835283585839, 40.859305782542506 ], [ -73.899212201110331, 40.858680320450766 ], [ -73.899958793176296, 40.8574238966997 ] ] ] ] } },
{ "type": "Feature", "properties": { "modzcta": "10469", "label": "10469", "zcta": "10469", "pop_est": "73870", "zcta20": "10469", "hvi": 5.0, "hvi_2018": 5.0 }, "geometry": { "type": "MultiPolygon", "coordinates": [ [ [ [ -73.861790550038577, 40.857982832323962 ], [ -73.86178277242297, 40.858246314556062 ], [ -73.86178260130103, 40.858328655457733 ], [ -73.861774732342781, 40.858636052818227 ], [ -73.861774584027643, 40.85870741492819 ], [ -73.861766829083152, 40.858959918339927 ], [ -73.861766669349223, 40.859036769838497 ], [ -73.861766144506561, 40.859289281897865 ], [ -73.861758788823266, 40.859349656551927 ], [ -73.861758172665205, 40.859646083734454 ], [ -73.861704239484084, 40.861243435962777 ], [ -73.861696438313601, 40.861517896817709 ], [ -73.861696301323846, 40.861583769500946 ], [ -73.861688659911692, 40.861781378878703 ], [ -73.861688545746716, 40.861836272778817 ], [ -73.86167327419075, 40.862226002118611 ], [ -73.861673160012288, 40.862280896014433 ], [ -73.861657876844873, 40.862676114710524 ], [ -73.861657762652953, 40.862731008601926 ], [ -73.861642524972709, 40.863104269709403 ], [ -73.862169367884078, 40.86358247824284 ], [ -73.862153643605581, 40.864191783038891 ], [ -73.862107470714008, 40.865536631033478 ], [ -73.861565134146161, 40.865546960441023 ], [ -73.861542172949981, 40.866156256264787 ], [ -73.861503114496188, 40.867550516681355 ], [ -73.861495403223529, 40.867781062141013 ], [ -73.86169061991545, 40.867792275092327 ], [ -73.86247693610548, 40.868698965463985 ], [ -73.862446103666358, 40.869621147312429 ], [ -73.861433756872756, 40.869603467926964 ], [ -73.861379521731465, 40.871338051680411 ], [ -73.86136405161713, 40.871821099779623 ], [ -73.861348123421649, 40.872523723016847 ], [ -73.861317949050274, 40.873122030585037 ], [ -73.861302340668601, 40.873670951060291 ], [ -73.861308759460186, 40.874060705597465 ], [ -73.861076482429468, 40.874472130572023 ], [ -73.860706245080181, 40.875146879371243 ], [ -73.860510258416681, 40.875492474247622 ], [ -73.86032875671745, 40.875827107523598 ], [ -73.860074690546853, 40.876276929719218 ], [ -73.859748022373751, 40.876858408451909 ], [ -73.859276101457482, 40.877725157375664 ], [ -73.858920362106161, 40.878366981441808 ], [ -73.858615417184538, 40.878926525776478 ], [ -73.858571871554517, 40.878997834453884 ], [ -73.858230583361134, 40.879639673969329 ], [ -73.857831311575708, 40.880336334854647 ], [ -73.857446484721365, 40.881038501507739 ], [ -73.85705440532459, 40.881746147199529 ], [ -73.8566695621045, 40.882448311080516 ], [ -73.856459020074439, 40.88281583812531 ], [ -73.856277466123828, 40.883155953949654 ], [ -73.855885361796098, 40.883863595394573 ], [ -73.855674787114893, 40.884242099647388 ], [ -73.853014991660388, 40.883376909992784 ], [ -73.85323999576832, 40.883020386399608 ], [ -73.85065252111437, 40.882193659636314 ], [ -73.848744809989725, 40.881439129528509 ], [ -73.847545360245576, 40.880932527860914 ], [ -73.847269717351509, 40.881283484133363 ], [ -73.844480697176991, 40.880105030884067 ], [ -73.844255758837704, 40.880417622632322 ], [ -73.843265881636128, 40.88000457853569 ], [ -73.84273927828535, 40.87942747644712 ], [ -73.842014985983312, 40.87987112768235 ], [ -73.841276206002235, 40.88032024381328 ], [ -73.840465446653155, 40.880621042262028 ], [ -73.839654666728848, 40.880927324367434 ], [ -73.83874254369924, 40.881266395538944 ], [ -73.837799163395161, 40.879590810296236 ], [ -73.837539951458908, 40.879118358255191 ], [ -73.836603783138912, 40.877475708995675 ], [ -73.836567797828636, 40.877404295958691 ], [ -73.83627257791521, 40.876876895944612 ], [ -73.836301735987703, 40.876783617650027 ], [ -73.836193660670574, 40.876618782547041 ], [ -73.835948773200002, 40.876212219682614 ], [ -73.835811961505428, 40.87597049185446 ], [ -73.835653237849456, 40.875816562933466 ], [ -73.835523456295419, 40.875657185648471 ], [ -73.83540816639875, 40.875486850095093 ], [ -73.835321804730043, 40.875316555703918 ], [ -73.83524993448836, 40.875135303144184 ], [ -73.834805062367735, 40.873723892880143 ], [ -73.834740822626003, 40.873383458409691 ], [ -73.834662133867795, 40.873037513785199 ], [ -73.834568969023707, 40.872697037728798 ], [ -73.834461328293145, 40.87236203020651 ], [ -73.834339225544383, 40.872027001801726 ], [ -73.834238599621969, 40.871779834448816 ], [ -73.834051703365574, 40.87132943526769 ], [ -73.833814518915304, 40.870747217783411 ], [ -73.833692326286638, 40.870450614246217 ], [ -73.833292020639774, 40.86859461969015 ], [ -73.833191321183307, 40.868380387554289 ], [ -73.833162548061708, 40.868319962552171 ], [ -73.833126530075504, 40.868265016465664 ], [ -73.832557730236616, 40.867287079107136 ], [ -73.83175134032534, 40.865908066157701 ], [ -73.830542090927011, 40.863732492529742 ], [ -73.830224713149775, 40.863430108677115 ], [ -73.829548271310074, 40.862166547926726 ], [ -73.828409000052773, 40.860946210762812 ], [ -73.828344068629136, 40.860891220095851 ], [ -73.828423871443349, 40.860787040037778 ], [ -73.828728506539747, 40.860414212871049 ], [ -73.829591611387954, 40.85936152432317 ], [ -73.830556217422981, 40.858188211244425 ], [ -73.830722997492842, 40.857996326690568 ], [ -73.831114617642271, 40.857524811269954 ], [ -73.831281352661222, 40.857349394059582 ], [ -73.831933713212521, 40.856691616824861 ], [ -73.83213652403181, 40.856543697967034 ], [ -73.832382823732715, 40.856351926644194 ], [ -73.832687029666772, 40.856132791721109 ], [ -73.832759465928575, 40.856078002623569 ], [ -73.832831874476625, 40.856034192264957 ], [ -73.832911361040019, 40.856050775648896 ], [ -73.833048672391115, 40.856072932082874 ], [ -73.83447235883412, 40.85631102822849 ], [ -73.834660252865334, 40.856344234128052 ], [ -73.835375749498851, 40.856449556126307 ], [ -73.834992267419523, 40.856569775350394 ], [ -73.836676625187067, 40.856654513258107 ], [ -73.836914349775, 40.857006171861585 ], [ -73.836906689102079, 40.857181822182802 ], [ -73.836819700889279, 40.857275019164859 ], [ -73.837238836359091, 40.857357952381868 ], [ -73.838178370153756, 40.85750748808438 ], [ -73.839110678183474, 40.85765700604977 ], [ -73.840042990404953, 40.857806516477361 ], [ -73.840968089921617, 40.857950520009837 ], [ -73.841907666568034, 40.858089046544414 ], [ -73.843295368097699, 40.85828855844742 ], [ -73.844589189520306, 40.85844401195132 ], [ -73.845521652591174, 40.858538584172074 ], [ -73.846461335737899, 40.858638647868368 ], [ -73.847393917561931, 40.858683800431109 ], [ -73.848333793350932, 40.858701508001765 ], [ -73.849309820173474, 40.858719255137544 ], [ -73.850278802773815, 40.858654643756203 ], [ -73.851226130051231, 40.858573528092528 ], [ -73.852173442816436, 40.858497894041598 ], [ -73.853106317525715, 40.858411255016939 ], [ -73.854053649933206, 40.858324626740838 ], [ -73.855854269158868, 40.858173187029323 ], [ -73.855991663846879, 40.858162379790215 ], [ -73.85663524453669, 40.858113776636465 ], [ -73.858826063821823, 40.858061584100547 ], [ -73.861790550038577, 40.857982832323962 ] ], [ [ -73.832687029666772, 40.856132791721109 ], [ -73.832440551870391, 40.856395925798047 ], [ -73.83239690993102, 40.856500161236035 ], [ -73.832331633586676, 40.856582407568688 ], [ -73.832302589530613, 40.856631770062968 ], [ -73.832287991354249, 40.856686642962089 ], [ -73.832302298869138, 40.856747047290099 ], [ -73.832338296098783, 40.856807483137963 ], [ -73.832388794701345, 40.856851471807168 ], [ -73.832461010744211, 40.856884513170002 ], [ -73.83253326832488, 40.856901086312703 ], [ -73.832634514643047, 40.856890254408526 ], [ -73.832750234540626, 40.856873953986536 ], [ -73.832844278472422, 40.856852132633705 ], [ -73.832967297082618, 40.856808395510235 ], [ -73.833227889944141, 40.856682516028606 ], [ -73.833278636728451, 40.856627695255369 ], [ -73.833307707574392, 40.856567353731307 ], [ -73.833315116291118, 40.856496002080576 ], [ -73.833308065282353, 40.856424629537443 ], [ -73.833272081139626, 40.856358704595905 ], [ -73.833221609857191, 40.856303737524954 ], [ -73.833156651445975, 40.856259728305986 ], [ -73.83307000362457, 40.856215687669447 ], [ -73.832976098520049, 40.856182615285626 ], [ -73.832874936096744, 40.856160511136984 ], [ -73.832773746136695, 40.856149385684262 ], [ -73.832687029666772, 40.856132791721109 ] ] ] ] } },
{ "type": "Feature", "properties": { "modzcta": "10470", "label": "10470", "zcta": "10470", "pop_est": "15432", "zcta20": "10470", "hvi": 3.0, "hvi_2018": 3.0 }, "geometry": { "type": "MultiPolygon", "coordinates": [ [ [ [ -73.844929685273783, 40.904665098085104 ], [ -73.845616765166767, 40.904775806111381 ], [ -73.84542981391624, 40.904276024009604 ], [ -73.846052423431715, 40.904106685638659 ], [ -73.846067630929355, 40.903788322873382 ], [ -73.846097308230071, 40.903469979376595 ], [ -73.845982261010576, 40.903162421603973 ], [ -73.846098083621385, 40.903135129238883 ], [ -73.846221115669834, 40.903118825087866 ], [ -73.846344109585104, 40.903118988845904 ], [ -73.846459843201941, 40.903130121544919 ], [ -73.846575551513894, 40.903152232821377 ], [ -73.846803529328767, 40.901549641156123 ], [ -73.846933818316813, 40.901522367143777 ], [ -73.846984208898846, 40.901632221245087 ], [ -73.847056304006728, 40.901742104077229 ], [ -73.847135646776735, 40.901846507093488 ], [ -73.847243954265579, 40.901939969651053 ], [ -73.847359509484079, 40.902027952322868 ], [ -73.847482337625948, 40.902099476391719 ], [ -73.847619660869398, 40.902160040732156 ], [ -73.848096670491756, 40.902374754546273 ], [ -73.849549360497292, 40.903046359133107 ], [ -73.850666709367303, 40.90163704324619 ], [ -73.851718764541317, 40.900288015411427 ], [ -73.852233863261034, 40.899640930635535 ], [ -73.85343093062032, 40.898116412516266 ], [ -73.854298323739371, 40.898452361947243 ], [ -73.855389802986366, 40.898876415617572 ], [ -73.85623894368463, 40.897625900333601 ], [ -73.857041294239991, 40.89793430132174 ], [ -73.856192152820498, 40.899190311786455 ], [ -73.856994510232994, 40.899504202360333 ], [ -73.857804109802345, 40.899818096250186 ], [ -73.858628174568253, 40.900137491514293 ], [ -73.859127025491063, 40.900297292901023 ], [ -73.85936561731512, 40.900368945538851 ], [ -73.860135376875192, 40.898997539227089 ], [ -73.860236994468707, 40.898838470664636 ], [ -73.861049332460084, 40.897845875822156 ], [ -73.861107345022575, 40.89778007322181 ], [ -73.861165380401971, 40.897703291883708 ], [ -73.861484595470813, 40.897270015274025 ], [ -73.861549864262386, 40.897193242415256 ], [ -73.861636961453129, 40.897056112631823 ], [ -73.862232072358026, 40.896140099788539 ], [ -73.862326412294948, 40.895997488735141 ], [ -73.862877952627059, 40.895152782244196 ], [ -73.863304480623341, 40.895290522352269 ], [ -73.863557493363487, 40.895378651595379 ], [ -73.863682634454236, 40.894324840320749 ], [ -73.866563704447287, 40.889755558848748 ], [ -73.867006308797372, 40.889075387070733 ], [ -73.867224297881478, 40.88858159416673 ], [ -73.867427817120813, 40.888087784191171 ], [ -73.867609644520229, 40.887588459559531 ], [ -73.867784246911171, 40.887083636944617 ], [ -73.867937147233221, 40.886578789192825 ], [ -73.868075579064737, 40.886073924657914 ], [ -73.868221176535869, 40.885602004370178 ], [ -73.868388449149791, 40.88514108733736 ], [ -73.86857018530938, 40.884680186496176 ], [ -73.868766373878032, 40.884224791146835 ], [ -73.868984258259488, 40.88376942005852 ], [ -73.869209350841729, 40.883325035455854 ], [ -73.870014111175351, 40.882343345211872 ], [ -73.870835072556858, 40.880455918993292 ], [ -73.871869559572659, 40.880330816269094 ], [ -73.871913134114791, 40.880237545101622 ], [ -73.873070525199594, 40.880134525487648 ], [ -73.874068788895087, 40.880036810132438 ], [ -73.874944077907514, 40.879949931728063 ], [ -73.874791959346581, 40.880076022640473 ], [ -73.874702387310293, 40.881552569634138 ], [ -73.875338629061403, 40.881674025024239 ], [ -73.876256873783731, 40.881834205275005 ], [ -73.877167890289229, 40.881994370518242 ], [ -73.878122307137616, 40.882154574399536 ], [ -73.877729350911977, 40.883455142160983 ], [ -73.877604422623122, 40.884525438885731 ], [ -73.877831750191291, 40.886770835532509 ], [ -73.877990365926678, 40.887050961544411 ], [ -73.878033644222398, 40.887116879807962 ], [ -73.878018976376993, 40.887226651846511 ], [ -73.878004308483128, 40.887336423880917 ], [ -73.878004107010085, 40.887446211202167 ], [ -73.878054407358519, 40.887627413781352 ], [ -73.878155089368292, 40.887945903931808 ], [ -73.878191064705561, 40.88805024004759 ], [ -73.87919239348598, 40.890307425440028 ], [ -73.880180183528211, 40.892087011755287 ], [ -73.880266642342988, 40.892279229473921 ], [ -73.880338614331038, 40.892482410846576 ], [ -73.880388875466494, 40.892691059042875 ], [ -73.880417435432506, 40.89289968472994 ], [ -73.880417060173684, 40.893108280430347 ], [ -73.880394993168451, 40.893311364278873 ], [ -73.880351214461982, 40.893519914983848 ], [ -73.880204676687782, 40.894551764513224 ], [ -73.880175433897051, 40.894721904605206 ], [ -73.880160619460028, 40.894914017139186 ], [ -73.880145884121006, 40.895062214797399 ], [ -73.880131148716288, 40.895210412449529 ], [ -73.880044319946549, 40.895221300993008 ], [ -73.880029693263623, 40.895309115688711 ], [ -73.880014977362734, 40.895446334603214 ], [ -73.880050741749514, 40.895671435865367 ], [ -73.880165696116322, 40.89611070467857 ], [ -73.880403406668663, 40.896676356021842 ], [ -73.880439459378039, 40.896742265770008 ], [ -73.8801275750032, 40.897192070406298 ], [ -73.880069552071248, 40.897274350638746 ], [ -73.880033271565992, 40.897334695972155 ], [ -73.879474099521929, 40.898508837808699 ], [ -73.879430463866342, 40.898635047641683 ], [ -73.879394082432356, 40.898750286304278 ], [ -73.879255789949923, 40.899211248381611 ], [ -73.879022057389435, 40.9004351318234 ], [ -73.878831855006837, 40.901587698505963 ], [ -73.878627075983772, 40.902795142915174 ], [ -73.878466041032269, 40.903815994520023 ], [ -73.878392867258498, 40.904266044949431 ], [ -73.878305041339516, 40.904814888309616 ], [ -73.87819533738579, 40.905457027555791 ], [ -73.878114854256964, 40.905945495463605 ], [ -73.878071462910597, 40.905934470933417 ], [ -73.87803529675034, 40.905928943377091 ], [ -73.877868997051536, 40.905868384651455 ], [ -73.877370049129468, 40.905714153768692 ], [ -73.876466146266836, 40.905444211627959 ], [ -73.8756345407525, 40.905207276438979 ], [ -73.874831933425298, 40.904942919889827 ], [ -73.874159366973899, 40.904782997376401 ], [ -73.872951752390719, 40.90444133454109 ], [ -73.870956009807898, 40.903851759623066 ], [ -73.867897397120515, 40.902942555881324 ], [ -73.866523611236175, 40.902518294927368 ], [ -73.865655981213877, 40.902242820458994 ], [ -73.864773799408468, 40.902011237307292 ], [ -73.863052942020488, 40.901509676799492 ], [ -73.862799668647753, 40.901536822905761 ], [ -73.86266236689012, 40.901459808564418 ], [ -73.862459998144146, 40.901360759104556 ], [ -73.862243149151453, 40.901267181374024 ], [ -73.862026266583229, 40.901190071285669 ], [ -73.861794903663863, 40.901118432818656 ], [ -73.861563506942517, 40.901063261938425 ], [ -73.861339127724023, 40.901112396941961 ], [ -73.861093319336419, 40.901029760987406 ], [ -73.860883650599959, 40.900963636154664 ], [ -73.860782433738166, 40.900930577957311 ], [ -73.860688440167621, 40.900903017751894 ], [ -73.860500453260386, 40.900847897111042 ], [ -73.860269093176726, 40.900776255581619 ], [ -73.860189569397505, 40.900748712481054 ], [ -73.860110045684195, 40.900721169325536 ], [ -73.85946658887741, 40.900517281350496 ], [ -73.859394056526781, 40.900605022873755 ], [ -73.85932151236598, 40.900698253700583 ], [ -73.859074881647331, 40.901005357328138 ], [ -73.859233847580086, 40.901098870458917 ], [ -73.859421323284153, 40.901395524561117 ], [ -73.859384847579307, 40.901538203603714 ], [ -73.859377554742395, 40.901565641540401 ], [ -73.859283525990421, 40.901554548243716 ], [ -73.85920395517428, 40.901548961867277 ], [ -73.859030541978967, 40.901444452336698 ], [ -73.858863571423754, 40.901713227168983 ], [ -73.859290098337098, 40.901867449987023 ], [ -73.859384069464255, 40.90190599002463 ], [ -73.859463594294368, 40.901933533674018 ], [ -73.859499408609111, 40.902103747529857 ], [ -73.859535292715066, 40.90224102527494 ], [ -73.85957828425127, 40.90243869464274 ], [ -73.859266696914105, 40.90266886848385 ], [ -73.85917990150763, 40.902657783924013 ], [ -73.859107575903238, 40.902646716958138 ], [ -73.859035366749424, 40.902580756460814 ], [ -73.858963146090346, 40.902520285266242 ], [ -73.858724885356779, 40.902289440709858 ], [ -73.858399480946886, 40.902212190975462 ], [ -73.858160532103, 40.902305216833618 ], [ -73.858167146094374, 40.902596161202155 ], [ -73.857971264705256, 40.902848431084486 ], [ -73.857747111786423, 40.902787772124967 ], [ -73.857558721990429, 40.902919284554322 ], [ -73.857108587555558, 40.903648813503636 ], [ -73.857172770577534, 40.904082552496391 ], [ -73.856990819641581, 40.90458185913581 ], [ -73.857041335435696, 40.904642304666616 ], [ -73.857099074628877, 40.904708248476126 ], [ -73.857185931344972, 40.904691887864765 ], [ -73.857359491490357, 40.904730527947301 ], [ -73.857431607112673, 40.904840404234932 ], [ -73.857177422217589, 40.905284728275809 ], [ -73.857047177287782, 40.905290056446333 ], [ -73.856801500716969, 40.905141539270957 ], [ -73.856729231973532, 40.905103024091531 ], [ -73.856656986992888, 40.90505353017501 ], [ -73.856360239140074, 40.905102565614868 ], [ -73.856012511740076, 40.905305238816872 ], [ -73.856012131169706, 40.905480897869374 ], [ -73.856352078539174, 40.90553072556272 ], [ -73.856424394964421, 40.905547283594025 ], [ -73.856503946629473, 40.905563850572506 ], [ -73.856922702127704, 40.905976072244606 ], [ -73.856806547846645, 40.906157077107025 ], [ -73.856560323615653, 40.906261069298957 ], [ -73.85595265531137, 40.906216397887469 ], [ -73.855880243044552, 40.90624375431895 ], [ -73.855807842627996, 40.906265621360326 ], [ -73.855525416108861, 40.906380544846499 ], [ -73.855140880722658, 40.906868615985069 ], [ -73.854236101338387, 40.90703215803633 ], [ -73.853742429513119, 40.907789065187686 ], [ -73.853836079824646, 40.907975821945605 ], [ -73.854226698665897, 40.908020230635934 ], [ -73.854711511222817, 40.9080043736354 ], [ -73.85475475607798, 40.908081279049654 ], [ -73.854790765547222, 40.908158175347126 ], [ -73.854913337382015, 40.908355946297398 ], [ -73.854586466364822, 40.908937406933497 ], [ -73.853919635492815, 40.909463543422085 ], [ -73.853774777992712, 40.909529232336858 ], [ -73.853600953451704, 40.909605863057337 ], [ -73.853353972522655, 40.910044698108784 ], [ -73.852955329324374, 40.910351595031678 ], [ -73.852767078868808, 40.91040624869531 ], [ -73.852586392611499, 40.910312699115288 ], [ -73.85265940703006, 40.910016367109101 ], [ -73.852457149011229, 40.909862406874744 ], [ -73.852276269433474, 40.909856686245718 ], [ -73.851783570478105, 40.910157969412055 ], [ -73.851493884742197, 40.91027287366245 ], [ -73.851450077789991, 40.910448476686881 ], [ -73.851073991801215, 40.910371141252007 ], [ -73.851647121472638, 40.909696688282253 ], [ -73.852075136918998, 40.909197705989534 ], [ -73.852350833627582, 40.908863208102964 ], [ -73.853047280521238, 40.908035203635222 ], [ -73.853475286856934, 40.907530726650457 ], [ -73.852578825710637, 40.907200224008285 ], [ -73.852282443502162, 40.907079079308708 ], [ -73.851422097407379, 40.906781549996829 ], [ -73.850923228654779, 40.906616226171067 ], [ -73.850400926575674, 40.907219380123294 ], [ -73.850175973811361, 40.907510024452037 ], [ -73.849337536827036, 40.907124678309387 ], [ -73.848636430820761, 40.906805378470544 ], [ -73.847082323649857, 40.906155586138503 ], [ -73.846229159119574, 40.905896453069296 ], [ -73.845383198140325, 40.90565379140439 ], [ -73.844819133592253, 40.905532268701158 ], [ -73.844929685273783, 40.904665098085104 ] ] ] ] } },
{ "type": "Feature", "properties": { "modzcta": "10471", "label": "10471", "zcta": "10471", "pop_est": "21896", "zcta20": "10471", "hvi": 1.0, "hvi_2018": 1.0 }, "geometry": { "type": "MultiPolygon", "coordinates": [ [ [ [ -73.920586545402728, 40.887181447417092 ], [ -73.92039068997903, 40.887647909258803 ], [ -73.919788348954725, 40.889288814655686 ], [ -73.91915708377806, 40.890896759955147 ], [ -73.918881342323033, 40.891604695213296 ], [ -73.918540208550795, 40.892543137077318 ], [ -73.91816279429689, 40.893563892573205 ], [ -73.918003099919758, 40.894008417996439 ], [ -73.917814514912678, 40.894414497032088 ], [ -73.91781436559657, 40.894535262989976 ], [ -73.917857688253463, 40.894601166222813 ], [ -73.917901010996275, 40.894667069438597 ], [ -73.917633011995818, 40.894941346838984 ], [ -73.916943650558494, 40.896642556138744 ], [ -73.916849241497161, 40.89693342447999 ], [ -73.916711226318782, 40.89738345282354 ], [ -73.91671842624902, 40.897410904835915 ], [ -73.916725633062512, 40.897432867489123 ], [ -73.91672559867591, 40.89746031428205 ], [ -73.91672556428928, 40.897487761074906 ], [ -73.916674875800837, 40.897526150044236 ], [ -73.915186660818534, 40.90158170440067 ], [ -73.915237157240483, 40.901697018031136 ], [ -73.915432349872304, 40.901812437717751 ], [ -73.91501110989708, 40.903080170196475 ], [ -73.914590150137144, 40.904117348073505 ], [ -73.914293541297809, 40.904095170842901 ], [ -73.914184958842966, 40.904139005040939 ], [ -73.913887261838283, 40.904956697480102 ], [ -73.912870959360433, 40.907535931673721 ], [ -73.912878158804247, 40.907563383872599 ], [ -73.912885365449569, 40.907585346723224 ], [ -73.912907035770658, 40.907612809837353 ], [ -73.912928713301639, 40.907634783599612 ], [ -73.912950398037168, 40.90765126800995 ], [ -73.913001010167292, 40.907678752922607 ], [ -73.913044386896118, 40.907706232364085 ], [ -73.913080521035184, 40.907739195690063 ], [ -73.913109412582656, 40.907777642907348 ], [ -73.91311663368063, 40.907788627047388 ], [ -73.913116612151157, 40.907805095090097 ], [ -73.913116597798165, 40.907816073785249 ], [ -73.913116576268678, 40.90783254182795 ], [ -73.913109326457544, 40.907843515078156 ], [ -73.913102069466333, 40.90785997767545 ], [ -73.913094819649828, 40.907870950924682 ], [ -73.913080334368615, 40.907881918726822 ], [ -73.913000693980891, 40.907920284215876 ], [ -73.91291383241709, 40.907947665497829 ], [ -73.912819735309284, 40.907975041251255 ], [ -73.912725645332785, 40.907996927580541 ], [ -73.912645961310105, 40.908068228907851 ], [ -73.912340767735103, 40.909056081006895 ], [ -73.912362365921382, 40.909138437677058 ], [ -73.912318887144366, 40.909187808832492 ], [ -73.912282701876791, 40.909193270699859 ], [ -73.912268179939716, 40.909231685127502 ], [ -73.912275372072102, 40.909264626701081 ], [ -73.911817030058444, 40.911147124792642 ], [ -73.911773476684019, 40.911251389162501 ], [ -73.911576933348201, 40.912135024004201 ], [ -73.911504530234978, 40.912167904627893 ], [ -73.911489970641341, 40.912233765649766 ], [ -73.911533298564223, 40.912299671034113 ], [ -73.911445860101935, 40.912755219901989 ], [ -73.911431300321468, 40.912821080908998 ], [ -73.911474599318367, 40.9129089436763 ], [ -73.911503462943145, 40.912969348625325 ], [ -73.911546747518571, 40.913068190046864 ], [ -73.911654820861528, 40.913419591012143 ], [ -73.911502402936023, 40.913765303157547 ], [ -73.911437226800103, 40.913803678615373 ], [ -73.911379279379361, 40.913847548930889 ], [ -73.911328560673738, 40.9138969141149 ], [ -73.911277841892769, 40.913946279276217 ], [ -73.911241595292097, 40.913995655539814 ], [ -73.911205341302505, 40.914050521132481 ], [ -73.911205319297338, 40.914066989155053 ], [ -73.911205297292156, 40.91408345717754 ], [ -73.911205275286989, 40.914099925199963 ], [ -73.911212489422766, 40.914116398786511 ], [ -73.911219703562125, 40.914132872372598 ], [ -73.911234161182293, 40.914143862180183 ], [ -73.911197877762973, 40.914220685131639 ], [ -73.911161601598437, 40.914292018730016 ], [ -73.911110853020304, 40.914363341176305 ], [ -73.91105287550532, 40.914429168685167 ], [ -73.910987661693255, 40.914494990586249 ], [ -73.910915218921758, 40.914555317527068 ], [ -73.910864550874038, 40.914566257118615 ], [ -73.910821111633922, 40.914582691616872 ], [ -73.910777665001859, 40.914604615438982 ], [ -73.910741447164199, 40.914632034178567 ], [ -73.910712465496701, 40.914659458502072 ], [ -73.910661627595388, 40.914796652826688 ], [ -73.910335005379224, 40.915531971946145 ], [ -73.91011085844832, 40.915400053398962 ], [ -73.908512184603865, 40.9150035649985 ], [ -73.902458451857584, 40.912956572901578 ], [ -73.900606549598749, 40.912609164726121 ], [ -73.899955650603573, 40.912383539307413 ], [ -73.898104156166454, 40.911789070553745 ], [ -73.897250525284704, 40.9116565697054 ], [ -73.896635843327601, 40.911419979035003 ], [ -73.892470012541267, 40.910170091978443 ], [ -73.886105730967003, 40.908330545640794 ], [ -73.886055110642403, 40.908314027633502 ], [ -73.886389173289928, 40.907595251353577 ], [ -73.886382059862655, 40.907523882736939 ], [ -73.88657157679225, 40.906706155089218 ], [ -73.886571586161182, 40.906700665742413 ], [ -73.886579186856281, 40.906486588319332 ], [ -73.886565184712111, 40.906212106743176 ], [ -73.886500704691059, 40.905838767116023 ], [ -73.886378522130329, 40.905361072864011 ], [ -73.886328232609131, 40.905152427775185 ], [ -73.886292366724746, 40.904971243651424 ], [ -73.886242228102844, 40.904674768927478 ], [ -73.886199606986438, 40.904213620816932 ], [ -73.886222082758508, 40.90376351553823 ], [ -73.886251314048238, 40.90359337420545 ], [ -73.886295080876209, 40.903384821659657 ], [ -73.886462216635763, 40.902956816083858 ], [ -73.885869150859847, 40.902840954768649 ], [ -73.886633067459783, 40.900349537353897 ], [ -73.886640339549032, 40.900327587043961 ], [ -73.886654846268527, 40.900305643836596 ], [ -73.886662137066892, 40.900272714818044 ], [ -73.886539242039291, 40.900217700475793 ], [ -73.886358507801958, 40.900140671630432 ], [ -73.886127253984071, 40.89999223096163 ], [ -73.886069443043368, 40.899953748382963 ], [ -73.885896001199129, 40.899843789825461 ], [ -73.885621483732294, 40.899612964912578 ], [ -73.885534820274927, 40.899525049201301 ], [ -73.885303740945517, 40.899277798485713 ], [ -73.88499341631514, 40.898838340628195 ], [ -73.884827660681097, 40.898470387957204 ], [ -73.884726940276977, 40.898146414899117 ], [ -73.884640632420883, 40.897855392327934 ], [ -73.884569032319177, 40.897427150237888 ], [ -73.884547605863233, 40.897267937199253 ], [ -73.884548454450297, 40.89677938444904 ], [ -73.884570405056195, 40.896636682867737 ], [ -73.884607195666987, 40.896279910802953 ], [ -73.884789125741406, 40.895659794003961 ], [ -73.88486909098954, 40.895434809704263 ], [ -73.884992555154923, 40.895154975003308 ], [ -73.885239442458115, 40.894617262598388 ], [ -73.88571839753277, 40.893739438691583 ], [ -73.886494826615063, 40.892334925965862 ], [ -73.886893935430351, 40.891599741963866 ], [ -73.887213335342139, 40.890941329847379 ], [ -73.887227839824135, 40.890919386529369 ], [ -73.887474888448253, 40.890266392277134 ], [ -73.88760587183576, 40.889805412540269 ], [ -73.887620422340035, 40.889756022346013 ], [ -73.887729026626147, 40.889695744921234 ], [ -73.888091033330099, 40.889498479005482 ], [ -73.888966877852269, 40.889142515520831 ], [ -73.889227436489378, 40.889049446505709 ], [ -73.889459033412109, 40.888972817292043 ], [ -73.889828091573577, 40.888879850774579 ], [ -73.890443174153205, 40.888732223107304 ], [ -73.89183980520319, 40.888371241547112 ], [ -73.89303391524976, 40.887993587453856 ], [ -73.894199288383007, 40.887484149650788 ], [ -73.894416442530513, 40.887385539737728 ], [ -73.894633639536224, 40.887259482576653 ], [ -73.895343151504193, 40.886842935529501 ], [ -73.896233799745914, 40.886223440157593 ], [ -73.896031135488542, 40.886311087805275 ], [ -73.89571273212475, 40.886404119957874 ], [ -73.89548828093352, 40.886546640725349 ], [ -73.895379714744166, 40.886590457380777 ], [ -73.895256699413338, 40.886623282070516 ], [ -73.895097570181136, 40.886623137556157 ], [ -73.894974624028492, 40.886612046999289 ], [ -73.894757872982495, 40.886458147037388 ], [ -73.894721968130398, 40.886293433002535 ], [ -73.894736625573103, 40.886172680087171 ], [ -73.894823613809805, 40.886051993099784 ], [ -73.894946715042039, 40.885964275179582 ], [ -73.895120412768691, 40.885898560620376 ], [ -73.895286816566511, 40.885871264820452 ], [ -73.895554474473812, 40.885849549826595 ], [ -73.895959560354939, 40.88582795817004 ], [ -73.896523568191128, 40.885938252717523 ], [ -73.896617572524619, 40.885954805084253 ], [ -73.89668265313145, 40.885965842111084 ], [ -73.89688512816079, 40.885998959433145 ], [ -73.897159917236351, 40.886043119606278 ], [ -73.897384075055228, 40.886087234122215 ], [ -73.898924272318908, 40.886385019464569 ], [ -73.899726950083803, 40.886517464597759 ], [ -73.899784798620587, 40.886528493590284 ], [ -73.899907712361411, 40.886561536498284 ], [ -73.900059550549173, 40.886600093698924 ], [ -73.900507816580983, 40.88672673660318 ], [ -73.901447736610734, 40.886991032980241 ], [ -73.902365964464863, 40.88725530333739 ], [ -73.902488574861181, 40.887496939475653 ], [ -73.902776050064176, 40.888765227374307 ], [ -73.902761061381852, 40.889122024005623 ], [ -73.902862265085489, 40.88916602420106 ], [ -73.902898335987956, 40.889231927025634 ], [ -73.902919932068102, 40.889303307037856 ], [ -73.902919819836981, 40.889380158162275 ], [ -73.902912482166755, 40.889451513835773 ], [ -73.903483757778048, 40.889567269747921 ], [ -73.903939426605689, 40.889595096719702 ], [ -73.904358715205277, 40.889771104806663 ], [ -73.904430497681162, 40.890155420303373 ], [ -73.904553530781158, 40.890111607127487 ], [ -73.904691022893871, 40.890073295131735 ], [ -73.904835716933604, 40.890056946397443 ], [ -73.904980395209307, 40.890051576212613 ], [ -73.905125042123629, 40.89006816330825 ], [ -73.905262439939321, 40.890095723016834 ], [ -73.905269673465028, 40.890095728953426 ], [ -73.905392580902969, 40.890139744729488 ], [ -73.905399814433494, 40.890139750657902 ], [ -73.905450417916526, 40.890161749605795 ], [ -73.905508543673619, 40.889980647931438 ], [ -73.90562477085814, 40.889634912574401 ], [ -73.9058572216003, 40.888943441442493 ], [ -73.906264227097864, 40.887571429266373 ], [ -73.907385036896258, 40.887819355859179 ], [ -73.907594275471226, 40.888198290350608 ], [ -73.907962262765295, 40.88885730915063 ], [ -73.908316343105938, 40.889115591458172 ], [ -73.908374210460579, 40.889115637407251 ], [ -73.908432062692683, 40.889126662060569 ], [ -73.908482673965096, 40.889143170316686 ], [ -73.908533277709694, 40.889165167917177 ], [ -73.908547721903886, 40.889181647479695 ], [ -73.908562158554673, 40.889203616406924 ], [ -73.908569369333648, 40.889220090236392 ], [ -73.908576580116218, 40.889236564065314 ], [ -73.908583783353563, 40.889258527260246 ], [ -73.908583753158368, 40.8892804847262 ], [ -73.908778935442726, 40.889368469098649 ], [ -73.908815072558312, 40.889390455140877 ], [ -73.908872895002943, 40.889423437038047 ], [ -73.909002991956058, 40.889500390883313 ], [ -73.909183918478973, 40.889434660906296 ], [ -73.90953107945451, 40.889467869754142 ], [ -73.909748053377172, 40.889489997095311 ], [ -73.911469434172943, 40.889628564479935 ], [ -73.912901504097164, 40.88975042012936 ], [ -73.912697892252567, 40.890568182634361 ], [ -73.913052244224701, 40.890639811913225 ], [ -73.914014438926245, 40.890541723998133 ], [ -73.91454253930138, 40.8905036905823 ], [ -73.91634271752099, 40.891284499867581 ], [ -73.916728398026052, 40.889451328880881 ], [ -73.916881179160811, 40.888748799366894 ], [ -73.91690323611239, 40.888463367871708 ], [ -73.916903592920548, 40.888177920737284 ], [ -73.916882256728201, 40.88788696859536 ], [ -73.916846440480612, 40.887606984750306 ], [ -73.916688196293279, 40.88689874139407 ], [ -73.91397642913013, 40.886375261612407 ], [ -73.915866198273406, 40.884856097489411 ], [ -73.916307339516365, 40.884911311972701 ], [ -73.918758508902329, 40.885571788422538 ], [ -73.918722249772216, 40.885648614153084 ], [ -73.91869321689596, 40.885730934337317 ], [ -73.918664183947797, 40.885813254512918 ], [ -73.918649617067345, 40.885895584876742 ], [ -73.918635043432346, 40.885983404607927 ], [ -73.918634942655174, 40.886065745164011 ], [ -73.918699040184237, 40.886883707158105 ], [ -73.920398541103424, 40.88713191355005 ], [ -73.920586545402728, 40.887181447417092 ] ] ] ] } }
]
}
