{
"type": "FeatureCollection",
"name": "hvi",
"crs": { "type": "name", "properties": { "name": "urn:ogc:def:crs:OGC:1.3:CRS84" } },
"features": [
{ "type": "Feature", "properties": { "modzcta": "10026", "label": "10026", "zcta": "10026", "pop_est": "39363", "zcta20": "10026", "hvi": 5.0, "hvi_2018": 5.0 }, "geometry": { "type": "MultiPolygon", "coordinates": [ [ [ [ -73.962007208267977, 40.805509087375349 ], [ -73.960071566813852, 40.804706973506491 ], [ -73.960317616746366, 40.803993429881764 ], [ -73.962477142941395, 40.804883444009654 ], [ -73.962007208267977, 40.805509087375349 ] ] ], [ [ [ -73.958615210454084, 40.799974551866399 ], [ -73.960066815861282, 40.800584393298465 ], [ -73.959647489251822, 40.801155150457475 ], [ -73.959148621517656, 40.80184115639274 ], [ -73.958685897637011, 40.80247227853404 ], [ -73.958252057840895, 40.803108898673422 ], [ -73.958200996368276, 40.803893871727858 ], [ -73.958236800306565, 40.804398914185995 ], [ -73.958243945318571, 40.804525174138249 ], [ -73.958258276733858, 40.804711820644407 ], [ -73.95826542870401, 40.804827101690947 ], [ -73.958272584140275, 40.804936893285962 ], [ -73.95827973960013, 40.805046684878555 ], [ -73.958272446486902, 40.80515647123984 ], [ -73.958257929039377, 40.805266254983131 ], [ -73.958236183777444, 40.805381525554232 ], [ -73.958214445332487, 40.805485817222177 ], [ -73.958178254679481, 40.805595593091851 ], [ -73.957722678070922, 40.80629258698179 ], [ -73.957267137737617, 40.806918216180513 ], [ -73.956804364283144, 40.807543840809558 ], [ -73.95541041085437, 40.806966918023321 ], [ -73.95395871271451, 40.806351529128428 ], [ -73.953503132764041, 40.806982632894311 ], [ -73.952860346981353, 40.806707899417184 ], [ -73.950737012048137, 40.805817720846264 ], [ -73.950657568396934, 40.805784750172521 ], [ -73.950556455814308, 40.805746280702465 ], [ -73.947877103084323, 40.804614273644695 ], [ -73.947812106453043, 40.804586796984459 ], [ -73.947935051575342, 40.804416679598404 ], [ -73.947848386770247, 40.804383703718401 ], [ -73.947480077466352, 40.80422434242741 ], [ -73.947552397290252, 40.804125565230848 ], [ -73.944757566770079, 40.803004411629651 ], [ -73.94505408872017, 40.802598333859265 ], [ -73.945509714273939, 40.80197275249359 ], [ -73.945965335719848, 40.801341679813071 ], [ -73.946464326737697, 40.80066670978799 ], [ -73.946970553239055, 40.799964293589447 ], [ -73.947281508569944, 40.799541748178953 ], [ -73.947324902827077, 40.799475894553161 ], [ -73.94737552067258, 40.799410044208393 ], [ -73.947418910414797, 40.799349679999331 ], [ -73.947708167602187, 40.798954570778449 ], [ -73.947758784672146, 40.79888872025996 ], [ -73.947816638162209, 40.798806404627122 ], [ -73.947845562703165, 40.798767991526397 ], [ -73.94804804640755, 40.798482631248859 ], [ -73.948098662782442, 40.798416780576233 ], [ -73.948156506891692, 40.798345443675395 ], [ -73.948207127325986, 40.798274103499253 ], [ -73.948308367869075, 40.798131423077855 ], [ -73.948785619563253, 40.797483880216689 ], [ -73.949067628709244, 40.797099743169156 ], [ -73.949233943275175, 40.796869259325724 ], [ -73.949746634674781, 40.79709455174099 ], [ -73.950945346716281, 40.797605587621568 ], [ -73.952375163489307, 40.798210027460144 ], [ -73.952461822499259, 40.798242999969361 ], [ -73.952534038406455, 40.798270477010483 ], [ -73.952765121919825, 40.798369382146163 ], [ -73.955220434965312, 40.799407869236383 ], [ -73.955256545957511, 40.799418862169105 ], [ -73.955307096943926, 40.799440839600251 ], [ -73.955364867963212, 40.799468309260149 ], [ -73.957863597911441, 40.800517735549271 ], [ -73.9581741797017, 40.800583722108279 ], [ -73.958333240791035, 40.800364201548696 ], [ -73.958615210454084, 40.799974551866399 ] ] ] ] } },
{ "type": "Feature", "properties": { "modzcta": "10030", "label": "10030", "zcta": "10030", "pop_est": "29882", "zcta20": "10030", "hvi": 5.0, "hvi_2018": 5.0 }, "geometry": { "type": "MultiPolygon", "coordinates": [ [ [ [ -73.941801571823703, 40.812812601023765 ], [ -73.941873794344019, 40.812845574120459 ], [ -73.942711607271022, 40.813197317852875 ], [ -73.942964765794315, 40.812873566195996 ], [ -73.944423720564671, 40.813500075241748 ], [ -73.944727288524206, 40.813368474536958 ], [ -73.945001863856902, 40.813346648069057 ], [ -73.945102984775673, 40.813385122363698 ], [ -73.944647277268643, 40.814010700971338 ], [ -73.944726727761406, 40.814043675742987 ], [ -73.945456546753803, 40.813961681670534 ], [ -73.947226124488495, 40.814731027138656 ], [ -73.947030813192228, 40.815016388546645 ], [ -73.94748585978185, 40.815208727155117 ], [ -73.948677676456384, 40.815692334646364 ], [ -73.948359228838015, 40.816372883100485 ], [ -73.948004599581736, 40.817113798128766 ], [ -73.947664413781652, 40.817854718536644 ], [ -73.947345945453776, 40.818535263950949 ], [ -73.947034700805432, 40.819210322293138 ], [ -73.946716215154936, 40.81989635525165 ], [ -73.946404957752463, 40.820571411742648 ], [ -73.94607922860186, 40.821262928862971 ], [ -73.944754565259373, 40.824028976967618 ], [ -73.943844365235464, 40.823649766379603 ], [ -73.942926958737786, 40.82325956614298 ], [ -73.943505595732645, 40.822628566103525 ], [ -73.942407613260997, 40.822166910390621 ], [ -73.941915650881498, 40.822836374707258 ], [ -73.939156300128147, 40.821671191456886 ], [ -73.939076843289058, 40.821638212887976 ], [ -73.938982939395885, 40.821599737184243 ], [ -73.93622368601217, 40.820439972953018 ], [ -73.936259857858076, 40.820396077456223 ], [ -73.936296029656276, 40.820352181947754 ], [ -73.936722913820049, 40.81977053662245 ], [ -73.936976152477598, 40.81941935128809 ], [ -73.937034026765204, 40.819348020211066 ], [ -73.937178740442803, 40.819139500492646 ], [ -73.93741025565852, 40.818832217842321 ], [ -73.937439194910155, 40.818793807477249 ], [ -73.937460903196026, 40.818760882621675 ], [ -73.937518781545378, 40.818684061857667 ], [ -73.937641784167667, 40.818508466403387 ], [ -73.938090347327403, 40.817899380377447 ], [ -73.938220582844892, 40.817712809288921 ], [ -73.938538912415709, 40.817279313671122 ], [ -73.938994689659154, 40.816664738417799 ], [ -73.939457703940008, 40.81602820734166 ], [ -73.939906248633193, 40.815402645687072 ], [ -73.940369240496267, 40.814771600258659 ], [ -73.940853928668673, 40.814107627386669 ], [ -73.940926156997421, 40.814135111629838 ], [ -73.94263792670705, 40.814855092908736 ], [ -73.942833600581025, 40.81416900981278 ], [ -73.943108151681855, 40.814180124498954 ], [ -73.941418065010367, 40.813465650578401 ], [ -73.941345837205006, 40.813438166640374 ], [ -73.941490514870694, 40.813240620191003 ], [ -73.941801571823703, 40.812812601023765 ] ] ] ] } },
{ "type": "Feature", "properties": { "modzcta": "10024", "label": "10024", "zcta": "10024", "pop_est": "59001", "zcta20": "10024", "hvi": 1.0, "hvi_2018": 1.0 }, "geometry": { "type": "MultiPolygon", "coordinates": [ [ [ [ -73.9740678073141, 40.778806204176334 ], [ -73.976905420128929, 40.779998023160857 ], [ -73.97665977132003, 40.78032734193075 ], [ -73.979511938819769, 40.781519099379857 ], [ -73.979750354550873, 40.781195262791321 ], [ -73.980956232320466, 40.781705989077025 ], [ -73.981064546151899, 40.781749922682621 ], [ -73.980811575754544, 40.782474490790726 ], [ -73.980912668897886, 40.782518423331119 ], [ -73.982125801444184, 40.783029138470859 ], [ -73.982588169448704, 40.782392430875454 ], [ -73.983028652056348, 40.782584628000983 ], [ -73.983396928080083, 40.782738386775243 ], [ -73.98361356111451, 40.782831738750787 ], [ -73.984451214221238, 40.783194159736887 ], [ -73.984776363611616, 40.782480572220337 ], [ -73.985072616526054, 40.781777958908918 ], [ -73.985368861982153, 40.78108083423033 ], [ -73.98567955980559, 40.780312347393661 ], [ -73.986546082362253, 40.780658288467606 ], [ -73.98707321420865, 40.780905374971191 ], [ -73.987304281416215, 40.781042637414728 ], [ -73.987362050711241, 40.781064601645262 ], [ -73.987412598356784, 40.781086565058089 ], [ -73.987463146035665, 40.781108528448726 ], [ -73.987990286829643, 40.781344631800813 ], [ -73.988127489637847, 40.781399540716507 ], [ -73.988040795457209, 40.781586173724591 ], [ -73.988019121342248, 40.781635576700367 ], [ -73.987961322552607, 40.781772807416743 ], [ -73.987917981023628, 40.781833187045564 ], [ -73.987874639416049, 40.781893566657509 ], [ -73.986473203540882, 40.783919024592819 ], [ -73.986249255948621, 40.784237387210844 ], [ -73.986111995026263, 40.784440481045024 ], [ -73.985613521661747, 40.785143071674618 ], [ -73.98546903118941, 40.785362632212042 ], [ -73.985432909623441, 40.785412032850552 ], [ -73.98507890953536, 40.785922507925548 ], [ -73.985013888621793, 40.786015820411393 ], [ -73.984934418092806, 40.786131088834793 ], [ -73.984652657302462, 40.786537272120917 ], [ -73.984616534493512, 40.786586672494622 ], [ -73.983691756735112, 40.787914995862771 ], [ -73.982347871327661, 40.789852578508246 ], [ -73.98188544174684, 40.79051673171508 ], [ -73.98139409800261, 40.791230283489796 ], [ -73.981292938868549, 40.791372993114926 ], [ -73.98094610291264, 40.791866987812249 ], [ -73.980534228329091, 40.792454291292749 ], [ -73.980433065491937, 40.792597000135885 ], [ -73.980129584208925, 40.792992189354756 ], [ -73.980050095250348, 40.793112943744617 ], [ -73.979291349817316, 40.794177765070138 ], [ -73.978286877728394, 40.795588371055928 ], [ -73.977795463472845, 40.796285438551109 ], [ -73.976848738706693, 40.797630169184593 ], [ -73.976400655126454, 40.798272344653689 ], [ -73.976285019629273, 40.798437004586894 ], [ -73.975829697554175, 40.79909015517719 ], [ -73.975779108102159, 40.799156018016596 ], [ -73.975793535435812, 40.799210915595275 ], [ -73.975764622834276, 40.799260314612987 ], [ -73.975540590571001, 40.799529250569826 ], [ -73.975265939483606, 40.799935411585494 ], [ -73.975085251665917, 40.80018788755995 ], [ -73.974962379615604, 40.800369012914757 ], [ -73.974839504821759, 40.800555627586647 ], [ -73.974666035440862, 40.800813593908607 ], [ -73.974485347172262, 40.801055090002066 ], [ -73.97414564694887, 40.801516128364888 ], [ -73.973943263755913, 40.801807023787816 ], [ -73.973899887857783, 40.801889355762796 ], [ -73.973777018091539, 40.802048521997683 ], [ -73.973719178718184, 40.802169276776297 ], [ -73.973610769044583, 40.802295509410158 ], [ -73.973545729151652, 40.802355878475957 ], [ -73.973365019452743, 40.802630309462124 ], [ -73.973206011362521, 40.802827892876557 ], [ -73.973126487017311, 40.802976089558662 ], [ -73.973068663425877, 40.803052928385462 ], [ -73.973032534177378, 40.803074877745047 ], [ -73.972924101630298, 40.803250514772223 ], [ -73.972866279804549, 40.803321864043397 ], [ -73.972873490481589, 40.803354802447842 ], [ -73.972555446607487, 40.803799372702308 ], [ -73.972172348557677, 40.80432077866935 ], [ -73.972049449426279, 40.804529348048128 ], [ -73.971955497421163, 40.804617156433075 ], [ -73.971818195021086, 40.80471593305095 ], [ -73.971796492030464, 40.804787290593502 ], [ -73.971709740264416, 40.804929995034868 ], [ -73.971623002168172, 40.805039762712688 ], [ -73.971608530181044, 40.805094653646798 ], [ -73.971442267834561, 40.805336148362656 ], [ -73.971290474280252, 40.805528241389965 ], [ -73.971109751435463, 40.805791689804487 ], [ -73.970459185588325, 40.80663141059361 ], [ -73.970213418874835, 40.806933267009398 ], [ -73.969880896022744, 40.807366847001418 ], [ -73.969772455646094, 40.807526012602246 ], [ -73.96956282052011, 40.807794940373064 ], [ -73.969114613497283, 40.808404149798363 ], [ -73.969092926798211, 40.808431591220646 ], [ -73.968919442815491, 40.808629164663685 ], [ -73.968854364221869, 40.808749914925833 ], [ -73.968659196816105, 40.808963950446703 ], [ -73.968557998984096, 40.809073711818101 ], [ -73.968543515808832, 40.809145070668329 ], [ -73.968463960529348, 40.80932071121029 ], [ -73.968427802924197, 40.809392064112295 ], [ -73.968239830850436, 40.809660995330013 ], [ -73.968153083492723, 40.809765270868375 ], [ -73.96811693846098, 40.809809176443345 ], [ -73.968131372297691, 40.80984211710777 ], [ -73.967957852713553, 40.810100072950164 ], [ -73.967885556683697, 40.81019886285037 ], [ -73.96787831064303, 40.810242776393856 ], [ -73.967791551334656, 40.810369009428037 ], [ -73.967719270740588, 40.810434862553755 ], [ -73.967704794360827, 40.81048975295009 ], [ -73.967668640639999, 40.810550126712052 ], [ -73.96761805042631, 40.810583049183563 ], [ -73.967618026388962, 40.810632454181174 ], [ -73.967545707862087, 40.810775159412131 ], [ -73.967401088699091, 40.811022143621592 ], [ -73.967133584468542, 40.811389860449019 ], [ -73.967039594544858, 40.811521580277365 ], [ -73.967003455989371, 40.811549017160814 ], [ -73.966923910140792, 40.811691719912538 ], [ -73.966880519117339, 40.811774049115144 ], [ -73.966750364599889, 40.811982610517944 ], [ -73.966634678655112, 40.812152749850142 ], [ -73.966526236521915, 40.812284465060991 ], [ -73.966388865890195, 40.812471066170595 ], [ -73.966280403283292, 40.812641207239857 ], [ -73.966157487071371, 40.812816833403893 ], [ -73.966106888796062, 40.81286073408441 ], [ -73.965882735144049, 40.813201013426358 ], [ -73.96578874300873, 40.813327242754525 ], [ -73.965658601860298, 40.813497376781363 ], [ -73.965492294086317, 40.813744352028976 ], [ -73.965492291240039, 40.813749841470312 ], [ -73.965347686574788, 40.813941928573293 ], [ -73.965109077699012, 40.81427671256634 ], [ -73.965094604088989, 40.814320623719048 ], [ -73.964328084509773, 40.815511597844917 ], [ -73.964140084500556, 40.815769543231518 ], [ -73.963402584409764, 40.816686047980859 ], [ -73.963127864475325, 40.816954942990279 ], [ -73.963084483594287, 40.817004334063505 ], [ -73.962715775797932, 40.817366518411916 ], [ -73.962028931215656, 40.81808541073741 ], [ -73.961898890579803, 40.818046941771115 ], [ -73.961819420501527, 40.818024957729733 ], [ -73.961689392745527, 40.817964530777004 ], [ -73.961638825580764, 40.817942556210504 ], [ -73.961573813420586, 40.817909597931525 ], [ -73.961385999813416, 40.817816214731288 ], [ -73.96101758697057, 40.81765140760276 ], [ -73.960685291165348, 40.8175085693683 ], [ -73.96123488742235, 40.816740233957361 ], [ -73.961278413233543, 40.816443818836802 ], [ -73.961278445173335, 40.816388924448539 ], [ -73.961256832535113, 40.816279128388828 ], [ -73.961249613421955, 40.816268147082795 ], [ -73.961235194387982, 40.816213247835321 ], [ -73.961228004068687, 40.816152861576434 ], [ -73.961228039248013, 40.816092477746487 ], [ -73.961228055238593, 40.81606503055081 ], [ -73.961228074427268, 40.816032093915879 ], [ -73.961242614898893, 40.815878394475661 ], [ -73.9612716093892, 40.815719210445195 ], [ -73.961307829168575, 40.815560028828237 ], [ -73.961351270997284, 40.815406339057716 ], [ -73.961401938019762, 40.815252651685995 ], [ -73.961467055563688, 40.815098969118544 ], [ -73.961539394995555, 40.814950778361037 ], [ -73.961618959450817, 40.814802589960024 ], [ -73.961705720453423, 40.814703808864046 ], [ -73.961792481198458, 40.814605027701269 ], [ -73.961872019517472, 40.814500754641905 ], [ -73.961944335424732, 40.814390989700613 ], [ -73.962009425804453, 40.814281222331445 ], [ -73.962067290692403, 40.814171452546709 ], [ -73.962125158513501, 40.81405619329 ], [ -73.962168575630088, 40.813940929261456 ], [ -73.962190291928593, 40.813869573637383 ], [ -73.962233758651422, 40.813666478520332 ], [ -73.963014662277672, 40.81262373753956 ], [ -73.963325535564763, 40.812272512468624 ], [ -73.963969086955331, 40.811312062690533 ], [ -73.964019652819402, 40.81132854681541 ], [ -73.964055807308469, 40.811273663648869 ], [ -73.964424556217381, 40.810757770226651 ], [ -73.964778835183779, 40.81026931839051 ], [ -73.964995736692885, 40.809972954397182 ], [ -73.965451230983206, 40.809336316079069 ], [ -73.965812722367758, 40.808842373672796 ], [ -73.966528273968919, 40.808233255047895 ], [ -73.966701766763904, 40.808030195744095 ], [ -73.96686081205641, 40.80782164257343 ], [ -73.967012634507583, 40.807607597662461 ], [ -73.967403062105234, 40.80699289055633 ], [ -73.967605511022825, 40.806658091276631 ], [ -73.967634432893178, 40.806608694363952 ], [ -73.967793511709331, 40.806317798139709 ], [ -73.967967061697948, 40.805977500663751 ], [ -73.968089984190414, 40.805752467340383 ], [ -73.96855999305167, 40.804852326746314 ], [ -73.9693263217506, 40.803644854085455 ], [ -73.970273257059262, 40.802360570490478 ], [ -73.97122738917551, 40.801054322846952 ], [ -73.971299679781254, 40.800933572895246 ], [ -73.971393641606809, 40.800812828275944 ], [ -73.971502046019779, 40.800703066056393 ], [ -73.971588766949779, 40.80062074565901 ], [ -73.971632128504041, 40.800576840708892 ], [ -73.972557033127543, 40.799951266863374 ], [ -73.972614843323669, 40.799901875523886 ], [ -73.97300507826921, 40.799523195218157 ], [ -73.973590486609041, 40.79879323332861 ], [ -73.973735032415263, 40.798606624875937 ], [ -73.973865134585893, 40.798409034051772 ], [ -73.973966343950451, 40.798205947097166 ], [ -73.974045886410465, 40.797991876258983 ], [ -73.974096534366581, 40.797777798869198 ], [ -73.974125513706028, 40.79755822713166 ], [ -73.974132820369974, 40.797344139974257 ], [ -73.974111184174433, 40.797256303813256 ], [ -73.974103992764483, 40.797173960349681 ], [ -73.974104026931371, 40.79708612905138 ], [ -73.974111284511679, 40.796998299374501 ], [ -73.974125763343167, 40.796915960773958 ], [ -73.974147467666313, 40.796828134334447 ], [ -73.974183616574336, 40.796745800582713 ], [ -73.974226986644837, 40.796668957890425 ], [ -73.974190910192775, 40.796564650134044 ], [ -73.975014580002536, 40.796015885885282 ], [ -73.975932116618026, 40.795527519382425 ], [ -73.976091049891878, 40.79546716842119 ], [ -73.976199443742573, 40.795340933318393 ], [ -73.976307839135828, 40.795209208653276 ], [ -73.976409010894983, 40.795077482405361 ], [ -73.976502961000463, 40.794940265135551 ], [ -73.976560777446892, 40.794852445571145 ], [ -73.976618593740781, 40.794764625976498 ], [ -73.976669188644294, 40.794671315431501 ], [ -73.976712560255024, 40.794578003403799 ], [ -73.976755931744179, 40.794484691358441 ], [ -73.976784858764631, 40.794385886928019 ], [ -73.976813783787335, 40.794292571947523 ], [ -73.976828264419936, 40.794193764596308 ], [ -73.976857189298315, 40.794100449602084 ], [ -73.976900605987112, 40.793875390480622 ], [ -73.97692957437944, 40.793655817903428 ], [ -73.976936873499469, 40.793436240977549 ], [ -73.976944258121165, 40.792969638358286 ], [ -73.976944292340917, 40.79287082808149 ], [ -73.977096023724371, 40.792728132364999 ], [ -73.976785482804502, 40.792596323186523 ], [ -73.976684377081526, 40.792552387094268 ], [ -73.975536108543011, 40.79206907654595 ], [ -73.974207315794956, 40.79150886180085 ], [ -73.974106211289907, 40.79147041290058 ], [ -73.974005109045024, 40.791426474450276 ], [ -73.973362386672946, 40.791157344077881 ], [ -73.97269078525045, 40.790871734883659 ], [ -73.972546355176064, 40.790811316488565 ], [ -73.972351231709254, 40.791074764020593 ], [ -73.969592614695117, 40.790020092467259 ], [ -73.969635978172349, 40.789959719808259 ], [ -73.969686564214115, 40.789899349032225 ], [ -73.969729927527524, 40.789838976336696 ], [ -73.969773288269991, 40.789784093086688 ], [ -73.96985278692172, 40.789674324647279 ], [ -73.969296754135726, 40.789438130944205 ], [ -73.969145107664957, 40.789377706349171 ], [ -73.969080117132989, 40.789350241614983 ], [ -73.969007906629429, 40.789317285439324 ], [ -73.968430214762563, 40.789075592251024 ], [ -73.967830864812228, 40.78882291118596 ], [ -73.967007668189851, 40.788476842240513 ], [ -73.967448540602746, 40.787862147583809 ], [ -73.967925529874762, 40.787220013915324 ], [ -73.968388057561384, 40.786594342642921 ], [ -73.968843354338361, 40.785968667501557 ], [ -73.969334776057195, 40.78529359491975 ], [ -73.969833412368473, 40.784613032596184 ], [ -73.970303130915681, 40.783976376342039 ], [ -73.97075839661693, 40.783339714447067 ], [ -73.971220873101828, 40.782708541963416 ], [ -73.971719473107981, 40.782022481740015 ], [ -73.973569262123306, 40.77947580648361 ], [ -73.9740678073141, 40.778806204176334 ] ] ] ] } },
{ "type": "Feature", "properties": { "modzcta": "10025", "label": "10025", "zcta": "10025", "pop_est": "92805", "zcta20": "10025", "hvi": 2.0, "hvi_2018": 2.0 }, "geometry": { "type": "MultiPolygon", "coordinates": [ [ [ [ -73.967007668189851, 40.788476842240513 ], [ -73.967830864812228, 40.78882291118596 ], [ -73.968430214762563, 40.789075592251024 ], [ -73.969007906629429, 40.789317285439324 ], [ -73.969080117132989, 40.789350241614983 ], [ -73.969145107664957, 40.789377706349171 ], [ -73.969296754135726, 40.789438130944205 ], [ -73.96985278692172, 40.789674324647279 ], [ -73.969773288269991, 40.789784093086688 ], [ -73.969729927527524, 40.789838976336696 ], [ -73.969686564214115, 40.789899349032225 ], [ -73.969635978172349, 40.789959719808259 ], [ -73.969592614695117, 40.790020092467259 ], [ -73.972351231709254, 40.791074764020593 ], [ -73.972546355176064, 40.790811316488565 ], [ -73.97269078525045, 40.790871734883659 ], [ -73.973362386672946, 40.791157344077881 ], [ -73.974005109045024, 40.791426474450276 ], [ -73.974106211289907, 40.79147041290058 ], [ -73.974207315794956, 40.79150886180085 ], [ -73.975536108543011, 40.79206907654595 ], [ -73.976684377081526, 40.792552387094268 ], [ -73.976785482804502, 40.792596323186523 ], [ -73.977096023724371, 40.792728132364999 ], [ -73.976944292340917, 40.79287082808149 ], [ -73.976944258121165, 40.792969638358286 ], [ -73.976936873499469, 40.793436240977549 ], [ -73.97692957437944, 40.793655817903428 ], [ -73.976900605987112, 40.793875390480622 ], [ -73.976857189298315, 40.794100449602084 ], [ -73.976828264419936, 40.794193764596308 ], [ -73.976813783787335, 40.794292571947523 ], [ -73.976784858764631, 40.794385886928019 ], [ -73.976755931744179, 40.794484691358441 ], [ -73.976712560255024, 40.794578003403799 ], [ -73.976669188644294, 40.794671315431501 ], [ -73.976618593740781, 40.794764625976498 ], [ -73.976560777446892, 40.794852445571145 ], [ -73.976502961000463, 40.794940265135551 ], [ -73.976409010894983, 40.795077482405361 ], [ -73.976307839135828, 40.795209208653276 ], [ -73.976199443742573, 40.795340933318393 ], [ -73.976091049891878, 40.79546716842119 ], [ -73.975932116618026, 40.795527519382425 ], [ -73.975014580002536, 40.796015885885282 ], [ -73.974190910192775, 40.796564650134044 ], [ -73.974226986644837, 40.796668957890425 ], [ -73.974183616574336, 40.796745800582713 ], [ -73.974147467666313, 40.796828134334447 ], [ -73.974125763343167, 40.796915960773958 ], [ -73.974111284511679, 40.796998299374501 ], [ -73.974104026931371, 40.79708612905138 ], [ -73.974103992764483, 40.797173960349681 ], [ -73.974111184174433, 40.797256303813256 ], [ -73.974132820369974, 40.797344139974257 ], [ -73.974125513706028, 40.79755822713166 ], [ -73.974096534366581, 40.797777798869198 ], [ -73.974045886410465, 40.797991876258983 ], [ -73.973966343950451, 40.798205947097166 ], [ -73.973865134585893, 40.798409034051772 ], [ -73.973735032415263, 40.798606624875937 ], [ -73.973590486609041, 40.79879323332861 ], [ -73.97300507826921, 40.799523195218157 ], [ -73.972614843323669, 40.799901875523886 ], [ -73.972557033127543, 40.799951266863374 ], [ -73.971632128504041, 40.800576840708892 ], [ -73.971588766949779, 40.80062074565901 ], [ -73.971502046019779, 40.800703066056393 ], [ -73.971393641606809, 40.800812828275944 ], [ -73.971299679781254, 40.800933572895246 ], [ -73.97122738917551, 40.801054322846952 ], [ -73.970273257059262, 40.802360570490478 ], [ -73.9693263217506, 40.803644854085455 ], [ -73.96855999305167, 40.804852326746314 ], [ -73.968089984190414, 40.805752467340383 ], [ -73.967967061697948, 40.805977500663751 ], [ -73.967793511709331, 40.806317798139709 ], [ -73.967634432893178, 40.806608694363952 ], [ -73.967605511022825, 40.806658091276631 ], [ -73.967403062105234, 40.80699289055633 ], [ -73.967012634507583, 40.807607597662461 ], [ -73.96686081205641, 40.80782164257343 ], [ -73.966701766763904, 40.808030195744095 ], [ -73.966528273968919, 40.808233255047895 ], [ -73.965812722367758, 40.808842373672796 ], [ -73.96576216641985, 40.80880942199056 ], [ -73.965393781179216, 40.808666586386828 ], [ -73.964880944789115, 40.808446853433217 ], [ -73.96399975354305, 40.808045851994528 ], [ -73.96389863279262, 40.808001904794814 ], [ -73.964390261463947, 40.807337834537364 ], [ -73.964845740613171, 40.806706687788562 ], [ -73.964751842893705, 40.806668232978126 ], [ -73.964304029249107, 40.806475964488094 ], [ -73.964224578092768, 40.806443003167558 ], [ -73.962455011869238, 40.805695875368677 ], [ -73.962007208267977, 40.805509087375349 ], [ -73.961551713569435, 40.806134733582383 ], [ -73.959825501666174, 40.805436984870163 ], [ -73.959601350898311, 40.805760784062322 ], [ -73.95936273239397, 40.806112024949286 ], [ -73.958408294937072, 40.807418173318801 ], [ -73.957945521795978, 40.808054781370643 ], [ -73.957612798061987, 40.808669477603281 ], [ -73.957243866869931, 40.80940492721394 ], [ -73.957207693661417, 40.809481766040342 ], [ -73.957171516836979, 40.80956409429929 ], [ -73.957149789494352, 40.809646427917315 ], [ -73.957135286892552, 40.80972876421653 ], [ -73.957128005522407, 40.809816592644296 ], [ -73.957127952482693, 40.809898934312741 ], [ -73.957142380900024, 40.809931876352216 ], [ -73.957149584511441, 40.809964815704681 ], [ -73.957171237777544, 40.80999776042524 ], [ -73.957185669768975, 40.810025213014384 ], [ -73.957221762148507, 40.810074631423497 ], [ -73.957257858106928, 40.810118560376537 ], [ -73.957301182476385, 40.810157002549751 ], [ -73.957351728223585, 40.810200936823506 ], [ -73.95827624007589, 40.810629451851668 ], [ -73.957813443343014, 40.81126605904312 ], [ -73.956845561900565, 40.810859481904714 ], [ -73.95643385659973, 40.810683664821703 ], [ -73.954967621980671, 40.81006279409533 ], [ -73.955430433890385, 40.809431687648662 ], [ -73.955886012329458, 40.808800576515523 ], [ -73.956341578528125, 40.808174952963888 ], [ -73.956804364283144, 40.807543840809558 ], [ -73.957267137737617, 40.806918216180513 ], [ -73.957722678070922, 40.80629258698179 ], [ -73.958178254679481, 40.805595593091851 ], [ -73.958214445332487, 40.805485817222177 ], [ -73.958236183777444, 40.805381525554232 ], [ -73.958257929039377, 40.805266254983131 ], [ -73.958272446486902, 40.80515647123984 ], [ -73.95827973960013, 40.805046684878555 ], [ -73.958272584140275, 40.804936893285962 ], [ -73.95826542870401, 40.804827101690947 ], [ -73.958258276733858, 40.804711820644407 ], [ -73.958243945318571, 40.804525174138249 ], [ -73.958236800306565, 40.804398914185995 ], [ -73.958200996368276, 40.803893871727858 ], [ -73.958252057840895, 40.803108898673422 ], [ -73.958685897637011, 40.80247227853404 ], [ -73.959148621517656, 40.80184115639274 ], [ -73.959647489251822, 40.801155150457475 ], [ -73.960066815861282, 40.800584393298465 ], [ -73.958615210454084, 40.799974551866399 ], [ -73.959077910893456, 40.799354408665991 ], [ -73.959533389121503, 40.798717792648489 ], [ -73.960032226188119, 40.798037274163157 ], [ -73.960523823093226, 40.797367729883483 ], [ -73.960747934639784, 40.797054907377166 ], [ -73.960979270683069, 40.79673659740903 ], [ -73.961441929773741, 40.796110954945405 ], [ -73.961897360061172, 40.795479818718306 ], [ -73.962360001789307, 40.794854172445909 ], [ -73.962822628690475, 40.794239503171887 ], [ -73.962974439256456, 40.79401448419992 ], [ -73.963082867788728, 40.793866303569743 ], [ -73.963220209296793, 40.793679705845186 ], [ -73.963711741962115, 40.793010147510977 ], [ -73.963805712335372, 40.792878430007129 ], [ -73.964174361292919, 40.792362535873799 ], [ -73.964687557708515, 40.791665532670265 ], [ -73.965179063616873, 40.790990478406492 ], [ -73.965627197921492, 40.790364814215835 ], [ -73.966096994475762, 40.789733665135259 ], [ -73.966552334251702, 40.78910799934944 ], [ -73.967007668189851, 40.788476842240513 ] ], [ [ -73.962007208267977, 40.805509087375349 ], [ -73.962477142941395, 40.804883444009654 ], [ -73.960317616746366, 40.803993429881764 ], [ -73.960071566813852, 40.804706973506491 ], [ -73.962007208267977, 40.805509087375349 ] ] ] ] } },
{ "type": "Feature", "properties": { "modzcta": "10027", "label": "10027", "zcta": "10027, 10115", "pop_est": "64548", "zcta20": "10027", "hvi": 4.0, "hvi_2018": 4.0 }, "geometry": { "type": "MultiPolygon", "coordinates": [ [ [ [ -73.965812722367758, 40.808842373672796 ], [ -73.965451230983206, 40.809336316079069 ], [ -73.964995736692885, 40.809972954397182 ], [ -73.964778835183779, 40.81026931839051 ], [ -73.964424556217381, 40.810757770226651 ], [ -73.964055807308469, 40.811273663648869 ], [ -73.964019652819402, 40.81132854681541 ], [ -73.963969086955331, 40.811312062690533 ], [ -73.963325535564763, 40.812272512468624 ], [ -73.963014662277672, 40.81262373753956 ], [ -73.962233758651422, 40.813666478520332 ], [ -73.962190291928593, 40.813869573637383 ], [ -73.962168575630088, 40.813940929261456 ], [ -73.962125158513501, 40.81405619329 ], [ -73.962067290692403, 40.814171452546709 ], [ -73.962009425804453, 40.814281222331445 ], [ -73.961944335424732, 40.814390989700613 ], [ -73.961872019517472, 40.814500754641905 ], [ -73.961792481198458, 40.814605027701269 ], [ -73.961705720453423, 40.814703808864046 ], [ -73.961618959450817, 40.814802589960024 ], [ -73.961539394995555, 40.814950778361037 ], [ -73.961467055563688, 40.815098969118544 ], [ -73.961401938019762, 40.815252651685995 ], [ -73.961351270997284, 40.815406339057716 ], [ -73.961307829168575, 40.815560028828237 ], [ -73.9612716093892, 40.815719210445195 ], [ -73.961242614898893, 40.815878394475661 ], [ -73.961228074427268, 40.816032093915879 ], [ -73.961228055238593, 40.81606503055081 ], [ -73.961228039248013, 40.816092477746487 ], [ -73.961228004068687, 40.816152861576434 ], [ -73.961235194387982, 40.816213247835321 ], [ -73.961249613421955, 40.816268147082795 ], [ -73.961256832535113, 40.816279128388828 ], [ -73.961278445173335, 40.816388924448539 ], [ -73.961278413233543, 40.816443818836802 ], [ -73.96123488742235, 40.816740233957361 ], [ -73.960685291165348, 40.8175085693683 ], [ -73.96101758697057, 40.81765140760276 ], [ -73.961385999813416, 40.817816214731288 ], [ -73.961573813420586, 40.817909597931525 ], [ -73.961638825580764, 40.817942556210504 ], [ -73.961689392745527, 40.817964530777004 ], [ -73.961819420501527, 40.818024957729733 ], [ -73.961898890579803, 40.818046941771115 ], [ -73.962028931215656, 40.81808541073741 ], [ -73.961320343403671, 40.818892122603074 ], [ -73.960951583335969, 40.819309195560145 ], [ -73.960445438826923, 40.819874435060107 ], [ -73.959997126378695, 40.820384798002991 ], [ -73.959845454267452, 40.820263977683567 ], [ -73.959809321259726, 40.820269454531413 ], [ -73.959657556572196, 40.820302338152288 ], [ -73.95954195483975, 40.820280339903107 ], [ -73.959484160686529, 40.820258361864411 ], [ -73.95941914063603, 40.820236381253849 ], [ -73.959296333309894, 40.820181443602685 ], [ -73.958870115433882, 40.820000140949539 ], [ -73.95816216264258, 40.819703456657713 ], [ -73.957331411990793, 40.81935182825336 ], [ -73.956132255582887, 40.818846350010702 ], [ -73.956016672057629, 40.818802390475931 ], [ -73.955561030051541, 40.819428011660548 ], [ -73.955452675410797, 40.819378564913229 ], [ -73.955344317247452, 40.819334607499762 ], [ -73.955272354038001, 40.818895424595489 ], [ -73.953430330859376, 40.818104216237572 ], [ -73.953647323735552, 40.817785916226214 ], [ -73.953185012207129, 40.817599088520673 ], [ -73.952274852090738, 40.817219944076086 ], [ -73.951768562250862, 40.817905913299469 ], [ -73.950879442744508, 40.818394097993171 ], [ -73.949730907486099, 40.81792151125844 ], [ -73.949629631576357, 40.81807517134812 ], [ -73.949506686377958, 40.818217842980637 ], [ -73.94936929754256, 40.818349529260438 ], [ -73.949210235119665, 40.818475716390687 ], [ -73.949036737393982, 40.818579939166433 ], [ -73.948848796030703, 40.818673176396487 ], [ -73.948704221487077, 40.818749964305276 ], [ -73.948574089689558, 40.818837737350592 ], [ -73.948451170584804, 40.81894198178685 ], [ -73.948349924251644, 40.819051725238538 ], [ -73.948270350772191, 40.819166967762563 ], [ -73.947619331423283, 40.820050473289264 ], [ -73.947583136991312, 40.820132798396948 ], [ -73.947554168402419, 40.820215126779011 ], [ -73.947554103508153, 40.820297468302797 ], [ -73.94756126023853, 40.820385302546597 ], [ -73.947597325153154, 40.820467660493236 ], [ -73.947900248173582, 40.821192403360087 ], [ -73.948543136409896, 40.821489121579248 ], [ -73.948080183890255, 40.82210922026502 ], [ -73.947235008637222, 40.821752023318773 ], [ -73.94607922860186, 40.821262928862971 ], [ -73.946404957752463, 40.820571411742648 ], [ -73.946716215154936, 40.81989635525165 ], [ -73.947034700805432, 40.819210322293138 ], [ -73.947345945453776, 40.818535263950949 ], [ -73.947664413781652, 40.817854718536644 ], [ -73.948004599581736, 40.817113798128766 ], [ -73.948359228838015, 40.816372883100485 ], [ -73.948677676456384, 40.815692334646364 ], [ -73.94748585978185, 40.815208727155117 ], [ -73.947030813192228, 40.815016388546645 ], [ -73.947226124488495, 40.814731027138656 ], [ -73.945456546753803, 40.813961681670534 ], [ -73.944726727761406, 40.814043675742987 ], [ -73.944647277268643, 40.814010700971338 ], [ -73.945102984775673, 40.813385122363698 ], [ -73.945001863856902, 40.813346648069057 ], [ -73.944727288524206, 40.813368474536958 ], [ -73.944423720564671, 40.813500075241748 ], [ -73.942964765794315, 40.812873566195996 ], [ -73.942711607271022, 40.813197317852875 ], [ -73.941873794344019, 40.812845574120459 ], [ -73.941801571823703, 40.812812601023765 ], [ -73.942250063287972, 40.812198008807279 ], [ -73.94272023562813, 40.811566957227939 ], [ -73.943168719590076, 40.81094138242748 ], [ -73.943317549151757, 40.810737074759267 ], [ -73.94324117014628, 40.810705371961177 ], [ -73.942807845967693, 40.810507537770476 ], [ -73.942865706255773, 40.810436203662825 ], [ -73.940879632396701, 40.809573359242421 ], [ -73.941103882222237, 40.809255086102795 ], [ -73.94040334764199, 40.808958295952465 ], [ -73.940859060444566, 40.808332733607408 ], [ -73.941314759840907, 40.807712658843812 ], [ -73.941770455549005, 40.807087092770601 ], [ -73.942262302982158, 40.806417627353682 ], [ -73.94275414524256, 40.805742670318672 ], [ -73.944299616502946, 40.806391182460843 ], [ -73.944784177119772, 40.805760128853393 ], [ -73.945239826853353, 40.805134548870683 ], [ -73.945695463543572, 40.804514456473278 ], [ -73.946129432590183, 40.803877883739375 ], [ -73.944598454602243, 40.803223913361649 ], [ -73.944757566770079, 40.803004411629651 ], [ -73.947552397290252, 40.804125565230848 ], [ -73.947480077466352, 40.80422434242741 ], [ -73.947848386770247, 40.804383703718401 ], [ -73.947935051575342, 40.804416679598404 ], [ -73.947812106453043, 40.804586796984459 ], [ -73.947877103084323, 40.804614273644695 ], [ -73.950556455814308, 40.805746280702465 ], [ -73.950657568396934, 40.805784750172521 ], [ -73.950737012048137, 40.805817720846264 ], [ -73.952860346981353, 40.806707899417184 ], [ -73.953503132764041, 40.806982632894311 ], [ -73.95395871271451, 40.806351529128428 ], [ -73.95541041085437, 40.806966918023321 ], [ -73.956804364283144, 40.807543840809558 ], [ -73.956341578528125, 40.808174952963888 ], [ -73.955886012329458, 40.808800576515523 ], [ -73.955430433890385, 40.809431687648662 ], [ -73.954967621980671, 40.81006279409533 ], [ -73.95643385659973, 40.810683664821703 ], [ -73.956845561900565, 40.810859481904714 ], [ -73.957813443343014, 40.81126605904312 ], [ -73.95827624007589, 40.810629451851668 ], [ -73.957351728223585, 40.810200936823506 ], [ -73.957301182476385, 40.810157002549751 ], [ -73.957257858106928, 40.810118560376537 ], [ -73.957221762148507, 40.810074631423497 ], [ -73.957185669768975, 40.810025213014384 ], [ -73.957171237777544, 40.80999776042524 ], [ -73.957149584511441, 40.809964815704681 ], [ -73.957142380900024, 40.809931876352216 ], [ -73.957127952482693, 40.809898934312741 ], [ -73.957128005522407, 40.809816592644296 ], [ -73.957135286892552, 40.80972876421653 ], [ -73.957149789494352, 40.809646427917315 ], [ -73.957171516836979, 40.80956409429929 ], [ -73.957207693661417, 40.809481766040342 ], [ -73.957243866869931, 40.80940492721394 ], [ -73.957612798061987, 40.808669477603281 ], [ -73.957945521795978, 40.808054781370643 ], [ -73.958408294937072, 40.807418173318801 ], [ -73.95936273239397, 40.806112024949286 ], [ -73.959601350898311, 40.805760784062322 ], [ -73.959825501666174, 40.805436984870163 ], [ -73.961551713569435, 40.806134733582383 ], [ -73.962007208267977, 40.805509087375349 ], [ -73.962455011869238, 40.805695875368677 ], [ -73.964224578092768, 40.806443003167558 ], [ -73.964304029249107, 40.806475964488094 ], [ -73.964751842893705, 40.806668232978126 ], [ -73.964845740613171, 40.806706687788562 ], [ -73.964563775982967, 40.807101841738636 ], [ -73.964390261463947, 40.807337834537364 ], [ -73.96389863279262, 40.808001904794814 ], [ -73.96399975354305, 40.808045851994528 ], [ -73.964880944789115, 40.808446853433217 ], [ -73.965393781179216, 40.808666586386828 ], [ -73.96576216641985, 40.80880942199056 ], [ -73.965812722367758, 40.808842373672796 ] ] ] ] } },
{ "type": "Feature", "properties": { "modzcta": "10031", "label": "10031", "zcta": "10031", "pop_est": "60254", "zcta20": "10031", "hvi": 4.0, "hvi_2018": 4.0 }, "geometry": { "type": "MultiPolygon", "coordinates": [ [ [ [ -73.959997126378695, 40.820384798002991 ], [ -73.959816530625034, 40.820296904226304 ], [ -73.959389858349908, 40.820856677238361 ], [ -73.959324770638986, 40.820944485271461 ], [ -73.959281384334503, 40.820993874881367 ], [ -73.959129530075913, 40.821169483101549 ], [ -73.959086150229936, 40.821207893767266 ], [ -73.9588185930794, 40.821520696346134 ], [ -73.958767976541978, 40.821575572611323 ], [ -73.958724589412782, 40.821624962006567 ], [ -73.958529348244923, 40.821844469361267 ], [ -73.958196671306638, 40.822283504026906 ], [ -73.958167656247781, 40.822459155412005 ], [ -73.958131480463578, 40.822530504931017 ], [ -73.95807361910768, 40.822612825424009 ], [ -73.957936220802381, 40.822771968980554 ], [ -73.95822519686331, 40.822887352150111 ], [ -73.958203497505764, 40.822920280891623 ], [ -73.958145625541832, 40.823019069713744 ], [ -73.959164258919529, 40.823453100213378 ], [ -73.959178708121513, 40.823458594762997 ], [ -73.95943879081922, 40.823562985777272 ], [ -73.959467692662329, 40.823568485373308 ], [ -73.959482138571929, 40.823579469317067 ], [ -73.959496587827587, 40.823584963826704 ], [ -73.959503810785975, 40.823590455796982 ], [ -73.959511033745542, 40.823595947766798 ], [ -73.95953269929305, 40.823617913105835 ], [ -73.959539918920242, 40.823628894506058 ], [ -73.95953991224475, 40.823639873370539 ], [ -73.959547135212659, 40.823645365338045 ], [ -73.959532659232977, 40.823683786292641 ], [ -73.959554331489343, 40.823694772762863 ], [ -73.959019087511209, 40.824501530438937 ], [ -73.958997411697922, 40.824496033301031 ], [ -73.957261390881598, 40.827119351213973 ], [ -73.956950721653357, 40.826998468189991 ], [ -73.956321381600603, 40.82794241349854 ], [ -73.956198551768665, 40.827903940903241 ], [ -73.956205782149709, 40.827898454219628 ], [ -73.956227480508119, 40.827871015309583 ], [ -73.955042598993785, 40.827414936793119 ], [ -73.954695372822002, 40.827919828453609 ], [ -73.954543651910569, 40.827859385022577 ], [ -73.954464078625563, 40.827974631652339 ], [ -73.954362805875121, 40.828117316787214 ], [ -73.954268774588314, 40.828238046984332 ], [ -73.954218137857524, 40.82830938947442 ], [ -73.954167516142959, 40.828358774230395 ], [ -73.954138586172107, 40.828391699304632 ], [ -73.954059041870195, 40.828463030223432 ], [ -73.9540301155929, 40.828490465842172 ], [ -73.954022881174978, 40.828501441816471 ], [ -73.953986716641879, 40.828545342825443 ], [ -73.95395055586016, 40.828583754395282 ], [ -73.953588853851286, 40.829099615707086 ], [ -73.952973869193031, 40.830087463640048 ], [ -73.952344451366571, 40.831020407905484 ], [ -73.952199767266535, 40.831217967392213 ], [ -73.952149137893073, 40.831272840663154 ], [ -73.951700589368073, 40.831914916565978 ], [ -73.951599312680358, 40.832046620331056 ], [ -73.951403977329562, 40.832321009479266 ], [ -73.951317153960304, 40.832452719077317 ], [ -73.95119414957199, 40.832644796981398 ], [ -73.951092850595089, 40.832803947403427 ], [ -73.951056645446897, 40.832897252273256 ], [ -73.951049397943123, 40.832924696323204 ], [ -73.950998669292147, 40.833111315233296 ], [ -73.950969683097526, 40.833215601987888 ], [ -73.950933489697547, 40.833292438543353 ], [ -73.950665821199109, 40.833638158109181 ], [ -73.950419783114526, 40.834049759425675 ], [ -73.95024616046426, 40.834269261617578 ], [ -73.9501521088999, 40.834395477755038 ], [ -73.949964161578819, 40.834439311759361 ], [ -73.94985573286543, 40.834461222362691 ], [ -73.949776234729427, 40.834455698347242 ], [ -73.949711191564205, 40.834450180580738 ], [ -73.949638929241971, 40.834433680777792 ], [ -73.94957389443077, 40.83441718408983 ], [ -73.949552216167547, 40.8344116851857 ], [ -73.949414935887106, 40.83435673081712 ], [ -73.949190997548214, 40.834208417932381 ], [ -73.949342945414458, 40.833983418382829 ], [ -73.949712515134763, 40.832699054708755 ], [ -73.94687313757214, 40.831512065658096 ], [ -73.946771992471739, 40.831468103606788 ], [ -73.946663615954591, 40.831429627548964 ], [ -73.943925502127371, 40.830270059551523 ], [ -73.9419532524185, 40.829434690609972 ], [ -73.941079104569354, 40.829082923852916 ], [ -73.940760720414772, 40.82953289391363 ], [ -73.940232477952421, 40.83028467304301 ], [ -73.940138447596851, 40.830372455120845 ], [ -73.939625522351378, 40.830158100042532 ], [ -73.939437694987149, 40.830075660135556 ], [ -73.938997018920361, 40.829888787309983 ], [ -73.938643033443498, 40.829740384949083 ], [ -73.938961709878996, 40.828988502295132 ], [ -73.939251416769565, 40.828296987141918 ], [ -73.939692834291165, 40.827654955495959 ], [ -73.940141445273525, 40.827040372985138 ], [ -73.940597284376835, 40.826414813530882 ], [ -73.94104588350811, 40.825794737944939 ], [ -73.94150170557549, 40.825169174785778 ], [ -73.941957509495964, 40.824554588621382 ], [ -73.942427786167059, 40.823907071220951 ], [ -73.942926958737786, 40.82325956614298 ], [ -73.943844365235464, 40.823649766379603 ], [ -73.944754565259373, 40.824028976967618 ], [ -73.94607922860186, 40.821262928862971 ], [ -73.947235008637222, 40.821752023318773 ], [ -73.948080183890255, 40.82210922026502 ], [ -73.948543136409896, 40.821489121579248 ], [ -73.947900248173582, 40.821192403360087 ], [ -73.947597325153154, 40.820467660493236 ], [ -73.94756126023853, 40.820385302546597 ], [ -73.947554103508153, 40.820297468302797 ], [ -73.947554168402419, 40.820215126779011 ], [ -73.947583136991312, 40.820132798396948 ], [ -73.947619331423283, 40.820050473289264 ], [ -73.948270350772191, 40.819166967762563 ], [ -73.948349924251644, 40.819051725238538 ], [ -73.948451170584804, 40.81894198178685 ], [ -73.948574089689558, 40.818837737350592 ], [ -73.948704221487077, 40.818749964305276 ], [ -73.948848796030703, 40.818673176396487 ], [ -73.949036737393982, 40.818579939166433 ], [ -73.949210235119665, 40.818475716390687 ], [ -73.94936929754256, 40.818349529260438 ], [ -73.949506686377958, 40.818217842980637 ], [ -73.949629631576357, 40.81807517134812 ], [ -73.949730907486099, 40.81792151125844 ], [ -73.950879442744508, 40.818394097993171 ], [ -73.951768562250862, 40.817905913299469 ], [ -73.952274852090738, 40.817219944076086 ], [ -73.953185012207129, 40.817599088520673 ], [ -73.953647323735552, 40.817785916226214 ], [ -73.953430330859376, 40.818104216237572 ], [ -73.955272354038001, 40.818895424595489 ], [ -73.955344317247452, 40.819334607499762 ], [ -73.955452675410797, 40.819378564913229 ], [ -73.955561030051541, 40.819428011660548 ], [ -73.956016672057629, 40.818802390475931 ], [ -73.956132255582887, 40.818846350010702 ], [ -73.957331411990793, 40.81935182825336 ], [ -73.95816216264258, 40.819703456657713 ], [ -73.958870115433882, 40.820000140949539 ], [ -73.959296333309894, 40.820181443602685 ], [ -73.95941914063603, 40.820236381253849 ], [ -73.959484160686529, 40.820258361864411 ], [ -73.95954195483975, 40.820280339903107 ], [ -73.959657556572196, 40.820302338152288 ], [ -73.959809321259726, 40.820269454531413 ], [ -73.959845454267452, 40.820263977683567 ], [ -73.959997126378695, 40.820384798002991 ] ] ] ] } },
{ "type": "Feature", "properties": { "modzcta": "10032", "label": "10032", "zcta": "10032", "pop_est": "64264", "zcta20": "10032", "hvi": 3.0, "hvi_2018": 3.0 }, "geometry": { "type": "MultiPolygon", "coordinates": [ [ [ [ -73.938853342681327, 40.844677212939118 ], [ -73.938976178343353, 40.844732172134492 ], [ -73.940515299758445, 40.845369748158006 ], [ -73.940239998994727, 40.846050293148501 ], [ -73.939994311013635, 40.845951356164676 ], [ -73.938679153162937, 40.845440149056465 ], [ -73.938853342681327, 40.844677212939118 ] ] ], [ [ [ -73.9501521088999, 40.834395477755038 ], [ -73.949978286358444, 40.834878471773585 ], [ -73.949891250108749, 40.835284651308541 ], [ -73.94979713844485, 40.835487719029693 ], [ -73.949782658401446, 40.83552064926274 ], [ -73.949739209891234, 40.835630418791659 ], [ -73.949739151833228, 40.835707270683592 ], [ -73.949710191579115, 40.835773131130686 ], [ -73.949695669924566, 40.835860955558189 ], [ -73.949681168990693, 40.835921332879586 ], [ -73.949688305302601, 40.836042103284932 ], [ -73.949688280395279, 40.836075039807852 ], [ -73.949688255487914, 40.836107976330624 ], [ -73.949659282548112, 40.836190305021567 ], [ -73.949644806438371, 40.836217745813023 ], [ -73.949623110956153, 40.836234204605205 ], [ -73.949601373879119, 40.836305557596056 ], [ -73.949586785410801, 40.836481212724031 ], [ -73.949543327623658, 40.836601961001236 ], [ -73.94950713906654, 40.836667818225138 ], [ -73.949456515836033, 40.836706222003805 ], [ -73.949391457969824, 40.836717172318735 ], [ -73.949326408444435, 40.836717143757163 ], [ -73.94929026145104, 40.83672810671348 ], [ -73.949290257266938, 40.836733596133364 ], [ -73.949283025355399, 40.836739082375168 ], [ -73.949283021170714, 40.836744571795002 ], [ -73.949283016986001, 40.836750061214822 ], [ -73.949283012801288, 40.836755550634656 ], [ -73.949290236346386, 40.836761043232521 ], [ -73.949290232162284, 40.836766532652334 ], [ -73.949297459892691, 40.836766535829938 ], [ -73.949304687623084, 40.836766539007066 ], [ -73.949376952396307, 40.836783039012843 ], [ -73.949441993642949, 40.836794046385478 ], [ -73.949499798842879, 40.836816029396509 ], [ -73.949543115298653, 40.83688192141333 ], [ -73.949180977581079, 40.837864368793696 ], [ -73.949152011639811, 40.837935718495217 ], [ -73.949007080019769, 40.838424212920216 ], [ -73.948927404438336, 40.838643754467718 ], [ -73.94884049193017, 40.838874271581837 ], [ -73.948760870223182, 40.839022450567967 ], [ -73.948659462515394, 40.83930236586496 ], [ -73.948558066688335, 40.83956581280794 ], [ -73.948492933626483, 40.839670082701616 ], [ -73.948427732272947, 40.839862183227559 ], [ -73.948333660825142, 40.839999376595628 ], [ -73.948275784956209, 40.840065223679787 ], [ -73.948232373707697, 40.840120098389995 ], [ -73.948073085684882, 40.840465860147795 ], [ -73.947964517714041, 40.840652451436974 ], [ -73.947863134285726, 40.840893940044687 ], [ -73.947761758742374, 40.84112444972201 ], [ -73.94771105344843, 40.841261662186021 ], [ -73.947602513429118, 40.841409827201318 ], [ -73.947559048820708, 40.841530574629331 ], [ -73.947486636344422, 40.841695224200016 ], [ -73.94738524525053, 40.841942201759444 ], [ -73.947276733849364, 40.842051940547492 ], [ -73.947211639904737, 40.842101315526158 ], [ -73.947168222090198, 40.842161679231381 ], [ -73.947132001982069, 40.842260472135166 ], [ -73.947117523508936, 40.842287912581035 ], [ -73.947110282085731, 40.84230437751048 ], [ -73.946958298908328, 40.842540352628191 ], [ -73.946936552533757, 40.84261719445422 ], [ -73.94687142709499, 40.842704995135357 ], [ -73.946784598764211, 40.842814743432136 ], [ -73.946755628097193, 40.84288609247141 ], [ -73.946712209356676, 40.842946455996909 ], [ -73.946618182869429, 40.843017774927453 ], [ -73.946545814966356, 40.843122040314434 ], [ -73.946458967881441, 40.843253746012849 ], [ -73.946372062923317, 40.843456814017841 ], [ -73.946314151093844, 40.843561085972112 ], [ -73.946249006167491, 40.843670843940487 ], [ -73.946198340209321, 40.843753161548406 ], [ -73.946125944174156, 40.84389036313695 ], [ -73.94611862229803, 40.844005637432709 ], [ -73.946096896714948, 40.84405503201689 ], [ -73.946096861130258, 40.844098947319516 ], [ -73.946111238139849, 40.844197763504269 ], [ -73.946118444445929, 40.844225213944554 ], [ -73.946096705446664, 40.844291076764748 ], [ -73.946103885071722, 40.844351463681093 ], [ -73.94608210597282, 40.844466731209465 ], [ -73.946089307847288, 40.844499671062778 ], [ -73.946081999188635, 40.844598477107098 ], [ -73.946110704505358, 40.844856492993159 ], [ -73.94612514394062, 40.844878457394692 ], [ -73.946125117265765, 40.844911393867037 ], [ -73.946146780891269, 40.844938851053612 ], [ -73.946161162599381, 40.845032177805884 ], [ -73.946161087070891, 40.845125497807956 ], [ -73.946189943898602, 40.845196873653464 ], [ -73.946204374555336, 40.845229816867338 ], [ -73.946226038317249, 40.845257274037486 ], [ -73.946211518869774, 40.84533411906051 ], [ -73.946175348913869, 40.845367038670972 ], [ -73.946175326705358, 40.845394485728974 ], [ -73.946204188104375, 40.845460372156083 ], [ -73.946233009627989, 40.845575663278197 ], [ -73.946276288651376, 40.845690961125115 ], [ -73.946305163572035, 40.845740379289772 ], [ -73.946442389641376, 40.84588865724298 ], [ -73.946464080223564, 40.845883177898578 ], [ -73.946478506748207, 40.845921610485313 ], [ -73.946442363123197, 40.84592159370964 ], [ -73.946485700144223, 40.84596552912776 ], [ -73.946514592994632, 40.84599298959354 ], [ -73.946507337775813, 40.846025922707732 ], [ -73.946456710110297, 40.846058835697157 ], [ -73.946427790729729, 40.846064311683023 ], [ -73.946348199317015, 40.846157594712189 ], [ -73.946348132904632, 40.846239935874699 ], [ -73.946405865681257, 40.846360729793886 ], [ -73.946434718887105, 40.846437594973565 ], [ -73.946470787696882, 40.846530931731266 ], [ -73.946514111892185, 40.846591335365488 ], [ -73.946644155399866, 40.846684715601342 ], [ -73.946716329153617, 40.846827473683206 ], [ -73.946788481261109, 40.846997678766961 ], [ -73.94682451576503, 40.847134930684874 ], [ -73.94680993514676, 40.847288627496255 ], [ -73.946780966950286, 40.847354487077141 ], [ -73.946752011879184, 40.847403878420806 ], [ -73.946701334903253, 40.847497175015924 ], [ -73.946686692325841, 40.847727723534121 ], [ -73.946657653383198, 40.847881413627633 ], [ -73.946643147071342, 40.847941790442576 ], [ -73.946621297250189, 40.848144888545903 ], [ -73.946621239984069, 40.848216250862407 ], [ -73.946621191528038, 40.848276634360317 ], [ -73.946642781597888, 40.848397411387353 ], [ -73.946649794857393, 40.848666395753654 ], [ -73.946678574538538, 40.848836580784152 ], [ -73.94663513863199, 40.848913412443373 ], [ -73.946649521884638, 40.849006739070596 ], [ -73.946663949193876, 40.849045171613369 ], [ -73.946707283998293, 40.84909459633257 ], [ -73.946721632216381, 40.84923183821175 ], [ -73.946736064011787, 40.849264781336096 ], [ -73.946757720519514, 40.84930321720303 ], [ -73.946808284659596, 40.849352645218353 ], [ -73.946837179114439, 40.849380105587315 ], [ -73.946858826947022, 40.849429520250062 ], [ -73.946851510117426, 40.849539305074238 ], [ -73.946880382752227, 40.84959421246964 ], [ -73.946894805939664, 40.849638134387206 ], [ -73.946902004394488, 40.84967656356784 ], [ -73.946966957175988, 40.849813828683779 ], [ -73.946959701764385, 40.849846761804571 ], [ -73.946952463857059, 40.84985773729526 ], [ -73.946952437589857, 40.849890673739445 ], [ -73.946995760036572, 40.849956566564856 ], [ -73.946959592332504, 40.849983996987632 ], [ -73.946966812745643, 40.849994979125739 ], [ -73.946988500248764, 40.849994989093901 ], [ -73.94702460674003, 40.850044410363481 ], [ -73.947024593624263, 40.850060878585083 ], [ -73.947002888604786, 40.850082826252361 ], [ -73.946973967519668, 40.850088302371326 ], [ -73.94695227123033, 40.850099271214731 ], [ -73.946966720835007, 40.850110256676764 ], [ -73.94698839962588, 40.850121245459192 ], [ -73.947017311979081, 40.850126748150906 ], [ -73.947031757229126, 40.850143223011784 ], [ -73.947017259508655, 40.850192621035973 ], [ -73.947053379237275, 40.850225574073761 ], [ -73.947046128193705, 40.850253017790664 ], [ -73.947002691786764, 40.850329849569405 ], [ -73.947002678665513, 40.850346317790155 ], [ -73.947009899125078, 40.850357299924909 ], [ -73.947002648049221, 40.850384743638408 ], [ -73.946995410090452, 40.850395719130766 ], [ -73.946966436347694, 40.850467068129468 ], [ -73.946923012849936, 40.850527431655181 ], [ -73.945896623567478, 40.850329336130443 ], [ -73.944913610946998, 40.850136741594532 ], [ -73.944769050077326, 40.850109225427374 ], [ -73.94471845494175, 40.850098222374271 ], [ -73.944096847064699, 40.849977155813257 ], [ -73.943966745205003, 40.849949645645516 ], [ -73.943814955974034, 40.849922124770224 ], [ -73.943178893094299, 40.84980104621642 ], [ -73.943186159750184, 40.849757134518583 ], [ -73.943215170042549, 40.849647360608657 ], [ -73.943207983094652, 40.849597952382858 ], [ -73.943186356674062, 40.849526579406309 ], [ -73.943287803000629, 40.849246669414505 ], [ -73.943381968020518, 40.84902713926067 ], [ -73.943577525210287, 40.848588082233356 ], [ -73.943758570830028, 40.848209401290404 ], [ -73.9439034141745, 40.847896575377185 ], [ -73.944222049086633, 40.847227021661475 ], [ -73.944308970129683, 40.847018465998424 ], [ -73.944395936514084, 40.846755016160309 ], [ -73.944519105663701, 40.846420221297549 ], [ -73.944577095974537, 40.846228119724785 ], [ -73.944620628475747, 40.846036011176565 ], [ -73.944642479144363, 40.84583840278929 ], [ -73.944649867726753, 40.84564627686612 ], [ -73.944534139949738, 40.845728562479216 ], [ -73.944469054119253, 40.845761467645389 ], [ -73.944367824669044, 40.845794355348886 ], [ -73.944295528364705, 40.845805299285765 ], [ -73.944208779213724, 40.84581074677461 ], [ -73.94412927720424, 40.845794240055191 ], [ -73.944057017793085, 40.84576126855346 ], [ -73.943963095463346, 40.845700839417411 ], [ -73.943919764908756, 40.845651413638343 ], [ -73.943883672370347, 40.845591012536808 ], [ -73.943854808579857, 40.845530614941964 ], [ -73.943811510674024, 40.84544276324069 ], [ -73.943739251802157, 40.845409791537904 ], [ -73.94376100742393, 40.845327460940091 ], [ -73.943782925360907, 40.845053000926534 ], [ -73.943674500551921, 40.845047458619831 ], [ -73.943631128772736, 40.845047437433365 ], [ -73.943580523707908, 40.845052902106964 ], [ -73.943500990123496, 40.845074820835023 ], [ -73.943428666448511, 40.84511870070056 ], [ -73.943378009915122, 40.845184548814032 ], [ -73.943341805909725, 40.845255893418241 ], [ -73.943327297160849, 40.845316269843536 ], [ -73.943276504630077, 40.845541310841206 ], [ -73.943146364868682, 40.84556869384047 ], [ -73.943016267321781, 40.845546671991109 ], [ -73.942336956601679, 40.845332247274122 ], [ -73.942574862666845, 40.846073436780109 ], [ -73.942610859560588, 40.846243626500033 ], [ -73.940515299758445, 40.845369748158006 ], [ -73.938853342681327, 40.844677212939118 ], [ -73.938730492054248, 40.844638721848362 ], [ -73.937516558968554, 40.844138533903504 ], [ -73.936122016569257, 40.843550402600641 ], [ -73.934669676997402, 40.842956732227705 ], [ -73.935140154693258, 40.842309246562316 ], [ -73.935567205810472, 40.841711139419345 ], [ -73.935610676362927, 40.841606864759207 ], [ -73.935639690290657, 40.841502582015195 ], [ -73.935639801817445, 40.841387304302899 ], [ -73.935625451593538, 40.841277507936027 ], [ -73.935596639686992, 40.841173192909451 ], [ -73.935438029313318, 40.840750419029959 ], [ -73.935293733028587, 40.840475867240016 ], [ -73.93519267820956, 40.840333085615235 ], [ -73.935106085382259, 40.840184822616699 ], [ -73.93504119327585, 40.840020103515165 ], [ -73.935005219114672, 40.839849911251697 ], [ -73.934998157322042, 40.839679735269478 ], [ -73.935012785010827, 40.839504082084893 ], [ -73.93505631929547, 40.839333934592801 ], [ -73.935121531974261, 40.839169288695473 ], [ -73.935215645530249, 40.839015637833825 ], [ -73.935331431851324, 40.838872977885572 ], [ -73.935461657586018, 40.838746794159547 ], [ -73.935635239791381, 40.838631613328069 ], [ -73.935801604070321, 40.838505449374964 ], [ -73.935960750381525, 40.838368302330792 ], [ -73.936105445531055, 40.838225657638674 ], [ -73.936228461703891, 40.838077511356495 ], [ -73.936380462244614, 40.837852529035018 ], [ -73.936691886539919, 40.83719396981833 ], [ -73.937025050137024, 40.836469548493618 ], [ -73.937379941002817, 40.835690243688958 ], [ -73.937749299155968, 40.834888987808 ], [ -73.937886847641025, 40.834647527312647 ], [ -73.937915844721232, 40.834554222715454 ], [ -73.93795206407998, 40.834466411419491 ], [ -73.937995510813508, 40.834378603996754 ], [ -73.938046184893224, 40.834290800438922 ], [ -73.93810408118361, 40.834208490158396 ], [ -73.938169199672203, 40.834131673144391 ], [ -73.938241545445663, 40.834054859963068 ], [ -73.938321118478967, 40.833978050600741 ], [ -73.938400686246155, 40.833906730604575 ], [ -73.938494698516294, 40.833846397106441 ], [ -73.939152915181197, 40.833275846046718 ], [ -73.939225228802457, 40.833231968773468 ], [ -73.939297547336679, 40.833182602031805 ], [ -73.93936264343138, 40.833127742021887 ], [ -73.939420512090095, 40.833072878178641 ], [ -73.939478385646794, 40.833012524882911 ], [ -73.939529031782953, 40.832952167768262 ], [ -73.939572455503907, 40.83288631742117 ], [ -73.939615879138913, 40.832820467056969 ], [ -73.939644848099803, 40.832754609112101 ], [ -73.93967382198062, 40.832683261735994 ], [ -73.939738966995364, 40.832573507276038 ], [ -73.939796884532697, 40.832463749004745 ], [ -73.939869256380078, 40.832353998239654 ], [ -73.939941627988716, 40.832244247427077 ], [ -73.940021221636755, 40.832139989749699 ], [ -73.940108042251353, 40.832035735769018 ], [ -73.940165914282261, 40.831975382117747 ], [ -73.940216563937682, 40.831909535266654 ], [ -73.94025998629769, 40.831843684649122 ], [ -73.940296186309595, 40.831772340849184 ], [ -73.940332386243867, 40.831700997037068 ], [ -73.940354131756692, 40.831629645737976 ], [ -73.940368650058687, 40.831558290697274 ], [ -73.940375946092388, 40.831481442493349 ], [ -73.940376014961771, 40.831404590551685 ], [ -73.94036885177205, 40.83133322429692 ], [ -73.940347952878611, 40.830460394524394 ], [ -73.940138447596851, 40.830372455120845 ], [ -73.940232477952421, 40.83028467304301 ], [ -73.940760720414772, 40.82953289391363 ], [ -73.941079104569354, 40.829082923852916 ], [ -73.9419532524185, 40.829434690609972 ], [ -73.943925502127371, 40.830270059551523 ], [ -73.946663615954591, 40.831429627548964 ], [ -73.946771992471739, 40.831468103606788 ], [ -73.94687313757214, 40.831512065658096 ], [ -73.949712515134763, 40.832699054708755 ], [ -73.949342945414458, 40.833983418382829 ], [ -73.949190997548214, 40.834208417932381 ], [ -73.949414935887106, 40.83435673081712 ], [ -73.949552216167547, 40.8344116851857 ], [ -73.94957389443077, 40.83441718408983 ], [ -73.949638929241971, 40.834433680777792 ], [ -73.949711191564205, 40.834450180580738 ], [ -73.949776234729427, 40.834455698347242 ], [ -73.94985573286543, 40.834461222362691 ], [ -73.949964161578819, 40.834439311759361 ], [ -73.9501521088999, 40.834395477755038 ] ] ] ] } },
{ "type": "Feature", "properties": { "modzcta": "10033", "label": "10033", "zcta": "10033", "pop_est": "59607", "zcta20": "10033", "hvi": 2.0, "hvi_2018": 2.0 }, "geometry": { "type": "MultiPolygon", "coordinates": [ [ [ [ -73.929382784158619, 40.845714792626303 ], [ -73.92940445278613, 40.845731274131865 ], [ -73.929440590480041, 40.845736785656598 ], [ -73.929498408475595, 40.845747799836836 ], [ -73.929541763263273, 40.845764294568724 ], [ -73.929859756911227, 40.845830361332368 ], [ -73.930177745428921, 40.845901916629003 ], [ -73.930336731321148, 40.845945928063863 ], [ -73.930539084080706, 40.845995454814947 ], [ -73.930647492169868, 40.846017477698325 ], [ -73.930748665879094, 40.846044985550598 ], [ -73.930893183600674, 40.846099966357514 ], [ -73.931196688627082, 40.846198957230527 ], [ -73.93139178572828, 40.846275925222315 ], [ -73.931825331457603, 40.846451843494485 ], [ -73.932042110790263, 40.846534312607616 ], [ -73.932071065193242, 40.846495903769373 ], [ -73.932100019562782, 40.846457494923534 ], [ -73.932186882470788, 40.846342268340976 ], [ -73.932237562147392, 40.846265446335465 ], [ -73.932324418981608, 40.846155709055772 ], [ -73.932773222806361, 40.845541157141739 ], [ -73.933149638395818, 40.845019881540594 ], [ -73.933229263484733, 40.844910139366505 ], [ -73.933714242513943, 40.844246199866156 ], [ -73.934213679659834, 40.843571287671409 ], [ -73.934669676997402, 40.842956732227705 ], [ -73.936122016569257, 40.843550402600641 ], [ -73.937516558968554, 40.844138533903504 ], [ -73.938730492054248, 40.844638721848362 ], [ -73.938853342681327, 40.844677212939118 ], [ -73.938679153162937, 40.845440149056465 ], [ -73.939994311013635, 40.845951356164676 ], [ -73.940239998994727, 40.846050293148501 ], [ -73.940515299758445, 40.845369748158006 ], [ -73.942610859560588, 40.846243626500033 ], [ -73.942574862666845, 40.846073436780109 ], [ -73.942336956601679, 40.845332247274122 ], [ -73.943016267321781, 40.845546671991109 ], [ -73.943146364868682, 40.84556869384047 ], [ -73.943276504630077, 40.845541310841206 ], [ -73.943327297160849, 40.845316269843536 ], [ -73.943341805909725, 40.845255893418241 ], [ -73.943378009915122, 40.845184548814032 ], [ -73.943428666448511, 40.84511870070056 ], [ -73.943500990123496, 40.845074820835023 ], [ -73.943580523707908, 40.845052902106964 ], [ -73.943631128772736, 40.845047437433365 ], [ -73.943674500551921, 40.845047458619831 ], [ -73.943782925360907, 40.845053000926534 ], [ -73.94376100742393, 40.845327460940091 ], [ -73.943739251802157, 40.845409791537904 ], [ -73.943811510674024, 40.84544276324069 ], [ -73.943854808579857, 40.845530614941964 ], [ -73.943883672370347, 40.845591012536808 ], [ -73.943919764908756, 40.845651413638343 ], [ -73.943963095463346, 40.845700839417411 ], [ -73.944057017793085, 40.84576126855346 ], [ -73.94412927720424, 40.845794240055191 ], [ -73.944208779213724, 40.84581074677461 ], [ -73.944295528364705, 40.845805299285765 ], [ -73.944367824669044, 40.845794355348886 ], [ -73.944469054119253, 40.845761467645389 ], [ -73.944534139949738, 40.845728562479216 ], [ -73.944649867726753, 40.84564627686612 ], [ -73.944642479144363, 40.84583840278929 ], [ -73.944620628475747, 40.846036011176565 ], [ -73.944577095974537, 40.846228119724785 ], [ -73.944519105663701, 40.846420221297549 ], [ -73.944395936514084, 40.846755016160309 ], [ -73.944308970129683, 40.847018465998424 ], [ -73.944222049086633, 40.847227021661475 ], [ -73.9439034141745, 40.847896575377185 ], [ -73.943758570830028, 40.848209401290404 ], [ -73.943577525210287, 40.848588082233356 ], [ -73.943381968020518, 40.84902713926067 ], [ -73.943287803000629, 40.849246669414505 ], [ -73.943186356674062, 40.849526579406309 ], [ -73.943207983094652, 40.849597952382858 ], [ -73.943215170042549, 40.849647360608657 ], [ -73.943186159750184, 40.849757134518583 ], [ -73.943178893094299, 40.84980104621642 ], [ -73.943171626428807, 40.849844957913511 ], [ -73.943164322229791, 40.849932784867249 ], [ -73.943149802916281, 40.850004140035502 ], [ -73.943120689090065, 40.850234680874493 ], [ -73.943098870023718, 40.850388373569302 ], [ -73.942990064887084, 40.850816493739153 ], [ -73.942903158306081, 40.850997601240287 ], [ -73.942801797380014, 40.851173212096377 ], [ -73.942678757436212, 40.851337833272147 ], [ -73.942541258220714, 40.851502447111386 ], [ -73.942476142017497, 40.851562798148016 ], [ -73.942389309135393, 40.851656074751475 ], [ -73.942215680791946, 40.851798712515269 ], [ -73.942042061270314, 40.8519303712038 ], [ -73.941593468686932, 40.852352829331345 ], [ -73.941499375133318, 40.852479038019759 ], [ -73.94134013870287, 40.852693044034737 ], [ -73.940428100785581, 40.8539496507317 ], [ -73.940377434555842, 40.854015497426424 ], [ -73.940261494647018, 40.85431186534813 ], [ -73.940123864698691, 40.854608221883289 ], [ -73.939971784030647, 40.854893591911718 ], [ -73.939798017833908, 40.855173461007539 ], [ -73.939718406222426, 40.855266739314118 ], [ -73.939009116467901, 40.85611173475538 ], [ -73.938611668236149, 40.855902926612664 ], [ -73.937925107883004, 40.855611620833315 ], [ -73.93779515157577, 40.855419421684722 ], [ -73.936891739288754, 40.855095056170882 ], [ -73.936038806364564, 40.854913436088587 ], [ -73.93584365736956, 40.854858433680661 ], [ -73.935308814726085, 40.854698942264193 ], [ -73.935207631314597, 40.854665949050748 ], [ -73.934629429985591, 40.854489961902004 ], [ -73.933704351430151, 40.854171048487153 ], [ -73.932230107269064, 40.853582825430578 ], [ -73.930994394105355, 40.853060599267941 ], [ -73.929599716509117, 40.852477879428264 ], [ -73.928154493314779, 40.851862174736112 ], [ -73.927698362794331, 40.852487682281961 ], [ -73.927242223694762, 40.853113187955906 ], [ -73.926800559327816, 40.853716743322124 ], [ -73.924693441501987, 40.85664124014766 ], [ -73.924671559100062, 40.856811397380525 ], [ -73.924671366363427, 40.85698156876802 ], [ -73.924685627298174, 40.85715723898992 ], [ -73.924728814376707, 40.85732743867699 ], [ -73.924786467847895, 40.857492158371407 ], [ -73.924865811602203, 40.857656892159426 ], [ -73.924966858186892, 40.857810661198876 ], [ -73.925082371487605, 40.857958950137544 ], [ -73.9251907478737, 40.858024893291564 ], [ -73.925320814613883, 40.858090850384677 ], [ -73.925465360174911, 40.858140348477654 ], [ -73.925631608398973, 40.858178881575512 ], [ -73.925812341429122, 40.858195466139087 ], [ -73.925993105091166, 40.858184603427418 ], [ -73.92617389306784, 40.858151782838711 ], [ -73.926347475132928, 40.85809699975718 ], [ -73.926499384988119, 40.85802573440219 ], [ -73.926636858675195, 40.857932502057658 ], [ -73.926745423992728, 40.857828272391423 ], [ -73.926825068943486, 40.857724024282248 ], [ -73.92687579969882, 40.857614268391117 ], [ -73.926912064288771, 40.857509992715258 ], [ -73.927121078151515, 40.858108469822987 ], [ -73.927099207494891, 40.858273138073905 ], [ -73.927055640456601, 40.85844328200271 ], [ -73.92698315880881, 40.858607918212698 ], [ -73.926881768389819, 40.858761557251988 ], [ -73.926765917230156, 40.858915187020273 ], [ -73.92662839324484, 40.85905233468354 ], [ -73.926469190332909, 40.859178489562858 ], [ -73.926295544710612, 40.859288166790982 ], [ -73.926114692720745, 40.859375881536685 ], [ -73.925919337060634, 40.859502012493763 ], [ -73.925738434957125, 40.859633641822633 ], [ -73.925571968021416, 40.859787237781354 ], [ -73.925419948500178, 40.85995182163731 ], [ -73.925289606693156, 40.860127398128689 ], [ -73.925173718595488, 40.860308473242775 ], [ -73.925086738728609, 40.860500545808684 ], [ -73.925021449346985, 40.860692632400429 ], [ -73.925006914408826, 40.860758495753061 ], [ -73.924970601709433, 40.860901196540411 ], [ -73.924934214502102, 40.861109770059407 ], [ -73.924926785835396, 40.861285426009076 ], [ -73.924948452236961, 40.861307397702113 ], [ -73.925092936499539, 40.861417279581275 ], [ -73.925129051459834, 40.861450239417678 ], [ -73.924781842697399, 40.861581759167976 ], [ -73.924738447717758, 40.861592709668052 ], [ -73.924724024144112, 40.861559763864072 ], [ -73.924680709990099, 40.861499352206195 ], [ -73.924615748240114, 40.861400500594833 ], [ -73.924139405543769, 40.860642651232325 ], [ -73.922955635641827, 40.858912705534799 ], [ -73.922955705592088, 40.858852322161432 ], [ -73.922827881826166, 40.856854094103589 ], [ -73.922777304312007, 40.856826613242092 ], [ -73.922632699751048, 40.856832005765689 ], [ -73.922047051361062, 40.856853569162809 ], [ -73.922076054617463, 40.856782226505445 ], [ -73.922155602835304, 40.856765811994613 ], [ -73.922170094758314, 40.856738374752176 ], [ -73.922148417911956, 40.856727381318969 ], [ -73.922112274850761, 40.856721867520342 ], [ -73.922170184690671, 40.856661523157165 ], [ -73.922220819604448, 40.856639599688428 ], [ -73.922249771243912, 40.856612172182771 ], [ -73.922293131315769, 40.85662866960773 ], [ -73.922329306394303, 40.856606736351175 ], [ -73.922379941213904, 40.856584812812443 ], [ -73.922373063715384, 40.856282890952677 ], [ -73.922344176363495, 40.856255424490286 ], [ -73.922373140598722, 40.856217018151597 ], [ -73.922373416096136, 40.855980973941314 ], [ -73.922344842928425, 40.855684526852734 ], [ -73.922294260089856, 40.855662535174467 ], [ -73.922279806940026, 40.855657036033861 ], [ -73.922402886147111, 40.855508904945971 ], [ -73.922670770410207, 40.855179720497993 ], [ -73.922822817675609, 40.854987693119426 ], [ -73.922902465372985, 40.854883447666197 ], [ -73.923134158271594, 40.854587174353718 ], [ -73.923416532386099, 40.854225061341324 ], [ -73.923604786392701, 40.853978162867314 ], [ -73.924010264839353, 40.853434979391594 ], [ -73.924437481233085, 40.852842404015668 ], [ -73.924669203704084, 40.852507701688019 ], [ -73.924973335521159, 40.852068747234796 ], [ -73.925023996953442, 40.852019375496738 ], [ -73.925031257275663, 40.851991933173373 ], [ -73.925074689228381, 40.851942556714171 ], [ -73.925110891743941, 40.851893175545314 ], [ -73.925147100383327, 40.851838304960232 ], [ -73.925154354457987, 40.851816352032813 ], [ -73.925168831714061, 40.851799893198987 ], [ -73.925219505139665, 40.851739542563585 ], [ -73.925277444823635, 40.85164626016018 ], [ -73.925299176016352, 40.851607848373035 ], [ -73.925349861499029, 40.851536518868812 ], [ -73.925422284090317, 40.851421288125003 ], [ -73.925487452523981, 40.851328010284249 ], [ -73.925530889850407, 40.851273144242541 ], [ -73.925545385329031, 40.851240217144671 ], [ -73.925639525811079, 40.851097553227895 ], [ -73.925661244345292, 40.851070120179408 ], [ -73.925733665889311, 40.850954889230778 ], [ -73.925755384338089, 40.850927456163859 ], [ -73.925856759298284, 40.85077930730894 ], [ -73.92587847763896, 40.850751874218027 ], [ -73.925892978947857, 40.850713457667922 ], [ -73.926030554358633, 40.850515927217273 ], [ -73.926240542712534, 40.850208654719957 ], [ -73.926255031521904, 40.850181216932945 ], [ -73.926493970792976, 40.849841025999538 ], [ -73.926711183991898, 40.849533757215617 ], [ -73.926921141977289, 40.849248441055167 ], [ -73.927116634037958, 40.848968604771969 ], [ -73.927254208209533, 40.848765583394702 ], [ -73.927406245553897, 40.848557081537678 ], [ -73.92752210111945, 40.84838149321633 ], [ -73.927652431929062, 40.848189445617457 ], [ -73.927971005937948, 40.847728534364457 ], [ -73.928137526112451, 40.847492593489051 ], [ -73.928217162430087, 40.847382854821817 ], [ -73.928390927451588, 40.847130449837252 ], [ -73.928419896036374, 40.847081063101058 ], [ -73.928456093422739, 40.8470316808408 ], [ -73.928492290755344, 40.846982298568747 ], [ -73.929288665157685, 40.84585197032041 ], [ -73.929324867062547, 40.845797098366589 ], [ -73.929382784158619, 40.845714792626303 ] ] ] ] } },
{ "type": "Feature", "properties": { "modzcta": "10034", "label": "10034", "zcta": "10034", "pop_est": "42910", "zcta20": "10034", "hvi": 1.0, "hvi_2018": 1.0 }, "geometry": { "type": "MultiPolygon", "coordinates": [ [ [ [ -73.943178893094299, 40.84980104621642 ], [ -73.943814955974034, 40.849922124770224 ], [ -73.943966745205003, 40.849949645645516 ], [ -73.944096847064699, 40.849977155813257 ], [ -73.94471845494175, 40.850098222374271 ], [ -73.944769050077326, 40.850109225427374 ], [ -73.944913610946998, 40.850136741594532 ], [ -73.945896623567478, 40.850329336130443 ], [ -73.946923012849936, 40.850527431655181 ], [ -73.946872360041226, 40.850587791834784 ], [ -73.94681447790191, 40.850648148658848 ], [ -73.946800010643528, 40.850659120805297 ], [ -73.946517823116693, 40.850966397201489 ], [ -73.946503355740163, 40.850977369310094 ], [ -73.946488892775065, 40.850982852010574 ], [ -73.946474434224967, 40.850982845302994 ], [ -73.946459971256289, 40.850988327999858 ], [ -73.946438283429373, 40.850988317932305 ], [ -73.946423824878082, 40.85098831121838 ], [ -73.946409370749564, 40.850982815096323 ], [ -73.946394912199494, 40.850982808378745 ], [ -73.946387687349002, 40.85097731561298 ], [ -73.946373233225856, 40.850971819486439 ], [ -73.946337104571541, 40.850949845052547 ], [ -73.946322668178198, 40.850922391294311 ], [ -73.946329910734605, 40.850905926438848 ], [ -73.946351607389673, 40.850894957714026 ], [ -73.946351629527285, 40.850867510682129 ], [ -73.946337184288396, 40.850851035738131 ], [ -73.946329959456989, 40.850845542968671 ], [ -73.946315505367238, 40.850840046834705 ], [ -73.946293822020976, 40.850834547333598 ], [ -73.94627212981014, 40.850840026641251 ], [ -73.946243177280365, 40.850883928421005 ], [ -73.946199783934475, 40.850905865825787 ], [ -73.946170826885847, 40.850955256993188 ], [ -73.946192501379983, 40.8509717353299 ], [ -73.946199681813098, 40.851032122170359 ], [ -73.946185223252328, 40.851032115426506 ], [ -73.946170746921737, 40.851054066305693 ], [ -73.946156292799841, 40.85104857015201 ], [ -73.946149076850404, 40.851032098558946 ], [ -73.946141865349375, 40.851010137559122 ], [ -73.946134658298547, 40.850982687152531 ], [ -73.946120213088378, 40.850966212181667 ], [ -73.946098525268724, 40.85096620205028 ], [ -73.946084053373468, 40.850982663512582 ], [ -73.946084031125423, 40.851010110543839 ], [ -73.946098471887737, 40.851032074925314 ], [ -73.94614179867672, 40.851092478652198 ], [ -73.946134520489835, 40.851152858744371 ], [ -73.946120044116228, 40.85117480961673 ], [ -73.946047737799475, 40.851191244047641 ], [ -73.94596823336181, 40.851169249205036 ], [ -73.945932069036758, 40.851191189893719 ], [ -73.945895927013595, 40.851185683540777 ], [ -73.94583810604685, 40.851169188183988 ], [ -73.945765813094212, 40.851169154220017 ], [ -73.945722414925342, 40.851196580850171 ], [ -73.945729617350352, 40.851229520687539 ], [ -73.945679016720675, 40.851224007463941 ], [ -73.945650108486674, 40.851213015031838 ], [ -73.945613939544472, 40.851240445026647 ], [ -73.945556037722483, 40.851322758836162 ], [ -73.945527120474708, 40.851322745185293 ], [ -73.945519859689412, 40.851361167612787 ], [ -73.945483704110472, 40.851372129348462 ], [ -73.945447512502298, 40.85142700631954 ], [ -73.945425824532492, 40.851426996061662 ], [ -73.945396916252108, 40.851416003566527 ], [ -73.945375219269621, 40.851426972110787 ], [ -73.945389655381433, 40.851454425985175 ], [ -73.945324577908295, 40.851470863384073 ], [ -73.945310105711684, 40.851487324747801 ], [ -73.945281183876531, 40.851492800441008 ], [ -73.945252266554874, 40.851492786721273 ], [ -73.945245014630032, 40.851520230318918 ], [ -73.9452739093811, 40.851547691069015 ], [ -73.945266661976305, 40.851569645262025 ], [ -73.945194350496408, 40.851591568562647 ], [ -73.945150978976216, 40.851586058541976 ], [ -73.945064181551615, 40.851640911319294 ], [ -73.945042470834053, 40.851668348017249 ], [ -73.945006296855084, 40.851701267224989 ], [ -73.944977352196901, 40.85173418986939 ], [ -73.944933980601704, 40.851728679767319 ], [ -73.944876123006736, 40.851756099173976 ], [ -73.944774880076778, 40.851794476605988 ], [ -73.944767646155299, 40.851799962550366 ], [ -73.944717026921467, 40.851816406527064 ], [ -73.94469533426053, 40.851821885537312 ], [ -73.944688091199765, 40.851838350287515 ], [ -73.944695302310592, 40.85186031137502 ], [ -73.944688059245649, 40.851876776125152 ], [ -73.944680802480661, 40.851909709090741 ], [ -73.944666334595937, 40.85192068096719 ], [ -73.944630196850838, 40.851909684813116 ], [ -73.944586806876998, 40.851926132201868 ], [ -73.944579563778021, 40.85194259694503 ], [ -73.944507256246013, 40.851959030408217 ], [ -73.944485595592425, 40.851926083541834 ], [ -73.944500077249344, 40.851898643472161 ], [ -73.944507315783412, 40.851887668139248 ], [ -73.944485627663553, 40.851887657704594 ], [ -73.944463930376941, 40.851898626076562 ], [ -73.944456701002466, 40.851898622596096 ], [ -73.944420549543125, 40.851904094592257 ], [ -73.944398870595407, 40.851893105330653 ], [ -73.944406132086314, 40.85185468297729 ], [ -73.944370008193445, 40.851827218525422 ], [ -73.944326636587888, 40.851821708195054 ], [ -73.944319379649968, 40.851854641138246 ], [ -73.944290439182765, 40.851882074204163 ], [ -73.944247030737827, 40.851920479086502 ], [ -73.944210874645094, 40.851931440422248 ], [ -73.944225296576576, 40.851975362655658 ], [ -73.944196346807104, 40.85201377450781 ], [ -73.944131273102627, 40.852024721826716 ], [ -73.944073447228561, 40.852013714993106 ], [ -73.944015625993998, 40.851997218725202 ], [ -73.943993900861088, 40.852041123439705 ], [ -73.943957689159063, 40.852117957557418 ], [ -73.943878119460521, 40.852172812949 ], [ -73.943798572822303, 40.85220022126019 ], [ -73.943603350901029, 40.852233062432539 ], [ -73.943480408936708, 40.85228240693057 ], [ -73.943060830248243, 40.852600586215083 ], [ -73.943024659483712, 40.852628015391446 ], [ -73.942800352870393, 40.852852970072725 ], [ -73.942612201725154, 40.853066963487876 ], [ -73.942474750994421, 40.853171193754143 ], [ -73.94205501841958, 40.853654051440337 ], [ -73.941866862610254, 40.853868043609879 ], [ -73.941830609049646, 40.853988792261269 ], [ -73.941729288825641, 40.854109508052517 ], [ -73.94158448922245, 40.854345479257553 ], [ -73.941533804534487, 40.854433284066694 ], [ -73.941504828001911, 40.854499142240535 ], [ -73.941497588688193, 40.854510117380023 ], [ -73.941410678052577, 40.854685734237378 ], [ -73.941316595381764, 40.854795474517942 ], [ -73.941265856674391, 40.854943662627818 ], [ -73.941236879654156, 40.855009520728494 ], [ -73.941034184906485, 40.855305845152706 ], [ -73.940997987486597, 40.855360720690058 ], [ -73.941012398302973, 40.855415622102385 ], [ -73.940954467658315, 40.855519891148901 ], [ -73.940853158156628, 40.855624137933482 ], [ -73.940766239474897, 40.855805243672485 ], [ -73.940744510953152, 40.855849147745744 ], [ -73.940693897432595, 40.855854611142703 ], [ -73.940621462167911, 40.856008277191279 ], [ -73.940491148574651, 40.856205828579498 ], [ -73.940404242903256, 40.856370465824661 ], [ -73.940353505884516, 40.85651316409156 ], [ -73.940295553539954, 40.85663939038956 ], [ -73.940150782859746, 40.856831444487142 ], [ -73.940085693885635, 40.856853368315569 ], [ -73.940020535562169, 40.856952143711652 ], [ -73.939948132241554, 40.857067383506767 ], [ -73.939781689636504, 40.857237468235041 ], [ -73.939687655425871, 40.857286823738896 ], [ -73.939608026176259, 40.857396570134121 ], [ -73.93940534190294, 40.857665444574387 ], [ -73.939361891828355, 40.85774227337614 ], [ -73.939282251472946, 40.8578629983365 ], [ -73.939224381195388, 40.857895904278436 ], [ -73.939108570107109, 40.858038567663861 ], [ -73.939043348796829, 40.858203215276241 ], [ -73.938913021173349, 40.858406254204333 ], [ -73.93865966454581, 40.858735483862915 ], [ -73.93865240404736, 40.858768416409575 ], [ -73.938500348161256, 40.859009869103716 ], [ -73.938435215859357, 40.859075707178022 ], [ -73.938413444064139, 40.859163525971717 ], [ -73.93831201810444, 40.859383047814113 ], [ -73.93785609567837, 40.859832933976655 ], [ -73.937733089145794, 40.859931676859738 ], [ -73.93755942405717, 40.860079796805202 ], [ -73.937530487534872, 40.860096249341289 ], [ -73.937530472066186, 40.860112717532623 ], [ -73.937552152558268, 40.860123708069004 ], [ -73.937588278141888, 40.860151174615702 ], [ -73.937581001502153, 40.86020057527783 ], [ -73.93735656820617, 40.860513349422867 ], [ -73.937132174312453, 40.860782207942627 ], [ -73.937095887617758, 40.860924912544178 ], [ -73.937045150418527, 40.861056630448971 ], [ -73.936965533106303, 40.861144417362944 ], [ -73.93681358561993, 40.861259611626579 ], [ -73.936806334363936, 40.861281565250479 ], [ -73.936820763862556, 40.861314509545387 ], [ -73.936813486525423, 40.86136391014891 ], [ -73.936473117495751, 40.861929131288129 ], [ -73.935966393016798, 40.862543663745463 ], [ -73.935597226595988, 40.862966141878715 ], [ -73.934851498439713, 40.863964793436786 ], [ -73.934757370276188, 40.864096485760506 ], [ -73.934619814279856, 40.864272068573229 ], [ -73.934431588266776, 40.864502516392335 ], [ -73.934359053255164, 40.864733029768487 ], [ -73.934228817974073, 40.86481529653873 ], [ -73.934192598898278, 40.864881148632968 ], [ -73.934084039180405, 40.864979895784003 ], [ -73.934018907552115, 40.865034752511001 ], [ -73.934018749603894, 40.865193944881071 ], [ -73.933953519578054, 40.865347610623125 ], [ -73.933859458654709, 40.865407940089192 ], [ -73.933787128367356, 40.86542985618572 ], [ -73.933627770361966, 40.865709723763068 ], [ -73.933569868523733, 40.865764584388543 ], [ -73.933577022642794, 40.865841440030529 ], [ -73.933490147653998, 40.865945688482469 ], [ -73.933439492886819, 40.865984085034391 ], [ -73.933439426954152, 40.866049957728265 ], [ -73.933403184434638, 40.866137767124378 ], [ -73.933323545223331, 40.866236530227603 ], [ -73.933258461321088, 40.866241981994897 ], [ -73.93312811684109, 40.866428545925764 ], [ -73.93307737310802, 40.866554772565898 ], [ -73.932831087742926, 40.86698280216563 ], [ -73.93266451874068, 40.867235217175839 ], [ -73.93259936147706, 40.867312030638864 ], [ -73.932548638338318, 40.867416299467585 ], [ -73.932519719665621, 40.867410793166535 ], [ -73.932425554115468, 40.867569930454877 ], [ -73.932389270360233, 40.867696165235017 ], [ -73.932367409595869, 40.867860834203462 ], [ -73.932352824524301, 40.867981592289176 ], [ -73.932352796603027, 40.868009039234963 ], [ -73.932367230938155, 40.868036494658142 ], [ -73.932374434153999, 40.868063945841747 ], [ -73.932272779002218, 40.868475590634127 ], [ -73.932279954275089, 40.868530488764712 ], [ -73.932265458362167, 40.868563416607934 ], [ -73.932323291086021, 40.86857991871657 ], [ -73.93231603754937, 40.868601872029629 ], [ -73.932308778419966, 40.868629314730597 ], [ -73.932301530461672, 40.868645778654013 ], [ -73.932250917693153, 40.86864025955753 ], [ -73.932250872951357, 40.868684174665518 ], [ -73.932279769794206, 40.868711638586582 ], [ -73.932286833302967, 40.868876324481249 ], [ -73.932315707894588, 40.868925745945347 ], [ -73.93235907290881, 40.868947728939247 ], [ -73.932460293364755, 40.868964256402776 ], [ -73.93253983131612, 40.868969792320591 ], [ -73.932568745101946, 40.868980788003292 ], [ -73.932568678303738, 40.869046660661304 ], [ -73.93250351358256, 40.869128963433333 ], [ -73.932387752234192, 40.86918927896749 ], [ -73.932293734759355, 40.869200202624079 ], [ -73.932192329264737, 40.869364824815669 ], [ -73.932134428661982, 40.869414195297139 ], [ -73.932112673181749, 40.86947456580139 ], [ -73.932076449472532, 40.869540417176381 ], [ -73.932061942021889, 40.869584323763299 ], [ -73.93205469389838, 40.869600787668354 ], [ -73.932047423332875, 40.869639209123072 ], [ -73.932069055554337, 40.869699605158495 ], [ -73.932097919130683, 40.86976000544464 ], [ -73.932177402014844, 40.869820435485238 ], [ -73.93219907359304, 40.869842405783125 ], [ -73.932206047477422, 40.870094921843311 ], [ -73.93212621124178, 40.870380323204436 ], [ -73.932046458467369, 40.870583383697294 ], [ -73.932031816105962, 40.870759035547778 ], [ -73.931915736739796, 40.871126756218288 ], [ -73.931785356391771, 40.871335276012069 ], [ -73.931604315134578, 40.871582191358335 ], [ -73.931466695722804, 40.871796195874033 ], [ -73.931379594378356, 40.872109039261353 ], [ -73.931220267013828, 40.872334009329862 ], [ -73.931060824745188, 40.872668766859888 ], [ -73.930843647419465, 40.872888212425636 ], [ -73.930684270595137, 40.873157096794444 ], [ -73.92997432254711, 40.874336886351493 ], [ -73.929865758496888, 40.874419161217709 ], [ -73.929322438239822, 40.875297131469146 ], [ -73.929177525077478, 40.875555043733804 ], [ -73.929010996921079, 40.875736091122597 ], [ -73.928591153830993, 40.876098131495063 ], [ -73.928330523562281, 40.876355971001921 ], [ -73.928149544784702, 40.876520539996385 ], [ -73.928033766617716, 40.876580851082004 ], [ -73.927968636474574, 40.876619236137891 ], [ -73.927527379016723, 40.876712279410455 ], [ -73.926897633551107, 40.877216905536748 ], [ -73.926608027356167, 40.877507659049918 ], [ -73.92652838869644, 40.877584459742806 ], [ -73.926484959281879, 40.877617368385536 ], [ -73.926412643659233, 40.877611832914518 ], [ -73.926405399337852, 40.877622807061435 ], [ -73.926347578459854, 40.877589833875973 ], [ -73.926296983717378, 40.877562354659531 ], [ -73.926311460212702, 40.877551385137252 ], [ -73.926304246303388, 40.877534912381158 ], [ -73.926297026312611, 40.877523929003914 ], [ -73.92629704456769, 40.877507460865672 ], [ -73.926297062822769, 40.877490992727402 ], [ -73.926297087162865, 40.877469035209636 ], [ -73.926311569721676, 40.877452576307704 ], [ -73.926318814040016, 40.877441602166286 ], [ -73.926333296587472, 40.87742514326159 ], [ -73.926355005194637, 40.877414178349753 ], [ -73.926369481648138, 40.877403208819885 ], [ -73.926391184164927, 40.877397733280738 ], [ -73.926420149197739, 40.87736481545096 ], [ -73.926441882063102, 40.877331893004317 ], [ -73.926456388843619, 40.87729347656532 ], [ -73.926456425274722, 40.877260540287402 ], [ -73.926442009596997, 40.877216616031617 ], [ -73.926413117544627, 40.877183661311207 ], [ -73.926384231598675, 40.877145217203626 ], [ -73.926340869294862, 40.877117742617216 ], [ -73.926297500941914, 40.877095757394201 ], [ -73.926246900506982, 40.877073767533183 ], [ -73.926196287918913, 40.877062756409636 ], [ -73.926138437141248, 40.877057230015346 ], [ -73.9260805741675, 40.877062682351706 ], [ -73.925972098637601, 40.877057123437197 ], [ -73.925870849113906, 40.877057058446184 ], [ -73.925762361352454, 40.877062478094189 ], [ -73.925653861297135, 40.877078876399835 ], [ -73.925552587154826, 40.877100768648816 ], [ -73.925451300636183, 40.877133639568271 ], [ -73.925357246138077, 40.877166515076496 ], [ -73.925263179206254, 40.877210369267154 ], [ -73.925176344280587, 40.877254228069923 ], [ -73.925169081259696, 40.877281670278748 ], [ -73.925154586096625, 40.877309107796918 ], [ -73.925140084741074, 40.877342034692724 ], [ -73.925111125267364, 40.877369462821846 ], [ -73.925082165769766, 40.877396890943594 ], [ -73.925074939809946, 40.877391396869093 ], [ -73.925024339554369, 40.87736940647325 ], [ -73.924959225487839, 40.877391321686851 ], [ -73.924894111378393, 40.877413236863653 ], [ -73.924829009638472, 40.877424173244769 ], [ -73.924742211427514, 40.87743509544282 ], [ -73.924655425629155, 40.877435038816806 ], [ -73.924568646058674, 40.877429492746131 ], [ -73.924489104885581, 40.877418461963003 ], [ -73.924402344074949, 40.877396447628989 ], [ -73.924004663906132, 40.87731933507358 ], [ -73.923860077737714, 40.877269835320782 ], [ -73.923816691236553, 40.877264317304729 ], [ -73.923773304742568, 40.877258799272362 ], [ -73.923737144089458, 40.877258775382536 ], [ -73.923693738705893, 40.877269725458817 ], [ -73.923650333308032, 40.87728067551874 ], [ -73.923614153723548, 40.877297119728858 ], [ -73.923549058198674, 40.877302566008737 ], [ -73.923295977790886, 40.877263972393784 ], [ -73.923187552899265, 40.877214495825974 ], [ -73.923151404959881, 40.877203492993516 ], [ -73.923122495502923, 40.877187005588006 ], [ -73.923100824530152, 40.877165033614851 ], [ -73.923071921453712, 40.877143056816919 ], [ -73.922999651131775, 40.877099093549432 ], [ -73.922999657488987, 40.877093604169779 ], [ -73.922970767196276, 40.877060648586898 ], [ -73.922920174252127, 40.87703316788749 ], [ -73.922905716405069, 40.87702766884626 ], [ -73.922862342878219, 40.877011171711736 ], [ -73.922833420834678, 40.877005662992694 ], [ -73.922811724525616, 40.877005648483461 ], [ -73.922804486049273, 40.877011133025881 ], [ -73.922797260319584, 40.877005638808363 ], [ -73.92280451154258, 40.876989175506971 ], [ -73.922811756389265, 40.876978201584755 ], [ -73.922797292189202, 40.876978191909672 ], [ -73.922775602264821, 40.876972688013907 ], [ -73.922753925099045, 40.876956205354489 ], [ -73.922717790132808, 40.876934223626122 ], [ -73.922674416713548, 40.876917726420707 ], [ -73.922645488339782, 40.876917707034302 ], [ -73.922623772894738, 40.876934160629105 ], [ -73.922616559966016, 40.876917687640642 ], [ -73.92260933426202, 40.876912193411286 ], [ -73.922594857295095, 40.876923162470433 ], [ -73.922587637983511, 40.876912178859925 ], [ -73.9225804122825, 40.876906684628729 ], [ -73.92258042506613, 40.876895705869082 ], [ -73.922580444241575, 40.87687923772959 ], [ -73.922594921201323, 40.876868268672162 ], [ -73.922566005635105, 40.8768572705061 ], [ -73.922537058101483, 40.876873719232087 ], [ -73.922493697564505, 40.876846243198834 ], [ -73.922479252593689, 40.876829765344254 ], [ -73.922421427947498, 40.876802279566832 ], [ -73.922414215083222, 40.876785806565309 ], [ -73.922399757331803, 40.876780307460471 ], [ -73.922385312398589, 40.876763829593948 ], [ -73.922378086730419, 40.876758335349933 ], [ -73.922378099547444, 40.87674735659003 ], [ -73.922378323844569, 40.876555228288048 ], [ -73.922378548140401, 40.876363099979287 ], [ -73.922393230052137, 40.87617647077191 ], [ -73.922415150279335, 40.875984357037773 ], [ -73.92244430235084, 40.875792248153125 ], [ -73.922437128011723, 40.875742838864284 ], [ -73.922444417603785, 40.875693439295702 ], [ -73.922458945541635, 40.875638555204553 ], [ -73.922473467054971, 40.875589160492154 ], [ -73.922502446035722, 40.875545264872521 ], [ -73.922553197523527, 40.875435511232219 ], [ -73.922596716923508, 40.875325752717103 ], [ -73.922625778751026, 40.875210495105257 ], [ -73.92265484047779, 40.87509523748367 ], [ -73.922669438338431, 40.874979970161228 ], [ -73.922676804278339, 40.874864697989231 ], [ -73.922669706477492, 40.874749416123251 ], [ -73.922662608701245, 40.874634134254471 ], [ -73.922641047284571, 40.87451884268814 ], [ -73.922612247733738, 40.874409035648313 ], [ -73.922576222861323, 40.874293734365096 ], [ -73.922532959922862, 40.874183917596362 ], [ -73.922475227158785, 40.874079580476398 ], [ -73.922410269208129, 40.873969749080878 ], [ -73.922345298650157, 40.873870896412257 ], [ -73.922265864782844, 40.873772033963576 ], [ -73.922179199411232, 40.873673166581959 ], [ -73.922085289702835, 40.87358527301727 ], [ -73.921984148521318, 40.873497374486078 ], [ -73.921875769445762, 40.873414960352527 ], [ -73.921760152476224, 40.873338030596543 ], [ -73.921644529305482, 40.873266590107043 ], [ -73.92152166821586, 40.873200633966512 ], [ -73.921391569198477, 40.873140162152026 ], [ -73.921254232240898, 40.873085174639321 ], [ -73.921116888998199, 40.873035676346184 ], [ -73.921087962313806, 40.873035656569328 ], [ -73.92105903562944, 40.873035636785247 ], [ -73.921030108945089, 40.873035616993903 ], [ -73.920972275149055, 40.873019109238697 ], [ -73.920914434852762, 40.87300809083807 ], [ -73.920856588041872, 40.873002561792056 ], [ -73.920791503034593, 40.873002517137152 ], [ -73.920733643150982, 40.873007966796692 ], [ -73.920726411482917, 40.873007961829124 ], [ -73.920726404938421, 40.873013451212707 ], [ -73.920719173269759, 40.873013446244713 ], [ -73.920711935055408, 40.873018930659832 ], [ -73.920704709932465, 40.873013436307339 ], [ -73.920690246595157, 40.873013426368175 ], [ -73.920683028022694, 40.873002442630714 ], [ -73.920661326470452, 40.873007917100814 ], [ -73.920639644569661, 40.872996923416004 ], [ -73.920603492790079, 40.872991409160683 ], [ -73.92056732790121, 40.872996873661229 ], [ -73.920552864567554, 40.87299686370487 ], [ -73.920523911655323, 40.873018801320946 ], [ -73.920487740180818, 40.873029755180092 ], [ -73.920458793799384, 40.873046203396193 ], [ -73.920422622299256, 40.873057157234889 ], [ -73.920386444214614, 40.8730736004457 ], [ -73.920357510938985, 40.873079069869242 ], [ -73.920328571081228, 40.873090028669047 ], [ -73.920299624634197, 40.873106476845052 ], [ -73.920292399535796, 40.873100982466838 ], [ -73.920277929597987, 40.873106461859443 ], [ -73.920256214811786, 40.873122915020204 ], [ -73.92022725516108, 40.873150341944758 ], [ -73.920191076977432, 40.873166785094071 ], [ -73.920169381921582, 40.873166770088062 ], [ -73.920147667088827, 40.873183223228217 ], [ -73.920133190527693, 40.873194191985945 ], [ -73.920125939057129, 40.873210655130869 ], [ -73.920104230795189, 40.873221618879313 ], [ -73.920082522526087, 40.873232582623679 ], [ -73.92006080105088, 40.873254525130562 ], [ -73.920053536355667, 40.873281967037329 ], [ -73.920017325042096, 40.87332585704803 ], [ -73.91998836520446, 40.873353283911712 ], [ -73.919981100468547, 40.873380725813405 ], [ -73.919973848940003, 40.873397188948211 ], [ -73.919959372303623, 40.87340815768377 ], [ -73.91995208772434, 40.873452067732728 ], [ -73.919966524727812, 40.873474035296816 ], [ -73.91995927979336, 40.873485009047364 ], [ -73.919959246753933, 40.873512455962683 ], [ -73.919966452047632, 40.873534418510467 ], [ -73.919951981988632, 40.873539897861818 ], [ -73.919951962163154, 40.873556366010831 ], [ -73.919944703999121, 40.873578318526256 ], [ -73.919930227318488, 40.873589287257786 ], [ -73.91993022070821, 40.873594776640758 ], [ -73.919908525512753, 40.873594761585707 ], [ -73.919908505676503, 40.8736112297346 ], [ -73.91987235362356, 40.873605715250825 ], [ -73.919828956606892, 40.873611174497874 ], [ -73.919792804560586, 40.873605659989202 ], [ -73.919792758209084, 40.873644085669667 ], [ -73.919828903657631, 40.873655089561254 ], [ -73.919872300702949, 40.873649630314254 ], [ -73.91990122765408, 40.873649650395826 ], [ -73.919922916256539, 40.873655154835149 ], [ -73.919944591644352, 40.873671638036228 ], [ -73.919959048516787, 40.873677137451729 ], [ -73.919951790341941, 40.873699089967104 ], [ -73.919951763907846, 40.873721047498513 ], [ -73.919951750690785, 40.873732026264214 ], [ -73.919958969221668, 40.873743010045928 ], [ -73.919958956005786, 40.873753988811522 ], [ -73.919966167932913, 40.873770461975603 ], [ -73.919973366650098, 40.873797913904717 ], [ -73.919980571979394, 40.87381987645044 ], [ -73.919973327009572, 40.87383085020118 ], [ -73.919987777313438, 40.873841838995666 ], [ -73.920002234226459, 40.873847338405625 ], [ -73.920132313583025, 40.873924279926641 ], [ -73.920146796895708, 40.87390782178776 ], [ -73.920168479012048, 40.873918815563329 ], [ -73.920153995702336, 40.873935273704852 ], [ -73.920197353374206, 40.873962750631712 ], [ -73.920211836679158, 40.873946292484781 ], [ -73.920240744005383, 40.873962780629121 ], [ -73.920219028930333, 40.873979233780318 ], [ -73.920291300603267, 40.874017709431435 ], [ -73.920349115371536, 40.874050685672543 ], [ -73.920406930197174, 40.874083661884505 ], [ -73.92044306285031, 40.874105644347836 ], [ -73.92047195060627, 40.874138600581119 ], [ -73.92050085151736, 40.874160578042186 ], [ -73.920544261956735, 40.874144139778124 ], [ -73.920580375018105, 40.874182590345448 ], [ -73.920609275984148, 40.874204567779174 ], [ -73.920623700261928, 40.874237514022795 ], [ -73.920659806869821, 40.874281453946921 ], [ -73.920667019027775, 40.874297927065591 ], [ -73.920688681714097, 40.874325388889524 ], [ -73.920695887336819, 40.874347351388522 ], [ -73.920710305142535, 40.874385787002687 ], [ -73.920703066778046, 40.874391271415902 ], [ -73.920717510778942, 40.874407749500101 ], [ -73.920724716420111, 40.87442971199696 ], [ -73.9207463857162, 40.874451684427235 ], [ -73.920760829740942, 40.874468162505856 ], [ -73.920753571744442, 40.874490115068504 ], [ -73.920768009238103, 40.874512082528206 ], [ -73.920782453281319, 40.874528560603935 ], [ -73.920782440201265, 40.874539539368094 ], [ -73.920789665496471, 40.874545033714178 ], [ -73.920789645878173, 40.874561501860349 ], [ -73.920804089937491, 40.8745779799332 ], [ -73.920796845020988, 40.874588953734147 ], [ -73.920811295625711, 40.874599942423991 ], [ -73.920818507855742, 40.874616415532238 ], [ -73.920818501318678, 40.874621904914228 ], [ -73.920832958470015, 40.874627404219332 ], [ -73.920840170708388, 40.874643877326143 ], [ -73.920840157637855, 40.874654856090068 ], [ -73.920840144567293, 40.874665834854028 ], [ -73.920854608264051, 40.874665844774384 ], [ -73.920869058895022, 40.874676833456839 ], [ -73.920883509530782, 40.874687822137474 ], [ -73.92088348993569, 40.874704290283283 ], [ -73.920890702194924, 40.874720763386676 ], [ -73.920905146313885, 40.874737241446404 ], [ -73.920919590440008, 40.87475371950427 ], [ -73.920919583911285, 40.87475920888614 ], [ -73.920912325935433, 40.874781161457641 ], [ -73.920912306347446, 40.874797629603144 ], [ -73.920926770072882, 40.87479763951449 ], [ -73.920926750488448, 40.874814107659937 ], [ -73.920941201163572, 40.874825096333119 ], [ -73.920948413450219, 40.874841569432583 ], [ -73.920970109052718, 40.874841584292113 ], [ -73.920984546694228, 40.87486355172328 ], [ -73.920984527124091, 40.874880019868542 ], [ -73.920998971300918, 40.874896497916041 ], [ -73.921013428526877, 40.874901997198265 ], [ -73.921035085033864, 40.87493494833582 ], [ -73.921056748079735, 40.874962410087505 ], [ -73.921078424174794, 40.874978893071656 ], [ -73.921114544511099, 40.875011854084399 ], [ -73.921143426483326, 40.875050299525768 ], [ -73.921157857718342, 40.875077756316031 ], [ -73.921165070086062, 40.875094229401221 ], [ -73.921172288965266, 40.875105213104341 ], [ -73.921172275949445, 40.875116191867392 ], [ -73.921179481817617, 40.875138154333079 ], [ -73.921172243409927, 40.875143638774944 ], [ -73.921172230394106, 40.875154617537909 ], [ -73.921172217378285, 40.87516559630086 ], [ -73.921172204362463, 40.875176575063797 ], [ -73.92117219785456, 40.875182064445255 ], [ -73.921157727536354, 40.875187543946147 ], [ -73.921157714518131, 40.875198522709034 ], [ -73.92114324419515, 40.875204002208065 ], [ -73.921136005777313, 40.875209486647655 ], [ -73.92112876084677, 40.875220460468128 ], [ -73.921128741312245, 40.875236928612367 ], [ -73.921114277491228, 40.875236918726323 ], [ -73.921107026040829, 40.875253381926811 ], [ -73.921114238415001, 40.875269855014629 ], [ -73.9211069999876, 40.875275339452287 ], [ -73.921106986960993, 40.875286318214982 ], [ -73.921078052781752, 40.875291787817027 ], [ -73.921063569398129, 40.875308246068634 ], [ -73.921056324444876, 40.875319219884403 ], [ -73.921034602609353, 40.875341162566279 ], [ -73.921027338088066, 40.875368604523956 ], [ -73.921012861196232, 40.875379573387754 ], [ -73.920991158895305, 40.87538504791749 ], [ -73.920976675469859, 40.875401506157957 ], [ -73.920969423967421, 40.875417969349257 ], [ -73.920954947055279, 40.875428938205665 ], [ -73.920933238205805, 40.875439902105697 ], [ -73.920925999744966, 40.875445386531808 ], [ -73.92091876128292, 40.875450870957536 ], [ -73.920911509760771, 40.875467334145043 ], [ -73.920904277825215, 40.875467329188623 ], [ -73.92089705895097, 40.875456345469473 ], [ -73.92087535661544, 40.875461819977396 ], [ -73.920810275738717, 40.875456285951905 ], [ -73.920665709099282, 40.875395803417945 ], [ -73.920600602084122, 40.875412226798964 ], [ -73.920528289349861, 40.875406687638552 ], [ -73.920477705238994, 40.875373716478897 ], [ -73.920477744630588, 40.875340780191443 ], [ -73.919704346642646, 40.87499441335072 ], [ -73.919552530211163, 40.874950392529968 ], [ -73.919407952508692, 40.87490088717815 ], [ -73.919270613554815, 40.87484589732226 ], [ -73.919133274828113, 40.874790907302383 ], [ -73.91900318155831, 40.874724943430991 ], [ -73.918873095244308, 40.874653490030283 ], [ -73.918865870095686, 40.874647995564267 ], [ -73.918858644948273, 40.874642501097824 ], [ -73.918858651647128, 40.874637011715947 ], [ -73.918851426501504, 40.874631517249036 ], [ -73.918851439900408, 40.874620538485296 ], [ -73.918851446599874, 40.874615049103376 ], [ -73.918851453299325, 40.874609559721492 ], [ -73.918851466698229, 40.874598580957745 ], [ -73.918858705237994, 40.874593096660867 ], [ -73.918858711936863, 40.874587607278954 ], [ -73.918865950474839, 40.8745821229816 ], [ -73.918873189011606, 40.874576638683806 ], [ -73.918945574313753, 40.874521795680621 ], [ -73.919003502530146, 40.874461453098903 ], [ -73.919061430641406, 40.874401110487405 ], [ -73.919112133512513, 40.874335273395261 ], [ -73.919155611152405, 40.874263941831842 ], [ -73.919191856902245, 40.87419260518741 ], [ -73.919220870785267, 40.874121263468787 ], [ -73.919242652824764, 40.874049916681422 ], [ -73.919257263037011, 40.873929160386226 ], [ -73.91927187319618, 40.873808404086624 ], [ -73.919272019818536, 40.873687637665583 ], [ -73.919272026483171, 40.873682148282732 ], [ -73.91927203314782, 40.873676658899889 ], [ -73.919272039812455, 40.87367116951706 ], [ -73.919279278216578, 40.87366568519289 ], [ -73.919279284880616, 40.873660195809997 ], [ -73.919286523282935, 40.873654711485372 ], [ -73.919293761684074, 40.873649227160264 ], [ -73.919279318200793, 40.873632748895602 ], [ -73.919272079800265, 40.873638233219786 ], [ -73.919264848063762, 40.873638228160637 ], [ -73.919257609661457, 40.873643712483975 ], [ -73.919250377924357, 40.873643707423916 ], [ -73.919221457644824, 40.873638197796332 ], [ -73.919199769105973, 40.873632693225154 ], [ -73.919178080570703, 40.873627188649898 ], [ -73.919170855508412, 40.873621694202001 ], [ -73.919163637120889, 40.87361071037072 ], [ -73.919149180328674, 40.873605210855509 ], [ -73.919149193678209, 40.873594232089651 ], [ -73.919141968621886, 40.873588737639849 ], [ -73.919141981972615, 40.873577758874021 ], [ -73.919141995323344, 40.873566780108135 ], [ -73.919142022024786, 40.873544822576335 ], [ -73.919134810326327, 40.873528349360114 ], [ -73.919127605307978, 40.873506386760369 ], [ -73.919113161896917, 40.873489908474447 ], [ -73.919098725171921, 40.873467940803692 ], [ -73.919091493453962, 40.873467935733707 ], [ -73.91909150013349, 40.873462446350658 ], [ -73.919084268416114, 40.873462441280218 ], [ -73.919084261736003, 40.873467930663246 ], [ -73.919077030018045, 40.873467925592351 ], [ -73.9190697983001, 40.87346792052098 ], [ -73.919062566582127, 40.873467915449169 ], [ -73.919055334864183, 40.873467910376903 ], [ -73.919055341546681, 40.87346242099386 ], [ -73.919055348229179, 40.873456931610775 ], [ -73.919048116512428, 40.87345692653809 ], [ -73.919040884795677, 40.873456921464914 ], [ -73.919033653078912, 40.873456916391277 ], [ -73.919026421362162, 40.873456911317199 ], [ -73.919019189645397, 40.873456906242673 ], [ -73.919019196330893, 40.873451416859609 ], [ -73.919011971300833, 40.873445922401572 ], [ -73.919004739585276, 40.873445917326137 ], [ -73.918997514556992, 40.873440422867205 ], [ -73.918990289529916, 40.873434928407782 ], [ -73.918983064504005, 40.87342943394794 ], [ -73.918975839479316, 40.873423939487616 ], [ -73.918968614455807, 40.873418445026829 ], [ -73.918961382743248, 40.873418439948658 ], [ -73.918946919318117, 40.873418429790995 ], [ -73.918939694297606, 40.873412935328361 ], [ -73.91893246258563, 40.873412930248406 ], [ -73.918925237566924, 40.873407435784891 ], [ -73.918918005855545, 40.87340743070402 ], [ -73.918918012549398, 40.873401941320935 ], [ -73.918918019243222, 40.873396451937829 ], [ -73.918918032630899, 40.873385473171609 ], [ -73.918918039324723, 40.873379983788482 ], [ -73.918918046018561, 40.873374494405368 ], [ -73.918925291112814, 40.873363520719998 ], [ -73.918932529512048, 40.873358036417279 ], [ -73.918939767910075, 40.873352552114056 ], [ -73.918946999615471, 40.873352557193577 ], [ -73.918954238011708, 40.873347072889473 ], [ -73.918954244702562, 40.87334158350631 ], [ -73.918954251393401, 40.873336094123133 ], [ -73.918947026381218, 40.873330599660932 ], [ -73.918939794678209, 40.873330594581446 ], [ -73.918939801370243, 40.873325105198255 ], [ -73.918932569667831, 40.873325100118286 ], [ -73.918932576360461, 40.873319610735116 ], [ -73.918925351351859, 40.873314116271516 ], [ -73.918918106263007, 40.873325089957014 ], [ -73.918896411155785, 40.873325074711673 ], [ -73.918881947750975, 40.873325064545831 ], [ -73.918874716048563, 40.873325059462317 ], [ -73.918867470950161, 40.873336033144568 ], [ -73.918860232547971, 40.873341517443258 ], [ -73.91884576913958, 40.873341507272897 ], [ -73.918838530734988, 40.873346991570216 ], [ -73.918831299030202, 40.873346986483895 ], [ -73.918824067325417, 40.873346981397134 ], [ -73.918809603915847, 40.873346971222254 ], [ -73.918802372211076, 40.873346966134143 ], [ -73.918787908801505, 40.873346955956549 ], [ -73.918773445391963, 40.873346945777115 ], [ -73.918766227099908, 40.873335961920432 ], [ -73.918759002103286, 40.873330467446443 ], [ -73.918744552113623, 40.873319478497081 ], [ -73.918737320411836, 40.873319473404884 ], [ -73.918722863718216, 40.873313973835963 ], [ -73.918722870428155, 40.873308484452814 ], [ -73.918715645438098, 40.87330298997604 ], [ -73.918715652148634, 40.873297500592891 ], [ -73.918715658859171, 40.873292011209671 ], [ -73.91870844058262, 40.873281027349243 ], [ -73.918693977187431, 40.873281017159883 ], [ -73.918701222308471, 40.87327004348839 ], [ -73.918708460716005, 40.873264559199605 ], [ -73.918715699122345, 40.873259074910386 ], [ -73.918722937527477, 40.873253590620671 ], [ -73.918722944237402, 40.8732481012375 ], [ -73.918715712543388, 40.873248096143953 ], [ -73.918708480849375, 40.873248091049952 ], [ -73.918694010749007, 40.873253570243818 ], [ -73.918672315665177, 40.873253554956342 ], [ -73.918657845560659, 40.873259034145669 ], [ -73.918650600433651, 40.87327000781444 ], [ -73.918650587001849, 40.873280986580887 ], [ -73.918643355304255, 40.8732809814828 ], [ -73.918628885191367, 40.873286460668467 ], [ -73.918614421795013, 40.873286450469145 ], [ -73.91859995839863, 40.873286440267975 ], [ -73.918585508444835, 40.873275451298611 ], [ -73.918571058495786, 40.87326446232742 ], [ -73.918563840246136, 40.873253478457912 ], [ -73.918563853692248, 40.873242499691472 ], [ -73.918563860415304, 40.873237010308237 ], [ -73.918549417202456, 40.873220531950956 ], [ -73.91852772885548, 40.873215027253075 ], [ -73.918513265474658, 40.873215017041048 ], [ -73.918506047239902, 40.873204033167831 ], [ -73.918506053967732, 40.873198543784589 ], [ -73.918498829007547, 40.873193049294095 ], [ -73.918484365631514, 40.873193039078487 ], [ -73.918440968770241, 40.873198497803969 ], [ -73.918412042015831, 40.873198477356347 ], [ -73.918390333475259, 40.873209440782453 ], [ -73.918397538217903, 40.873231403429365 ], [ -73.91841918614945, 40.873269844451009 ], [ -73.918448092737052, 40.873286333046423 ], [ -73.918491449280808, 40.873313810617447 ], [ -73.918534826036819, 40.87332482002256 ], [ -73.918592639331521, 40.873357797147811 ], [ -73.918614321011532, 40.873368791216492 ], [ -73.918628737401804, 40.873407227097495 ], [ -73.918628697095471, 40.873440163395863 ], [ -73.918614193352127, 40.873473089494645 ], [ -73.918599703034658, 40.873495036825481 ], [ -73.918570776151199, 40.87349501641765 ], [ -73.918563524260989, 40.873511479463495 ], [ -73.918527345469428, 40.873527922090133 ], [ -73.918498391657693, 40.873549859195968 ], [ -73.918469437826872, 40.873571796294392 ], [ -73.918454981100538, 40.873566296692189 ], [ -73.91844053110988, 40.873555307705246 ], [ -73.918411610935905, 40.873549797874574 ], [ -73.918404365736563, 40.873560771527352 ], [ -73.918426027248231, 40.87358823377965 ], [ -73.918426013779282, 40.873599212545436 ], [ -73.918418755106813, 40.873621164964717 ], [ -73.918411503165203, 40.873637628000644 ], [ -73.918389801218652, 40.873643102042905 ], [ -73.918375324267402, 40.873654070579256 ], [ -73.918353608831595, 40.873670523380333 ], [ -73.918324654900459, 40.873692460441958 ], [ -73.91829570095021, 40.873714397496244 ], [ -73.918245051739603, 40.873736319175457 ], [ -73.918201640998078, 40.873752756575783 ], [ -73.918179925487053, 40.873769209343877 ], [ -73.918165434961736, 40.873791156618978 ], [ -73.918143699155792, 40.873824077528056 ], [ -73.918121990366743, 40.873835040902414 ], [ -73.918107513329531, 40.873846009404772 ], [ -73.91805688425157, 40.873851462853047 ], [ -73.917926678700454, 40.873878817261399 ], [ -73.917868790697497, 40.873906223013883 ], [ -73.917847061489383, 40.873933654483892 ], [ -73.917810889076236, 40.873944607502189 ], [ -73.917810875505651, 40.873955586267193 ], [ -73.917796411963863, 40.873955575965304 ], [ -73.917774709862897, 40.873961049891577 ], [ -73.917781921271327, 40.873977523191527 ], [ -73.917767437358108, 40.873993981033365 ], [ -73.917738496675284, 40.874004939181809 ], [ -73.917709555982924, 40.874015897322955 ], [ -73.917644456387833, 40.874026829657993 ], [ -73.917593820330978, 40.874037772285355 ], [ -73.917550395618036, 40.87406518820454 ], [ -73.917492520920916, 40.874081615002673 ], [ -73.917427387140975, 40.874119994126666 ], [ -73.917398412250435, 40.874158399100942 ], [ -73.917268178506887, 40.874207710293675 ], [ -73.917188587705724, 40.874240589529983 ], [ -73.917116249159307, 40.874257005759034 ], [ -73.91703664452551, 40.874300863654462 ], [ -73.916978755788278, 40.874328268958372 ], [ -73.91685580126682, 40.874339159212404 ], [ -73.916711144387833, 40.874355523061261 ], [ -73.916653248587949, 40.874388417583589 ], [ -73.916580868427189, 40.874437769768306 ], [ -73.916450619734874, 40.874498058799695 ], [ -73.916342107755071, 40.874525427122144 ], [ -73.916211962434986, 40.874503375155989 ], [ -73.916096260076401, 40.874497801705324 ], [ -73.916016689148947, 40.874514211986202 ], [ -73.915893741069709, 40.874519611833037 ], [ -73.915763561137851, 40.874525006270282 ], [ -73.915684010978566, 40.874524948176351 ], [ -73.915575540458747, 40.87451937948714 ], [ -73.915401997442743, 40.874502784237855 ], [ -73.915221222684949, 40.87448618341503 ], [ -73.915069403370495, 40.874447646074451 ], [ -73.914982649555526, 40.874425624647138 ], [ -73.914635648965259, 40.874326559521123 ], [ -73.914223598614683, 40.874199998080698 ], [ -73.914194685593628, 40.874188997811885 ], [ -73.913999505201843, 40.874128469262665 ], [ -73.913905534586107, 40.874095462870621 ], [ -73.913587428753786, 40.87402386307501 ], [ -73.91350069026484, 40.873990861767595 ], [ -73.91334164846262, 40.87394682734751 ], [ -73.913291040392409, 40.873935810558116 ], [ -73.913247671268152, 40.873919309800982 ], [ -73.913197091899207, 40.873886335441227 ], [ -73.913139273650074, 40.87385884499848 ], [ -73.913095897439135, 40.873847833566344 ], [ -73.913038064906686, 40.873831321837301 ], [ -73.912980203666606, 40.873836767608523 ], [ -73.912893436958129, 40.873825723372903 ], [ -73.912734381544311, 40.873792666879304 ], [ -73.912611485034475, 40.873759637553484 ], [ -73.912503059361342, 40.873721129681314 ], [ -73.912286230115924, 40.873627645483147 ], [ -73.912076647722103, 40.873523187620869 ], [ -73.911635804398045, 40.873303275372777 ], [ -73.911577994601188, 40.873270294762079 ], [ -73.911512953169407, 40.87323730857733 ], [ -73.911426245985368, 40.873182348174602 ], [ -73.911361233985559, 40.873127404372156 ], [ -73.911303424477808, 40.873094423622845 ], [ -73.911274541719891, 40.873061465088455 ], [ -73.911223963981982, 40.873028489858747 ], [ -73.911187864290085, 40.872984546972667 ], [ -73.911180625292758, 40.872990030789957 ], [ -73.911173400960578, 40.872984535840715 ], [ -73.911180647290436, 40.872973562640794 ], [ -73.911166205964577, 40.872957083358756 ], [ -73.911151764645879, 40.872940604074891 ], [ -73.911101216417237, 40.87288567125826 ], [ -73.911101238434554, 40.872869203108813 ], [ -73.911101260451858, 40.872852734959302 ], [ -73.911086833852494, 40.872825276900585 ], [ -73.911057936633497, 40.872803297076786 ], [ -73.911036285765164, 40.872770344054388 ], [ -73.911036315142979, 40.872748386521316 ], [ -73.911014656957008, 40.872720922877825 ], [ -73.910993006136934, 40.872687969846837 ], [ -73.910978579618018, 40.872660511773759 ], [ -73.910964138410222, 40.872644032465502 ], [ -73.910964175162192, 40.872616585548627 ], [ -73.910942494992412, 40.872605590041154 ], [ -73.91091361262572, 40.872572631413448 ], [ -73.910834138417769, 40.87251767614169 ], [ -73.910761910683263, 40.872451747640042 ], [ -73.910696944181311, 40.872363867154398 ], [ -73.910668076790927, 40.872319929696488 ], [ -73.910646411520034, 40.872297955365411 ], [ -73.910646463156112, 40.872259529679482 ], [ -73.910603176963136, 40.87218264470193 ], [ -73.910567107673174, 40.872116744079463 ], [ -73.910538262632357, 40.872056338435343 ], [ -73.910538292174294, 40.872034380899557 ], [ -73.910552777449908, 40.872017923959277 ], [ -73.910545590199618, 40.871984982049895 ], [ -73.910516767397255, 40.871908108246743 ], [ -73.910495183589831, 40.871825750660342 ], [ -73.910488040726491, 40.871759872441039 ], [ -73.910480846145958, 40.87173241991028 ], [ -73.910473666352956, 40.871693988610424 ], [ -73.910459269832018, 40.871644572930272 ], [ -73.910452127023717, 40.871578694706535 ], [ -73.910444999015837, 40.871501837712671 ], [ -73.910445013802089, 40.871490858943737 ], [ -73.910423326690278, 40.87148535272101 ], [ -73.910430587769184, 40.871463400796245 ], [ -73.910445050767692, 40.871463412021306 ], [ -73.910452319229549, 40.871435970710536 ], [ -73.910452356192124, 40.871408523787807 ], [ -73.91044514687816, 40.871392050022251 ], [ -73.910430698683754, 40.871381060028064 ], [ -73.910445183843649, 40.871364603099359 ], [ -73.910466885700501, 40.871359130548853 ], [ -73.910474154141937, 40.871331689236243 ], [ -73.910495863374592, 40.871320727295618 ], [ -73.910510333729789, 40.871315249127818 ], [ -73.910517587374301, 40.871298786581541 ], [ -73.910546528069204, 40.871287830238707 ], [ -73.910561027947182, 40.871260394525727 ], [ -73.910553818622347, 40.871243920766538 ], [ -73.910561064864766, 40.871232947602074 ], [ -73.910575601636353, 40.871178064963082 ], [ -73.910590079335051, 40.871167097400367 ], [ -73.910604571788809, 40.871145151066131 ], [ -73.910619064233018, 40.87112320472999 ], [ -73.910648071221672, 40.871062843897306 ], [ -73.910655310053087, 40.871057360111493 ], [ -73.910662563633565, 40.871040897555389 ], [ -73.910684265366882, 40.871035424963729 ], [ -73.910691518937796, 40.871018962405721 ], [ -73.910706011325786, 40.870997016058141 ], [ -73.910713279628979, 40.870969574728711 ], [ -73.910720540555843, 40.870947622783625 ], [ -73.910713345967224, 40.870920170263389 ], [ -73.91069890520312, 40.870903690916769 ], [ -73.910677255131219, 40.870870737815672 ], [ -73.910677284626757, 40.870848780275203 ], [ -73.910691776982361, 40.870826833928767 ], [ -73.910691799100405, 40.870810365773288 ], [ -73.910713515497832, 40.870793914405589 ], [ -73.910720776405441, 40.870771962459784 ], [ -73.910728037308246, 40.870750010513518 ], [ -73.910735320313478, 40.870711590410849 ], [ -73.910742610678781, 40.87066768092221 ], [ -73.910728177331933, 40.870645712193152 ], [ -73.910749930505887, 40.870601813891263 ], [ -73.910749945241577, 40.870590835120474 ], [ -73.910757198747731, 40.870574372557009 ], [ -73.910749989448675, 40.870557898808066 ], [ -73.910764481716896, 40.870535952451363 ], [ -73.910764525916747, 40.870503016138564 ], [ -73.910750122069686, 40.870459089869598 ], [ -73.910757368194197, 40.870448116691271 ], [ -73.910771860436057, 40.870426170333232 ], [ -73.910757419764749, 40.870409690992432 ], [ -73.91076472481555, 40.870354802728762 ], [ -73.910764769015174, 40.870321866414933 ], [ -73.910764820581335, 40.870283440715205 ], [ -73.910750379942755, 40.870266961373147 ], [ -73.910772118246186, 40.870234041835594 ], [ -73.910772155076074, 40.870206594906776 ], [ -73.910779430630939, 40.87017366418344 ], [ -73.910779460092428, 40.870151706640158 ], [ -73.910801227798046, 40.870096829552942 ], [ -73.910801286706516, 40.870052914465717 ], [ -73.910801316160729, 40.87003095692198 ], [ -73.910808562230145, 40.870019983739589 ], [ -73.910801360342006, 40.869998020606232 ], [ -73.910815874558267, 40.869959606082851 ], [ -73.91081590400762, 40.869937648538759 ], [ -73.910808672674264, 40.869937642949658 ], [ -73.910823172149648, 40.869910207197059 ], [ -73.910830425563447, 40.869893744626978 ], [ -73.910830447646816, 40.869877276468749 ], [ -73.910852171064562, 40.869855335686005 ], [ -73.910852200501878, 40.86983337814145 ], [ -73.910844983899707, 40.869822393782385 ], [ -73.910837759939398, 40.869816898808999 ], [ -73.91085225201715, 40.869794952438369 ], [ -73.910859512769875, 40.869773000479881 ], [ -73.910874026903429, 40.869734585947626 ], [ -73.910859564280855, 40.869734574776366 ], [ -73.910874056333469, 40.869712628402603 ], [ -73.91088132442691, 40.869685187056177 ], [ -73.910881361211423, 40.869657740124637 ], [ -73.910852450718309, 40.869646739009426 ], [ -73.910874151980991, 40.869641266380704 ], [ -73.91089586795151, 40.869624814975218 ], [ -73.910910367322728, 40.869597379210077 ], [ -73.910924851975366, 40.869580922215846 ], [ -73.910917635388586, 40.869569937860845 ], [ -73.91091766480416, 40.869547980315126 ], [ -73.910924910801739, 40.869537007124492 ], [ -73.910917694219719, 40.869526022769357 ], [ -73.910939439550177, 40.869487613809383 ], [ -73.910946714943535, 40.869454683071218 ], [ -73.910925043160802, 40.869438198167714 ], [ -73.910954005031442, 40.869410773559252 ], [ -73.910990168759739, 40.86940531206789 ], [ -73.9110118405479, 40.869421796959301 ], [ -73.911040765657035, 40.869421819261902 ], [ -73.911055242896651, 40.869410851637326 ], [ -73.911134742918037, 40.869443849241478 ], [ -73.911192571162033, 40.869460361937378 ], [ -73.911257616066408, 40.869487858938719 ], [ -73.911300974484377, 40.869509849843475 ], [ -73.911344340249698, 40.869526351345343 ], [ -73.91138050400879, 40.869520889731774 ], [ -73.911438390868042, 40.869493487212367 ], [ -73.911467337934027, 40.869477041248452 ], [ -73.91147459844899, 40.869455089250067 ], [ -73.911474656912191, 40.869411174157435 ], [ -73.911460238214374, 40.869378226741766 ], [ -73.911424103787681, 40.869361730833887 ], [ -73.911416879829559, 40.869356235896298 ], [ -73.911402424603054, 40.869350735406407 ], [ -73.911395200647917, 40.869345240467439 ], [ -73.911359058937848, 40.869334233925819 ], [ -73.911351856942161, 40.869312270824111 ], [ -73.911120588518045, 40.869213283863189 ], [ -73.911113401289597, 40.869180341972488 ], [ -73.911098938787532, 40.869180330831199 ], [ -73.911062797216147, 40.869169324196463 ], [ -73.911033894249584, 40.869152833738916 ], [ -73.911055639390895, 40.869114424754478 ], [ -73.911077384507095, 40.869076015765664 ], [ -73.911077406529046, 40.869059547604927 ], [ -73.911077428550996, 40.869043079444126 ], [ -73.911091905702108, 40.869032111814228 ], [ -73.911091920381011, 40.869021133040349 ], [ -73.911120867327071, 40.869004687161933 ], [ -73.911135373806076, 40.868971761978479 ], [ -73.911120940697572, 40.868949793291904 ], [ -73.911142656381216, 40.86893334183786 ], [ -73.911128208605746, 40.868922351926123 ], [ -73.911142707727933, 40.868894916128404 ], [ -73.91114996095186, 40.86887845353521 ], [ -73.911164423388286, 40.868878464670104 ], [ -73.911200601470725, 40.868862024338029 ], [ -73.911251219985729, 40.868862063280012 ], [ -73.911280166823133, 40.868845617361167 ], [ -73.911301889755464, 40.868823676489733 ], [ -73.911330843883349, 40.86880174117092 ], [ -73.911338097050532, 40.868785278565625 ], [ -73.911338111688735, 40.868774299791234 ], [ -73.911330902440909, 40.868757826073193 ], [ -73.911330924399977, 40.868741357911453 ], [ -73.911323722477789, 40.86871939480563 ], [ -73.911330975637753, 40.86870293220057 ], [ -73.911323781039982, 40.868675479707264 ], [ -73.911338265389503, 40.86865902265842 ], [ -73.911352742413996, 40.868648054995013 ], [ -73.911345540494708, 40.868626091890135 ], [ -73.911360032145353, 40.868604145451037 ], [ -73.911367292600431, 40.868582193455964 ], [ -73.911389008103072, 40.868565741954491 ], [ -73.911410774786518, 40.868510864736642 ], [ -73.911418035214666, 40.86848891273798 ], [ -73.911439743363616, 40.868477950614228 ], [ -73.911483225403828, 40.868406621866278 ], [ -73.911490500409613, 40.86837369108742 ], [ -73.911490522329032, 40.868357222924516 ], [ -73.911505057704844, 40.86830234014004 ], [ -73.911512318079104, 40.868280388134686 ], [ -73.91152680229591, 40.868263931060945 ], [ -73.91153403344731, 40.868263936605011 ], [ -73.911541286505539, 40.868247473985377 ], [ -73.911577500647908, 40.86820358659439 ], [ -73.911599215974917, 40.868187135052246 ], [ -73.911628155137379, 40.868176178431995 ], [ -73.911649877736195, 40.868154237492391 ], [ -73.911664361891482, 40.868137780401014 ], [ -73.911715030870852, 40.868099393424345 ], [ -73.911729529571488, 40.868071957548793 ], [ -73.911729544144904, 40.868060978772903 ], [ -73.911729573291709, 40.868039021221101 ], [ -73.911736818990903, 40.868028047976516 ], [ -73.911722356739347, 40.868028036913365 ], [ -73.91172236402663, 40.868022547525349 ], [ -73.911722385888524, 40.868006079361372 ], [ -73.911736869993589, 40.867989622260524 ], [ -73.911736884565769, 40.867978643484477 ], [ -73.911758592495602, 40.867967681299703 ], [ -73.911751405085724, 40.867934739441367 ], [ -73.911765896451769, 40.867912792948559 ], [ -73.911780380525741, 40.867896335841927 ], [ -73.911794842748677, 40.867896346897794 ], [ -73.911809326811905, 40.867879889787517 ], [ -73.911794879155153, 40.86786889995718 ], [ -73.911794930124159, 40.867830474240058 ], [ -73.911802190351196, 40.86780852221456 ], [ -73.911823912772505, 40.86778658124075 ], [ -73.911845620625286, 40.867775619039243 ], [ -73.911874566842755, 40.8677591729681 ], [ -73.911889043582889, 40.867748205235685 ], [ -73.911889072676885, 40.867726247682583 ], [ -73.911910802314367, 40.867698817303754 ], [ -73.911845758889839, 40.867671320661813 ], [ -73.911990598583444, 40.867506749404264 ], [ -73.912099238767368, 40.867375086755672 ], [ -73.912229607869264, 40.867215993560443 ], [ -73.912454131372897, 40.866941694402307 ], [ -73.912620711432226, 40.866738713063853 ], [ -73.912729349113832, 40.866607049803889 ], [ -73.912548675895636, 40.8665300614866 ], [ -73.912548697552396, 40.866513593318103 ], [ -73.91283117275276, 40.866156996371757 ], [ -73.913120897322159, 40.865783935985021 ], [ -73.913519266866729, 40.86526823202945 ], [ -73.913845201635894, 40.864845792335572 ], [ -73.913917637338457, 40.864747037259704 ], [ -73.913932105981374, 40.864741558656391 ], [ -73.91404061008393, 40.864708703160545 ], [ -73.914170820533315, 40.864664884917481 ], [ -73.914250387209478, 40.864642986488832 ], [ -73.914315485249304, 40.864626566658515 ], [ -73.914387792810615, 40.864626620331158 ], [ -73.914922924949863, 40.864583100968176 ], [ -73.91493016974556, 40.864572127516276 ], [ -73.914539913809307, 40.864412646623919 ], [ -73.91447496428772, 40.864313789354902 ], [ -73.914410071479409, 40.864171016912358 ], [ -73.915046037063888, 40.864434977963306 ], [ -73.915074945984983, 40.864445978038077 ], [ -73.915089407458083, 40.864445988681062 ], [ -73.915168952562667, 40.864440557793273 ], [ -73.915255728389624, 40.86443513216151 ], [ -73.915429286981976, 40.864418791310399 ], [ -73.915429300943799, 40.864407812526885 ], [ -73.915436559597467, 40.864385860259333 ], [ -73.915458251787612, 40.864385876155126 ], [ -73.915451083869527, 40.864336466330634 ], [ -73.91563188680766, 40.864309151688985 ], [ -73.915639068784287, 40.864347582718736 ], [ -73.915667991687897, 40.864347603861454 ], [ -73.915711383000954, 40.864342146170102 ], [ -73.915761998078167, 40.864342183133388 ], [ -73.915819850829436, 40.864336735958091 ], [ -73.915863249068011, 40.864325788817759 ], [ -73.915899423512045, 40.864309346999185 ], [ -73.915921150378821, 40.864281915848423 ], [ -73.91593566039009, 40.864243500641798 ], [ -73.915928478253292, 40.864205069629762 ], [ -73.915928519891352, 40.864172133277748 ], [ -73.915899631774295, 40.864144665240147 ], [ -73.915870729792218, 40.864128175979346 ], [ -73.915856275333738, 40.864122676042214 ], [ -73.915834597124203, 40.864111681437095 ], [ -73.915791226824638, 40.864100670998781 ], [ -73.915740618886389, 40.86409514465624 ], [ -73.915726157489487, 40.864095134094889 ], [ -73.915668325824171, 40.864084113047177 ], [ -73.915617724874068, 40.864073097258618 ], [ -73.915581571393815, 40.864073070813333 ], [ -73.915538194189438, 40.86406754967193 ], [ -73.91549481001681, 40.864067517906363 ], [ -73.915436950492875, 40.86407845431097 ], [ -73.915408020723774, 40.864083922502424 ], [ -73.91538633561656, 40.864078417205114 ], [ -73.915371874223354, 40.864078406599361 ], [ -73.915357412830133, 40.864078395991783 ], [ -73.91534295842493, 40.864072895990326 ], [ -73.915335734717516, 40.864067401292871 ], [ -73.915321280316491, 40.864061901288679 ], [ -73.915314063602452, 40.864050917197751 ], [ -73.915306839899813, 40.864045422498471 ], [ -73.915299623189938, 40.864034438406591 ], [ -73.915292399490298, 40.864028943706387 ], [ -73.915277945101195, 40.864023443696752 ], [ -73.915270721404539, 40.864017948995162 ], [ -73.91524182662981, 40.863995970184298 ], [ -73.915212931874166, 40.86397399136608 ], [ -73.915198505503255, 40.863946533777678 ], [ -73.915191337825533, 40.863897123933249 ], [ -73.915184128151921, 40.863880650441629 ], [ -73.915184156156272, 40.863858692872526 ], [ -73.915184177159546, 40.863842224695645 ], [ -73.915177016505368, 40.863787325457068 ], [ -73.915177072518674, 40.863743410318094 ], [ -73.915177079520333, 40.863737920925658 ], [ -73.915177114528618, 40.863710473963579 ], [ -73.915177149536859, 40.8636830270014 ], [ -73.915198883496799, 40.863650106591095 ], [ -73.915220589442981, 40.863639143746596 ], [ -73.915256770667469, 40.863617212734944 ], [ -73.91530017552067, 40.86360077641244 ], [ -73.91530742014713, 40.863589802934932 ], [ -73.915343608304013, 40.863562382503289 ], [ -73.915365321183828, 40.863545930238786 ], [ -73.915372572779049, 40.863529467364444 ], [ -73.915416061329267, 40.863447158286121 ], [ -73.915430543527336, 40.863430700708207 ], [ -73.915466780390858, 40.863364854487799 ], [ -73.915474031941201, 40.863348391606543 ], [ -73.915488555958859, 40.863298997664096 ], [ -73.915474115666385, 40.863282518892582 ], [ -73.915459689337638, 40.863255061333483 ], [ -73.915452486646032, 40.863233098463795 ], [ -73.915452514561508, 40.863211140892112 ], [ -73.915423613095996, 40.863194651516558 ], [ -73.915409151894949, 40.863194640915495 ], [ -73.915344111429363, 40.863167146223347 ], [ -73.915409277578775, 40.863095831841555 ], [ -73.915387599777873, 40.863084837150502 ], [ -73.915452772778806, 40.863008033349921 ], [ -73.915496246938332, 40.862936703020125 ], [ -73.915517973522952, 40.862909271938612 ], [ -73.91556855963249, 40.86293126655967 ], [ -73.915575811110372, 40.862914803670741 ], [ -73.915561356940017, 40.862909303695538 ], [ -73.915583062584673, 40.862898340781371 ], [ -73.915590286185534, 40.862903835464486 ], [ -73.915597530688188, 40.862892861967403 ], [ -73.915597537655032, 40.862887372574193 ], [ -73.915604775188442, 40.862881888469843 ], [ -73.915619243286585, 40.862876409653154 ], [ -73.915669822443718, 40.862903893623162 ], [ -73.915684297500988, 40.862892925405099 ], [ -73.915691541986931, 40.862881951902068 ], [ -73.915720499036695, 40.862854526065213 ], [ -73.915778426968402, 40.862788695582609 ], [ -73.915821858945279, 40.862750301487871 ], [ -73.915836340891175, 40.862733843856994 ], [ -73.915858053378585, 40.862717391497377 ], [ -73.915865297816737, 40.862706417983112 ], [ -73.915872528364204, 40.862706423255275 ], [ -73.915930449077081, 40.862646082088119 ], [ -73.915952161512536, 40.862629629710497 ], [ -73.916104182885036, 40.862487015983049 ], [ -73.91616931295485, 40.862443148132037 ], [ -73.916205493215784, 40.862421216818255 ], [ -73.916227205509784, 40.862404764388216 ], [ -73.916277867487366, 40.862366375368694 ], [ -73.916393672974706, 40.862273139560003 ], [ -73.916400910375614, 40.862267655405198 ], [ -73.916422622571133, 40.862251202937905 ], [ -73.916494996478647, 40.86219636135052 ], [ -73.916523939117909, 40.862179914096707 ], [ -73.916531176497912, 40.862174429933617 ], [ -73.916567349606595, 40.862157987899309 ], [ -73.916596285326918, 40.862147030021283 ], [ -73.916603522697386, 40.862141545853611 ], [ -73.916617997434727, 40.862130577516901 ], [ -73.916639709531808, 40.862114125008404 ], [ -73.916646946895099, 40.862108640837981 ], [ -73.916661428497093, 40.86209218310168 ], [ -73.916726564686243, 40.862042825538865 ], [ -73.916733802034628, 40.862037341362935 ], [ -73.916748283599588, 40.862020883615507 ], [ -73.916755520943795, 40.862015399438143 ], [ -73.916762758286794, 40.862009915260394 ], [ -73.916784477177458, 40.861987973330081 ], [ -73.916798951851533, 40.861977004970399 ], [ -73.91684957885613, 40.861966062668145 ], [ -73.916878514446438, 40.861955104718959 ], [ -73.916921924671485, 40.861933178387289 ], [ -73.916958076988948, 40.861933204412608 ], [ -73.91698700569502, 40.861927735830449 ], [ -73.917008717634573, 40.861911283251906 ], [ -73.91701594809571, 40.861911288452411 ], [ -73.917052120941392, 40.861894846265365 ], [ -73.917066602396559, 40.861878388477564 ], [ -73.917088314300315, 40.861861935883908 ], [ -73.917153449947122, 40.861812578078109 ], [ -73.91723308054604, 40.861735783637123 ], [ -73.917269280557605, 40.86169738380341 ], [ -73.917298222788219, 40.861680936353963 ], [ -73.917341687278068, 40.86161509470665 ], [ -73.917377893980984, 40.861571205443404 ], [ -73.91740686339935, 40.861532800387593 ], [ -73.917406917938308, 40.861488885229967 ], [ -73.917457605789934, 40.86142853810712 ], [ -73.917479331072855, 40.861401106648927 ], [ -73.917501069957027, 40.861362696396796 ], [ -73.91751554437684, 40.861351727945966 ], [ -73.917530025599049, 40.861335270098415 ], [ -73.917544500008106, 40.861324301643911 ], [ -73.917566211612751, 40.861307848958702 ], [ -73.917573462419099, 40.861291385939523 ], [ -73.917595174005839, 40.861274933248758 ], [ -73.917616885581808, 40.861258480553872 ], [ -73.917653085111951, 40.861220080596532 ], [ -73.917689271012236, 40.861192659417668 ], [ -73.917732714424503, 40.861143285802612 ], [ -73.917783388144571, 40.861093917323224 ], [ -73.917805119968264, 40.861060996406941 ], [ -73.917826831422474, 40.861044543671923 ], [ -73.917819628188539, 40.861022580941388 ], [ -73.917834122827955, 40.860995144264251 ], [ -73.91782691281432, 40.860978670929256 ], [ -73.917819716370744, 40.860951218803244 ], [ -73.917841434566938, 40.860929276669864 ], [ -73.917863159528466, 40.860901845136986 ], [ -73.917863179867396, 40.860885376950989 ], [ -73.917877640566687, 40.860885387244501 ], [ -73.917884884472045, 40.860874413599852 ], [ -73.91790660262167, 40.860852471453896 ], [ -73.917899385828903, 40.860841487518421 ], [ -73.917921097188113, 40.860825034765028 ], [ -73.917921110737822, 40.860814055974203 ], [ -73.917884972584034, 40.860803051459783 ], [ -73.91792842237075, 40.860748188372163 ], [ -73.917950133692329, 40.860731735613051 ], [ -73.91805149363546, 40.860622019642193 ], [ -73.918261442815592, 40.860402592549384 ], [ -73.918435192117073, 40.860221565287205 ], [ -73.918362923033527, 40.860194067170738 ], [ -73.918377410531107, 40.860172119817335 ], [ -73.918384687958948, 40.860133699159562 ], [ -73.918399195642152, 40.860095283614825 ], [ -73.918391985586112, 40.860078810312515 ], [ -73.918413710042728, 40.860051378671834 ], [ -73.918428163827841, 40.860056878292546 ], [ -73.918428177293691, 40.860045899500172 ], [ -73.918435441213731, 40.860018457630716 ], [ -73.918449935380266, 40.859991020871355 ], [ -73.918464395885181, 40.85999103109129 ], [ -73.91849334380521, 40.859969093940812 ], [ -73.918500594236107, 40.85995263085951 ], [ -73.918529555576555, 40.859919714907065 ], [ -73.918558489999739, 40.85990875653264 ], [ -73.918587431133133, 40.859892308754539 ], [ -73.918609155448209, 40.859864877076149 ], [ -73.91860195880227, 40.859837424993501 ], [ -73.918609222627836, 40.859809983112093 ], [ -73.918623716677232, 40.859782546329917 ], [ -73.918645427511564, 40.859766093437123 ], [ -73.918667151761497, 40.85973866174718 ], [ -73.918681598787614, 40.85974965073293 ], [ -73.918696079372452, 40.859733192734339 ], [ -73.91869608608323, 40.85972770333786 ], [ -73.918703329727435, 40.859716729639629 ], [ -73.91868888270487, 40.859705740656523 ], [ -73.91873956132703, 40.859650882348056 ], [ -73.91871788409847, 40.859639888275893 ], [ -73.918804747197271, 40.859557608417376 ], [ -73.918775839784146, 40.859546609267497 ], [ -73.918884426751148, 40.85943689763171 ], [ -73.918906137408143, 40.859420444688872 ], [ -73.919000263597113, 40.859310722777018 ], [ -73.91913780384661, 40.859173584213039 ], [ -73.919231915971039, 40.859074840901734 ], [ -73.919340501415434, 40.858965128827542 ], [ -73.919398422376261, 40.858899296482178 ], [ -73.919441856372472, 40.858855411601006 ], [ -73.919478060187075, 40.858811521657302 ], [ -73.919499777137432, 40.858789579203481 ], [ -73.919521474145768, 40.858784104937925 ], [ -73.919543157869015, 40.858789609463258 ], [ -73.919543144587465, 40.858800588258219 ], [ -73.919810526769893, 40.858910562448337 ], [ -73.92008513338763, 40.859026030422108 ], [ -73.920273025099888, 40.859103012037799 ], [ -73.92026578836267, 40.859108496438573 ], [ -73.920345280638372, 40.859141487757505 ], [ -73.920395865478454, 40.85916348027682 ], [ -73.920410345511428, 40.859147022061379 ], [ -73.920432068831175, 40.859119590036144 ], [ -73.92044652258069, 40.859125089404905 ], [ -73.920461009157805, 40.85910314178583 ], [ -73.92032370853245, 40.85904266363039 ], [ -73.92027312380813, 40.859020671079001 ], [ -73.920244216385555, 40.859009672295969 ], [ -73.920208085413748, 40.858993179108367 ], [ -73.920200861856145, 40.858987684710577 ], [ -73.920099692605831, 40.858943699477351 ], [ -73.920070778648167, 40.858938190048114 ], [ -73.919955155899288, 40.858888705271717 ], [ -73.919933472109633, 40.858883200823939 ], [ -73.919911801544288, 40.858866717577243 ], [ -73.919846756834104, 40.858844714799623 ], [ -73.919774508528107, 40.8588007493682 ], [ -73.919774515149797, 40.858795259970755 ], [ -73.919839546555082, 40.858828241584163 ], [ -73.919911808154637, 40.858861228179833 ], [ -73.919962399244383, 40.858877731492811 ], [ -73.920070791842647, 40.858927211253423 ], [ -73.920475469469991, 40.859103151753729 ], [ -73.920432029426564, 40.859152526419294 ], [ -73.920439246454322, 40.859163510199664 ], [ -73.920432003156805, 40.859174484007966 ], [ -73.920511495593828, 40.859207475212024 ], [ -73.920511489032947, 40.859212964609121 ], [ -73.920619889138024, 40.859256954453826 ], [ -73.920656033453184, 40.859262468717546 ], [ -73.920670461061178, 40.859289925646394 ], [ -73.920699342494487, 40.859322881910174 ], [ -73.920692079584541, 40.859350323925561 ], [ -73.920749862177374, 40.85939976824335 ], [ -73.920814790083483, 40.859520579653619 ], [ -73.920822000679109, 40.859537052806132 ], [ -73.920966343810079, 40.859756727820482 ], [ -73.921074582240635, 40.859937952146488 ], [ -73.921204538075969, 40.860097233595525 ], [ -73.921269499981037, 40.860190597754013 ], [ -73.921320085924677, 40.860212589864005 ], [ -73.921341770262529, 40.860218094049863 ], [ -73.921349007031765, 40.860212609582696 ], [ -73.921363467585294, 40.860212619439366 ], [ -73.921392414645481, 40.860190681562322 ], [ -73.921428585473294, 40.860174237998166 ], [ -73.921457519529497, 40.860163278897211 ], [ -73.921515400569561, 40.860130381880836 ], [ -73.921515407047679, 40.860124892484556 ], [ -73.921544360495275, 40.860097465172771 ], [ -73.921558821023822, 40.860097475004935 ], [ -73.921587767969442, 40.860075537078458 ], [ -73.921631278911647, 40.85996577862511 ], [ -73.921660290437416, 40.859888946714904 ], [ -73.921689269577499, 40.859839561779339 ], [ -73.921703820525451, 40.859762720040671 ], [ -73.921718339133179, 40.85971332528274 ], [ -73.921703904538191, 40.859691357883669 ], [ -73.921711154144077, 40.859674894599806 ], [ -73.921740075017439, 40.859674914220484 ], [ -73.921740107315031, 40.859647467236734 ], [ -73.921725659805745, 40.859636478633732 ], [ -73.921703975625775, 40.85963097451944 ], [ -73.921689508734943, 40.859636454102258 ], [ -73.921696771264578, 40.859609012025473 ], [ -73.921682310842243, 40.859609002210618 ], [ -73.921667869816318, 40.859592524203521 ], [ -73.921667882747272, 40.859581545409881 ], [ -73.921667895678226, 40.859570566616206 ], [ -73.921646205057257, 40.859570551887806 ], [ -73.921646230926299, 40.859548594300392 ], [ -73.921689612153941, 40.859548623753113 ], [ -73.921732986921512, 40.859554142586369 ], [ -73.921718513588502, 40.859565111569765 ], [ -73.921754658162214, 40.859570625489027 ], [ -73.921740184829204, 40.859581594475102 ], [ -73.921761875453797, 40.859581609185817 ], [ -73.921769131490464, 40.859559656501098 ], [ -73.921805282519557, 40.859559681007653 ], [ -73.921805295427816, 40.859548702213921 ], [ -73.921819762289999, 40.859543222616544 ], [ -73.921812512725367, 40.85955968590762 ], [ -73.921834209794582, 40.859554211207879 ], [ -73.921834229149809, 40.859537743017306 ], [ -73.921841478706668, 40.859521279724767 ], [ -73.921827031208039, 40.859510291134207 ], [ -73.921798129770409, 40.85949380334457 ], [ -73.921783662917164, 40.859499282939346 ], [ -73.921783688740803, 40.859477325351641 ], [ -73.921790918937674, 40.859477330252943 ], [ -73.921790931848292, 40.859466351459083 ], [ -73.921783708108521, 40.859460857160805 ], [ -73.921776503739437, 40.859438894671193 ], [ -73.921754845452796, 40.859411432978291 ], [ -73.921747615263101, 40.859411428074736 ], [ -73.921725944076002, 40.85939494517028 ], [ -73.921740410911283, 40.85938946558268 ], [ -73.921740423830229, 40.859378486788621 ], [ -73.921783804946941, 40.859378516205915 ], [ -73.921798258864499, 40.859384015405091 ], [ -73.92181270633094, 40.85939500399946 ], [ -73.921848870171587, 40.859384049698306 ], [ -73.921827192516005, 40.859373056209854 ], [ -73.921791067409501, 40.859351074121982 ], [ -73.921805553592137, 40.85932912633492 ], [ -73.921834480766861, 40.859323656534848 ], [ -73.921841736751432, 40.859301703844579 ], [ -73.921856210006794, 40.859290734845217 ], [ -73.921856235806388, 40.859268777256688 ], [ -73.921863498227083, 40.859241335167667 ], [ -73.921870779987856, 40.859197424886467 ], [ -73.921863569169275, 40.859180951798471 ], [ -73.921849128191397, 40.859164473812825 ], [ -73.921813003190934, 40.859142491730978 ], [ -73.92182748286865, 40.859126033337645 ], [ -73.921820265615679, 40.859115049644075 ], [ -73.921798588052525, 40.859104056149754 ], [ -73.921755220031258, 40.859093047943389 ], [ -73.921711832638948, 40.85909850791262 ], [ -73.921697391716577, 40.859082029907725 ], [ -73.921682937873001, 40.859076530695646 ], [ -73.921668490497183, 40.859065542084394 ], [ -73.921654017259854, 40.85907651106065 ], [ -73.921639563421067, 40.859071011843128 ], [ -73.921625122522556, 40.859054533829088 ], [ -73.92157451146636, 40.859054499437711 ], [ -73.92156007058756, 40.859038021415522 ], [ -73.921538393092504, 40.859027027872123 ], [ -73.921516722082515, 40.859010544927266 ], [ -73.921495038123908, 40.859005040773063 ], [ -73.921480584313798, 40.858999541535532 ], [ -73.921458919809751, 40.858977569182379 ], [ -73.921437242351132, 40.858966575619853 ], [ -73.921415571385921, 40.858950092655803 ], [ -73.921408354220063, 40.858939108936141 ], [ -73.921393893943417, 40.858939099085127 ], [ -73.921386670293728, 40.858933604761518 ], [ -73.921364999351781, 40.858917121787925 ], [ -73.921343315436175, 40.858911617605109 ], [ -73.921321631524179, 40.858906113418207 ], [ -73.921307177749895, 40.858900614158863 ], [ -73.92129274346712, 40.85887864670525 ], [ -73.921314440356937, 40.858873172102605 ], [ -73.921343347897164, 40.858884170617706 ], [ -73.921372255446954, 40.858895169125553 ], [ -73.92138671571405, 40.858895178979289 ], [ -73.921372274916365, 40.858878700933097 ], [ -73.921336137243188, 40.85886769749591 ], [ -73.921307223216132, 40.858862188376477 ], [ -73.921278296198764, 40.858867658044794 ], [ -73.921256631804511, 40.858845685653073 ], [ -73.921242210551412, 40.858812739397834 ], [ -73.921242230053011, 40.858796271205208 ], [ -73.921249473175678, 40.85878529734525 ], [ -73.921256729294598, 40.858763344689713 ], [ -73.921263991907466, 40.858735902635978 ], [ -73.921256787788536, 40.858713940111087 ], [ -73.921242353562903, 40.858691972650433 ], [ -73.921213439620033, 40.85868646350729 ], [ -73.921191775306227, 40.858664491102765 ], [ -73.921170104500277, 40.858648008091748 ], [ -73.921133966985892, 40.858637004590804 ], [ -73.921105072611383, 40.858615027227287 ], [ -73.921112322248163, 40.858598563977864 ], [ -73.921119565370716, 40.858587590125715 ], [ -73.921105124706031, 40.85857111204519 ], [ -73.921090671022455, 40.858565612758419 ], [ -73.921083453951965, 40.858554629017689 ], [ -73.921068993758979, 40.858554619125911 ], [ -73.921105196336029, 40.85851072866933 ], [ -73.921112472006257, 40.858472307828173 ], [ -73.921119734646865, 40.858444865782097 ], [ -73.921090820821576, 40.858439356608024 ], [ -73.921083597251183, 40.858433862264931 ], [ -73.921069156628775, 40.858417384179504 ], [ -73.921069182687887, 40.85839542658772 ], [ -73.921061978670167, 40.858373464049379 ], [ -73.921076471394642, 40.858346026952084 ], [ -73.921076490937139, 40.858329558758079 ], [ -73.921062043823795, 40.858318570069457 ], [ -73.921076510479637, 40.858313090564039 ], [ -73.921090983646067, 40.858302121658767 ], [ -73.92106207640056, 40.85829112307929 ], [ -73.920996992748442, 40.858302057336267 ], [ -73.920989775722035, 40.858291073589101 ], [ -73.920939171772631, 40.858285549520986 ], [ -73.920931980861923, 40.858252608177942 ], [ -73.920917559898257, 40.858219661878678 ], [ -73.920939367536988, 40.858120867577298 ], [ -73.921142485823466, 40.85755010868089 ], [ -73.921222048194295, 40.857522716018408 ], [ -73.921301701436519, 40.857418471716791 ], [ -73.921366790663996, 40.857402047887284 ], [ -73.921402953494422, 40.857391093722093 ], [ -73.92146081918419, 40.857369175514918 ], [ -73.921518684835831, 40.857347257278619 ], [ -73.921554867035198, 40.857319834868683 ], [ -73.921583819245384, 40.857292407533357 ], [ -73.921591081562667, 40.857264965451982 ], [ -73.921583890439422, 40.857232024143606 ], [ -73.921576686377747, 40.857210061632927 ], [ -73.921555061272187, 40.857155152895906 ], [ -73.92155513896671, 40.857089280105427 ], [ -73.921591314539157, 40.85706734708203 ], [ -73.921620247216936, 40.857056387934229 ], [ -73.921649179885193, 40.857045428779138 ], [ -73.921663652681318, 40.857034459799593 ], [ -73.921699815262969, 40.85702350554061 ], [ -73.921743207761637, 40.857012556174567 ], [ -73.921801060101473, 40.857001616593934 ], [ -73.921837222642637, 40.856990662291828 ], [ -73.921866142348819, 40.856990681880887 ], [ -73.921887838575543, 40.856985207168592 ], [ -73.921902311319201, 40.856974238159019 ], [ -73.921916796947443, 40.856952290348765 ], [ -73.921938506043219, 40.856935836828093 ], [ -73.921967457928062, 40.85690840939472 ], [ -73.922047051361062, 40.856853569162809 ], [ -73.922632699751048, 40.856832005765689 ], [ -73.922777304312007, 40.856826613242092 ], [ -73.922827881826166, 40.856854094103589 ], [ -73.922955705592088, 40.858852322161432 ], [ -73.922955635641827, 40.858912705534799 ], [ -73.924139405543769, 40.860642651232325 ], [ -73.924615748240114, 40.861400500594833 ], [ -73.924680709990099, 40.861499352206195 ], [ -73.924724024144112, 40.861559763864072 ], [ -73.924738447717758, 40.861592709668052 ], [ -73.924767325957134, 40.861631154295061 ], [ -73.925373616540156, 40.862581213980775 ], [ -73.926008798137488, 40.86357520401635 ], [ -73.926622354926252, 40.864525261448307 ], [ -73.924387099501175, 40.865363695877576 ], [ -73.925000624858626, 40.866335719191277 ], [ -73.925875917711949, 40.866023389300558 ], [ -73.927272017455081, 40.865535721555162 ], [ -73.927756771050753, 40.865272535105873 ], [ -73.928111289287955, 40.865080627685252 ], [ -73.928892662489972, 40.86466391778616 ], [ -73.929037394868431, 40.864554218969779 ], [ -73.929167665294528, 40.864444511092984 ], [ -73.929305171851823, 40.864329318104758 ], [ -73.929428216507972, 40.86421411610629 ], [ -73.929544041669502, 40.864087930773536 ], [ -73.929652635706518, 40.86396174091351 ], [ -73.92976123512922, 40.863830061555355 ], [ -73.929855372809186, 40.863698373301354 ], [ -73.929942285257141, 40.863561191184019 ], [ -73.930029197346514, 40.863424008997882 ], [ -73.930050981608076, 40.863336191853129 ], [ -73.929957810350047, 40.862551151488532 ], [ -73.930001667324973, 40.862101047458786 ], [ -73.930037941009957, 40.861985792093364 ], [ -73.930074214569203, 40.861870536714193 ], [ -73.930124948892924, 40.861755290079763 ], [ -73.93017567727739, 40.861645532815949 ], [ -73.930769618536218, 40.860641330664791 ], [ -73.931226145069672, 40.859659001062163 ], [ -73.931313247838574, 40.859329688901951 ], [ -73.931978228032577, 40.859522211897655 ], [ -73.9320216036364, 40.859527726862993 ], [ -73.932064979247414, 40.859533241812017 ], [ -73.932108360469343, 40.859533267347281 ], [ -73.932151752891585, 40.859522314071391 ], [ -73.932187915098254, 40.85951135652985 ], [ -73.932224082887174, 40.859494909579496 ], [ -73.932260256249378, 40.859472973220271 ], [ -73.932281974787657, 40.85944553896573 ], [ -73.933995563510109, 40.859413595598291 ], [ -73.933843685820378, 40.859457423817766 ], [ -73.93369903813074, 40.859501255992058 ], [ -73.933554379281716, 40.85955606677966 ], [ -73.933416944910704, 40.859616370955422 ], [ -73.933279510290447, 40.859676674966884 ], [ -73.933149294611212, 40.859747961798014 ], [ -73.933019078652805, 40.859819248481308 ], [ -73.932939474113098, 40.859890564444918 ], [ -73.932867099652981, 40.85996188455988 ], [ -73.932801949749162, 40.860038698236792 ], [ -73.932736794142969, 40.860121001272759 ], [ -73.932686098928556, 40.860203312708308 ], [ -73.932635403588677, 40.860285624120358 ], [ -73.932591932853867, 40.860373429129965 ], [ -73.932548400761988, 40.860521617483535 ], [ -73.932512098803372, 40.860669810046176 ], [ -73.932475796682965, 40.860818002593561 ], [ -73.93245396627033, 40.860955224800151 ], [ -73.932439371717336, 40.861086961837302 ], [ -73.932432007493432, 40.861218703104022 ], [ -73.932424637662578, 40.861355933762873 ], [ -73.932431717480426, 40.861504151678417 ], [ -73.932453258197953, 40.861652378056235 ], [ -73.932474799011516, 40.861800604426278 ], [ -73.932510800853677, 40.861948839247809 ], [ -73.932546802856336, 40.862097074054226 ], [ -73.932597271580164, 40.862239827899387 ], [ -73.932741509576104, 40.86260770172732 ], [ -73.932755904045649, 40.862673582889215 ], [ -73.932763062441467, 40.862744949229636 ], [ -73.932762995841983, 40.862810821961169 ], [ -73.932755698675194, 40.862876690478217 ], [ -73.932741170919584, 40.862942554779437 ], [ -73.93329064501539, 40.86299227834764 ], [ -73.933644932472092, 40.863003461432939 ], [ -73.933717254696106, 40.862987034810196 ], [ -73.933760665509766, 40.86295961275345 ], [ -73.933804081751646, 40.862926701286 ], [ -73.93390543524994, 40.862800503249019 ], [ -73.934129800064468, 40.862581055652441 ], [ -73.934209411978756, 40.862504249506983 ], [ -73.934738070020785, 40.861659182427459 ], [ -73.934839489734983, 40.861461621398277 ], [ -73.934919196183188, 40.861286005623398 ], [ -73.934926458805151, 40.861253073326338 ], [ -73.934998961228331, 40.861050006431384 ], [ -73.935049782890857, 40.860835948482453 ], [ -73.93507890790103, 40.860627367696416 ], [ -73.935122466553707, 40.860446242010987 ], [ -73.935194946102769, 40.860265132551291 ], [ -73.935289110707032, 40.860089524604923 ], [ -73.935412185132904, 40.859924911564214 ], [ -73.935412190463964, 40.859919422167025 ], [ -73.935549714086918, 40.85976579586341 ], [ -73.935708922405382, 40.859617670877952 ], [ -73.935889804730749, 40.859486025916567 ], [ -73.936085130882546, 40.859370856873369 ], [ -73.936287665496621, 40.859277649081491 ], [ -73.93646131558981, 40.859145999223365 ], [ -73.936627745309323, 40.85900336633344 ], [ -73.936729056136969, 40.858910102117989 ], [ -73.936779719271385, 40.85885523587887 ], [ -73.936917242741686, 40.858696118517919 ], [ -73.937040305362615, 40.858536993098532 ], [ -73.937141687535956, 40.858366876930653 ], [ -73.93770627111401, 40.857686497308613 ], [ -73.938661694710106, 40.856534234637728 ], [ -73.938712359498822, 40.85647387812633 ], [ -73.939009116467901, 40.85611173475538 ], [ -73.939718406222426, 40.855266739314118 ], [ -73.939798017833908, 40.855173461007539 ], [ -73.939971784030647, 40.854893591911718 ], [ -73.940123864698691, 40.854608221883289 ], [ -73.940261494647018, 40.85431186534813 ], [ -73.940377434555842, 40.854015497426424 ], [ -73.940428100785581, 40.8539496507317 ], [ -73.94134013870287, 40.852693044034737 ], [ -73.941499375133318, 40.852479038019759 ], [ -73.941593468686932, 40.852352829331345 ], [ -73.942042061270314, 40.8519303712038 ], [ -73.942215680791946, 40.851798712515269 ], [ -73.942389309135393, 40.851656074751475 ], [ -73.942476142017497, 40.851562798148016 ], [ -73.942541258220714, 40.851502447111386 ], [ -73.942678757436212, 40.851337833272147 ], [ -73.942801797380014, 40.851173212096377 ], [ -73.942903158306081, 40.850997601240287 ], [ -73.942990064887084, 40.850816493739153 ], [ -73.943098870023718, 40.850388373569302 ], [ -73.943120689090065, 40.850234680874493 ], [ -73.943149802916281, 40.850004140035502 ], [ -73.943164322229791, 40.849932784867249 ], [ -73.943171626428807, 40.849844957913511 ], [ -73.943178893094299, 40.84980104621642 ] ] ] ] } },
{ "type": "Feature", "properties": { "modzcta": "10037", "label": "10037", "zcta": "10037", "pop_est": "21139", "zcta20": "10037", "hvi": 5.0, "hvi_2018": 5.0 }, "geometry": { "type": "MultiPolygon", "coordinates": [ [ [ [ -73.94324117014628, 40.810705371961177 ], [ -73.943320615996683, 40.810738347719486 ], [ -73.943168719590076, 40.81094138242748 ], [ -73.94272023562813, 40.811566957227939 ], [ -73.942250063287972, 40.812198008807279 ], [ -73.941801571823703, 40.812812601023765 ], [ -73.941490514870694, 40.813240620191003 ], [ -73.941345837205006, 40.813438166640374 ], [ -73.941418065010367, 40.813465650578401 ], [ -73.943108151681855, 40.814180124498954 ], [ -73.942833600581025, 40.81416900981278 ], [ -73.94263792670705, 40.814855092908736 ], [ -73.940926156997421, 40.814135111629838 ], [ -73.940853928668673, 40.814107627386669 ], [ -73.940369240496267, 40.814771600258659 ], [ -73.939906248633193, 40.815402645687072 ], [ -73.939457703940008, 40.81602820734166 ], [ -73.938994689659154, 40.816664738417799 ], [ -73.938538912415709, 40.817279313671122 ], [ -73.938220582844892, 40.817712809288921 ], [ -73.938090347327403, 40.817899380377447 ], [ -73.937641784167667, 40.818508466403387 ], [ -73.937518781545378, 40.818684061857667 ], [ -73.937460903196026, 40.818760882621675 ], [ -73.937439194910155, 40.818793807477249 ], [ -73.93741025565852, 40.818832217842321 ], [ -73.937178740442803, 40.819139500492646 ], [ -73.937092061794871, 40.819106516605309 ], [ -73.936810369813557, 40.818985594931199 ], [ -73.93426072042034, 40.817913728859608 ], [ -73.93438294539169, 40.818534105118729 ], [ -73.934339368829754, 40.818759147306849 ], [ -73.934295867851162, 40.818907337372593 ], [ -73.934382160549163, 40.819330073274578 ], [ -73.934389153660575, 40.819566123095377 ], [ -73.934403502573858, 40.819670430581503 ], [ -73.934309604159566, 40.819631951059542 ], [ -73.934114587231406, 40.819549498221896 ], [ -73.933832838746454, 40.819488953068266 ], [ -73.933825683856369, 40.819417586265772 ], [ -73.933825743901835, 40.819357202479488 ], [ -73.933797845366172, 40.818347129737376 ], [ -73.933791187626909, 40.817776224211727 ], [ -73.933791810219887, 40.817150428410415 ], [ -73.933806894783473, 40.816513661966631 ], [ -73.933829493797333, 40.815585959365578 ], [ -73.933945100665383, 40.815586025654746 ], [ -73.933945111562423, 40.815575046777674 ], [ -73.933945122459448, 40.81556406790051 ], [ -73.933952353334249, 40.815558582601156 ], [ -73.933952369677996, 40.815542114285421 ], [ -73.933945155150525, 40.815531131269026 ], [ -73.933945171496035, 40.815514662953234 ], [ -73.933952413261267, 40.815498198776552 ], [ -73.933952424157084, 40.815487219899289 ], [ -73.933937989667314, 40.815470743304488 ], [ -73.933945242326544, 40.815443300250827 ], [ -73.933938044158225, 40.815415848917716 ], [ -73.933952511323469, 40.815399388880508 ], [ -73.933945296811444, 40.815388405863857 ], [ -73.933959763968929, 40.815371945825625 ], [ -73.93394533495082, 40.815349979792629 ], [ -73.933945362193214, 40.815322532598763 ], [ -73.933945389435564, 40.815295085404777 ], [ -73.933952642072597, 40.815267642349902 ], [ -73.933952674759809, 40.815234705716783 ], [ -73.933945476610987, 40.815207254383232 ], [ -73.933945509301708, 40.815174317749786 ], [ -73.933945531095503, 40.815152359994087 ], [ -73.933960003648878, 40.81513041051624 ], [ -73.933967256261937, 40.81510296745968 ], [ -73.933960063568577, 40.815070026687401 ], [ -73.93396732162168, 40.815037094191531 ], [ -73.933989084848193, 40.814949275578371 ], [ -73.933989122962046, 40.814910849504393 ], [ -73.933981913942361, 40.814894377050003 ], [ -73.933981935724063, 40.814872419293273 ], [ -73.933974732156329, 40.81485045739911 ], [ -73.933981984732824, 40.814823014340362 ], [ -73.933974792062429, 40.814790073567544 ], [ -73.933989259082551, 40.814773613523982 ], [ -73.933974824738428, 40.814757136931853 ], [ -73.933989291751388, 40.814740676888213 ], [ -73.933996538865713, 40.814718723267397 ], [ -73.933982104531694, 40.814702246676049 ], [ -73.933982126313254, 40.814680288918638 ], [ -73.933982175321731, 40.814630883964178 ], [ -73.933974977226043, 40.814603432629738 ], [ -73.933967790029413, 40.81456500241579 ], [ -73.933989504098065, 40.81452658875147 ], [ -73.934011223584605, 40.814482685643291 ], [ -73.933859492085801, 40.814482598701993 ], [ -73.933859726671002, 40.814246552797535 ], [ -73.93386700650332, 40.81419166254441 ], [ -73.933867044687219, 40.814153236465735 ], [ -73.933867093780734, 40.814103831507076 ], [ -73.933874357228703, 40.814065409571974 ], [ -73.933932873213735, 40.813346326038278 ], [ -73.933983977693913, 40.812813879251848 ], [ -73.934005854480191, 40.812610782339313 ], [ -73.934035021507256, 40.812341816252925 ], [ -73.934093191774323, 40.811968567278619 ], [ -73.934136797316924, 40.811710588281905 ], [ -73.934194912185873, 40.811392233641307 ], [ -73.934282175592543, 40.810821381067456 ], [ -73.934304186276293, 40.810481047956209 ], [ -73.934311568269734, 40.810321858220306 ], [ -73.934340857613037, 40.809926634754873 ], [ -73.934341215028397, 40.809564331465509 ], [ -73.934211668263899, 40.809059228466403 ], [ -73.934197245958387, 40.809031772998097 ], [ -73.934132516854959, 40.808735305862136 ], [ -73.934118143555409, 40.80865844538004 ], [ -73.933562900950221, 40.807598663216297 ], [ -73.933331995381664, 40.807318568021998 ], [ -73.933259832629716, 40.807236184531874 ], [ -73.933642891048919, 40.80707721162814 ], [ -73.933693484462154, 40.807055282941327 ], [ -73.933751307806659, 40.807027868937908 ], [ -73.933830815509722, 40.806989488454931 ], [ -73.933888638740513, 40.806962074382319 ], [ -73.93419941133412, 40.806841484294154 ], [ -73.93465470986547, 40.806682549230914 ], [ -73.934755868487315, 40.806666138176823 ], [ -73.934922020356353, 40.806677210988987 ], [ -73.935564763672403, 40.806919107802422 ], [ -73.93510179158659, 40.807539155848623 ], [ -73.936589448674738, 40.808171270277008 ], [ -73.93671944494389, 40.808220746738328 ], [ -73.936856660833755, 40.808275716455128 ], [ -73.938337131432064, 40.808902314854429 ], [ -73.939947626273053, 40.80958385643298 ], [ -73.94040334764199, 40.808958295952465 ], [ -73.941103882222237, 40.809255086102795 ], [ -73.940879632396701, 40.809573359242421 ], [ -73.942865706255773, 40.810436203662825 ], [ -73.942807845967693, 40.810507537770476 ], [ -73.94324117014628, 40.810705371961177 ] ] ] ] } },
{ "type": "Feature", "properties": { "modzcta": "10035", "label": "10035", "zcta": "10035", "pop_est": "35743", "zcta20": "10035", "hvi": 5.0, "hvi_2018": 5.0 }, "geometry": { "type": "MultiPolygon", "coordinates": [ [ [ [ -73.946464326737697, 40.80066670978799 ], [ -73.945965335719848, 40.801341679813071 ], [ -73.945509714273939, 40.80197275249359 ], [ -73.94505408872017, 40.802598333859265 ], [ -73.944757566770079, 40.803004411629651 ], [ -73.944598454602243, 40.803223913361649 ], [ -73.946129432590183, 40.803877883739375 ], [ -73.945695463543572, 40.804514456473278 ], [ -73.945239826853353, 40.805134548870683 ], [ -73.944784177119772, 40.805760128853393 ], [ -73.944299616502946, 40.806391182460843 ], [ -73.94275414524256, 40.805742670318672 ], [ -73.942262302982158, 40.806417627353682 ], [ -73.941770455549005, 40.807087092770601 ], [ -73.941314759840907, 40.807712658843812 ], [ -73.940859060444566, 40.808332733607408 ], [ -73.94040334764199, 40.808958295952465 ], [ -73.939947626273053, 40.80958385643298 ], [ -73.938337131432064, 40.808902314854429 ], [ -73.936856660833755, 40.808275716455128 ], [ -73.93671944494389, 40.808220746738328 ], [ -73.936589448674738, 40.808171270277008 ], [ -73.93510179158659, 40.807539155848623 ], [ -73.935564763672403, 40.806919107802422 ], [ -73.934922020356353, 40.806677210988987 ], [ -73.934755868487315, 40.806666138176823 ], [ -73.93465470986547, 40.806682549230914 ], [ -73.93419941133412, 40.806841484294154 ], [ -73.933888638740513, 40.806962074382319 ], [ -73.933830815509722, 40.806989488454931 ], [ -73.933751307806659, 40.807027868937908 ], [ -73.933693484462154, 40.807055282941327 ], [ -73.933642891048919, 40.80707721162814 ], [ -73.933259832629716, 40.807236184531874 ], [ -73.933180445542561, 40.807153796808414 ], [ -73.933173232051686, 40.807142813728738 ], [ -73.933086653791108, 40.807027485074684 ], [ -73.932935094159902, 40.806873692423387 ], [ -73.932631988110799, 40.806555127618637 ], [ -73.932386618937841, 40.806296979826421 ], [ -73.931542287643055, 40.805396211661595 ], [ -73.931498986900593, 40.805352270333238 ], [ -73.931477336550813, 40.805330299662806 ], [ -73.931470134842172, 40.805308337578275 ], [ -73.931448473209045, 40.80529734579747 ], [ -73.931434041548869, 40.805280868861978 ], [ -73.931412402556845, 40.805247919283914 ], [ -73.931390746611257, 40.805231438044508 ], [ -73.931304156928903, 40.805132576359547 ], [ -73.931268080804728, 40.805088639247352 ], [ -73.931159841363254, 40.804967806736713 ], [ -73.931123765423649, 40.804923869578147 ], [ -73.931116563875648, 40.804901907470118 ], [ -73.931094913798589, 40.804879936726287 ], [ -73.931073275104765, 40.804846987082435 ], [ -73.931037210662694, 40.804792070999959 ], [ -73.931029997781422, 40.80478108778204 ], [ -73.930979496294725, 40.804715184139638 ], [ -73.930972283431302, 40.804704200917968 ], [ -73.930957852017627, 40.80468772392134 ], [ -73.93093621345416, 40.80465477425075 ], [ -73.930907350673223, 40.804621820246346 ], [ -73.930827998139392, 40.804511983627272 ], [ -73.930806365403782, 40.804473544483116 ], [ -73.930719794716111, 40.804358214002207 ], [ -73.930712587648415, 40.804341741315312 ], [ -73.930698156377602, 40.804325264285232 ], [ -73.930683725113937, 40.804308787253284 ], [ -73.930640442806052, 40.804248377249422 ], [ -73.930633235769875, 40.804231904557248 ], [ -73.930611591792768, 40.804204444271818 ], [ -73.93057552235426, 40.80415501748778 ], [ -73.930575533805211, 40.804144038590721 ], [ -73.930539452969313, 40.804105590692082 ], [ -73.930445676260859, 40.803973787299391 ], [ -73.930402388647124, 40.803918866651635 ], [ -73.930351894179907, 40.803847473276413 ], [ -73.930330250443859, 40.80382001293647 ], [ -73.930308612473127, 40.803787063143517 ], [ -73.930279773378487, 40.803732151181876 ], [ -73.930258129709713, 40.803704690827907 ], [ -73.930193239109173, 40.803583883597867 ], [ -73.930186026498077, 40.80357290032503 ], [ -73.930063435544199, 40.803364226818069 ], [ -73.930012947633074, 40.803287343838797 ], [ -73.929976925334131, 40.803194001265609 ], [ -73.929976931108882, 40.803188511816266 ], [ -73.930042034399079, 40.803106209550293 ], [ -73.930005983295658, 40.803040314230962 ], [ -73.929984368835406, 40.802985406574969 ], [ -73.929912255384835, 40.802864594784999 ], [ -73.929890617931591, 40.802831644908558 ], [ -73.929789660803536, 40.802661410413137 ], [ -73.929695980380231, 40.802441775180888 ], [ -73.92957345112525, 40.802178206613249 ], [ -73.929523016988483, 40.802051918352134 ], [ -73.929450928658625, 40.801909148453838 ], [ -73.929436533142763, 40.801859734556587 ], [ -73.929357267888861, 40.801673044568147 ], [ -73.929328453807287, 40.801596174547171 ], [ -73.929299663114122, 40.801497346714946 ], [ -73.929278125556536, 40.801371076051687 ], [ -73.92920612606153, 40.80114596421889 ], [ -73.929119474794845, 40.801112974242407 ], [ -73.929032823614037, 40.801079984200641 ], [ -73.929025716819993, 40.800970190729252 ], [ -73.929018574927866, 40.800893333963486 ], [ -73.929018639317277, 40.800832949998821 ], [ -73.929011479885574, 40.800772561585134 ], [ -73.928997096652409, 40.800712168721169 ], [ -73.928982766154022, 40.800602370790919 ], [ -73.928954181464178, 40.800311412046277 ], [ -73.928939886282947, 40.800168677392222 ], [ -73.928904101694627, 40.799855756353004 ], [ -73.928918971180849, 40.799460524691554 ], [ -73.928941228200827, 40.798911592773806 ], [ -73.928970819701988, 40.798258365637921 ], [ -73.92903742332588, 40.796765274124482 ], [ -73.92927676317089, 40.795854171049264 ], [ -73.929305702955901, 40.795810273127984 ], [ -73.929529944319086, 40.795508490173454 ], [ -73.929681858704001, 40.795294494024539 ], [ -73.929746960432112, 40.795206702366009 ], [ -73.929877157590937, 40.795036608391392 ], [ -73.929841064738724, 40.795014628588056 ], [ -73.929848299504286, 40.795003654071614 ], [ -73.929812206679486, 40.794981674259063 ], [ -73.929833910972548, 40.79494875071348 ], [ -73.929884455951338, 40.79496524985155 ], [ -73.929898919674571, 40.794948790269025 ], [ -73.929913366052816, 40.794948799054183 ], [ -73.929935064507646, 40.794921364945878 ], [ -73.929920629692731, 40.794910377250368 ], [ -73.930065312528441, 40.794701865640818 ], [ -73.930108639976169, 40.794712870841742 ], [ -73.9301954445707, 40.794592155318576 ], [ -73.930419488460245, 40.794471522657162 ], [ -73.931113295912141, 40.794098656084515 ], [ -73.931156600433738, 40.794131618721657 ], [ -73.931235997838215, 40.794186560723141 ], [ -73.931293743032512, 40.794225021383085 ], [ -73.93133705338748, 40.794252494494586 ], [ -73.931618602578581, 40.79440087730611 ], [ -73.932412801325754, 40.794741692277455 ], [ -73.933156473337192, 40.795055025164267 ], [ -73.932657389458711, 40.795729938173899 ], [ -73.934910122461815, 40.796680908662204 ], [ -73.935409190630722, 40.79600598599972 ], [ -73.937553667516156, 40.796907438919341 ], [ -73.937640312345707, 40.796945912032797 ], [ -73.937777505755903, 40.797000880752414 ], [ -73.940023136336777, 40.797946257767542 ], [ -73.941618941013218, 40.79862228021868 ], [ -73.94309924174209, 40.799248818429419 ], [ -73.943236439724998, 40.799309270084876 ], [ -73.943373642626753, 40.799364232123168 ], [ -73.944846757181182, 40.799985254817081 ], [ -73.946464326737697, 40.80066670978799 ] ] ], [ [ [ -73.927544841353793, 40.781048006384239 ], [ -73.927602626739073, 40.781037063757772 ], [ -73.927696532420285, 40.781015164826734 ], [ -73.927790443992805, 40.780987776350834 ], [ -73.928101047126873, 40.780922096894727 ], [ -73.928490922842258, 40.78101017103625 ], [ -73.92917655592548, 40.781411325890922 ], [ -73.930309670862414, 40.782076242727761 ], [ -73.930641678912338, 40.782263085037229 ], [ -73.931053185834102, 40.782395079267559 ], [ -73.932670575435921, 40.782692466980031 ], [ -73.93502459640915, 40.783006718059944 ], [ -73.93540697869075, 40.78339668537317 ], [ -73.935811105476219, 40.783709810935065 ], [ -73.93598421109499, 40.783940464929877 ], [ -73.936070611503865, 40.78421498634173 ], [ -73.936055882769764, 40.784511409483777 ], [ -73.936005170085423, 40.784676065391693 ], [ -73.935918378385537, 40.784807764407027 ], [ -73.935795174095958, 40.785252342759456 ], [ -73.935766100189241, 40.785444457936556 ], [ -73.93571531717609, 40.785680476734939 ], [ -73.933126731886617, 40.788709189261127 ], [ -73.932692909432532, 40.789175541254039 ], [ -73.932403455142122, 40.789718828848379 ], [ -73.932237357188342, 40.789696773454381 ], [ -73.932107210089754, 40.789833933470973 ], [ -73.931478174228133, 40.790481317966901 ], [ -73.930842045917743, 40.790991458133156 ], [ -73.930726521743864, 40.790952962512684 ], [ -73.929787152474958, 40.791342145980195 ], [ -73.929722124115798, 40.791364064199911 ], [ -73.929664353313413, 40.791353050033408 ], [ -73.928718601589267, 40.790946248718328 ], [ -73.928595791207812, 40.790968130553473 ], [ -73.928075906887202, 40.790825081245082 ], [ -73.927375318921861, 40.790808173530515 ], [ -73.926920304399133, 40.790791417528517 ], [ -73.926804770769664, 40.790763896895832 ], [ -73.926667569040063, 40.790736362362715 ], [ -73.926414821964229, 40.790692285562258 ], [ -73.926255921968874, 40.790692184002644 ], [ -73.92610420205007, 40.790730513074728 ], [ -73.926060755924482, 40.790829295559618 ], [ -73.926067856746343, 40.79093908938902 ], [ -73.926089451877047, 40.791004976803094 ], [ -73.926089354369125, 40.791092808157771 ], [ -73.92604592627859, 40.791175122252859 ], [ -73.926045828712986, 40.791262953605106 ], [ -73.926089061843768, 40.791356302214403 ], [ -73.926110669315847, 40.791411210701483 ], [ -73.926153853922031, 40.791548474958368 ], [ -73.926160997592916, 40.791619842555605 ], [ -73.92616089409006, 40.791713163360967 ], [ -73.926269188021465, 40.79175714839193 ], [ -73.926442493787533, 40.791795685366807 ], [ -73.926550800151759, 40.79182869121459 ], [ -73.926565215577099, 40.791856147714405 ], [ -73.926514613188843, 40.791894541702582 ], [ -73.926276277128224, 40.791877921110569 ], [ -73.926146302263689, 40.791844901122502 ], [ -73.925929580056106, 40.791877698826809 ], [ -73.925763478861327, 40.791855634110448 ], [ -73.925633504294652, 40.791822613544035 ], [ -73.925590167196788, 40.791822585573911 ], [ -73.925582907530668, 40.791855517664395 ], [ -73.925604533150221, 40.791893957865405 ], [ -73.92616790994154, 40.791899809594689 ], [ -73.926427872168205, 40.791954870456891 ], [ -73.926630124461525, 40.791944020456967 ], [ -73.926666244822755, 40.79193855398178 ], [ -73.926738485527409, 40.791927620997349 ], [ -73.926702473966017, 40.791834277233512 ], [ -73.92663751670014, 40.791790320202828 ], [ -73.926579727876586, 40.791795772868156 ], [ -73.92650752364797, 40.791773768998958 ], [ -73.926370411027207, 40.79166389222955 ], [ -73.926327250198369, 40.791504670219162 ], [ -73.926341981281453, 40.791246674860282 ], [ -73.926428806385047, 40.791109493729557 ], [ -73.926486685547658, 40.79102169924429 ], [ -73.926566184378146, 40.79097783421453 ], [ -73.92670342886872, 40.790966942649057 ], [ -73.926739536612544, 40.790972455069571 ], [ -73.926826191602046, 40.790988978508473 ], [ -73.926941743702884, 40.79100003073944 ], [ -73.927021194068402, 40.791000081073868 ], [ -73.927115071926053, 40.791016608868659 ], [ -73.927165655284227, 40.790994682990942 ], [ -73.927237882883588, 40.790994728611437 ], [ -73.927317321257021, 40.791005757661253 ], [ -73.927382338082623, 40.790994819716673 ], [ -73.927440156059518, 40.790961919349343 ], [ -73.927512383623537, 40.790961964797795 ], [ -73.927562942918399, 40.790961996584841 ], [ -73.92764962196101, 40.790956561565451 ], [ -73.927786872184754, 40.790940179249908 ], [ -73.927866304636311, 40.790956697381326 ], [ -73.927895171878376, 40.790978673298575 ], [ -73.927902358968097, 40.791011614575808 ], [ -73.927909552009083, 40.791039066392635 ], [ -73.927895052971252, 40.791088462494066 ], [ -73.927656421199686, 40.791346317734934 ], [ -73.927576845016347, 40.79146154648663 ], [ -73.927323741027791, 40.791741349782335 ], [ -73.92727315115765, 40.791768765185971 ], [ -73.927229790093037, 40.791790695668716 ], [ -73.927135742890343, 40.791927872822306 ], [ -73.927800168729874, 40.791999653962705 ], [ -73.928002266583817, 40.792131527486127 ], [ -73.928269300341938, 40.792329314631573 ], [ -73.928340962153968, 40.792856347572446 ], [ -73.928340897157597, 40.792916731612706 ], [ -73.928340832161112, 40.792977115652363 ], [ -73.928333538273478, 40.79304298465869 ], [ -73.928326250281401, 40.793103364205798 ], [ -73.928297293290115, 40.793163730273768 ], [ -73.928268348075846, 40.793213117418055 ], [ -73.927356884292294, 40.794464143701127 ], [ -73.927262695624762, 40.79472757840319 ], [ -73.927240972133319, 40.794776969835326 ], [ -73.927096148033243, 40.795106245935273 ], [ -73.927052730599812, 40.795177581445678 ], [ -73.927009307054561, 40.795254406395038 ], [ -73.926980323848753, 40.795336729935855 ], [ -73.926951346594819, 40.795413564012428 ], [ -73.926936809744589, 40.79549589669486 ], [ -73.926929496115619, 40.795578233953677 ], [ -73.926922182468559, 40.795660571211044 ], [ -73.926907380330434, 40.795984439931495 ], [ -73.926892656418644, 40.796236945715812 ], [ -73.926892638333186, 40.796253414081484 ], [ -73.926949925004678, 40.796709075486191 ], [ -73.92703629871302, 40.796989092578301 ], [ -73.927115521829691, 40.797203231573434 ], [ -73.92718759405048, 40.797351492492922 ], [ -73.927202004931317, 40.797384438343578 ], [ -73.927216415826436, 40.797417384192229 ], [ -73.92727421547508, 40.797406441758312 ], [ -73.927440025864541, 40.797708466438259 ], [ -73.927475694766144, 40.798120198204671 ], [ -73.927265342608692, 40.798916036939112 ], [ -73.926917596397047, 40.799838045654027 ], [ -73.926903094706603, 40.799887441562284 ], [ -73.926881363234713, 40.799942322338467 ], [ -73.926852420054558, 40.79998621962239 ], [ -73.926809023319933, 40.800035597178287 ], [ -73.926693322560638, 40.800145312771612 ], [ -73.926664385215872, 40.800183720555069 ], [ -73.926555883503084, 40.800315398410127 ], [ -73.926541417787178, 40.80033185755925 ], [ -73.926505250435696, 40.800375750149605 ], [ -73.926685760237461, 40.800452717472936 ], [ -73.926555562500525, 40.80060633934265 ], [ -73.926512165141418, 40.800655716781925 ], [ -73.925882697551629, 40.801550094917872 ], [ -73.92582480232079, 40.801643378404698 ], [ -73.925774136974326, 40.801731177062386 ], [ -73.925701805818392, 40.801813472280138 ], [ -73.925492151983647, 40.80195606277131 ], [ -73.925275384209016, 40.801999838093536 ], [ -73.924357954543126, 40.801988260831486 ], [ -73.922631570266191, 40.801866347079311 ], [ -73.922155072743621, 40.801624490287331 ], [ -73.92190960138096, 40.801503556255803 ], [ -73.921339685238067, 40.800849923614571 ], [ -73.921137860266938, 40.800476502740018 ], [ -73.921029750911813, 40.800267829407673 ], [ -73.920842233283622, 40.800015185815106 ], [ -73.920575367605892, 40.799669166502376 ], [ -73.920351728454293, 40.79942198664785 ], [ -73.920315662654289, 40.79937804606849 ], [ -73.919239935362839, 40.798883246292455 ], [ -73.91914608170454, 40.798839264841021 ], [ -73.919066668707615, 40.798800782910043 ], [ -73.918994466044609, 40.798773284905941 ], [ -73.918987249121898, 40.798767790376729 ], [ -73.918907822927736, 40.798740287241188 ], [ -73.917976418228335, 40.798382813494527 ], [ -73.917904209699131, 40.7983608042586 ], [ -73.916626265514338, 40.797860346329344 ], [ -73.916395334000825, 40.797684516398206 ], [ -73.915457068755572, 40.797063523211882 ], [ -73.914440366021608, 40.795662960808016 ], [ -73.913806211247646, 40.794509701566739 ], [ -73.913785416249937, 40.793834482238047 ], [ -73.914588535964882, 40.79277561394656 ], [ -73.915138452972101, 40.79201298478155 ], [ -73.915355355419933, 40.791842970911148 ], [ -73.915521557617865, 40.791782708750802 ], [ -73.91630245989424, 40.791119053353711 ], [ -73.916172581314015, 40.791014659146299 ], [ -73.916866782110617, 40.790361915694319 ], [ -73.917076123901296, 40.790455387400769 ], [ -73.917105001034059, 40.790466387102853 ], [ -73.917842082439194, 40.790170483785737 ], [ -73.918123928586283, 40.790038937196087 ], [ -73.918434791965396, 40.789803110619061 ], [ -73.91856493359694, 40.789693413344693 ], [ -73.91858686996035, 40.789473850232525 ], [ -73.918507481896171, 40.789424388938542 ], [ -73.921892020085565, 40.78570487388756 ], [ -73.92199307280228, 40.78575434754616 ], [ -73.922188354239395, 40.785512942951037 ], [ -73.922434758389556, 40.784783009704199 ], [ -73.922855064079869, 40.783553650632498 ], [ -73.923064741732517, 40.783345190934831 ], [ -73.924011597657554, 40.782659635344899 ], [ -73.924062232034373, 40.782588305600491 ], [ -73.924120081887011, 40.78252247005517 ], [ -73.924235662569686, 40.78249509874599 ], [ -73.924250106245154, 40.782495108240944 ], [ -73.924307924629403, 40.782456719934814 ], [ -73.924481404286198, 40.782319596972918 ], [ -73.924676480330916, 40.782242872047945 ], [ -73.924885937603761, 40.78222105087832 ], [ -73.92505926717574, 40.782215674253308 ], [ -73.925138676199026, 40.782243173220934 ], [ -73.925153113649344, 40.782248672069805 ], [ -73.925239744564792, 40.782276175657891 ], [ -73.925391402660253, 40.782276273943388 ], [ -73.925716494530221, 40.782177673474585 ], [ -73.927140265037863, 40.781195967043004 ], [ -73.927320921308464, 40.781091781154963 ], [ -73.927544841353793, 40.781048006384239 ] ] ] ] } },
{ "type": "Feature", "properties": { "modzcta": "10039", "label": "10039", "zcta": "10039", "pop_est": "27726", "zcta20": "10039", "hvi": 5.0, "hvi_2018": 5.0 }, "geometry": { "type": "MultiPolygon", "coordinates": [ [ [ [ -73.937178740442803, 40.819139500492646 ], [ -73.937034026765204, 40.819348020211066 ], [ -73.936976152477598, 40.81941935128809 ], [ -73.936722913820049, 40.81977053662245 ], [ -73.936296029656276, 40.820352181947754 ], [ -73.936259857858076, 40.820396077456223 ], [ -73.93622368601217, 40.820439972953018 ], [ -73.938982939395885, 40.821599737184243 ], [ -73.939076843289058, 40.821638212887976 ], [ -73.939156300128147, 40.821671191456886 ], [ -73.941915650881498, 40.822836374707258 ], [ -73.942407613260997, 40.822166910390621 ], [ -73.943505595732645, 40.822628566103525 ], [ -73.942926958737786, 40.82325956614298 ], [ -73.942427786167059, 40.823907071220951 ], [ -73.941957509495964, 40.824554588621382 ], [ -73.94150170557549, 40.825169174785778 ], [ -73.94104588350811, 40.825794737944939 ], [ -73.940597284376835, 40.826414813530882 ], [ -73.940141445273525, 40.827040372985138 ], [ -73.939692834291165, 40.827654955495959 ], [ -73.939251416769565, 40.828296987141918 ], [ -73.938961709878996, 40.828988502295132 ], [ -73.938643033443498, 40.829740384949083 ], [ -73.938997018920361, 40.829888787309983 ], [ -73.939437694987149, 40.830075660135556 ], [ -73.939625522351378, 40.830158100042532 ], [ -73.940138447596851, 40.830372455120845 ], [ -73.940347952878611, 40.830460394524394 ], [ -73.94036885177205, 40.83133322429692 ], [ -73.940376014961771, 40.831404590551685 ], [ -73.940375946092388, 40.831481442493349 ], [ -73.940368650058687, 40.831558290697274 ], [ -73.940354131756692, 40.831629645737976 ], [ -73.940332386243867, 40.831700997037068 ], [ -73.940296186309595, 40.831772340849184 ], [ -73.94025998629769, 40.831843684649122 ], [ -73.940216563937682, 40.831909535266654 ], [ -73.940165914282261, 40.831975382117747 ], [ -73.940108042251353, 40.832035735769018 ], [ -73.940021221636755, 40.832139989749699 ], [ -73.939941627988716, 40.832244247427077 ], [ -73.939869256380078, 40.832353998239654 ], [ -73.939796884532697, 40.832463749004745 ], [ -73.939738966995364, 40.832573507276038 ], [ -73.93967382198062, 40.832683261735994 ], [ -73.939644848099803, 40.832754609112101 ], [ -73.939615879138913, 40.832820467056969 ], [ -73.939572455503907, 40.83288631742117 ], [ -73.939529031782953, 40.832952167768262 ], [ -73.939478385646794, 40.833012524882911 ], [ -73.939420512090095, 40.833072878178641 ], [ -73.93936264343138, 40.833127742021887 ], [ -73.939297547336679, 40.833182602031805 ], [ -73.939225228802457, 40.833231968773468 ], [ -73.939152915181197, 40.833275846046718 ], [ -73.938494698516294, 40.833846397106441 ], [ -73.938400686246155, 40.833906730604575 ], [ -73.938321118478967, 40.833978050600741 ], [ -73.938241545445663, 40.834054859963068 ], [ -73.938169199672203, 40.834131673144391 ], [ -73.93810408118361, 40.834208490158396 ], [ -73.938046184893224, 40.834290800438922 ], [ -73.937995510813508, 40.834378603996754 ], [ -73.93795206407998, 40.834466411419491 ], [ -73.937915844721232, 40.834554222715454 ], [ -73.937886847641025, 40.834647527312647 ], [ -73.937749299155968, 40.834888987808 ], [ -73.937379941002817, 40.835690243688958 ], [ -73.937025050137024, 40.836469548493618 ], [ -73.936691886539919, 40.83719396981833 ], [ -73.936380462244614, 40.837852529035018 ], [ -73.936228461703891, 40.838077511356495 ], [ -73.936105445531055, 40.838225657638674 ], [ -73.935960750381525, 40.838368302330792 ], [ -73.935801604070321, 40.838505449374964 ], [ -73.935635239791381, 40.838631613328069 ], [ -73.935461657586018, 40.838746794159547 ], [ -73.935331431851324, 40.838872977885572 ], [ -73.935215645530249, 40.839015637833825 ], [ -73.935121531974261, 40.839169288695473 ], [ -73.93505631929547, 40.839333934592801 ], [ -73.935012785010827, 40.839504082084893 ], [ -73.934998157322042, 40.839679735269478 ], [ -73.935005219114672, 40.839849911251697 ], [ -73.93504119327585, 40.840020103515165 ], [ -73.935106085382259, 40.840184822616699 ], [ -73.93519267820956, 40.840333085615235 ], [ -73.935293733028587, 40.840475867240016 ], [ -73.935438029313318, 40.840750419029959 ], [ -73.935596639686992, 40.841173192909451 ], [ -73.935625451593538, 40.841277507936027 ], [ -73.935639801817445, 40.841387304302899 ], [ -73.935639690290657, 40.841502582015195 ], [ -73.935610676362927, 40.841606864759207 ], [ -73.935567205810472, 40.841711139419345 ], [ -73.935140154693258, 40.842309246562316 ], [ -73.934669676997402, 40.842956732227705 ], [ -73.934213679659834, 40.843571287671409 ], [ -73.933714242513943, 40.844246199866156 ], [ -73.933229263484733, 40.844910139366505 ], [ -73.933149638395818, 40.845019881540594 ], [ -73.932773222806361, 40.845541157141739 ], [ -73.932324418981608, 40.846155709055772 ], [ -73.932237562147392, 40.846265446335465 ], [ -73.932186882470788, 40.846342268340976 ], [ -73.932100019562782, 40.846457494923534 ], [ -73.932071065193242, 40.846495903769373 ], [ -73.932042110790263, 40.846534312607616 ], [ -73.931825331457603, 40.846451843494485 ], [ -73.93139178572828, 40.846275925222315 ], [ -73.931196688627082, 40.846198957230527 ], [ -73.930893183600674, 40.846099966357514 ], [ -73.930748665879094, 40.846044985550598 ], [ -73.930647492169868, 40.846017477698325 ], [ -73.930539084080706, 40.845995454814947 ], [ -73.930336731321148, 40.845945928063863 ], [ -73.930177745428921, 40.845901916629003 ], [ -73.929859756911227, 40.845830361332368 ], [ -73.929541763263273, 40.845764294568724 ], [ -73.929498408475595, 40.845747799836836 ], [ -73.929440590480041, 40.845736785656598 ], [ -73.92940445278613, 40.845731274131865 ], [ -73.929382784158619, 40.845714792626303 ], [ -73.929426232078399, 40.845643456832711 ], [ -73.929614462726306, 40.84537459054097 ], [ -73.929679607751837, 40.845292289056232 ], [ -73.929715814829578, 40.845231927563397 ], [ -73.929766496513949, 40.845155106628845 ], [ -73.929817178081265, 40.845078285671015 ], [ -73.929867876893667, 40.844984996456098 ], [ -73.929925804176008, 40.84489171160898 ], [ -73.929990988783914, 40.844770984061469 ], [ -73.930048933024494, 40.844661230914419 ], [ -73.930099642730482, 40.844556962767612 ], [ -73.93015035804153, 40.844447205184892 ], [ -73.930222816421335, 40.844282566578848 ], [ -73.930273542827621, 40.844161830112732 ], [ -73.930317034779833, 40.844046578667367 ], [ -73.930396778249616, 40.843827050183762 ], [ -73.930454761170381, 40.843678870927526 ], [ -73.930498258228113, 40.843558129991628 ], [ -73.930541766591233, 40.843426410211308 ], [ -73.930570737695476, 40.843371533490675 ], [ -73.93057800051433, 40.843338601364302 ], [ -73.930628737005051, 40.84320688589645 ], [ -73.930672233438401, 40.843086144885156 ], [ -73.930701210005282, 40.843025778715358 ], [ -73.930730215099828, 40.84293796547157 ], [ -73.930773716885597, 40.84281173500311 ], [ -73.930788190791688, 40.842795275438455 ], [ -73.930802676110716, 40.842767837045201 ], [ -73.930809955877166, 40.842718436660519 ], [ -73.930896884564618, 40.842537338012207 ], [ -73.930976538876735, 40.842400150277676 ], [ -73.931222784891844, 40.84193369689315 ], [ -73.931360377295192, 40.841686755057403 ], [ -73.931526938127377, 40.841384936067541 ], [ -73.931831086345056, 40.840836174388322 ], [ -73.932164175577867, 40.840254492368565 ], [ -73.932794163386575, 40.839124040719355 ], [ -73.932960750019376, 40.838783793606382 ], [ -73.933098323936733, 40.83854233898203 ], [ -73.933170724475602, 40.838421613698635 ], [ -73.933264857998893, 40.838251496155941 ], [ -73.933358985542057, 40.83808686794945 ], [ -73.933416923898591, 40.837971623566936 ], [ -73.933467601268021, 40.837889311492617 ], [ -73.933532772587711, 40.837768581798954 ], [ -73.93364137632723, 40.837582004004574 ], [ -73.933771684709669, 40.837373480880608 ], [ -73.933909252767535, 40.837132025231071 ], [ -73.934017865300632, 40.836934468223951 ], [ -73.934104766824262, 40.836764345817713 ], [ -73.934198917331486, 40.836572269787332 ], [ -73.934285834185374, 40.83638567897556 ], [ -73.934314809974808, 40.836319822409372 ], [ -73.934358295215844, 40.836199079866212 ], [ -73.934452471232831, 40.835979556510914 ], [ -73.934560999281132, 40.835864340254787 ], [ -73.934756414496135, 40.835589979803459 ], [ -73.934756436028977, 40.835568022122182 ], [ -73.934807169079519, 40.835425325800948 ], [ -73.934821651136417, 40.835397886868506 ], [ -73.934828889471802, 40.835386912111787 ], [ -73.934850604463577, 40.835353987838857 ], [ -73.934872308686593, 40.83533204240269 ], [ -73.934894066613651, 40.8352552027564 ], [ -73.934915770790099, 40.835233257311764 ], [ -73.934937603789891, 40.835079565765412 ], [ -73.93494488501247, 40.83502467563428 ], [ -73.934959479620034, 40.834881958843361 ], [ -73.934981253393033, 40.83478865091157 ], [ -73.934988518455782, 40.834750229038292 ], [ -73.934952423838695, 40.834706293293443 ], [ -73.934959672809981, 40.834684339684969 ], [ -73.93496692714227, 40.834656896654714 ], [ -73.934966953971113, 40.834629449548778 ], [ -73.934974186833742, 40.834623964202748 ], [ -73.93497420292924, 40.834607495939018 ], [ -73.934995896141231, 40.834596529319349 ], [ -73.935032231944632, 40.834393441092161 ], [ -73.935039550532338, 40.83430012499818 ], [ -73.935032371313724, 40.834250716133262 ], [ -73.935039636288209, 40.83421229425322 ], [ -73.935076057455689, 40.833921375249787 ], [ -73.935068862178952, 40.83388843464968 ], [ -73.935083338437309, 40.833866485099115 ], [ -73.935097943203587, 40.833712789418584 ], [ -73.935097969978003, 40.833685342308186 ], [ -73.935105224144323, 40.83365789926463 ], [ -73.935112676390176, 40.833427347597691 ], [ -73.935119951934468, 40.833377946862548 ], [ -73.93511997334663, 40.833355989172993 ], [ -73.935134438768571, 40.833345018458949 ], [ -73.935127227467959, 40.833328546126531 ], [ -73.935127259582572, 40.833295609591893 ], [ -73.935127275639857, 40.833279141324546 ], [ -73.935141746395132, 40.833262681186895 ], [ -73.935134540453447, 40.833240719432226 ], [ -73.935127323811699, 40.833229736522092 ], [ -73.935120123231357, 40.833202285343894 ], [ -73.935120133937374, 40.833191306498762 ], [ -73.935112922656955, 40.833174834165064 ], [ -73.935134615378956, 40.833163867516653 ], [ -73.935141853419651, 40.833152892736166 ], [ -73.935127409450331, 40.833141905761188 ], [ -73.935127500441126, 40.833048585576307 ], [ -73.935120294527337, 40.833026623819997 ], [ -73.93511307255757, 40.833021130331247 ], [ -73.935113088618309, 40.833004662063097 ], [ -73.935120337351194, 40.83298270843818 ], [ -73.935120353410127, 40.832966240169966 ], [ -73.93512037482202, 40.832944282478842 ], [ -73.935120412292804, 40.832905856519297 ], [ -73.935134872265053, 40.832900375227148 ], [ -73.935142115628224, 40.832883911023281 ], [ -73.93516380825055, 40.832872944368823 ], [ -73.935163829648076, 40.832850986677407 ], [ -73.935156768192613, 40.832680810502744 ], [ -73.93512816948332, 40.832362407701211 ], [ -73.93511370962743, 40.832367888993033 ], [ -73.935077991169422, 40.831939693622637 ], [ -73.935092445579997, 40.831939701758614 ], [ -73.935085298711485, 40.831857356334666 ], [ -73.935070994313662, 40.831703644329892 ], [ -73.935020779332461, 40.831319356149628 ], [ -73.934984927935844, 40.83102839629008 ], [ -73.934934756906145, 40.830600192629348 ], [ -73.934891700731555, 40.830287270927172 ], [ -73.934834352268282, 40.829809658258363 ], [ -73.934798233536682, 40.829793169557156 ], [ -73.934798255053849, 40.829771211854393 ], [ -73.934791033464009, 40.8297657183425 ], [ -73.934791044223786, 40.829754739491079 ], [ -73.93478383339729, 40.829738267127318 ], [ -73.934769395610019, 40.829721790675428 ], [ -73.934762190174723, 40.829699828884401 ], [ -73.934762233232789, 40.829655913478184 ], [ -73.93474056851332, 40.82963943293403 ], [ -73.934740600817548, 40.829606496379093 ], [ -73.934747838536254, 40.829595521616731 ], [ -73.934740633121748, 40.829573559823906 ], [ -73.934726200766136, 40.829551593940288 ], [ -73.934726222306992, 40.829529636236678 ], [ -73.934711800738469, 40.829496691499209 ], [ -73.934697400734578, 40.829441789055849 ], [ -73.934697427672504, 40.829414341925855 ], [ -73.934711892307192, 40.82940337125747 ], [ -73.934704724634187, 40.829342983479229 ], [ -73.934690286952275, 40.829326507016368 ], [ -73.934675843888158, 40.829315519977769 ], [ -73.934661524811119, 40.829178276135302 ], [ -73.934683216304535, 40.829167309564447 ], [ -73.934704907790803, 40.829156342989442 ], [ -73.934697702438029, 40.829134381192311 ], [ -73.934683248636929, 40.82913437300688 ], [ -73.934676037904353, 40.829117900634593 ], [ -73.934668816395515, 40.829112407114486 ], [ -73.934654378772521, 40.82909593064646 ], [ -73.934647200401457, 40.829046521714282 ], [ -73.934661659573962, 40.829041040477875 ], [ -73.934661686526468, 40.829013593346012 ], [ -73.934661724259939, 40.828975167361193 ], [ -73.93465452972319, 40.828942226707824 ], [ -73.934654556678595, 40.828914779575499 ], [ -73.934632881441388, 40.828909277862046 ], [ -73.934618638056804, 40.828695182031936 ], [ -73.934611416598585, 40.828689688507829 ], [ -73.934604195141546, 40.828684194983218 ], [ -73.934611443571683, 40.828662241374325 ], [ -73.934611448966294, 40.828656751947619 ], [ -73.934611454360891, 40.8286512625209 ], [ -73.934604232908043, 40.828645768996275 ], [ -73.93459704922698, 40.828601849483967 ], [ -73.934604286860079, 40.828590874728825 ], [ -73.934611535279998, 40.828568921119604 ], [ -73.934611583831369, 40.828519516278263 ], [ -73.934611600015131, 40.828503047997742 ], [ -73.93461164317182, 40.828459132582758 ], [ -73.93460444871566, 40.828426191923427 ], [ -73.934604475691529, 40.82839874478875 ], [ -73.934597265058173, 40.828382272409542 ], [ -73.934611734879581, 40.828365812324854 ], [ -73.934597302828479, 40.828343846420644 ], [ -73.934597319015751, 40.828327378139676 ], [ -73.934590119184577, 40.828299926905736 ], [ -73.934590156958976, 40.828261500916348 ], [ -73.934597394556192, 40.828250526160978 ], [ -73.934590178544312, 40.828239543208007 ], [ -73.934590189337001, 40.828228564353822 ], [ -73.934597437722104, 40.828206610744161 ], [ -73.934590221714984, 40.828195627791104 ], [ -73.934590259489241, 40.828157201801048 ], [ -73.934568573707921, 40.828162678929139 ], [ -73.934561390102544, 40.82811875941109 ], [ -73.934547006720607, 40.828047388654511 ], [ -73.934539801540041, 40.828025426843432 ], [ -73.934532628770597, 40.827970528467901 ], [ -73.934518234647072, 40.827910136560739 ], [ -73.934539920350247, 40.82790465944187 ], [ -73.934532747593735, 40.827849761065259 ], [ -73.934518375105114, 40.82776741144685 ], [ -73.934518412920639, 40.827728985454044 ], [ -73.934425141436705, 40.827042753586532 ], [ -73.934482960228692, 40.827037297018748 ], [ -73.934461474857187, 40.826839665281362 ], [ -73.934425709466396, 40.826466363599565 ], [ -73.934368524659703, 40.825829556946509 ], [ -73.934354082407751, 40.825818569861219 ], [ -73.934325755967109, 40.825231184438628 ], [ -73.93429742460637, 40.824649288382084 ], [ -73.934290349974745, 40.824495580212279 ], [ -73.934275951400849, 40.824440677670466 ], [ -73.934247317053405, 40.824166189658079 ], [ -73.934218775194765, 40.823798381297465 ], [ -73.934168902373145, 40.82307923690874 ], [ -73.934147272536521, 40.823029819644127 ], [ -73.934147283401416, 40.823018840780463 ], [ -73.934133048273623, 40.82279925524832 ], [ -73.934118748022584, 40.822645542892921 ], [ -73.93411886758733, 40.822524775383727 ], [ -73.934104735941091, 40.822200890611917 ], [ -73.934097569594869, 40.822140502723506 ], [ -73.934097607650202, 40.822102076694897 ], [ -73.934090484817517, 40.821997773343071 ], [ -73.934076222904537, 40.821805634931572 ], [ -73.934076309915781, 40.82171780400386 ], [ -73.934076331668564, 40.82169584627173 ], [ -73.93406924154533, 40.821558606312678 ], [ -73.934047944148659, 40.821174333581894 ], [ -73.934047982232087, 40.821135907547166 ], [ -73.934033709743247, 40.820954747970482 ], [ -73.934026619786877, 40.820817507992025 ], [ -73.934005355537181, 40.820400298601164 ], [ -73.933998189475048, 40.820339910688631 ], [ -73.933984075217111, 40.819999557481466 ], [ -73.933984107891092, 40.819966620873899 ], [ -73.93396989029506, 40.819730566906472 ], [ -73.933832609505544, 40.819719509335101 ], [ -73.933832729584296, 40.819598741767855 ], [ -73.933832838746454, 40.819488953068266 ], [ -73.934114587231406, 40.819549498221896 ], [ -73.934309604159566, 40.819631951059542 ], [ -73.934403502573858, 40.819670430581503 ], [ -73.934389153660575, 40.819566123095377 ], [ -73.934382160549163, 40.819330073274578 ], [ -73.934295867851162, 40.818907337372593 ], [ -73.934339368829754, 40.818759147306849 ], [ -73.93438294539169, 40.818534105118729 ], [ -73.93426072042034, 40.817913728859608 ], [ -73.936810369813557, 40.818985594931199 ], [ -73.937092061794871, 40.819106516605309 ], [ -73.937178740442803, 40.819139500492646 ] ] ] ] } },
{ "type": "Feature", "properties": { "modzcta": "10451", "label": "10451", "zcta": "10451", "pop_est": "47798", "zcta20": "10451", "hvi": 5.0, "hvi_2018": 5.0 }, "geometry": { "type": "MultiPolygon", "coordinates": [ [ [ [ -73.931843190986001, 40.807855663438886 ], [ -73.931872055632624, 40.807888617191885 ], [ -73.931922577255023, 40.807938052073965 ], [ -73.932283371575039, 40.808366441535178 ], [ -73.932528547644651, 40.808822209466612 ], [ -73.932643576121606, 40.809382200375545 ], [ -73.932621507295025, 40.809771938223513 ], [ -73.932592324562648, 40.81005188295115 ], [ -73.932823458125071, 40.810112401772145 ], [ -73.932830677420057, 40.810117895425009 ], [ -73.932866796060893, 40.810123405909202 ], [ -73.932873727465974, 40.810414350607878 ], [ -73.932786945898783, 40.810496641742311 ], [ -73.932692933680016, 40.810584418035489 ], [ -73.932678267356422, 40.810798497870216 ], [ -73.932562579811076, 40.810886261394295 ], [ -73.932619790073744, 40.811468176085455 ], [ -73.932633795531061, 40.811907339887185 ], [ -73.932480532857312, 40.813422336874375 ], [ -73.93242935457431, 40.814015166780621 ], [ -73.932429309986986, 40.814059082299522 ], [ -73.932429248679313, 40.814119466137512 ], [ -73.932421989965192, 40.814152398541488 ], [ -73.932414708945359, 40.814207288703699 ], [ -73.932378130758039, 40.814651912121519 ], [ -73.932363295157444, 40.815030674945994 ], [ -73.932362977156018, 40.815343572959335 ], [ -73.932339403426823, 40.817209969110813 ], [ -73.932338973679421, 40.817632655746095 ], [ -73.932387735088639, 40.819422241495417 ], [ -73.932387696047542, 40.81946066754044 ], [ -73.932387651429067, 40.819504583020198 ], [ -73.932380375373242, 40.819553983697212 ], [ -73.932373110463644, 40.819592405503641 ], [ -73.932430047860663, 40.820448791171856 ], [ -73.932458271958254, 40.821118519028346 ], [ -73.932465030018733, 40.821579635656228 ], [ -73.932515044746737, 40.822139587418079 ], [ -73.932550708067652, 40.822600720875691 ], [ -73.932579167889173, 40.823039892335295 ], [ -73.932614843254782, 40.823490046841677 ], [ -73.932672059256447, 40.824077449734887 ], [ -73.932707702498746, 40.824560540717336 ], [ -73.932729026537046, 40.82491187689979 ], [ -73.932728954392132, 40.824983239490038 ], [ -73.932736036566908, 40.825125968883448 ], [ -73.93275039518349, 40.825219297619775 ], [ -73.932757516260409, 40.825323600998658 ], [ -73.932764604079395, 40.825460840952616 ], [ -73.932822266458203, 40.825609089241645 ], [ -73.93295824844239, 40.826921142635541 ], [ -73.932979624322257, 40.827223073782179 ], [ -73.933008216068174, 40.827535987963344 ], [ -73.933058250889957, 40.828084960080794 ], [ -73.933072632683135, 40.828156331022598 ], [ -73.933036493187529, 40.828161799473456 ], [ -73.932942539322795, 40.828167234309326 ], [ -73.932508898192467, 40.828199917920308 ], [ -73.93208971024103, 40.828232608412769 ], [ -73.931468154349318, 40.828281645589072 ], [ -73.931388653803893, 40.828287087747263 ], [ -73.931258565583192, 40.828292499707167 ], [ -73.931200745436115, 40.828297954657209 ], [ -73.931142925279545, 40.82830340957819 ], [ -73.93096222085417, 40.828336238121615 ], [ -73.930651382049746, 40.828418393070727 ], [ -73.930340548224677, 40.828495057754246 ], [ -73.930036923206444, 40.828588194263176 ], [ -73.929740512596311, 40.828692313227307 ], [ -73.929451310461005, 40.828812904128078 ], [ -73.929169328312156, 40.828938988166222 ], [ -73.928894530923202, 40.829103501950691 ], [ -73.928757131719138, 40.829185758595656 ], [ -73.928677688713776, 40.829136304624534 ], [ -73.927514947143109, 40.828410974894773 ], [ -73.927262158413654, 40.828273579967551 ], [ -73.927124933260075, 40.828196641305048 ], [ -73.926980463561634, 40.828136166183093 ], [ -73.926821540555707, 40.828075681708725 ], [ -73.926669826467943, 40.828031669890969 ], [ -73.925925712552228, 40.827811617088621 ], [ -73.924943214273526, 40.82750906309699 ], [ -73.92404740135305, 40.827244983860908 ], [ -73.924011280417915, 40.827233981201793 ], [ -73.922884297973539, 40.826903867170984 ], [ -73.922710915580097, 40.826854346208812 ], [ -73.922616988254745, 40.826837814922442 ], [ -73.922544600342391, 40.826942065533004 ], [ -73.922305626963251, 40.827364591023063 ], [ -73.922160713934076, 40.827688369755059 ], [ -73.92205927590355, 40.827913367920573 ], [ -73.921812965933626, 40.828423718257824 ], [ -73.921726043876689, 40.828593831640241 ], [ -73.921407323703974, 40.82921940991578 ], [ -73.921175581387871, 40.829625469552589 ], [ -73.920878630076757, 40.830168719706862 ], [ -73.92084966978797, 40.830212615266866 ], [ -73.920465797993359, 40.830914998046616 ], [ -73.920270751996611, 40.830843500798721 ], [ -73.91946891097146, 40.830541025089524 ], [ -73.918941590285371, 40.830332057358362 ], [ -73.919310934358961, 40.829701031996109 ], [ -73.91964408392856, 40.829113895615947 ], [ -73.920201772965299, 40.828098738205895 ], [ -73.919334891268477, 40.827823663534751 ], [ -73.918468016739183, 40.827548582334494 ], [ -73.917536136315135, 40.827251490405615 ], [ -73.916235842634848, 40.826844335262997 ], [ -73.915318435276816, 40.82654723587585 ], [ -73.914760691773878, 40.827556880505313 ], [ -73.913634141642405, 40.826924757604672 ], [ -73.912173066818212, 40.827900773027082 ], [ -73.912035809083847, 40.827862242389394 ], [ -73.911862432268407, 40.827812705124906 ], [ -73.911696289746104, 40.827757683706942 ], [ -73.911791998555827, 40.826429314299027 ], [ -73.911309923245426, 40.824847987606944 ], [ -73.910587567590554, 40.824633341821404 ], [ -73.909879624761885, 40.824451639374388 ], [ -73.908709476747759, 40.824066458479287 ], [ -73.909115096944006, 40.823375109983481 ], [ -73.909223760628834, 40.823177575876734 ], [ -73.909404835442473, 40.822870309846053 ], [ -73.90991110177535, 40.822552319163108 ], [ -73.909456016516003, 40.822431195112372 ], [ -73.909905651882937, 40.8212403393862 ], [ -73.91012329315997, 40.820603734400628 ], [ -73.911358590775961, 40.820862694235231 ], [ -73.911524737699835, 40.820901247905248 ], [ -73.911560955268968, 40.820835402431271 ], [ -73.91167684809426, 40.820626892606434 ], [ -73.911850664155992, 40.820330595936547 ], [ -73.91189413609932, 40.820242798143056 ], [ -73.912154871148132, 40.819787373647998 ], [ -73.913064880732662, 40.820133897988043 ], [ -73.913960561435289, 40.820392573414189 ], [ -73.915607534996028, 40.820821966754465 ], [ -73.917413468698584, 40.82127889767164 ], [ -73.917616328079333, 40.820850866652378 ], [ -73.917638060431742, 40.820806966674837 ], [ -73.917710517238305, 40.820647824707272 ], [ -73.918007587198375, 40.819994793177081 ], [ -73.918087288397416, 40.819819187787694 ], [ -73.918138018173266, 40.819698456162079 ], [ -73.918152517183671, 40.819660040383049 ], [ -73.91816701617735, 40.819621624601986 ], [ -73.918188747765043, 40.819577724511724 ], [ -73.918282953597881, 40.819358213753461 ], [ -73.918572806567397, 40.818688707202512 ], [ -73.918920506060417, 40.81798081446253 ], [ -73.917121890821335, 40.817512933222972 ], [ -73.917462428509978, 40.816761124056832 ], [ -73.919239362327673, 40.8172180059886 ], [ -73.919543640783019, 40.816553996319982 ], [ -73.919862397139823, 40.815862548633248 ], [ -73.920304320217667, 40.814885734162139 ], [ -73.920333517330661, 40.814638729399654 ], [ -73.920478115669894, 40.814561977015778 ], [ -73.921244441024584, 40.814189220860442 ], [ -73.922010809256932, 40.813772544072805 ], [ -73.922090331787487, 40.813734171729045 ], [ -73.922878365030556, 40.813317503788973 ], [ -73.9237025266779, 40.812889875465913 ], [ -73.923832654512253, 40.812824088170636 ], [ -73.924013389277917, 40.812730886868863 ], [ -73.924092915670101, 40.812687023696768 ], [ -73.924165210593429, 40.812648645158049 ], [ -73.924519446419069, 40.812467725932798 ], [ -73.924685716671277, 40.812385492992412 ], [ -73.925119474768067, 40.812160708276238 ], [ -73.925249599776123, 40.812094919373941 ], [ -73.925553223794481, 40.811941411361381 ], [ -73.92562552320021, 40.811897542460919 ], [ -73.925697816382183, 40.811859162956281 ], [ -73.926384606560063, 40.811486321226731 ], [ -73.926926835935063, 40.811162788868373 ], [ -73.927143818749272, 40.810948837794541 ], [ -73.927295398264349, 40.811080680188986 ], [ -73.927859437422484, 40.81062541046753 ], [ -73.928011308557728, 40.810488269236352 ], [ -73.928806673157979, 40.809901392328236 ], [ -73.929218843541904, 40.809566789840339 ], [ -73.929283936511084, 40.80950095641807 ], [ -73.929312853074777, 40.809484505809394 ], [ -73.929363473048056, 40.809440621256236 ], [ -73.929414087132869, 40.809402226124384 ], [ -73.92950808456402, 40.809330920819896 ], [ -73.930129914413342, 40.808853717410045 ], [ -73.930751689655494, 40.808420426167899 ], [ -73.930925195223935, 40.808310741290597 ], [ -73.93140230430042, 40.808036553747471 ], [ -73.93182150597012, 40.807866629513981 ], [ -73.931843190986001, 40.807855663438886 ] ] ] ] } },
{ "type": "Feature", "properties": { "modzcta": "10452", "label": "10452", "zcta": "10452", "pop_est": "76078", "zcta20": "10452", "hvi": 5.0, "hvi_2018": 5.0 }, "geometry": { "type": "MultiPolygon", "coordinates": [ [ [ [ -73.933072632683135, 40.828156331022598 ], [ -73.933087014507151, 40.828227701961765 ], [ -73.933323694703944, 40.830028371890364 ], [ -73.933416898586472, 40.830774987977641 ], [ -73.933474270638669, 40.831219664728103 ], [ -73.933546251325069, 40.831510645875653 ], [ -73.933602792204837, 40.83278971483886 ], [ -73.933573778884053, 40.832893997224936 ], [ -73.933566502244645, 40.832943397866536 ], [ -73.933566452914022, 40.832992802670695 ], [ -73.933537477832786, 40.833058659085978 ], [ -73.933515708086574, 40.833146477349935 ], [ -73.933486672522562, 40.833272717397399 ], [ -73.933472097064765, 40.833393476351702 ], [ -73.933457516063825, 40.833519724723814 ], [ -73.933464617179155, 40.833645985602146 ], [ -73.933196073811729, 40.834771162429696 ], [ -73.933174220349002, 40.834941321916865 ], [ -73.933145056482871, 40.835193818515208 ], [ -73.932992791225914, 40.835676799426594 ], [ -73.932659515461353, 40.83647257165272 ], [ -73.932355421932954, 40.836993888830392 ], [ -73.93186327125089, 40.837641350917316 ], [ -73.931501179183442, 40.838321824678516 ], [ -73.930958118344435, 40.839254702374291 ], [ -73.930864051664159, 40.839353455589709 ], [ -73.930813375667014, 40.83943027708299 ], [ -73.930769864742629, 40.839567486472298 ], [ -73.930748129213157, 40.839616878202392 ], [ -73.93071919419036, 40.839638818505058 ], [ -73.930661289758817, 40.839715635585918 ], [ -73.930588860348067, 40.839858316931902 ], [ -73.930552691369684, 40.839885742257984 ], [ -73.930516499427782, 40.839935125236792 ], [ -73.930509191077832, 40.840011972706385 ], [ -73.930429452552062, 40.84023150141126 ], [ -73.930479808360616, 40.840462087375904 ], [ -73.93040014385852, 40.84061025364381 ], [ -73.930363991631708, 40.840621210661013 ], [ -73.929857025746728, 40.84156508344865 ], [ -73.929589034324565, 40.842080925437713 ], [ -73.929581596830758, 40.842278539925047 ], [ -73.929379005508352, 40.842465056252571 ], [ -73.929190694495418, 40.842816263494306 ], [ -73.929183051205797, 40.843206007385625 ], [ -73.928617655128548, 40.844676822318689 ], [ -73.928277591857665, 40.844973039785593 ], [ -73.928118188497763, 40.845318773688739 ], [ -73.92808196805349, 40.845390113500734 ], [ -73.927966339116722, 40.845362594279202 ], [ -73.927785670211932, 40.84531856599871 ], [ -73.927402653164336, 40.845225005530679 ], [ -73.927063003003184, 40.845136960632729 ], [ -73.926961826171976, 40.845114938954545 ], [ -73.926766701341904, 40.845070899921211 ], [ -73.926687210596214, 40.845048891767703 ], [ -73.926622165045842, 40.845037871579002 ], [ -73.92596452487814, 40.844889237156131 ], [ -73.925263454403762, 40.844795464999663 ], [ -73.925118900914782, 40.84477890300591 ], [ -73.924786416370608, 40.84475123961392 ], [ -73.923875625782514, 40.844739663310811 ], [ -73.923543085167964, 40.844761401035477 ], [ -73.922733437619215, 40.844799287447586 ], [ -73.922625008595602, 40.844799214766248 ], [ -73.922596017539973, 40.844865068299512 ], [ -73.92253076188355, 40.845035196363327 ], [ -73.922501757841275, 40.84511202869173 ], [ -73.922451042202511, 40.845210804077361 ], [ -73.922335159546734, 40.845402855633097 ], [ -73.922197596578229, 40.845589403031035 ], [ -73.922045581855784, 40.84577045107946 ], [ -73.921864670742721, 40.845935011109844 ], [ -73.921676536455209, 40.846094076534051 ], [ -73.92146673443186, 40.846236658656061 ], [ -73.921083278142618, 40.846516357068204 ], [ -73.921011029372607, 40.846483371135172 ], [ -73.920577557919827, 40.846268986353913 ], [ -73.91971758048247, 40.846065282713759 ], [ -73.919182613789104, 40.846097845635924 ], [ -73.918177643045354, 40.84623986193531 ], [ -73.917534174722149, 40.84632723434153 ], [ -73.916861734715411, 40.846458497594028 ], [ -73.917158709514368, 40.845981132205779 ], [ -73.917108457268043, 40.845701135958087 ], [ -73.917087099593331, 40.84543762869243 ], [ -73.916949775413954, 40.845421061658918 ], [ -73.916805208905359, 40.845415468068857 ], [ -73.916653386241975, 40.845431826715249 ], [ -73.916537693087136, 40.845459190139046 ], [ -73.916508771506017, 40.845464658624337 ], [ -73.916378593279504, 40.845513969063404 ], [ -73.916248401037322, 40.845574258175084 ], [ -73.916147109487113, 40.845645546981579 ], [ -73.916053032565628, 40.845727819778752 ], [ -73.915980662344552, 40.845793640066518 ], [ -73.915893841488355, 40.845853960358099 ], [ -73.915785348207194, 40.845903285934241 ], [ -73.915669639957073, 40.845941627304349 ], [ -73.915546723752072, 40.845963495037374 ], [ -73.915423835383962, 40.845963405001271 ], [ -73.91530096099531, 40.845952336015166 ], [ -73.915185336369973, 40.845924803984865 ], [ -73.915084176288417, 40.845891793072624 ], [ -73.914816854249807, 40.845781807679337 ], [ -73.913978778473279, 40.845429863182744 ], [ -73.914123614068728, 40.845226862733263 ], [ -73.914159821058547, 40.84517748494391 ], [ -73.913798381845538, 40.84518270482269 ], [ -73.913516457649933, 40.845187983212092 ], [ -73.913386342074162, 40.845187885585545 ], [ -73.913249005014535, 40.845182292965923 ], [ -73.912583984339832, 40.845170812081577 ], [ -73.911947878454185, 40.845159349438568 ], [ -73.911412973727877, 40.845147961052184 ], [ -73.91128285823352, 40.845147861052908 ], [ -73.911044320502313, 40.845142187929675 ], [ -73.911080522393988, 40.845098300516234 ], [ -73.91130502721829, 40.844785576655354 ], [ -73.911406454242552, 40.844615482701094 ], [ -73.911493423623639, 40.844445377560788 ], [ -73.911580421745555, 40.84425331470635 ], [ -73.911696552051211, 40.843896591582997 ], [ -73.911921478746976, 40.843259991167244 ], [ -73.911943273042681, 40.84317766654533 ], [ -73.911986803370439, 40.843056932582321 ], [ -73.91221903971396, 40.842354464057387 ], [ -73.912400456487759, 40.841816638964573 ], [ -73.91246577100884, 40.841619069471491 ], [ -73.912625398254477, 40.841158079293514 ], [ -73.912697982867584, 40.840927578637348 ], [ -73.912777802329984, 40.8406915939782 ], [ -73.912959152594354, 40.8401976831721 ], [ -73.913133135930877, 40.839808065485343 ], [ -73.91371267645043, 40.838809425871453 ], [ -73.913770613892282, 40.838721638456306 ], [ -73.913828544070938, 40.838639340427093 ], [ -73.914233994694314, 40.838107168710458 ], [ -73.914769616877379, 40.837514708141995 ], [ -73.915312422327574, 40.83694969742389 ], [ -73.915869660048429, 40.836395673479302 ], [ -73.916477557689191, 40.835781299829577 ], [ -73.916672971600903, 40.835567353632889 ], [ -73.917208496969295, 40.835018796842256 ], [ -73.917642699693658, 40.8345744642914 ], [ -73.917678884690275, 40.834536064148452 ], [ -73.917700594310119, 40.834514121941176 ], [ -73.917729538184972, 40.834486695465145 ], [ -73.917787425863096, 40.834431842490943 ], [ -73.918395294584442, 40.833811969108041 ], [ -73.919032188266996, 40.833087813742587 ], [ -73.919502701858605, 40.832478816739595 ], [ -73.919857479120367, 40.831946589377679 ], [ -73.920465797993359, 40.830914998046616 ], [ -73.92084966978797, 40.830212615266866 ], [ -73.920878630076757, 40.830168719706862 ], [ -73.921175581387871, 40.829625469552589 ], [ -73.921407323703974, 40.82921940991578 ], [ -73.921726043876689, 40.828593831640241 ], [ -73.921812965933626, 40.828423718257824 ], [ -73.92205927590355, 40.827913367920573 ], [ -73.922160713934076, 40.827688369755059 ], [ -73.922305626963251, 40.827364591023063 ], [ -73.922544600342391, 40.826942065533004 ], [ -73.922616988254745, 40.826837814922442 ], [ -73.922710915580097, 40.826854346208812 ], [ -73.922884297973539, 40.826903867170984 ], [ -73.924011280417915, 40.827233981201793 ], [ -73.92404740135305, 40.827244983860908 ], [ -73.924943214273526, 40.82750906309699 ], [ -73.925925712552228, 40.827811617088621 ], [ -73.926669826467943, 40.828031669890969 ], [ -73.926821540555707, 40.828075681708725 ], [ -73.926980463561634, 40.828136166183093 ], [ -73.927124933260075, 40.828196641305048 ], [ -73.927262158413654, 40.828273579967551 ], [ -73.927514947143109, 40.828410974894773 ], [ -73.928677688713776, 40.829136304624534 ], [ -73.928757131719138, 40.829185758595656 ], [ -73.928894530923202, 40.829103501950691 ], [ -73.929169328312156, 40.828938988166222 ], [ -73.929451310461005, 40.828812904128078 ], [ -73.929740512596311, 40.828692313227307 ], [ -73.930036923206444, 40.828588194263176 ], [ -73.930340548224677, 40.828495057754246 ], [ -73.930651382049746, 40.828418393070727 ], [ -73.93096222085417, 40.828336238121615 ], [ -73.931142925279545, 40.82830340957819 ], [ -73.931200745436115, 40.828297954657209 ], [ -73.931258565583192, 40.828292499707167 ], [ -73.931388653803893, 40.828287087747263 ], [ -73.931468154349318, 40.828281645589072 ], [ -73.93208971024103, 40.828232608412769 ], [ -73.932508898192467, 40.828199917920308 ], [ -73.932942539322795, 40.828167234309326 ], [ -73.933036493187529, 40.828161799473456 ], [ -73.933072632683135, 40.828156331022598 ] ] ] ] } },
{ "type": "Feature", "properties": { "modzcta": "10454", "label": "10454", "zcta": "10454", "pop_est": "38203", "zcta20": "10454", "hvi": 5.0, "hvi_2018": 5.0 }, "geometry": { "type": "MultiPolygon", "coordinates": [ [ [ [ -73.931843190986001, 40.807855663438886 ], [ -73.93182150597012, 40.807866629513981 ], [ -73.93140230430042, 40.808036553747471 ], [ -73.930925195223935, 40.808310741290597 ], [ -73.930751689655494, 40.808420426167899 ], [ -73.930129914413342, 40.808853717410045 ], [ -73.92950808456402, 40.809330920819896 ], [ -73.929414087132869, 40.809402226124384 ], [ -73.929363473048056, 40.809440621256236 ], [ -73.929312853074777, 40.809484505809394 ], [ -73.929283936511084, 40.80950095641807 ], [ -73.929218843541904, 40.809566789840339 ], [ -73.928806673157979, 40.809901392328236 ], [ -73.928011308557728, 40.810488269236352 ], [ -73.927859437422484, 40.81062541046753 ], [ -73.927295398264349, 40.811080680188986 ], [ -73.927143818749272, 40.810948837794541 ], [ -73.926926835935063, 40.811162788868373 ], [ -73.926384606560063, 40.811486321226731 ], [ -73.925697816382183, 40.811859162956281 ], [ -73.92562552320021, 40.811897542460919 ], [ -73.925553223794481, 40.811941411361381 ], [ -73.925249599776123, 40.812094919373941 ], [ -73.925119474768067, 40.812160708276238 ], [ -73.924685716671277, 40.812385492992412 ], [ -73.924519446419069, 40.812467725932798 ], [ -73.924165210593429, 40.812648645158049 ], [ -73.924092915670101, 40.812687023696768 ], [ -73.924013389277917, 40.812730886868863 ], [ -73.923832654512253, 40.812824088170636 ], [ -73.9237025266779, 40.812889875465913 ], [ -73.922878365030556, 40.813317503788973 ], [ -73.922090331787487, 40.813734171729045 ], [ -73.921259846302036, 40.81338228312331 ], [ -73.920631575627326, 40.813112869559752 ], [ -73.920118852829887, 40.812892937675457 ], [ -73.919662920495099, 40.813512928117731 ], [ -73.919207959267794, 40.813325969097278 ], [ -73.918990842965457, 40.813622246745346 ], [ -73.916701542291293, 40.812747793792894 ], [ -73.91686087894476, 40.812440499866931 ], [ -73.916470882731375, 40.812313960732055 ], [ -73.915727013029098, 40.812066394348932 ], [ -73.915669240484718, 40.812044394322548 ], [ -73.915633129184599, 40.812033389011731 ], [ -73.915568131660024, 40.812011383647381 ], [ -73.914831486685898, 40.811769306205981 ], [ -73.914773707665972, 40.81175279517074 ], [ -73.914477609155256, 40.811653765877473 ], [ -73.914600730008004, 40.811423300395205 ], [ -73.914629693283587, 40.811373916827222 ], [ -73.914687619705802, 40.811275149668212 ], [ -73.914709336793791, 40.811242229056688 ], [ -73.914846927015461, 40.810995305660263 ], [ -73.914919337710188, 40.810869101841824 ], [ -73.914948293493239, 40.810825207631133 ], [ -73.915194500042489, 40.810386233228151 ], [ -73.914334910874402, 40.810253850985085 ], [ -73.913670374298349, 40.810138076892287 ], [ -73.913576501321842, 40.810099580427703 ], [ -73.913482642725455, 40.810050105001764 ], [ -73.913403255338395, 40.809984172026098 ], [ -73.91334555684017, 40.809907276403266 ], [ -73.91330954003412, 40.809824907607918 ], [ -73.913302315231775, 40.809824902175031 ], [ -73.913295204848595, 40.809737065660173 ], [ -73.91330253690019, 40.809654729453342 ], [ -73.912479322999189, 40.809341208903056 ], [ -73.911569361918197, 40.80907153153646 ], [ -73.91069552430109, 40.808807364407023 ], [ -73.910463558781572, 40.809383576607402 ], [ -73.910362057355542, 40.809646991256656 ], [ -73.909444771357499, 40.809454143715023 ], [ -73.908527483130797, 40.809266778311752 ], [ -73.907537975737185, 40.80906287935548 ], [ -73.906707371572381, 40.808892037286931 ], [ -73.906216238903568, 40.808787339271241 ], [ -73.904959503591456, 40.808533795415599 ], [ -73.906210669588589, 40.80761259247577 ], [ -73.906297580714394, 40.80745895853719 ], [ -73.906160531063335, 40.807305142447404 ], [ -73.90611002131395, 40.807261185717103 ], [ -73.905965399002625, 40.807354388504073 ], [ -73.904562430578736, 40.808335847200752 ], [ -73.903000276352955, 40.809454391104246 ], [ -73.902985954853463, 40.809366547870034 ], [ -73.902935821897387, 40.809064585968841 ], [ -73.902878488740726, 40.808746149616631 ], [ -73.902219398471033, 40.804946892191502 ], [ -73.902233855077768, 40.804941414999668 ], [ -73.902241087411412, 40.804935931679992 ], [ -73.90224110353607, 40.804924952787687 ], [ -73.902226671124012, 40.804913961642001 ], [ -73.902212270975525, 40.804881012709664 ], [ -73.902205087037203, 40.804853559350384 ], [ -73.902190686912448, 40.804820610415028 ], [ -73.902190735311223, 40.804787673737486 ], [ -73.902226904965232, 40.804754767701063 ], [ -73.902255882580278, 40.804699897742651 ], [ -73.90232105384456, 40.804595653370455 ], [ -73.902313829610776, 40.804595647248995 ], [ -73.902523525327169, 40.804464077871074 ], [ -73.902754900850283, 40.804327036946361 ], [ -73.902928473896509, 40.804195436350255 ], [ -73.902877960631599, 40.804156967628892 ], [ -73.902906881398522, 40.804140523629961 ], [ -73.903058765157795, 40.804019883472122 ], [ -73.903087693812878, 40.803997949980456 ], [ -73.903210648366525, 40.803899243111843 ], [ -73.90325395342299, 40.803926726732236 ], [ -73.903340746988135, 40.803855436640106 ], [ -73.903355187324934, 40.803860938201048 ], [ -73.903398508349639, 40.803877442873002 ], [ -73.903550279258624, 40.803833654323746 ], [ -73.903564727561061, 40.803833666411286 ], [ -73.903637000861508, 40.803811769032755 ], [ -73.903680369585047, 40.803795336915513 ], [ -73.903730970371768, 40.803773421367751 ], [ -73.903745426599272, 40.803767943985335 ], [ -73.903767122840549, 40.803751493737366 ], [ -73.903774346982857, 40.803751499767777 ], [ -73.903796059079511, 40.803724070619673 ], [ -73.903824995294613, 40.803696647494597 ], [ -73.903861155619296, 40.803669230387086 ], [ -73.9038900759314, 40.80365278614024 ], [ -73.90392622035904, 40.803636347906931 ], [ -73.903933452411479, 40.803630864479942 ], [ -73.903947916512749, 40.803619897624607 ], [ -73.903969604736119, 40.803608936785551 ], [ -73.904005764953567, 40.803581519632289 ], [ -73.904070869092422, 40.803521189832509 ], [ -73.90415042923955, 40.803455382561921 ], [ -73.904381860991535, 40.803274422767934 ], [ -73.904461412657241, 40.803214104727928 ], [ -73.904483116418263, 40.803192164895947 ], [ -73.904497580333654, 40.803181197970844 ], [ -73.904526492402866, 40.803170243010911 ], [ -73.904548196128133, 40.803148303166481 ], [ -73.904577131783086, 40.803120879850063 ], [ -73.904627771088201, 40.803071516666634 ], [ -73.904671194116659, 40.803016658038835 ], [ -73.904772480207015, 40.802912442116892 ], [ -73.904801415667038, 40.802885018743183 ], [ -73.904852054626389, 40.802835655459347 ], [ -73.904953347996539, 40.802725949927257 ], [ -73.905004002390598, 40.802665607678797 ], [ -73.905032945479732, 40.802632694797495 ], [ -73.905047440505385, 40.802599770008904 ], [ -73.905054703672846, 40.802572328717041 ], [ -73.905069198674596, 40.80253940392538 ], [ -73.905083693662007, 40.802506479131786 ], [ -73.905112652292985, 40.802462587332641 ], [ -73.90515604323808, 40.802429686311044 ], [ -73.905184970510987, 40.802407752287522 ], [ -73.905242856257459, 40.802341926423942 ], [ -73.905315189854093, 40.802276112398751 ], [ -73.905387554517731, 40.802188340532368 ], [ -73.905438192512406, 40.802138976985567 ], [ -73.905467119566012, 40.802117042890167 ], [ -73.905488830431992, 40.802089613416179 ], [ -73.905503317320949, 40.802062178016286 ], [ -73.905525051527562, 40.802018280188385 ], [ -73.905763752880887, 40.801798897355134 ], [ -73.906016939227044, 40.801552078553271 ], [ -73.906060236168216, 40.801585050579092 ], [ -73.906204845812056, 40.801491847587187 ], [ -73.906523144403366, 40.801173717697807 ], [ -73.906588251609065, 40.801107897003426 ], [ -73.906725697167587, 40.800970771897681 ], [ -73.906812498530016, 40.800888500258139 ], [ -73.906747537874608, 40.800850021531701 ], [ -73.90670423337734, 40.800822539210209 ], [ -73.906769355437262, 40.800745739509601 ], [ -73.907181702360134, 40.800323384119423 ], [ -73.907261286200907, 40.800235616865997 ], [ -73.907340854549417, 40.800158828457747 ], [ -73.907391497188726, 40.800103974586257 ], [ -73.907434908370305, 40.800054604342286 ], [ -73.907449394014307, 40.800027168688999 ], [ -73.907471095751418, 40.800005228283332 ], [ -73.907500021207923, 40.799983293670365 ], [ -73.907528946645357, 40.799961359050144 ], [ -73.907536178001749, 40.799955875393906 ], [ -73.907572311899571, 40.799944925458632 ], [ -73.907608430547285, 40.799944954413824 ], [ -73.907630116970566, 40.799933992879708 ], [ -73.907644587275641, 40.799917536103102 ], [ -73.90764461774009, 40.79989557829947 ], [ -73.907760334245538, 40.799796860726005 ], [ -73.907897774682638, 40.799659734194272 ], [ -73.907933938729101, 40.79962682634045 ], [ -73.90795561740471, 40.799621354195729 ], [ -73.907991720702128, 40.799632361933149 ], [ -73.908020607899701, 40.799637874444237 ], [ -73.908071264744322, 40.799572041367121 ], [ -73.908100204971831, 40.799539127699553 ], [ -73.908165324165637, 40.799462327194689 ], [ -73.908129251236105, 40.79942936170589 ], [ -73.908179869955063, 40.799390975835941 ], [ -73.908223174130256, 40.799418457609256 ], [ -73.908244860280774, 40.799407495958604 ], [ -73.90838200426191, 40.799484457446368 ], [ -73.908425406753182, 40.799440576275877 ], [ -73.908476047952362, 40.799385721921709 ], [ -73.908548390223103, 40.799308926933854 ], [ -73.908490661308434, 40.799264965459294 ], [ -73.908375173484743, 40.799199000228896 ], [ -73.908288580455945, 40.799133057874826 ], [ -73.908252515209682, 40.799094602971273 ], [ -73.908252522775584, 40.799089113519571 ], [ -73.908245344537704, 40.799056171059696 ], [ -73.908238166306958, 40.799023228599225 ], [ -73.908303269713556, 40.798957406913736 ], [ -73.909156541146615, 40.798310326481591 ], [ -73.909641018390431, 40.797942913564938 ], [ -73.909669890093696, 40.797959404569689 ], [ -73.909677113607955, 40.797959410230149 ], [ -73.909742192222623, 40.79791005607926 ], [ -73.909792816294953, 40.797866180038959 ], [ -73.909843336216696, 40.797899156315886 ], [ -73.909908399790837, 40.797860780976407 ], [ -73.909944554439861, 40.797833361935261 ], [ -73.909966262063818, 40.797805931599356 ], [ -73.910045891148528, 40.797679736217553 ], [ -73.910132698937602, 40.797586483128818 ], [ -73.91032794717421, 40.797427440877925 ], [ -73.910465325747793, 40.797328737406922 ], [ -73.910609890492793, 40.797257486639793 ], [ -73.910711099619732, 40.797197181032878 ], [ -73.910790689782516, 40.797098432392282 ], [ -73.910891927895875, 40.797016168810579 ], [ -73.910906382066699, 40.797010690524324 ], [ -73.910956975317248, 40.796988771781159 ], [ -73.910985890974203, 40.796972325736753 ], [ -73.91105096765358, 40.79692297083929 ], [ -73.911101575451241, 40.796890073124885 ], [ -73.91126781605152, 40.796813348784809 ], [ -73.911419594896216, 40.796747592010647 ], [ -73.911491894411938, 40.796698242413314 ], [ -73.911621988086011, 40.796643447637841 ], [ -73.911687027560347, 40.796621539648847 ], [ -73.911744807236843, 40.79662707336287 ], [ -73.911788140182026, 40.796632595992882 ], [ -73.911824257034382, 40.796632623627126 ], [ -73.911882043998233, 40.79663266781828 ], [ -73.911961479294362, 40.796649196895977 ], [ -73.91203371301728, 40.796649252044432 ], [ -73.912084269373764, 40.796654780075492 ], [ -73.912149250752805, 40.796676787457947 ], [ -73.912156466884412, 40.796682282417081 ], [ -73.912235887833603, 40.796709790213505 ], [ -73.91234423128877, 40.796715362115286 ], [ -73.91266925456172, 40.796737566663559 ], [ -73.913008724820216, 40.796759781199142 ], [ -73.913174848341626, 40.796770885371537 ], [ -73.913449322720723, 40.796782070713427 ], [ -73.9137238043065, 40.796787765947713 ], [ -73.915124406606139, 40.797365198977808 ], [ -73.916171219323061, 40.797832569003553 ], [ -73.918806525143324, 40.798877452365744 ], [ -73.918893161700126, 40.798915939558427 ], [ -73.918958134171177, 40.79894892199939 ], [ -73.919051987859902, 40.798992903603093 ], [ -73.919124177446164, 40.799031380474993 ], [ -73.920243143147701, 40.799614042548313 ], [ -73.92043795326633, 40.799806308148256 ], [ -73.920784136347081, 40.800273150337325 ], [ -73.920957122155571, 40.800597146973352 ], [ -73.921324725022899, 40.801283580363631 ], [ -73.921685563610851, 40.801585746089152 ], [ -73.922039194391758, 40.801876926885093 ], [ -73.922595073948983, 40.802190200379947 ], [ -73.922927167023133, 40.80237157487705 ], [ -73.92358438664327, 40.802514738216615 ], [ -73.924227292266224, 40.802542609869072 ], [ -73.926654705782511, 40.802412432996746 ], [ -73.927001349365199, 40.802511463195856 ], [ -73.927629641249638, 40.802693011314503 ], [ -73.92750656969983, 40.802934469930413 ], [ -73.927311214477797, 40.803214309020959 ], [ -73.927433958108722, 40.803274770334511 ], [ -73.927281994295882, 40.80351072104574 ], [ -73.92764268104554, 40.803988530370717 ], [ -73.92765711148698, 40.804005007784227 ], [ -73.927931635956611, 40.803999690282069 ], [ -73.928112228378765, 40.804010781945287 ], [ -73.928365050781608, 40.804032897136658 ], [ -73.928415549162054, 40.804098801931524 ], [ -73.928480466529436, 40.804192162910347 ], [ -73.928726183108921, 40.804104483858509 ], [ -73.9300535464169, 40.80590034745034 ], [ -73.93032054381591, 40.806191450006864 ], [ -73.930536983922352, 40.806471542578322 ], [ -73.930515184529213, 40.806592297338767 ], [ -73.931164828924508, 40.807130653126436 ], [ -73.931763810541298, 40.807767785302687 ], [ -73.931807107405831, 40.807817215959929 ], [ -73.931843190986001, 40.807855663438886 ] ] ] ] } }
]
}
